cost_id,date,region,service_type,compute_cost,storage_cost,network_cost,gpu_cost,total_cost
CST000001,2023-01-01,India,AI Platform,12815.81,4437.66,2995.52,7626.17,27875.16
CST000002,2023-01-01,North America,AI Platform,20426.71,6887.17,4422.06,12673.31,44409.24
CST000003,2023-01-01,Europe,AI Platform,15013.52,6018.71,3892.86,9959.6,34884.69
CST000004,2023-01-01,APAC,AI Platform,12091.19,3965.98,3309.29,5686.5,25052.96
CST000005,2023-01-02,India,AI Platform,14339.08,4524.61,3095.21,8305.53,30264.43
CST000006,2023-01-02,North America,AI Platform,16923.76,6809.27,4392.18,10098.74,38223.95
CST000007,2023-01-02,Europe,AI Platform,16765.79,5694.7,4193.66,10898.85,37553.01
CST000008,2023-01-02,APAC,AI Platform,11596.44,3760.03,2630.25,6281.24,24267.96
CST000009,2023-01-03,India,AI Platform,12594.41,4185.84,3210.71,8085.33,28076.3
CST000010,2023-01-03,North America,AI Platform,21396.07,6356.4,4258.68,11961.23,43972.38
CST000011,2023-01-03,Europe,AI Platform,14505.13,6183.63,3824.24,9409.99,33923.0
CST000012,2023-01-03,APAC,AI Platform,11815.24,3847.19,2770.77,6781.65,25214.85
CST000013,2023-01-04,India,AI Platform,11769.9,4298.39,2882.81,7649.25,26600.34
CST000014,2023-01-04,North America,AI Platform,20269.89,6421.69,5222.1,12627.83,44541.5
CST000015,2023-01-04,Europe,AI Platform,15514.3,5445.08,3412.99,9203.29,33575.67
CST000016,2023-01-04,APAC,AI Platform,11378.39,4044.89,2750.42,7054.13,25227.83
CST000017,2023-01-05,India,AI Platform,12769.95,4099.34,3002.27,5862.47,25734.03
CST000018,2023-01-05,North America,AI Platform,20663.24,7023.78,4911.31,12051.67,44650.0
CST000019,2023-01-05,Europe,AI Platform,17500.87,5690.46,3470.23,9643.15,36304.71
CST000020,2023-01-05,APAC,AI Platform,11401.8,4068.27,2975.27,6512.87,24958.21
CST000021,2023-01-06,India,AI Platform,13674.52,4339.37,3418.6,7831.81,29264.3
CST000022,2023-01-06,North America,AI Platform,20429.75,6860.74,4480.17,11869.35,43640.01
CST000023,2023-01-06,Europe,AI Platform,15073.05,5905.14,4115.86,9345.46,34439.52
CST000024,2023-01-06,APAC,AI Platform,12413.74,3682.04,2521.21,8088.42,26705.41
CST000025,2023-01-07,India,AI Platform,11682.84,4786.2,2917.73,7892.25,27279.02
CST000026,2023-01-07,North America,AI Platform,21114.88,7593.51,4303.11,12288.53,45300.03
CST000027,2023-01-07,Europe,AI Platform,17544.68,6111.15,3891.51,11098.95,38646.3
CST000028,2023-01-07,APAC,AI Platform,11750.82,3589.83,2893.12,8128.06,26361.82
CST000029,2023-01-08,India,AI Platform,12287.41,4376.03,3127.18,7595.25,27385.88
CST000030,2023-01-08,North America,AI Platform,18576.48,6923.09,4843.42,12164.05,42507.05
CST000031,2023-01-08,Europe,AI Platform,16070.77,5318.05,3679.66,10718.41,35786.88
CST000032,2023-01-08,APAC,AI Platform,10368.96,3994.84,3004.97,6569.61,23938.38
CST000033,2023-01-09,India,AI Platform,13167.92,4373.93,2694.68,8282.81,28519.34
CST000034,2023-01-09,North America,AI Platform,17235.73,6484.72,4316.62,10957.09,38994.16
CST000035,2023-01-09,Europe,AI Platform,16760.36,5567.33,3637.3,8702.31,34667.29
CST000036,2023-01-09,APAC,AI Platform,11156.56,4091.86,2682.14,6891.73,24822.29
CST000037,2023-01-10,India,AI Platform,13504.61,4521.95,2890.53,8495.29,29412.38
CST000038,2023-01-10,North America,AI Platform,17847.38,6857.21,4945.24,11930.76,41580.58
CST000039,2023-01-10,Europe,AI Platform,16870.89,5836.44,4749.99,8803.35,36260.67
CST000040,2023-01-10,APAC,AI Platform,13344.15,4210.8,2529.11,7694.63,27778.7
CST000041,2023-01-11,India,AI Platform,13308.44,4372.09,3031.86,8261.8,28974.18
CST000042,2023-01-11,North America,AI Platform,20402.73,6164.06,4557.29,12555.49,43679.57
CST000043,2023-01-11,Europe,AI Platform,15657.34,5755.81,3854.25,10445.89,35713.29
CST000044,2023-01-11,APAC,AI Platform,10755.44,4250.52,2712.8,6375.85,24094.62
CST000045,2023-01-12,India,AI Platform,14270.01,4616.54,2573.32,7109.38,28569.24
CST000046,2023-01-12,North America,AI Platform,20473.54,6507.89,4686.14,10926.74,42594.31
CST000047,2023-01-12,Europe,AI Platform,18323.36,5345.22,3891.11,11354.82,38914.5
CST000048,2023-01-12,APAC,AI Platform,11417.64,4208.45,2842.5,5795.56,24264.15
CST000049,2023-01-13,India,AI Platform,14067.49,4243.91,3289.23,6887.12,28487.75
CST000050,2023-01-13,North America,AI Platform,19995.16,7194.82,4597.39,10835.21,42622.59
CST000051,2023-01-13,Europe,AI Platform,18829.7,5494.4,4016.14,10237.83,38578.08
CST000052,2023-01-13,APAC,AI Platform,11621.98,4048.05,2694.02,7105.24,25469.29
CST000053,2023-01-14,India,AI Platform,12413.93,4377.93,2909.37,7025.04,26726.28
CST000054,2023-01-14,North America,AI Platform,19623.84,7051.9,4938.53,11656.38,43270.65
CST000055,2023-01-14,Europe,AI Platform,16563.5,5729.89,3821.86,10004.69,36119.96
CST000056,2023-01-14,APAC,AI Platform,11308.51,3750.82,2722.46,6962.31,24744.1
CST000057,2023-01-15,India,AI Platform,13066.66,4492.1,3219.29,7591.39,28369.44
CST000058,2023-01-15,North America,AI Platform,21538.32,7127.34,4889.3,10995.81,44550.76
CST000059,2023-01-15,Europe,AI Platform,16690.81,5712.08,4167.77,9528.51,36099.18
CST000060,2023-01-15,APAC,AI Platform,12715.42,4010.84,2806.79,6435.39,25968.43
CST000061,2023-01-16,India,AI Platform,13161.16,4330.9,3629.16,7763.03,28884.25
CST000062,2023-01-16,North America,AI Platform,20170.21,7449.63,4845.1,13834.44,46299.39
CST000063,2023-01-16,Europe,AI Platform,15995.26,5662.44,4123.54,9691.16,35472.41
CST000064,2023-01-16,APAC,AI Platform,11098.59,4074.83,2964.75,6383.13,24521.3
CST000065,2023-01-17,India,AI Platform,13182.17,4512.06,3404.28,8399.57,29498.08
CST000066,2023-01-17,North America,AI Platform,17552.27,7458.14,4269.78,11553.59,40833.79
CST000067,2023-01-17,Europe,AI Platform,15483.82,5602.69,3830.31,11366.53,36283.35
CST000068,2023-01-17,APAC,AI Platform,11268.23,3971.08,2575.13,7346.06,25160.49
CST000069,2023-01-18,India,AI Platform,13074.84,4380.62,2904.04,7105.6,27465.1
CST000070,2023-01-18,North America,AI Platform,17347.91,7005.01,4462.59,11218.86,40034.36
CST000071,2023-01-18,Europe,AI Platform,16443.56,5866.49,4145.02,10730.36,37185.44
CST000072,2023-01-18,APAC,AI Platform,11868.14,4482.73,2755.71,7339.48,26446.07
CST000073,2023-01-19,India,AI Platform,12929.9,4636.89,2907.47,7245.55,27719.81
CST000074,2023-01-19,North America,AI Platform,18644.5,6670.24,4766.01,10521.69,40602.44
CST000075,2023-01-19,Europe,AI Platform,16812.42,5304.11,4532.08,10051.33,36699.94
CST000076,2023-01-19,APAC,AI Platform,11258.41,4287.26,2851.04,6045.38,24442.09
CST000077,2023-01-20,India,AI Platform,12168.81,4383.34,3392.1,8901.44,28845.68
CST000078,2023-01-20,North America,AI Platform,17792.3,6581.67,5839.55,12889.34,43102.86
CST000079,2023-01-20,Europe,AI Platform,15903.58,5615.17,4357.58,10499.28,36375.61
CST000080,2023-01-20,APAC,AI Platform,12113.96,4264.54,2913.14,7064.84,26356.47
CST000081,2023-01-21,India,AI Platform,11371.89,4274.4,3122.12,8105.9,26874.31
CST000082,2023-01-21,North America,AI Platform,20682.99,6722.9,4914.99,13439.67,45760.54
CST000083,2023-01-21,Europe,AI Platform,17115.14,5783.47,4047.5,8855.61,35801.72
CST000084,2023-01-21,APAC,AI Platform,10833.38,3753.5,2609.66,7353.42,24549.96
CST000085,2023-01-22,India,AI Platform,13034.31,4583.88,3302.78,7943.45,28864.42
CST000086,2023-01-22,North America,AI Platform,19473.17,6248.74,5188.55,12657.37,43567.83
CST000087,2023-01-22,Europe,AI Platform,15758.86,5795.15,4084.16,9821.77,35459.94
CST000088,2023-01-22,APAC,AI Platform,11189.78,3863.22,3224.27,7013.11,25290.38
CST000089,2023-01-23,India,AI Platform,14680.31,4374.01,2845.33,7021.18,28920.83
CST000090,2023-01-23,North America,AI Platform,19191.67,6755.41,5361.65,12752.26,44061.0
CST000091,2023-01-23,Europe,AI Platform,14782.86,5686.06,4116.58,10402.88,34988.38
CST000092,2023-01-23,APAC,AI Platform,10154.56,4233.64,2967.56,7136.41,24492.17
CST000093,2023-01-24,India,AI Platform,13076.19,4702.47,3085.24,6225.58,27089.48
CST000094,2023-01-24,North America,AI Platform,19265.01,6902.29,4852.86,12479.93,43500.1
CST000095,2023-01-24,Europe,AI Platform,16385.2,5721.89,3428.39,9675.38,35210.86
CST000096,2023-01-24,APAC,AI Platform,10545.34,4183.59,2696.8,7744.52,25170.25
CST000097,2023-01-25,India,AI Platform,13079.35,4096.48,3468.02,8436.37,29080.21
CST000098,2023-01-25,North America,AI Platform,16876.14,6802.98,4927.91,13804.65,42411.68
CST000099,2023-01-25,Europe,AI Platform,17739.06,6255.46,4171.33,8630.42,36796.27
CST000100,2023-01-25,APAC,AI Platform,11349.92,3785.09,2653.41,6953.71,24742.13
CST000101,2023-01-26,India,AI Platform,12829.16,4561.54,2910.03,8690.31,28991.04
CST000102,2023-01-26,North America,AI Platform,19304.55,6861.08,4930.8,12196.65,43293.08
CST000103,2023-01-26,Europe,AI Platform,17439.84,5741.39,4090.32,11203.63,38475.18
CST000104,2023-01-26,APAC,AI Platform,10612.12,4134.89,3154.66,8189.84,26091.52
CST000105,2023-01-27,India,AI Platform,11089.17,4302.73,3313.16,7989.38,26694.43
CST000106,2023-01-27,North America,AI Platform,19597.76,7573.1,4472.0,10516.24,42159.1
CST000107,2023-01-27,Europe,AI Platform,16222.13,5982.71,3702.37,8322.61,34229.82
CST000108,2023-01-27,APAC,AI Platform,11212.83,3826.15,2809.57,7466.15,25314.7
CST000109,2023-01-28,India,AI Platform,13092.55,4829.97,3213.06,7525.36,28660.94
CST000110,2023-01-28,North America,AI Platform,18410.14,6771.1,4584.05,12335.4,42100.69
CST000111,2023-01-28,Europe,AI Platform,16566.67,5135.35,4047.24,11681.33,37430.6
CST000112,2023-01-28,APAC,AI Platform,11356.64,4212.73,2792.41,6692.32,25054.11
CST000113,2023-01-29,India,AI Platform,12961.72,4877.15,3364.88,10680.41,31884.15
CST000114,2023-01-29,North America,AI Platform,18536.23,7429.98,4342.58,13133.35,43442.13
CST000115,2023-01-29,Europe,AI Platform,15254.67,5418.4,3409.75,9811.98,33894.8
CST000116,2023-01-29,APAC,AI Platform,11802.09,4137.49,2827.65,7008.22,25775.44
CST000117,2023-01-30,India,AI Platform,12530.7,4552.08,3293.44,7624.36,28000.58
CST000118,2023-01-30,North America,AI Platform,20945.82,7350.91,5331.12,13351.67,46979.51
CST000119,2023-01-30,Europe,AI Platform,15937.65,5917.57,4267.18,8922.96,35045.36
CST000120,2023-01-30,APAC,AI Platform,11839.06,4239.29,2955.4,8614.75,27648.5
CST000121,2023-01-31,India,AI Platform,12931.64,4353.16,2963.82,8730.36,28978.97
CST000122,2023-01-31,North America,AI Platform,20796.93,6795.33,5562.94,13068.13,46223.33
CST000123,2023-01-31,Europe,AI Platform,17689.15,5417.12,3987.15,9571.98,36665.4
CST000124,2023-01-31,APAC,AI Platform,11160.06,4751.08,2957.86,7382.43,26251.43
CST000125,2023-02-01,India,AI Platform,13414.14,4288.74,3331.05,8847.53,29881.46
CST000126,2023-02-01,North America,AI Platform,18873.71,6829.33,4543.56,11544.57,41791.17
CST000127,2023-02-01,Europe,AI Platform,17670.67,6101.91,4056.27,9341.42,37170.27
CST000128,2023-02-01,APAC,AI Platform,13031.0,4031.56,3068.45,7303.48,27434.49
CST000129,2023-02-02,India,AI Platform,12933.79,4503.14,3079.8,7564.74,28081.47
CST000130,2023-02-02,North America,AI Platform,18127.13,7075.69,4534.71,14357.1,44094.62
CST000131,2023-02-02,Europe,AI Platform,16427.37,5839.64,4066.52,9263.36,35596.89
CST000132,2023-02-02,APAC,AI Platform,11353.22,4592.09,3299.32,6500.98,25745.6
CST000133,2023-02-03,India,AI Platform,12389.64,4587.33,2865.93,7237.06,27079.96
CST000134,2023-02-03,North America,AI Platform,22471.03,6780.57,5218.16,14212.68,48682.43
CST000135,2023-02-03,Europe,AI Platform,17419.12,5662.37,4377.25,8472.15,35930.89
CST000136,2023-02-03,APAC,AI Platform,10980.44,4090.28,2565.81,6818.37,24454.9
CST000137,2023-02-04,India,AI Platform,12684.52,4271.75,3360.01,7537.93,27854.21
CST000138,2023-02-04,North America,AI Platform,20306.69,6610.0,5089.34,12605.79,44611.83
CST000139,2023-02-04,Europe,AI Platform,16034.45,5914.96,4237.35,9437.5,35624.26
CST000140,2023-02-04,APAC,AI Platform,10965.9,4064.96,2744.2,6569.31,24344.37
CST000141,2023-02-05,India,AI Platform,12631.65,4351.09,3283.93,6226.9,26493.58
CST000142,2023-02-05,North America,AI Platform,20490.06,6884.82,5014.01,12117.56,44506.44
CST000143,2023-02-05,Europe,AI Platform,17300.12,5956.99,3743.77,9864.98,36865.86
CST000144,2023-02-05,APAC,AI Platform,12447.69,4279.12,2740.09,6366.96,25833.86
CST000145,2023-02-06,India,AI Platform,11432.21,4436.46,2780.34,6412.46,25061.46
CST000146,2023-02-06,North America,AI Platform,17796.72,7127.6,4837.94,13095.33,42857.59
CST000147,2023-02-06,Europe,AI Platform,17192.3,5698.59,3633.12,10283.45,36807.45
CST000148,2023-02-06,APAC,AI Platform,12437.7,4195.39,3011.37,6866.24,26510.7
CST000149,2023-02-07,India,AI Platform,12355.7,4620.65,2885.98,8166.36,28028.69
CST000150,2023-02-07,North America,AI Platform,19976.55,6198.17,4532.93,14280.09,44987.74
CST000151,2023-02-07,Europe,AI Platform,17433.62,5624.9,4024.22,11953.48,39036.22
CST000152,2023-02-07,APAC,AI Platform,12315.4,4250.99,2888.5,6598.04,26052.94
CST000153,2023-02-08,India,AI Platform,15230.48,4404.91,3283.44,7035.07,29953.9
CST000154,2023-02-08,North America,AI Platform,20726.17,6470.63,4615.32,12037.27,43849.4
CST000155,2023-02-08,Europe,AI Platform,17154.38,5566.14,3683.75,10909.68,37313.95
CST000156,2023-02-08,APAC,AI Platform,12231.75,4384.59,3101.76,6040.71,25758.81
CST000157,2023-02-09,India,AI Platform,12739.95,4182.04,2836.53,6168.27,25926.78
CST000158,2023-02-09,North America,AI Platform,21409.92,7248.02,4998.06,13224.58,46880.59
CST000159,2023-02-09,Europe,AI Platform,15070.53,6471.8,4120.44,8812.61,34475.39
CST000160,2023-02-09,APAC,AI Platform,10696.22,4240.01,2630.02,6073.96,23640.21
CST000161,2023-02-10,India,AI Platform,12370.17,4378.57,3210.74,8133.85,28093.34
CST000162,2023-02-10,North America,AI Platform,20092.61,7291.25,4496.06,11110.19,42990.11
CST000163,2023-02-10,Europe,AI Platform,16341.68,5810.21,4431.09,10344.78,36927.77
CST000164,2023-02-10,APAC,AI Platform,10585.74,3701.45,3266.96,6800.36,24354.51
CST000165,2023-02-11,India,AI Platform,14070.27,4395.49,2599.38,7629.32,28694.46
CST000166,2023-02-11,North America,AI Platform,20619.15,7083.57,4201.98,10457.35,42362.05
CST000167,2023-02-11,Europe,AI Platform,17543.02,5994.62,3688.02,10081.97,37307.63
CST000168,2023-02-11,APAC,AI Platform,10497.72,4119.13,2629.63,7770.52,25017.0
CST000169,2023-02-12,India,AI Platform,13150.61,4367.44,2719.51,8994.27,29231.83
CST000170,2023-02-12,North America,AI Platform,19838.49,7178.96,4792.0,11729.74,43539.2
CST000171,2023-02-12,Europe,AI Platform,14462.68,5221.16,4112.71,8933.85,32730.41
CST000172,2023-02-12,APAC,AI Platform,11897.85,3977.47,3441.86,6922.96,26240.14
CST000173,2023-02-13,India,AI Platform,12782.22,4283.76,3465.66,7938.99,28470.62
CST000174,2023-02-13,North America,AI Platform,20484.3,7380.23,4979.22,12053.26,44897.01
CST000175,2023-02-13,Europe,AI Platform,18183.61,6183.87,3861.96,9631.43,37860.87
CST000176,2023-02-13,APAC,AI Platform,11003.18,4235.65,3340.85,6632.2,25211.88
CST000177,2023-02-14,India,AI Platform,13905.16,4712.75,2997.03,6759.78,28374.71
CST000178,2023-02-14,North America,AI Platform,22117.48,7104.04,5025.23,11601.16,45847.91
CST000179,2023-02-14,Europe,AI Platform,15691.91,5394.19,3985.22,9157.2,34228.51
CST000180,2023-02-14,APAC,AI Platform,11021.06,4259.65,3024.7,8311.34,26616.75
CST000181,2023-02-15,India,AI Platform,13725.48,4669.42,2841.68,6661.33,27897.92
CST000182,2023-02-15,North America,AI Platform,22222.6,6803.61,4728.26,11636.29,45390.76
CST000183,2023-02-15,Europe,AI Platform,15892.53,6026.97,4363.94,10053.34,36336.78
CST000184,2023-02-15,APAC,AI Platform,10793.36,3898.91,2477.26,7700.82,24870.34
CST000185,2023-02-16,India,AI Platform,13245.3,4309.6,2991.54,7115.08,27661.52
CST000186,2023-02-16,North America,AI Platform,18293.98,6871.87,4767.7,13847.89,43781.45
CST000187,2023-02-16,Europe,AI Platform,16418.05,5720.2,4390.11,9991.9,36520.25
CST000188,2023-02-16,APAC,AI Platform,11324.69,3616.57,2526.86,6797.68,24265.8
CST000189,2023-02-17,India,AI Platform,13239.93,4417.78,3200.36,7978.69,28836.76
CST000190,2023-02-17,North America,AI Platform,19798.13,7120.19,5198.75,11985.5,44102.57
CST000191,2023-02-17,Europe,AI Platform,16351.56,5523.55,4124.26,11763.25,37762.61
CST000192,2023-02-17,APAC,AI Platform,13710.26,4068.67,2430.19,6382.83,26591.96
CST000193,2023-02-18,India,AI Platform,13065.13,4559.83,3254.22,7548.12,28427.29
CST000194,2023-02-18,North America,AI Platform,19242.53,7096.92,4861.91,10998.35,42199.71
CST000195,2023-02-18,Europe,AI Platform,16574.79,5178.49,3919.63,11568.05,37240.96
CST000196,2023-02-18,APAC,AI Platform,11871.71,3926.9,3219.81,7475.38,26493.8
CST000197,2023-02-19,India,AI Platform,13668.03,4583.51,3132.32,9200.35,30584.2
CST000198,2023-02-19,North America,AI Platform,20854.26,7045.17,5671.49,15502.11,49073.02
CST000199,2023-02-19,Europe,AI Platform,15746.3,5616.26,3672.56,11081.53,36116.65
CST000200,2023-02-19,APAC,AI Platform,13887.38,4336.5,3248.47,6096.8,27569.15
CST000201,2023-02-20,India,AI Platform,15014.18,4523.06,3119.86,5960.49,28617.6
CST000202,2023-02-20,North America,AI Platform,16903.12,7247.4,4700.57,10917.55,39768.63
CST000203,2023-02-20,Europe,AI Platform,16834.35,6159.91,3732.72,9050.27,35777.24
CST000204,2023-02-20,APAC,AI Platform,12723.39,4020.82,2719.65,6964.59,26428.45
CST000205,2023-02-21,India,AI Platform,12957.34,4875.71,3154.72,8542.16,29529.92
CST000206,2023-02-21,North America,AI Platform,20567.87,7206.38,4175.42,11368.52,43318.19
CST000207,2023-02-21,Europe,AI Platform,19562.64,5876.8,3950.95,9390.51,38780.9
CST000208,2023-02-21,APAC,AI Platform,11511.43,4296.38,3257.68,7900.1,26965.59
CST000209,2023-02-22,India,AI Platform,13216.03,4433.99,3103.18,8797.86,29551.06
CST000210,2023-02-22,North America,AI Platform,18935.98,6775.44,4373.19,11836.21,41920.83
CST000211,2023-02-22,Europe,AI Platform,17407.86,5551.7,4199.21,9212.86,36371.63
CST000212,2023-02-22,APAC,AI Platform,11930.08,4227.09,2682.64,7488.97,26328.77
CST000213,2023-02-23,India,AI Platform,13767.18,4640.99,3030.7,8130.55,29569.43
CST000214,2023-02-23,North America,AI Platform,19328.18,6934.38,5149.61,11738.83,43151.0
CST000215,2023-02-23,Europe,AI Platform,16990.53,6333.84,4421.03,9880.99,37626.4
CST000216,2023-02-23,APAC,AI Platform,11646.84,4097.99,2675.43,7243.0,25663.26
CST000217,2023-02-24,India,AI Platform,13256.32,4542.32,3215.63,7108.22,28122.49
CST000218,2023-02-24,North America,AI Platform,18592.07,7084.68,4986.27,13538.21,44201.22
CST000219,2023-02-24,Europe,AI Platform,17943.27,5703.37,3811.42,11052.74,38510.8
CST000220,2023-02-24,APAC,AI Platform,10963.49,3929.18,2835.71,7590.45,25318.83
CST000221,2023-02-25,India,AI Platform,13251.99,4584.08,3209.18,9057.89,30103.13
CST000222,2023-02-25,North America,AI Platform,19153.02,6693.05,4449.19,12598.37,42893.62
CST000223,2023-02-25,Europe,AI Platform,17149.93,5833.0,3911.33,9228.43,36122.69
CST000224,2023-02-25,APAC,AI Platform,10900.18,4301.08,2470.04,6273.75,23945.05
CST000225,2023-02-26,India,AI Platform,13121.7,4436.42,2809.15,7697.81,28065.08
CST000226,2023-02-26,North America,AI Platform,16293.77,7159.4,5198.28,10865.06,39516.52
CST000227,2023-02-26,Europe,AI Platform,17476.22,5804.11,3780.8,9569.92,36631.06
CST000228,2023-02-26,APAC,AI Platform,13510.34,4298.2,2892.0,6832.31,27532.86
CST000229,2023-02-27,India,AI Platform,11881.81,4746.92,3793.69,8356.86,28779.28
CST000230,2023-02-27,North America,AI Platform,19295.64,7265.27,4614.32,13496.82,44672.05
CST000231,2023-02-27,Europe,AI Platform,15703.6,5496.01,3753.79,10521.16,35474.56
CST000232,2023-02-27,APAC,AI Platform,11409.67,4413.76,3473.95,7229.17,26526.55
CST000233,2023-02-28,India,AI Platform,13387.03,4398.6,3186.49,8191.05,29163.17
CST000234,2023-02-28,North America,AI Platform,19209.56,6420.74,4871.47,13353.32,43855.09
CST000235,2023-02-28,Europe,AI Platform,16431.26,5987.2,3578.62,10958.94,36956.01
CST000236,2023-02-28,APAC,AI Platform,12111.4,3900.85,3042.57,6753.99,25808.81
CST000237,2023-03-01,India,AI Platform,13713.07,4183.02,3344.88,8409.2,29650.17
CST000238,2023-03-01,North America,AI Platform,19795.1,7070.77,4598.44,11878.63,43342.94
CST000239,2023-03-01,Europe,AI Platform,19357.02,5864.28,3937.59,10449.38,39608.27
CST000240,2023-03-01,APAC,AI Platform,11263.04,4444.59,3085.31,7058.07,25851.01
CST000241,2023-03-02,India,AI Platform,13156.79,4488.49,2999.47,7163.26,27808.01
CST000242,2023-03-02,North America,AI Platform,19117.45,6417.27,4716.54,13856.33,44107.6
CST000243,2023-03-02,Europe,AI Platform,18230.27,6130.67,4509.84,9770.39,38641.17
CST000244,2023-03-02,APAC,AI Platform,13337.25,3704.33,3164.75,7400.4,27606.72
CST000245,2023-03-03,India,AI Platform,13063.66,4426.37,2999.12,8111.53,28600.68
CST000246,2023-03-03,North America,AI Platform,20342.14,7245.37,4075.19,11281.17,42943.87
CST000247,2023-03-03,Europe,AI Platform,17187.22,5910.99,3924.48,10573.86,37596.55
CST000248,2023-03-03,APAC,AI Platform,10308.9,4085.63,2757.0,7015.58,24167.11
CST000249,2023-03-04,India,AI Platform,13059.41,4877.28,2982.02,9533.15,30451.87
CST000250,2023-03-04,North America,AI Platform,22122.3,6991.11,5068.65,10699.14,44881.2
CST000251,2023-03-04,Europe,AI Platform,16318.36,6032.92,4667.81,10914.38,37933.46
CST000252,2023-03-04,APAC,AI Platform,12525.2,4219.87,2615.34,6737.15,26097.56
CST000253,2023-03-05,India,AI Platform,12378.45,4590.88,3222.74,9091.46,29283.53
CST000254,2023-03-05,North America,AI Platform,21633.52,7136.67,4840.23,13101.79,46712.21
CST000255,2023-03-05,Europe,AI Platform,18418.93,5448.45,4150.5,10147.29,38165.16
CST000256,2023-03-05,APAC,AI Platform,11596.02,4417.63,3450.14,8513.19,27976.98
CST000257,2023-03-06,India,AI Platform,12403.92,4614.92,3224.38,7419.75,27662.97
CST000258,2023-03-06,North America,AI Platform,20622.56,7228.11,6195.13,11239.82,45285.62
CST000259,2023-03-06,Europe,AI Platform,16015.93,5562.57,4942.71,10462.15,36983.35
CST000260,2023-03-06,APAC,AI Platform,11503.07,3968.68,2910.11,8009.45,26391.31
CST000261,2023-03-07,India,AI Platform,13875.59,4100.15,3371.04,7475.81,28822.59
CST000262,2023-03-07,North America,AI Platform,21218.89,6595.97,5410.38,11575.78,44801.02
CST000263,2023-03-07,Europe,AI Platform,15508.36,5628.76,3819.29,7937.93,32894.34
CST000264,2023-03-07,APAC,AI Platform,13286.66,4435.87,3313.75,6002.87,27039.15
CST000265,2023-03-08,India,AI Platform,12958.98,4372.37,3120.86,8746.62,29198.83
CST000266,2023-03-08,North America,AI Platform,20007.91,6658.11,4586.78,11436.65,42689.45
CST000267,2023-03-08,Europe,AI Platform,16998.81,6045.14,4433.6,9532.46,37010.01
CST000268,2023-03-08,APAC,AI Platform,11494.89,3933.54,2725.96,7476.9,25631.29
CST000269,2023-03-09,India,AI Platform,13528.19,4543.52,3392.11,7802.69,29266.51
CST000270,2023-03-09,North America,AI Platform,19201.7,6961.67,4631.33,13128.02,43922.72
CST000271,2023-03-09,Europe,AI Platform,17053.92,6069.7,4043.57,11132.49,38299.66
CST000272,2023-03-09,APAC,AI Platform,13268.38,4004.8,2600.42,7239.63,27113.22
CST000273,2023-03-10,India,AI Platform,12822.72,4760.36,3048.93,7449.41,28081.43
CST000274,2023-03-10,North America,AI Platform,21047.43,7016.78,4815.24,11217.09,44096.55
CST000275,2023-03-10,Europe,AI Platform,17985.2,5981.49,4115.98,9125.8,37208.47
CST000276,2023-03-10,APAC,AI Platform,13417.16,4126.99,3061.19,7138.6,27743.95
CST000277,2023-03-11,India,AI Platform,14290.15,4539.64,2873.15,7847.21,29550.15
CST000278,2023-03-11,North America,AI Platform,21565.48,6940.76,5026.49,13012.18,46544.91
CST000279,2023-03-11,Europe,AI Platform,18507.93,6494.46,4257.04,10383.22,39642.65
CST000280,2023-03-11,APAC,AI Platform,12016.08,3974.06,3247.48,7171.7,26409.33
CST000281,2023-03-12,India,AI Platform,13164.65,4687.9,2912.52,7382.24,28147.32
CST000282,2023-03-12,North America,AI Platform,21339.63,6498.73,4261.36,11305.29,43405.0
CST000283,2023-03-12,Europe,AI Platform,17126.4,5902.94,4119.24,12792.23,39940.81
CST000284,2023-03-12,APAC,AI Platform,12271.79,4065.53,3007.56,6796.58,26141.45
CST000285,2023-03-13,India,AI Platform,13767.68,4436.68,3030.25,8927.25,30161.86
CST000286,2023-03-13,North America,AI Platform,22008.53,7309.65,3897.12,11932.7,45148.0
CST000287,2023-03-13,Europe,AI Platform,17380.96,5519.15,3803.8,12228.56,38932.46
CST000288,2023-03-13,APAC,AI Platform,13793.03,4318.61,2876.64,7214.86,28203.14
CST000289,2023-03-14,India,AI Platform,14923.71,4457.25,3408.45,8908.9,31698.31
CST000290,2023-03-14,North America,AI Platform,19092.38,7133.94,4138.93,12746.45,43111.69
CST000291,2023-03-14,Europe,AI Platform,15782.24,6287.0,3543.68,9346.61,34959.53
CST000292,2023-03-14,APAC,AI Platform,10725.99,4359.27,2794.78,7958.75,25838.79
CST000293,2023-03-15,India,AI Platform,12932.01,4256.24,3293.22,8299.32,28780.79
CST000294,2023-03-15,North America,AI Platform,22192.64,6764.99,4904.97,10927.43,44790.03
CST000295,2023-03-15,Europe,AI Platform,16776.52,6031.47,3861.13,10805.68,37474.81
CST000296,2023-03-15,APAC,AI Platform,11884.78,3702.26,2851.2,5986.2,24424.44
CST000297,2023-03-16,India,AI Platform,13215.96,4712.69,3108.63,8183.6,29220.87
CST000298,2023-03-16,North America,AI Platform,20551.63,7742.2,4132.46,10538.05,42964.35
CST000299,2023-03-16,Europe,AI Platform,18105.26,6486.65,3937.38,12892.78,41422.07
CST000300,2023-03-16,APAC,AI Platform,11826.78,4050.06,2915.22,7072.53,25864.59
CST000301,2023-03-17,India,AI Platform,14399.69,4621.85,2973.19,7861.96,29856.69
CST000302,2023-03-17,North America,AI Platform,18091.14,6898.44,4345.53,10489.46,39824.57
CST000303,2023-03-17,Europe,AI Platform,17377.97,6156.11,4105.25,8245.73,35885.05
CST000304,2023-03-17,APAC,AI Platform,11861.84,4082.62,2475.22,7491.12,25910.8
CST000305,2023-03-18,India,AI Platform,11312.56,4547.56,3096.73,8228.67,27185.53
CST000306,2023-03-18,North America,AI Platform,18991.76,7277.85,4740.79,12787.56,43797.95
CST000307,2023-03-18,Europe,AI Platform,17029.95,6472.55,3656.51,9999.31,37158.33
CST000308,2023-03-18,APAC,AI Platform,10571.02,3955.77,3032.49,7392.49,24951.76
CST000309,2023-03-19,India,AI Platform,13135.65,4651.09,3471.86,9173.73,30432.33
CST000310,2023-03-19,North America,AI Platform,17688.33,7136.15,5647.88,12142.2,42614.56
CST000311,2023-03-19,Europe,AI Platform,16413.22,5948.65,4056.63,9135.65,35554.15
CST000312,2023-03-19,APAC,AI Platform,12620.63,4159.47,3709.27,6761.23,27250.61
CST000313,2023-03-20,India,AI Platform,12461.85,4722.65,3391.65,7813.42,28389.57
CST000314,2023-03-20,North America,AI Platform,21079.09,7049.56,5716.45,12131.99,45977.09
CST000315,2023-03-20,Europe,AI Platform,17306.27,6096.69,4034.07,11097.2,38534.23
CST000316,2023-03-20,APAC,AI Platform,11759.18,4277.7,3061.67,7063.37,26161.92
CST000317,2023-03-21,India,AI Platform,14055.16,4888.34,3238.06,7462.05,29643.6
CST000318,2023-03-21,North America,AI Platform,20603.39,6515.02,5228.51,11722.67,44069.59
CST000319,2023-03-21,Europe,AI Platform,15107.55,5842.36,4685.18,8812.3,34447.39
CST000320,2023-03-21,APAC,AI Platform,14153.15,4217.53,2902.82,8697.61,29971.1
CST000321,2023-03-22,India,AI Platform,12867.44,4709.65,3253.57,8516.95,29347.62
CST000322,2023-03-22,North America,AI Platform,19159.2,6822.41,4228.83,12142.11,42352.56
CST000323,2023-03-22,Europe,AI Platform,16694.07,5888.4,4407.59,11754.22,38744.29
CST000324,2023-03-22,APAC,AI Platform,12316.06,4171.1,3216.71,5801.7,25505.56
CST000325,2023-03-23,India,AI Platform,13881.4,4339.28,3092.97,8748.47,30062.12
CST000326,2023-03-23,North America,AI Platform,18908.18,7560.15,4371.06,11874.63,42714.03
CST000327,2023-03-23,Europe,AI Platform,18358.62,5726.52,4075.72,8716.53,36877.4
CST000328,2023-03-23,APAC,AI Platform,11797.36,4206.04,2887.84,6900.81,25792.05
CST000329,2023-03-24,India,AI Platform,12647.64,4694.47,3949.31,7016.96,28308.38
CST000330,2023-03-24,North America,AI Platform,21764.33,7007.65,4364.56,13168.2,46304.74
CST000331,2023-03-24,Europe,AI Platform,17137.54,5856.72,4477.05,8638.64,36109.95
CST000332,2023-03-24,APAC,AI Platform,12069.15,4064.85,2725.86,7099.65,25959.51
CST000333,2023-03-25,India,AI Platform,14201.44,4912.11,3026.05,8402.93,30542.52
CST000334,2023-03-25,North America,AI Platform,20017.41,7184.08,4526.15,12388.12,44115.76
CST000335,2023-03-25,Europe,AI Platform,17106.2,5733.89,3910.82,10138.33,36889.23
CST000336,2023-03-25,APAC,AI Platform,11734.88,4173.05,2938.67,5953.09,24799.68
CST000337,2023-03-26,India,AI Platform,13853.05,4489.97,3121.82,8981.85,30446.7
CST000338,2023-03-26,North America,AI Platform,22414.16,6789.84,4483.11,11025.22,44712.34
CST000339,2023-03-26,Europe,AI Platform,17326.39,5866.97,4016.07,9045.5,36254.93
CST000340,2023-03-26,APAC,AI Platform,11870.22,4141.0,3011.21,6741.62,25764.05
CST000341,2023-03-27,India,AI Platform,14957.04,4704.35,2905.16,7822.54,30389.08
CST000342,2023-03-27,North America,AI Platform,17781.89,7349.26,4820.9,13523.11,43475.16
CST000343,2023-03-27,Europe,AI Platform,17395.85,5818.48,4103.24,10080.18,37397.75
CST000344,2023-03-27,APAC,AI Platform,12018.54,4262.18,2655.33,7791.17,26727.21
CST000345,2023-03-28,India,AI Platform,12851.68,4493.21,3182.73,7120.94,27648.57
CST000346,2023-03-28,North America,AI Platform,19212.92,7311.2,5380.34,15463.64,47368.1
CST000347,2023-03-28,Europe,AI Platform,20596.58,5548.81,4301.89,9306.53,39753.82
CST000348,2023-03-28,APAC,AI Platform,11095.23,4340.53,2706.85,7558.22,25700.83
CST000349,2023-03-29,India,AI Platform,14552.87,4348.06,3304.31,8118.85,30324.09
CST000350,2023-03-29,North America,AI Platform,21473.2,7211.91,5062.69,11655.35,45403.15
CST000351,2023-03-29,Europe,AI Platform,16808.31,5989.62,4006.32,10869.76,37674.01
CST000352,2023-03-29,APAC,AI Platform,11356.05,4425.24,3206.95,6734.48,25722.71
CST000353,2023-03-30,India,AI Platform,13803.7,4618.49,3160.0,9305.78,30887.97
CST000354,2023-03-30,North America,AI Platform,19694.7,7060.85,4712.32,12281.72,43749.59
CST000355,2023-03-30,Europe,AI Platform,18885.27,5351.96,4600.34,11930.52,40768.09
CST000356,2023-03-30,APAC,AI Platform,10969.11,4628.11,3300.92,8617.34,27515.48
CST000357,2023-03-31,India,AI Platform,14449.21,4328.36,3108.04,6252.32,28137.94
CST000358,2023-03-31,North America,AI Platform,20627.57,7258.63,5410.14,11188.87,44485.21
CST000359,2023-03-31,Europe,AI Platform,16625.57,5774.28,3669.26,11510.22,37579.33
CST000360,2023-03-31,APAC,AI Platform,12445.46,4175.71,3087.25,7794.9,27503.32
CST000361,2023-04-01,India,AI Platform,14222.48,4585.25,3150.81,7024.99,28983.52
CST000362,2023-04-01,North America,AI Platform,19919.21,7231.63,4779.21,14141.88,46071.94
CST000363,2023-04-01,Europe,AI Platform,16553.24,6477.11,4303.59,11259.13,38593.07
CST000364,2023-04-01,APAC,AI Platform,10430.17,4073.8,3116.24,8738.15,26358.37
CST000365,2023-04-02,India,AI Platform,17581.87,4801.8,2958.14,8151.58,33493.39
CST000366,2023-04-02,North America,AI Platform,19330.36,7115.09,5666.91,13850.64,45963.0
CST000367,2023-04-02,Europe,AI Platform,16817.48,5579.43,4031.72,8515.68,34944.31
CST000368,2023-04-02,APAC,AI Platform,12182.03,4305.79,2707.4,6207.62,25402.83
CST000369,2023-04-03,India,AI Platform,15035.93,4674.82,4346.69,7746.04,31803.48
CST000370,2023-04-03,North America,AI Platform,20241.48,7442.25,4660.71,15044.58,47389.02
CST000371,2023-04-03,Europe,AI Platform,16160.51,5966.29,4545.02,10954.67,37626.49
CST000372,2023-04-03,APAC,AI Platform,13024.39,3979.75,2934.5,8064.91,28003.55
CST000373,2023-04-04,India,AI Platform,13991.92,4716.16,3908.4,8888.55,31505.03
CST000374,2023-04-04,North America,AI Platform,19416.02,7247.3,5202.95,13079.39,44945.66
CST000375,2023-04-04,Europe,AI Platform,17961.68,6408.28,4495.51,10661.89,39527.37
CST000376,2023-04-04,APAC,AI Platform,11454.31,3816.77,3154.09,6957.26,25382.44
CST000377,2023-04-05,India,AI Platform,14011.52,4771.54,3076.26,8978.73,30838.04
CST000378,2023-04-05,North America,AI Platform,21398.01,6939.49,4895.89,12378.38,45611.77
CST000379,2023-04-05,Europe,AI Platform,16217.25,6511.39,4333.51,8055.91,35118.05
CST000380,2023-04-05,APAC,AI Platform,13430.41,3982.3,2635.63,7632.17,27680.51
CST000381,2023-04-06,India,AI Platform,13406.05,4431.23,3284.65,7783.61,28905.54
CST000382,2023-04-06,North America,AI Platform,23024.1,6740.62,4418.08,13409.34,47592.14
CST000383,2023-04-06,Europe,AI Platform,17016.0,6511.71,4242.21,10041.64,37811.56
CST000384,2023-04-06,APAC,AI Platform,12533.75,4117.2,3212.35,8208.87,28072.17
CST000385,2023-04-07,India,AI Platform,12463.97,4451.57,3044.28,6916.91,26876.72
CST000386,2023-04-07,North America,AI Platform,18503.57,6914.92,4732.28,11062.19,41212.95
CST000387,2023-04-07,Europe,AI Platform,15004.05,5802.0,3897.65,11309.89,36013.57
CST000388,2023-04-07,APAC,AI Platform,11699.43,4183.07,2975.06,7221.04,26078.6
CST000389,2023-04-08,India,AI Platform,13534.33,4652.8,3292.91,8739.2,30219.24
CST000390,2023-04-08,North America,AI Platform,24821.51,7663.21,4356.03,12986.26,49827.01
CST000391,2023-04-08,Europe,AI Platform,14853.47,6283.78,4029.02,10375.91,35542.19
CST000392,2023-04-08,APAC,AI Platform,11835.86,4260.78,2762.48,6456.21,25315.34
CST000393,2023-04-09,India,AI Platform,12474.23,4946.85,3121.73,8406.01,28948.82
CST000394,2023-04-09,North America,AI Platform,21412.61,7844.62,5115.3,11576.41,45948.95
CST000395,2023-04-09,Europe,AI Platform,17542.56,5894.64,3773.73,10951.6,38162.53
CST000396,2023-04-09,APAC,AI Platform,12164.88,4139.92,2519.56,6595.79,25420.15
CST000397,2023-04-10,India,AI Platform,11422.67,4367.23,3362.53,8262.45,27414.88
CST000398,2023-04-10,North America,AI Platform,20197.95,7069.26,4532.18,11805.69,43605.08
CST000399,2023-04-10,Europe,AI Platform,18316.47,6251.78,4106.1,8931.75,37606.1
CST000400,2023-04-10,APAC,AI Platform,11191.42,4380.3,3238.07,6386.97,25196.76
CST000401,2023-04-11,India,AI Platform,13160.09,4371.48,3414.43,8962.22,29908.22
CST000402,2023-04-11,North America,AI Platform,21189.97,7380.23,5093.12,14497.7,48161.02
CST000403,2023-04-11,Europe,AI Platform,14862.68,5896.02,3625.55,10285.36,34669.61
CST000404,2023-04-11,APAC,AI Platform,12855.85,4512.04,2860.61,7579.63,27808.12
CST000405,2023-04-12,India,AI Platform,12285.0,4409.54,3252.65,8987.78,28934.97
CST000406,2023-04-12,North America,AI Platform,20150.91,7382.73,5238.78,12275.31,45047.75
CST000407,2023-04-12,Europe,AI Platform,16886.52,6275.42,4416.41,11069.93,38648.28
CST000408,2023-04-12,APAC,AI Platform,12283.5,3879.64,3221.92,8346.24,27731.3
CST000409,2023-04-13,India,AI Platform,14522.3,4742.05,3296.19,6858.83,29419.37
CST000410,2023-04-13,North America,AI Platform,21484.91,7324.74,5087.78,13880.38,47777.81
CST000411,2023-04-13,Europe,AI Platform,14977.66,6117.7,4563.07,9754.48,35412.91
CST000412,2023-04-13,APAC,AI Platform,10814.47,4018.58,3332.48,7591.97,25757.49
CST000413,2023-04-14,India,AI Platform,13104.36,5043.83,2825.16,8039.51,29012.86
CST000414,2023-04-14,North America,AI Platform,17418.69,6622.66,4871.16,15010.21,43922.72
CST000415,2023-04-14,Europe,AI Platform,19424.21,6425.38,3945.5,9975.5,39770.59
CST000416,2023-04-14,APAC,AI Platform,12702.25,3857.08,2916.61,5935.57,25411.51
CST000417,2023-04-15,India,AI Platform,14420.72,4703.4,2854.31,8263.29,30241.72
CST000418,2023-04-15,North America,AI Platform,19589.74,7383.56,4797.25,14519.53,46290.07
CST000419,2023-04-15,Europe,AI Platform,17768.62,5904.09,4423.24,9337.57,37433.52
CST000420,2023-04-15,APAC,AI Platform,13661.62,4434.36,2778.03,7913.61,28787.62
CST000421,2023-04-16,India,AI Platform,13940.77,4575.53,3537.01,8500.52,30553.82
CST000422,2023-04-16,North America,AI Platform,21124.38,7722.28,5452.08,11271.18,45569.91
CST000423,2023-04-16,Europe,AI Platform,15919.59,6320.5,4178.67,10300.26,36719.02
CST000424,2023-04-16,APAC,AI Platform,11503.45,3882.5,3137.36,7332.83,25856.14
CST000425,2023-04-17,India,AI Platform,15035.03,4618.22,3126.76,7880.15,30660.17
CST000426,2023-04-17,North America,AI Platform,19911.41,6857.66,5422.5,14073.52,46265.09
CST000427,2023-04-17,Europe,AI Platform,17499.96,6063.54,4110.4,9993.52,37667.43
CST000428,2023-04-17,APAC,AI Platform,11831.68,4157.2,2843.99,8018.36,26851.23
CST000429,2023-04-18,India,AI Platform,14349.39,4581.63,3109.45,7870.9,29911.37
CST000430,2023-04-18,North America,AI Platform,20235.46,7730.34,5840.89,10765.7,44572.38
CST000431,2023-04-18,Europe,AI Platform,15801.59,6127.12,3574.51,9739.26,35242.48
CST000432,2023-04-18,APAC,AI Platform,13233.94,4289.5,2572.35,8914.69,29010.48
CST000433,2023-04-19,India,AI Platform,13222.3,4791.56,2970.54,7478.23,28462.64
CST000434,2023-04-19,North America,AI Platform,19879.89,6881.86,4649.81,10281.78,41693.34
CST000435,2023-04-19,Europe,AI Platform,16784.62,6060.55,3534.61,11337.37,37717.15
CST000436,2023-04-19,APAC,AI Platform,13231.49,4127.26,2923.86,8505.56,28788.16
CST000437,2023-04-20,India,AI Platform,14428.95,4731.06,3114.37,8573.47,30847.86
CST000438,2023-04-20,North America,AI Platform,21430.37,6711.64,4904.14,14008.94,47055.09
CST000439,2023-04-20,Europe,AI Platform,17556.99,6251.26,4193.18,9460.2,37461.62
CST000440,2023-04-20,APAC,AI Platform,13871.79,4576.31,3233.49,7394.72,29076.31
CST000441,2023-04-21,India,AI Platform,14460.72,5329.1,3708.25,7039.45,30537.52
CST000442,2023-04-21,North America,AI Platform,22051.7,6763.41,4698.2,11202.71,44716.02
CST000443,2023-04-21,Europe,AI Platform,17322.12,6022.68,4090.29,10427.86,37862.95
CST000444,2023-04-21,APAC,AI Platform,13291.71,4396.9,3070.05,7424.93,28183.59
CST000445,2023-04-22,India,AI Platform,13181.2,4621.06,3206.74,6861.17,27870.17
CST000446,2023-04-22,North America,AI Platform,19476.65,7093.02,5622.93,11350.49,43543.1
CST000447,2023-04-22,Europe,AI Platform,17441.04,6415.2,3758.7,10880.75,38495.69
CST000448,2023-04-22,APAC,AI Platform,12090.34,4157.16,2972.97,8317.2,27537.67
CST000449,2023-04-23,India,AI Platform,13750.28,4700.91,3398.05,8547.81,30397.05
CST000450,2023-04-23,North America,AI Platform,20712.04,7100.21,4505.42,13631.63,45949.3
CST000451,2023-04-23,Europe,AI Platform,17848.87,5704.78,4271.95,9184.25,37009.85
CST000452,2023-04-23,APAC,AI Platform,10965.33,4003.65,2552.65,6843.97,24365.59
CST000453,2023-04-24,India,AI Platform,13233.79,4726.53,3154.64,9316.48,30431.44
CST000454,2023-04-24,North America,AI Platform,24243.66,7581.18,4539.01,11920.12,48283.98
CST000455,2023-04-24,Europe,AI Platform,18914.74,5716.76,4017.94,10003.42,38652.87
CST000456,2023-04-24,APAC,AI Platform,11978.85,4536.2,2870.55,5975.94,25361.54
CST000457,2023-04-25,India,AI Platform,14147.45,4692.42,3300.97,7888.35,30029.19
CST000458,2023-04-25,North America,AI Platform,22032.03,7258.39,4897.04,12571.46,46758.92
CST000459,2023-04-25,Europe,AI Platform,19719.81,5656.04,3999.82,10756.98,40132.65
CST000460,2023-04-25,APAC,AI Platform,12294.16,4326.6,3181.78,6922.16,26724.7
CST000461,2023-04-26,India,AI Platform,13467.79,4453.11,3374.69,9176.4,30472.0
CST000462,2023-04-26,North America,AI Platform,21853.2,7628.65,5218.81,12651.33,47351.99
CST000463,2023-04-26,Europe,AI Platform,19297.0,5953.55,4736.64,9278.34,39265.53
CST000464,2023-04-26,APAC,AI Platform,12924.63,4200.45,2752.98,7020.25,26898.32
CST000465,2023-04-27,India,AI Platform,14602.8,4913.77,3236.24,7288.71,30041.52
CST000466,2023-04-27,North America,AI Platform,20491.61,7129.78,5214.48,11520.2,44356.07
CST000467,2023-04-27,Europe,AI Platform,16020.87,5814.17,4521.52,11937.13,38293.69
CST000468,2023-04-27,APAC,AI Platform,10969.59,4329.61,3165.27,7495.1,25959.56
CST000469,2023-04-28,India,AI Platform,13178.24,5525.83,3144.68,8299.47,30148.21
CST000470,2023-04-28,North America,AI Platform,21620.32,7267.45,5326.56,12497.24,46711.57
CST000471,2023-04-28,Europe,AI Platform,18280.43,6323.11,3921.97,9978.67,38504.19
CST000472,2023-04-28,APAC,AI Platform,11883.56,4517.02,3177.81,8356.11,27934.5
CST000473,2023-04-29,India,AI Platform,13102.69,4825.99,3181.18,7952.22,29062.09
CST000474,2023-04-29,North America,AI Platform,21030.04,7055.51,4869.63,11284.8,44239.97
CST000475,2023-04-29,Europe,AI Platform,16803.94,5972.73,4068.04,11307.02,38151.74
CST000476,2023-04-29,APAC,AI Platform,13408.22,4386.89,3217.62,7326.99,28339.71
CST000477,2023-04-30,India,AI Platform,15673.53,4844.66,3703.29,7532.25,31753.73
CST000478,2023-04-30,North America,AI Platform,21598.79,7564.66,4525.01,12036.53,45724.99
CST000479,2023-04-30,Europe,AI Platform,18229.78,6434.11,3615.2,10349.38,38628.48
CST000480,2023-04-30,APAC,AI Platform,13246.26,4084.52,2631.26,7046.25,27008.29
CST000481,2023-05-01,India,AI Platform,11930.31,4936.78,3008.32,9634.57,29509.97
CST000482,2023-05-01,North America,AI Platform,20884.42,6939.14,5022.75,14533.8,47380.11
CST000483,2023-05-01,Europe,AI Platform,18055.12,5763.94,4212.24,11256.81,39288.12
CST000484,2023-05-01,APAC,AI Platform,11577.33,4480.63,3116.78,7208.8,26383.53
CST000485,2023-05-02,India,AI Platform,14540.89,4734.61,3224.01,8899.62,31399.12
CST000486,2023-05-02,North America,AI Platform,21028.02,7671.68,5356.97,10362.27,44418.94
CST000487,2023-05-02,Europe,AI Platform,18498.43,5888.29,4078.71,11542.46,40007.91
CST000488,2023-05-02,APAC,AI Platform,12657.61,4052.12,2829.75,8085.48,27624.97
CST000489,2023-05-03,India,AI Platform,12740.66,4595.42,3027.94,6791.21,27155.23
CST000490,2023-05-03,North America,AI Platform,21894.17,7269.27,5098.52,13490.62,47752.57
CST000491,2023-05-03,Europe,AI Platform,17022.94,6377.1,4770.17,11088.5,39258.71
CST000492,2023-05-03,APAC,AI Platform,12853.68,4231.47,3060.65,6758.62,26904.41
CST000493,2023-05-04,India,AI Platform,13803.91,4501.03,3428.93,8061.16,29795.03
CST000494,2023-05-04,North America,AI Platform,20424.48,7479.6,4653.37,12284.09,44841.54
CST000495,2023-05-04,Europe,AI Platform,18694.61,6030.17,3674.11,9322.15,37721.04
CST000496,2023-05-04,APAC,AI Platform,12820.25,4165.91,3074.42,7740.34,27800.93
CST000497,2023-05-05,India,AI Platform,13809.16,4378.63,2950.18,8330.01,29467.98
CST000498,2023-05-05,North America,AI Platform,20556.32,7279.02,5329.08,11765.52,44929.94
CST000499,2023-05-05,Europe,AI Platform,15732.19,6017.61,3564.49,11750.73,37065.03
CST000500,2023-05-05,APAC,AI Platform,11741.15,4374.27,3094.13,7170.28,26379.83
CST000501,2023-05-06,India,AI Platform,13106.07,4616.33,3018.08,7644.3,28384.78
CST000502,2023-05-06,North America,AI Platform,18847.47,7007.18,4630.6,14003.86,44489.1
CST000503,2023-05-06,Europe,AI Platform,16687.32,5687.94,4140.79,9767.45,36283.5
CST000504,2023-05-06,APAC,AI Platform,12297.69,4597.08,3333.76,7578.17,27806.69
CST000505,2023-05-07,India,AI Platform,15687.17,4466.93,3134.7,8541.47,31830.27
CST000506,2023-05-07,North America,AI Platform,20150.62,7266.14,5427.86,15987.07,48831.69
CST000507,2023-05-07,Europe,AI Platform,17460.42,5633.86,4541.8,10038.42,37674.5
CST000508,2023-05-07,APAC,AI Platform,10675.73,4203.47,3086.86,7324.15,25290.21
CST000509,2023-05-08,India,AI Platform,14003.06,4953.13,3422.75,9017.73,31396.67
CST000510,2023-05-08,North America,AI Platform,23739.17,6597.94,5323.5,10796.18,46456.79
CST000511,2023-05-08,Europe,AI Platform,16934.13,5955.17,4208.6,10893.94,37991.84
CST000512,2023-05-08,APAC,AI Platform,12439.43,4292.9,3326.61,8252.72,28311.66
CST000513,2023-05-09,India,AI Platform,12987.4,4639.74,3044.85,9555.08,30227.07
CST000514,2023-05-09,North America,AI Platform,22758.11,6776.93,4476.4,11592.04,45603.48
CST000515,2023-05-09,Europe,AI Platform,16283.34,5935.22,4317.21,12189.7,38725.47
CST000516,2023-05-09,APAC,AI Platform,13394.7,4241.18,2808.21,7254.28,27698.37
CST000517,2023-05-10,India,AI Platform,14979.09,5000.3,3827.54,8931.63,32738.55
CST000518,2023-05-10,North America,AI Platform,20130.55,7455.45,4777.91,12008.81,44372.72
CST000519,2023-05-10,Europe,AI Platform,17995.51,6249.55,4440.39,10963.13,39648.57
CST000520,2023-05-10,APAC,AI Platform,13011.35,4087.37,2951.52,8404.96,28455.19
CST000521,2023-05-11,India,AI Platform,15566.25,4963.83,3294.74,8234.17,32059.0
CST000522,2023-05-11,North America,AI Platform,19102.54,7671.09,4641.54,13340.94,44756.11
CST000523,2023-05-11,Europe,AI Platform,15797.77,6467.99,4532.74,10673.48,37471.99
CST000524,2023-05-11,APAC,AI Platform,12232.51,4307.19,2823.22,7871.29,27234.21
CST000525,2023-05-12,India,AI Platform,12769.64,5014.96,3311.31,8718.9,29814.81
CST000526,2023-05-12,North America,AI Platform,19994.08,7475.93,4477.8,11187.55,43135.37
CST000527,2023-05-12,Europe,AI Platform,17594.05,6350.06,4717.56,8046.15,36707.82
CST000528,2023-05-12,APAC,AI Platform,11640.17,4507.87,2910.06,8507.07,27565.18
CST000529,2023-05-13,India,AI Platform,14050.39,4848.37,3015.46,7483.71,29397.93
CST000530,2023-05-13,North America,AI Platform,22312.24,7852.71,5209.34,11602.76,46977.04
CST000531,2023-05-13,Europe,AI Platform,18120.98,6323.98,4741.75,10502.89,39689.6
CST000532,2023-05-13,APAC,AI Platform,13725.45,4564.97,3071.3,8462.47,29824.18
CST000533,2023-05-14,India,AI Platform,12244.02,5019.96,3377.08,8484.59,29125.65
CST000534,2023-05-14,North America,AI Platform,22962.75,7491.18,5323.01,11309.88,47086.83
CST000535,2023-05-14,Europe,AI Platform,17159.27,6657.07,4270.97,10345.89,38433.2
CST000536,2023-05-14,APAC,AI Platform,11086.45,4429.73,2996.24,6687.46,25199.89
CST000537,2023-05-15,India,AI Platform,14588.67,4606.92,4036.68,8484.61,31716.89
CST000538,2023-05-15,North America,AI Platform,22447.01,7987.52,5311.69,13193.6,48939.84
CST000539,2023-05-15,Europe,AI Platform,19865.52,6276.74,4422.59,11623.49,42188.33
CST000540,2023-05-15,APAC,AI Platform,10878.64,4298.38,2934.55,7678.48,25790.05
CST000541,2023-05-16,India,AI Platform,15551.01,4752.45,2755.32,7679.01,30737.8
CST000542,2023-05-16,North America,AI Platform,20334.7,7827.19,5762.51,11793.62,45718.02
CST000543,2023-05-16,Europe,AI Platform,18200.41,5586.69,4908.21,10207.25,38902.55
CST000544,2023-05-16,APAC,AI Platform,13299.37,3905.72,3134.75,6463.56,26803.4
CST000545,2023-05-17,India,AI Platform,13305.26,4703.48,3137.54,10120.92,31267.2
CST000546,2023-05-17,North America,AI Platform,19503.24,6975.59,5003.33,12720.62,44202.77
CST000547,2023-05-17,Europe,AI Platform,16638.19,6094.51,4300.67,12432.23,39465.6
CST000548,2023-05-17,APAC,AI Platform,13395.7,4192.39,2824.42,7829.6,28242.11
CST000549,2023-05-18,India,AI Platform,14159.7,4645.83,3696.7,8456.3,30958.53
CST000550,2023-05-18,North America,AI Platform,19988.21,7690.53,5201.59,13891.91,46772.24
CST000551,2023-05-18,Europe,AI Platform,15428.7,5620.05,4583.74,9351.48,34983.97
CST000552,2023-05-18,APAC,AI Platform,12243.13,3940.35,3333.64,6921.87,26438.98
CST000553,2023-05-19,India,AI Platform,13365.73,4676.15,3717.26,9284.28,31043.41
CST000554,2023-05-19,North America,AI Platform,23004.65,7460.09,5109.08,11970.12,47543.95
CST000555,2023-05-19,Europe,AI Platform,19770.33,6191.5,4364.96,10222.12,40548.91
CST000556,2023-05-19,APAC,AI Platform,11551.71,4392.73,3213.7,7816.57,26974.71
CST000557,2023-05-20,India,AI Platform,12406.39,4857.21,3279.3,9044.7,29587.6
CST000558,2023-05-20,North America,AI Platform,22186.94,7396.14,4760.38,10965.6,45309.06
CST000559,2023-05-20,Europe,AI Platform,16186.03,5347.06,4360.95,10464.63,36358.67
CST000560,2023-05-20,APAC,AI Platform,11798.47,4500.25,3030.45,8115.88,27445.06
CST000561,2023-05-21,India,AI Platform,15949.88,4766.02,3276.92,9001.54,32994.37
CST000562,2023-05-21,North America,AI Platform,22487.49,7112.43,4525.08,12564.89,46689.89
CST000563,2023-05-21,Europe,AI Platform,18781.09,6310.32,4033.13,12282.06,41406.6
CST000564,2023-05-21,APAC,AI Platform,11782.85,4278.07,2842.01,7666.3,26569.24
CST000565,2023-05-22,India,AI Platform,12991.08,4638.52,3539.82,8311.77,29481.19
CST000566,2023-05-22,North America,AI Platform,21138.81,7600.19,5184.63,14006.55,47930.17
CST000567,2023-05-22,Europe,AI Platform,17765.2,6068.26,4229.06,10673.75,38736.27
CST000568,2023-05-22,APAC,AI Platform,11807.55,4375.82,2787.25,7754.73,26725.35
CST000569,2023-05-23,India,AI Platform,14461.58,4639.62,3130.76,6998.73,29230.68
CST000570,2023-05-23,North America,AI Platform,21571.57,7420.92,4958.4,11071.79,45022.68
CST000571,2023-05-23,Europe,AI Platform,16453.43,6075.89,4998.64,10077.98,37605.94
CST000572,2023-05-23,APAC,AI Platform,11958.22,4415.45,2825.29,6996.4,26195.36
CST000573,2023-05-24,India,AI Platform,14436.36,5032.42,3663.28,7720.39,30852.45
CST000574,2023-05-24,North America,AI Platform,22556.96,7389.72,4356.87,12634.37,46937.92
CST000575,2023-05-24,Europe,AI Platform,15306.01,6099.56,4806.38,10702.49,36914.44
CST000576,2023-05-24,APAC,AI Platform,12797.59,4132.0,3122.69,6925.06,26977.33
CST000577,2023-05-25,India,AI Platform,12679.19,4875.0,3471.3,8824.85,29850.34
CST000578,2023-05-25,North America,AI Platform,22640.54,7260.28,5523.66,12634.94,48059.43
CST000579,2023-05-25,Europe,AI Platform,18097.37,6324.53,4159.91,9691.88,38273.69
CST000580,2023-05-25,APAC,AI Platform,10801.19,4463.7,2985.19,6480.17,24730.24
CST000581,2023-05-26,India,AI Platform,14406.59,4850.45,3988.34,8108.25,31353.62
CST000582,2023-05-26,North America,AI Platform,19258.01,7820.9,4994.86,12448.7,44522.47
CST000583,2023-05-26,Europe,AI Platform,18040.64,6064.15,4804.0,10602.51,39511.3
CST000584,2023-05-26,APAC,AI Platform,12478.83,4177.88,2872.4,7274.67,26803.78
CST000585,2023-05-27,India,AI Platform,15167.9,4804.94,3107.24,7462.35,30542.43
CST000586,2023-05-27,North America,AI Platform,18187.43,7920.32,4651.09,12614.52,43373.36
CST000587,2023-05-27,Europe,AI Platform,17374.25,5948.68,4265.61,11111.14,38699.67
CST000588,2023-05-27,APAC,AI Platform,12384.75,3994.51,3315.56,8195.43,27890.25
CST000589,2023-05-28,India,AI Platform,12657.81,4744.18,3256.28,7540.73,28199.0
CST000590,2023-05-28,North America,AI Platform,19866.73,7387.43,5348.6,13646.41,46249.17
CST000591,2023-05-28,Europe,AI Platform,17673.88,6112.84,4194.69,8313.68,36295.08
CST000592,2023-05-28,APAC,AI Platform,12954.48,3913.96,3030.09,7325.83,27224.35
CST000593,2023-05-29,India,AI Platform,14096.46,4969.93,3394.47,9314.94,31775.8
CST000594,2023-05-29,North America,AI Platform,22762.96,8119.52,4527.82,12881.97,48292.26
CST000595,2023-05-29,Europe,AI Platform,16564.29,6108.4,3945.29,9720.34,36338.32
CST000596,2023-05-29,APAC,AI Platform,12871.42,4451.78,2542.34,7078.75,26944.28
CST000597,2023-05-30,India,AI Platform,14346.19,4813.74,3293.97,8759.89,31213.8
CST000598,2023-05-30,North America,AI Platform,20938.0,7090.48,4926.66,12975.54,45930.67
CST000599,2023-05-30,Europe,AI Platform,17000.69,6970.36,4425.62,10859.72,39256.39
CST000600,2023-05-30,APAC,AI Platform,12652.06,4362.18,2870.64,7145.02,27029.91
CST000601,2023-05-31,India,AI Platform,13925.77,5256.01,3114.14,7912.71,30208.64
CST000602,2023-05-31,North America,AI Platform,21581.85,7720.72,5084.66,12012.86,46400.09
CST000603,2023-05-31,Europe,AI Platform,18847.48,5982.42,5233.6,11182.79,41246.29
CST000604,2023-05-31,APAC,AI Platform,12284.58,4244.22,3236.94,7565.7,27331.44
CST000605,2023-06-01,India,AI Platform,15743.43,4843.83,3038.35,8143.69,31769.3
CST000606,2023-06-01,North America,AI Platform,20297.95,7461.37,4872.91,12237.43,44869.65
CST000607,2023-06-01,Europe,AI Platform,17629.49,6114.55,4719.24,10451.2,38914.48
CST000608,2023-06-01,APAC,AI Platform,12989.9,4395.81,3174.72,7246.75,27807.18
CST000609,2023-06-02,India,AI Platform,14570.86,4575.16,3082.88,8197.44,30426.34
CST000610,2023-06-02,North America,AI Platform,20818.78,7275.5,4440.67,12063.14,44598.09
CST000611,2023-06-02,Europe,AI Platform,18601.57,5870.19,4075.51,12102.16,40649.42
CST000612,2023-06-02,APAC,AI Platform,11845.32,4471.55,3082.58,6856.34,26255.79
CST000613,2023-06-03,India,AI Platform,14366.24,4740.67,3266.15,6657.44,29030.49
CST000614,2023-06-03,North America,AI Platform,20652.38,7327.25,5297.72,12017.06,45294.41
CST000615,2023-06-03,Europe,AI Platform,19723.94,5943.86,4542.61,10938.6,41149.0
CST000616,2023-06-03,APAC,AI Platform,11760.35,4143.67,2742.88,7643.7,26290.6
CST000617,2023-06-04,India,AI Platform,13755.02,4769.59,3364.58,7577.39,29466.58
CST000618,2023-06-04,North America,AI Platform,21437.54,7330.45,4510.45,12721.72,46000.17
CST000619,2023-06-04,Europe,AI Platform,18560.84,5804.62,4705.25,10420.37,39491.08
CST000620,2023-06-04,APAC,AI Platform,12719.46,4326.25,3225.01,8918.54,29189.26
CST000621,2023-06-05,India,AI Platform,14462.78,4822.25,3152.06,7921.27,30358.36
CST000622,2023-06-05,North America,AI Platform,18736.62,7006.6,5411.15,10933.69,42088.06
CST000623,2023-06-05,Europe,AI Platform,18454.11,6793.15,4078.62,10038.47,39364.35
CST000624,2023-06-05,APAC,AI Platform,12462.31,4217.53,3060.66,8316.83,28057.33
CST000625,2023-06-06,India,AI Platform,14155.61,5048.66,3266.72,7702.84,30173.83
CST000626,2023-06-06,North America,AI Platform,19343.13,6613.59,5424.75,12541.9,43923.37
CST000627,2023-06-06,Europe,AI Platform,15940.31,5717.39,4248.43,9121.7,35027.83
CST000628,2023-06-06,APAC,AI Platform,13140.5,4327.23,2983.18,6635.67,27086.58
CST000629,2023-06-07,India,AI Platform,14410.91,4726.59,3121.69,9168.03,31427.22
CST000630,2023-06-07,North America,AI Platform,20439.48,7453.33,5056.3,14843.77,47792.88
CST000631,2023-06-07,Europe,AI Platform,17307.53,5967.9,3798.31,9581.76,36655.49
CST000632,2023-06-07,APAC,AI Platform,11633.01,4441.22,3037.7,6986.88,26098.81
CST000633,2023-06-08,India,AI Platform,14020.5,4641.48,3159.48,7695.54,29516.99
CST000634,2023-06-08,North America,AI Platform,19601.29,7498.06,5132.3,11508.57,43740.23
CST000635,2023-06-08,Europe,AI Platform,16429.45,5905.81,4510.68,12549.85,39395.78
CST000636,2023-06-08,APAC,AI Platform,13013.14,4413.74,3092.36,8353.03,28872.28
CST000637,2023-06-09,India,AI Platform,13886.02,5022.34,3157.21,7258.94,29324.5
CST000638,2023-06-09,North America,AI Platform,20992.0,7685.74,5140.25,11879.89,45697.88
CST000639,2023-06-09,Europe,AI Platform,17529.02,6351.22,4192.31,11795.65,39868.2
CST000640,2023-06-09,APAC,AI Platform,12905.77,4154.0,3229.48,6408.9,26698.16
CST000641,2023-06-10,India,AI Platform,13670.59,4863.09,3030.34,8786.47,30350.49
CST000642,2023-06-10,North America,AI Platform,20773.15,7483.88,5466.2,12269.02,45992.26
CST000643,2023-06-10,Europe,AI Platform,18520.47,6065.21,4070.23,11163.82,39819.74
CST000644,2023-06-10,APAC,AI Platform,12469.41,4427.32,3451.07,6250.23,26598.03
CST000645,2023-06-11,India,AI Platform,13709.2,4607.45,3617.33,8449.62,30383.6
CST000646,2023-06-11,North America,AI Platform,21261.21,7416.38,5007.14,13990.38,47675.11
CST000647,2023-06-11,Europe,AI Platform,17176.67,5978.67,4671.82,9387.96,37215.12
CST000648,2023-06-11,APAC,AI Platform,13190.09,4004.13,3285.62,7374.97,27854.8
CST000649,2023-06-12,India,AI Platform,13950.36,4807.52,3646.69,8988.15,31392.72
CST000650,2023-06-12,North America,AI Platform,21351.68,7212.01,5141.32,14922.72,48627.73
CST000651,2023-06-12,Europe,AI Platform,17838.02,6407.27,4096.64,9999.69,38341.63
CST000652,2023-06-12,APAC,AI Platform,13136.17,4486.92,2770.59,7576.64,27970.32
CST000653,2023-06-13,India,AI Platform,14588.06,4670.17,3505.2,8330.07,31093.5
CST000654,2023-06-13,North America,AI Platform,24229.17,7242.47,4902.36,11375.33,47749.32
CST000655,2023-06-13,Europe,AI Platform,18241.86,6332.21,4699.8,8680.13,37954.0
CST000656,2023-06-13,APAC,AI Platform,11304.71,4418.78,3052.49,7137.7,25913.68
CST000657,2023-06-14,India,AI Platform,14339.87,5373.4,3136.71,8546.21,31396.19
CST000658,2023-06-14,North America,AI Platform,21348.83,6644.19,4529.2,16822.36,49344.58
CST000659,2023-06-14,Europe,AI Platform,16893.43,6005.19,3787.04,8920.24,35605.91
CST000660,2023-06-14,APAC,AI Platform,10768.9,4105.76,3017.55,9688.96,27581.17
CST000661,2023-06-15,India,AI Platform,13621.34,4520.98,3184.37,7981.18,29307.87
CST000662,2023-06-15,North America,AI Platform,23453.6,7636.54,5437.63,10636.07,47163.84
CST000663,2023-06-15,Europe,AI Platform,19201.17,5860.86,4228.31,9954.97,39245.31
CST000664,2023-06-15,APAC,AI Platform,12545.46,4302.31,3022.33,9573.52,29443.62
CST000665,2023-06-16,India,AI Platform,13279.56,4546.32,3231.09,8694.19,29751.16
CST000666,2023-06-16,North America,AI Platform,18167.09,7817.0,4176.28,11540.55,41700.92
CST000667,2023-06-16,Europe,AI Platform,18583.71,6480.22,4206.03,10418.53,39688.49
CST000668,2023-06-16,APAC,AI Platform,11203.36,4064.8,3031.84,6718.87,25018.86
CST000669,2023-06-17,India,AI Platform,15300.6,5192.98,3275.92,7303.35,31072.85
CST000670,2023-06-17,North America,AI Platform,23881.81,7524.56,4576.2,12744.79,48727.35
CST000671,2023-06-17,Europe,AI Platform,19610.56,5695.37,3847.8,11240.81,40394.53
CST000672,2023-06-17,APAC,AI Platform,13291.4,4115.26,2622.37,7557.44,27586.47
CST000673,2023-06-18,India,AI Platform,16344.44,5194.62,3263.23,7856.3,32658.58
CST000674,2023-06-18,North America,AI Platform,23080.53,7518.15,5387.74,12269.69,48256.11
CST000675,2023-06-18,Europe,AI Platform,15105.68,6912.1,3963.13,11433.98,37414.89
CST000676,2023-06-18,APAC,AI Platform,12895.52,4298.34,3325.98,7312.24,27832.08
CST000677,2023-06-19,India,AI Platform,13844.85,4782.08,3290.96,6527.92,28445.81
CST000678,2023-06-19,North America,AI Platform,20943.13,7003.08,4480.12,13673.77,46100.09
CST000679,2023-06-19,Europe,AI Platform,16552.35,5936.77,4353.61,10092.26,36934.99
CST000680,2023-06-19,APAC,AI Platform,12426.08,4477.42,2875.24,6986.4,26765.14
CST000681,2023-06-20,India,AI Platform,12449.25,4460.4,3388.85,9836.09,30134.59
CST000682,2023-06-20,North America,AI Platform,20832.52,7421.79,5106.99,13004.2,46365.5
CST000683,2023-06-20,Europe,AI Platform,18268.38,6555.29,4197.61,11127.78,40149.06
CST000684,2023-06-20,APAC,AI Platform,11231.01,4060.77,3150.16,8636.73,27078.67
CST000685,2023-06-21,India,AI Platform,15523.01,5053.42,3807.72,6931.85,31316.0
CST000686,2023-06-21,North America,AI Platform,19958.36,6916.23,4597.93,12568.62,44041.14
CST000687,2023-06-21,Europe,AI Platform,17797.72,6707.74,3828.81,9572.96,37907.23
CST000688,2023-06-21,APAC,AI Platform,13662.78,4293.71,3404.19,6886.14,28246.82
CST000689,2023-06-22,India,AI Platform,14349.27,5376.61,3341.0,7831.97,30898.84
CST000690,2023-06-22,North America,AI Platform,23342.93,7454.78,5381.56,13084.95,49264.21
CST000691,2023-06-22,Europe,AI Platform,16612.15,6492.64,4737.6,11411.89,39254.28
CST000692,2023-06-22,APAC,AI Platform,12993.96,4406.19,3026.86,7089.6,27516.62
CST000693,2023-06-23,India,AI Platform,13735.76,4922.15,3173.47,9225.1,31056.48
CST000694,2023-06-23,North America,AI Platform,19861.82,7187.08,5028.21,12455.52,44532.63
CST000695,2023-06-23,Europe,AI Platform,16968.23,6786.41,3981.4,11783.71,39519.76
CST000696,2023-06-23,APAC,AI Platform,11875.05,4326.75,3151.48,6648.98,26002.27
CST000697,2023-06-24,India,AI Platform,12953.44,4932.91,3308.41,10324.43,31519.19
CST000698,2023-06-24,North America,AI Platform,21599.72,7459.69,4399.27,13194.9,46653.58
CST000699,2023-06-24,Europe,AI Platform,20498.08,6282.86,4804.0,11465.04,43049.98
CST000700,2023-06-24,APAC,AI Platform,14088.64,4421.62,2987.41,7943.49,29441.16
CST000701,2023-06-25,India,AI Platform,13978.89,5029.15,3587.04,9212.46,31807.53
CST000702,2023-06-25,North America,AI Platform,21836.69,7638.92,4787.13,11618.06,45880.8
CST000703,2023-06-25,Europe,AI Platform,17724.39,5981.71,3666.23,10238.32,37610.64
CST000704,2023-06-25,APAC,AI Platform,12666.99,4498.67,2508.56,7942.39,27616.61
CST000705,2023-06-26,India,AI Platform,15197.25,4909.42,3453.23,8621.65,32181.56
CST000706,2023-06-26,North America,AI Platform,21453.29,7691.2,5905.92,12544.09,47594.5
CST000707,2023-06-26,Europe,AI Platform,18528.02,5745.41,4326.53,9606.37,38206.33
CST000708,2023-06-26,APAC,AI Platform,12970.11,4490.99,3552.48,6843.86,27857.44
CST000709,2023-06-27,India,AI Platform,14676.05,4968.66,3342.83,7913.82,30901.36
CST000710,2023-06-27,North America,AI Platform,20736.6,7219.12,4998.63,13267.91,46222.25
CST000711,2023-06-27,Europe,AI Platform,17793.6,5811.95,4192.63,11926.99,39725.17
CST000712,2023-06-27,APAC,AI Platform,13099.51,4461.35,2848.97,8336.48,28746.3
CST000713,2023-06-28,India,AI Platform,14604.92,4468.1,3039.82,8121.6,30234.43
CST000714,2023-06-28,North America,AI Platform,22223.54,7171.68,4978.9,14948.1,49322.23
CST000715,2023-06-28,Europe,AI Platform,16044.33,5940.59,4864.29,10594.08,37443.29
CST000716,2023-06-28,APAC,AI Platform,12449.5,4783.21,2800.36,7142.53,27175.61
CST000717,2023-06-29,India,AI Platform,13574.23,4916.05,3316.83,7893.95,29701.06
CST000718,2023-06-29,North America,AI Platform,20736.19,7703.51,5634.2,11806.39,45880.29
CST000719,2023-06-29,Europe,AI Platform,17808.17,6484.5,4042.65,10158.43,38493.75
CST000720,2023-06-29,APAC,AI Platform,12664.92,4350.57,2917.37,8385.89,28318.75
CST000721,2023-06-30,India,AI Platform,13462.67,5152.5,3458.24,7436.06,29509.47
CST000722,2023-06-30,North America,AI Platform,23845.82,6958.07,5718.56,12820.69,49343.14
CST000723,2023-06-30,Europe,AI Platform,19259.18,6317.69,5128.92,10376.35,41082.14
CST000724,2023-06-30,APAC,AI Platform,12639.0,4448.81,2966.52,6946.73,27001.06
CST000725,2023-07-01,India,AI Platform,12834.16,5268.61,3159.01,8839.46,30101.23
CST000726,2023-07-01,North America,AI Platform,21353.7,7142.86,4846.25,11601.49,44944.3
CST000727,2023-07-01,Europe,AI Platform,20066.4,6057.72,4643.23,10681.78,41449.14
CST000728,2023-07-01,APAC,AI Platform,13369.79,4442.31,3232.3,7747.49,28791.89
CST000729,2023-07-02,India,AI Platform,12423.54,5204.11,3335.52,7892.59,28855.76
CST000730,2023-07-02,North America,AI Platform,21448.56,7927.75,5194.33,12538.35,47108.99
CST000731,2023-07-02,Europe,AI Platform,19851.85,5932.9,3973.53,9986.43,39744.72
CST000732,2023-07-02,APAC,AI Platform,12760.98,4375.03,3382.51,7503.15,28021.67
CST000733,2023-07-03,India,AI Platform,14955.91,4690.35,3288.75,8244.71,31179.71
CST000734,2023-07-03,North America,AI Platform,21638.47,7470.79,5287.66,12895.47,47292.38
CST000735,2023-07-03,Europe,AI Platform,15030.64,6016.13,4134.78,10452.03,35633.58
CST000736,2023-07-03,APAC,AI Platform,12691.2,4564.09,2879.73,6001.97,26137.0
CST000737,2023-07-04,India,AI Platform,13860.13,4913.8,3725.31,8089.67,30588.91
CST000738,2023-07-04,North America,AI Platform,20750.79,7148.24,6041.52,15659.7,49600.25
CST000739,2023-07-04,Europe,AI Platform,16469.22,6190.63,4295.88,11516.7,38472.44
CST000740,2023-07-04,APAC,AI Platform,12172.94,4563.87,3047.19,6891.48,26675.49
CST000741,2023-07-05,India,AI Platform,14781.01,5220.53,3119.65,9629.41,32750.61
CST000742,2023-07-05,North America,AI Platform,23486.84,7732.32,5541.29,13904.54,50664.99
CST000743,2023-07-05,Europe,AI Platform,16689.36,6463.33,4174.31,10329.04,37656.04
CST000744,2023-07-05,APAC,AI Platform,14659.07,4347.66,3148.88,8816.37,30971.98
CST000745,2023-07-06,India,AI Platform,13799.27,5052.6,3396.61,9304.56,31553.04
CST000746,2023-07-06,North America,AI Platform,20275.87,7301.79,4668.45,12004.9,44251.01
CST000747,2023-07-06,Europe,AI Platform,18848.65,6321.66,4223.26,9846.2,39239.77
CST000748,2023-07-06,APAC,AI Platform,13317.73,4072.11,3178.27,8043.9,28612.02
CST000749,2023-07-07,India,AI Platform,13766.1,4679.83,2993.51,8287.1,29726.54
CST000750,2023-07-07,North America,AI Platform,21378.88,7582.37,4522.57,14476.78,47960.59
CST000751,2023-07-07,Europe,AI Platform,19351.82,6754.34,4755.19,12470.92,43332.28
CST000752,2023-07-07,APAC,AI Platform,12502.19,4457.42,3045.49,7636.18,27641.28
CST000753,2023-07-08,India,AI Platform,12096.47,4791.0,3233.52,6963.05,27084.05
CST000754,2023-07-08,North America,AI Platform,22856.87,7331.62,4716.39,14006.82,48911.7
CST000755,2023-07-08,Europe,AI Platform,18449.45,6529.21,4522.78,8636.56,38137.99
CST000756,2023-07-08,APAC,AI Platform,13348.53,4616.35,2867.67,7569.41,28401.96
CST000757,2023-07-09,India,AI Platform,15739.71,5151.62,3747.07,8211.04,32849.44
CST000758,2023-07-09,North America,AI Platform,20666.01,7752.08,4970.85,12606.46,45995.4
CST000759,2023-07-09,Europe,AI Platform,20351.97,5783.72,4236.53,9209.6,39581.83
CST000760,2023-07-09,APAC,AI Platform,13879.67,4525.94,2901.52,6727.19,28034.31
CST000761,2023-07-10,India,AI Platform,12669.34,5122.26,3593.02,10369.54,31754.15
CST000762,2023-07-10,North America,AI Platform,20989.76,7300.26,5617.66,13785.62,47693.3
CST000763,2023-07-10,Europe,AI Platform,18211.21,6294.62,4468.14,10693.88,39667.84
CST000764,2023-07-10,APAC,AI Platform,11693.1,4479.69,3134.75,7378.1,26685.64
CST000765,2023-07-11,India,AI Platform,12977.06,5095.0,3862.46,8407.71,30342.23
CST000766,2023-07-11,North America,AI Platform,22721.49,7270.12,4922.01,13214.84,48128.46
CST000767,2023-07-11,Europe,AI Platform,18709.03,6086.01,4257.69,9926.97,38979.7
CST000768,2023-07-11,APAC,AI Platform,13231.45,4566.29,3076.33,7791.33,28665.4
CST000769,2023-07-12,India,AI Platform,15845.24,5140.73,3143.92,9909.05,34038.93
CST000770,2023-07-12,North America,AI Platform,19617.01,7201.34,5816.94,13697.94,46333.24
CST000771,2023-07-12,Europe,AI Platform,15281.6,6226.33,3883.37,10977.57,36368.87
CST000772,2023-07-12,APAC,AI Platform,13011.91,4146.27,2823.53,8024.66,28006.37
CST000773,2023-07-13,India,AI Platform,14898.96,5022.68,3429.06,10308.28,33658.97
CST000774,2023-07-13,North America,AI Platform,22197.25,7775.02,5313.52,12970.82,48256.61
CST000775,2023-07-13,Europe,AI Platform,17717.94,6671.71,3790.48,11330.14,39510.28
CST000776,2023-07-13,APAC,AI Platform,15235.82,4610.05,3292.86,8505.74,31644.46
CST000777,2023-07-14,India,AI Platform,14450.59,5223.7,3290.26,6761.54,29726.1
CST000778,2023-07-14,North America,AI Platform,21363.27,7306.57,4940.66,13313.46,46923.96
CST000779,2023-07-14,Europe,AI Platform,18432.74,6300.99,4579.71,10435.62,39749.06
CST000780,2023-07-14,APAC,AI Platform,11958.19,4801.39,2739.54,6599.34,26098.46
CST000781,2023-07-15,India,AI Platform,15032.34,4624.48,3180.98,7540.21,30378.0
CST000782,2023-07-15,North America,AI Platform,22165.18,7353.96,4968.38,13556.44,48043.96
CST000783,2023-07-15,Europe,AI Platform,16611.1,6232.85,4179.44,11263.54,38286.93
CST000784,2023-07-15,APAC,AI Platform,14464.64,4284.01,2690.65,7914.65,29353.95
CST000785,2023-07-16,India,AI Platform,13751.08,4803.35,3528.02,7879.48,29961.94
CST000786,2023-07-16,North America,AI Platform,19790.1,7474.53,5055.02,14064.64,46384.29
CST000787,2023-07-16,Europe,AI Platform,18364.54,6585.25,3922.1,10285.47,39157.36
CST000788,2023-07-16,APAC,AI Platform,12091.79,4467.66,2831.83,8891.38,28282.67
CST000789,2023-07-17,India,AI Platform,14572.07,5622.84,3213.4,8544.35,31952.66
CST000790,2023-07-17,North America,AI Platform,20907.13,7687.89,5320.82,14499.08,48414.91
CST000791,2023-07-17,Europe,AI Platform,18526.57,6157.12,4622.05,11605.32,40911.07
CST000792,2023-07-17,APAC,AI Platform,13033.28,4288.96,3150.64,6641.05,27113.94
CST000793,2023-07-18,India,AI Platform,13869.97,4418.78,3948.8,8042.77,30280.33
CST000794,2023-07-18,North America,AI Platform,20387.67,6816.6,4784.76,10979.45,42968.48
CST000795,2023-07-18,Europe,AI Platform,20834.27,6337.17,4398.74,9399.56,40969.74
CST000796,2023-07-18,APAC,AI Platform,11439.34,4647.91,3161.62,8018.06,27266.92
CST000797,2023-07-19,India,AI Platform,14873.8,4820.51,3620.62,8515.07,31830.0
CST000798,2023-07-19,North America,AI Platform,23907.46,7776.26,5567.61,12418.92,49670.25
CST000799,2023-07-19,Europe,AI Platform,19638.07,5924.9,3871.95,12585.54,42020.47
CST000800,2023-07-19,APAC,AI Platform,13219.35,4360.65,3254.57,7872.49,28707.06
CST000801,2023-07-20,India,AI Platform,13131.23,5065.74,3524.51,8522.56,30244.03
CST000802,2023-07-20,North America,AI Platform,23585.33,7780.97,4909.62,12976.18,49252.1
CST000803,2023-07-20,Europe,AI Platform,20400.77,6174.17,4717.58,11179.63,42472.16
CST000804,2023-07-20,APAC,AI Platform,12012.85,4298.78,3049.47,7328.61,26689.7
CST000805,2023-07-21,India,AI Platform,14111.06,5185.63,3527.92,7545.43,30370.03
CST000806,2023-07-21,North America,AI Platform,25596.21,6615.64,6105.38,11872.16,50189.39
CST000807,2023-07-21,Europe,AI Platform,18645.31,6087.8,4815.0,9972.61,39520.71
CST000808,2023-07-21,APAC,AI Platform,14166.59,4726.42,2947.58,7295.67,29136.26
CST000809,2023-07-22,India,AI Platform,13366.17,4973.66,3107.52,8220.91,29668.26
CST000810,2023-07-22,North America,AI Platform,20061.77,7682.52,5490.38,12328.49,45563.16
CST000811,2023-07-22,Europe,AI Platform,17862.69,6489.65,4776.53,9336.0,38464.88
CST000812,2023-07-22,APAC,AI Platform,11157.35,4630.84,2996.69,8157.52,26942.39
CST000813,2023-07-23,India,AI Platform,14102.05,4999.65,2731.63,8444.11,30277.43
CST000814,2023-07-23,North America,AI Platform,20576.07,6927.33,5245.17,14623.3,47371.88
CST000815,2023-07-23,Europe,AI Platform,20420.46,5749.72,4103.77,12646.55,42920.5
CST000816,2023-07-23,APAC,AI Platform,12192.01,4561.28,2993.15,7523.64,27270.08
CST000817,2023-07-24,India,AI Platform,14243.81,4969.5,3813.66,8061.24,31088.21
CST000818,2023-07-24,North America,AI Platform,20064.34,7674.82,5115.62,12518.77,45373.54
CST000819,2023-07-24,Europe,AI Platform,18623.87,6509.44,4837.89,10411.05,40382.25
CST000820,2023-07-24,APAC,AI Platform,13412.5,4490.91,2999.59,6793.76,27696.76
CST000821,2023-07-25,India,AI Platform,13657.02,4477.97,3302.17,9135.29,30572.45
CST000822,2023-07-25,North America,AI Platform,22712.88,7317.1,5427.5,11485.4,46942.89
CST000823,2023-07-25,Europe,AI Platform,19545.37,6458.57,4177.81,12079.25,42261.01
CST000824,2023-07-25,APAC,AI Platform,12177.99,4377.76,2755.03,7875.39,27186.18
CST000825,2023-07-26,India,AI Platform,14940.08,5001.27,3832.29,7453.27,31226.92
CST000826,2023-07-26,North America,AI Platform,20173.92,7570.88,5587.2,15087.28,48419.28
CST000827,2023-07-26,Europe,AI Platform,14757.05,6108.43,4126.66,12667.09,37659.25
CST000828,2023-07-26,APAC,AI Platform,11741.18,4371.65,3404.42,7329.69,26846.94
CST000829,2023-07-27,India,AI Platform,14286.36,4954.31,3136.97,8876.29,31253.93
CST000830,2023-07-27,North America,AI Platform,21455.2,7669.14,5433.8,12658.59,47216.73
CST000831,2023-07-27,Europe,AI Platform,17985.92,6814.7,4222.15,12804.99,41827.77
CST000832,2023-07-27,APAC,AI Platform,13013.28,4387.91,3335.06,8838.76,29575.01
CST000833,2023-07-28,India,AI Platform,12451.05,5251.23,3414.01,8127.96,29244.24
CST000834,2023-07-28,North America,AI Platform,26250.77,7634.94,5504.01,12801.9,52191.62
CST000835,2023-07-28,Europe,AI Platform,18797.55,6682.4,4866.55,11415.82,41762.33
CST000836,2023-07-28,APAC,AI Platform,12741.9,4712.19,3907.53,8453.71,29815.32
CST000837,2023-07-29,India,AI Platform,12391.55,5036.42,3450.12,8786.61,29664.7
CST000838,2023-07-29,North America,AI Platform,20544.49,7597.24,5463.3,13239.69,46844.72
CST000839,2023-07-29,Europe,AI Platform,16350.43,6065.76,4376.39,11071.54,37864.12
CST000840,2023-07-29,APAC,AI Platform,12945.18,4791.09,3099.93,7238.18,28074.38
CST000841,2023-07-30,India,AI Platform,17169.7,5015.42,3830.82,8871.96,34887.91
CST000842,2023-07-30,North America,AI Platform,22966.49,7434.04,5521.19,12513.17,48434.89
CST000843,2023-07-30,Europe,AI Platform,19118.6,6362.88,4131.41,12252.76,41865.65
CST000844,2023-07-30,APAC,AI Platform,14343.01,4161.66,2964.62,6811.55,28280.84
CST000845,2023-07-31,India,AI Platform,14144.29,4803.06,3359.87,9420.63,31727.84
CST000846,2023-07-31,North America,AI Platform,23228.62,7615.01,5244.16,12834.86,48922.65
CST000847,2023-07-31,Europe,AI Platform,19508.62,7035.08,4148.22,12371.62,43063.54
CST000848,2023-07-31,APAC,AI Platform,13781.46,4367.44,3083.87,7987.24,29220.01
CST000849,2023-08-01,India,AI Platform,12645.17,4545.4,3114.0,8828.29,29132.86
CST000850,2023-08-01,North America,AI Platform,22119.32,7966.3,5301.94,15349.95,50737.51
CST000851,2023-08-01,Europe,AI Platform,17410.56,6670.34,4417.27,12771.33,41269.49
CST000852,2023-08-01,APAC,AI Platform,13218.28,4034.19,3264.65,6049.48,26566.6
CST000853,2023-08-02,India,AI Platform,15079.26,4673.07,3537.59,8050.15,31340.07
CST000854,2023-08-02,North America,AI Platform,21552.07,8046.99,5212.27,13386.22,48197.55
CST000855,2023-08-02,Europe,AI Platform,17369.87,6279.62,4151.95,11881.74,39683.17
CST000856,2023-08-02,APAC,AI Platform,14342.19,4107.13,3254.66,7527.67,29231.65
CST000857,2023-08-03,India,AI Platform,14859.26,4870.32,3336.59,10502.96,33569.12
CST000858,2023-08-03,North America,AI Platform,22578.77,7649.29,4887.53,14556.18,49671.78
CST000859,2023-08-03,Europe,AI Platform,19054.43,6855.32,5040.25,11779.11,42729.11
CST000860,2023-08-03,APAC,AI Platform,11164.38,4787.44,3195.86,6517.14,25664.82
CST000861,2023-08-04,India,AI Platform,14207.4,4940.97,3628.69,7976.29,30753.35
CST000862,2023-08-04,North America,AI Platform,23370.03,7813.89,5021.57,10512.74,46718.24
CST000863,2023-08-04,Europe,AI Platform,19685.93,6542.11,4080.47,9578.66,39887.17
CST000864,2023-08-04,APAC,AI Platform,13314.69,4546.77,3348.19,6927.94,28137.58
CST000865,2023-08-05,India,AI Platform,13703.18,5049.66,3334.49,9425.69,31513.02
CST000866,2023-08-05,North America,AI Platform,20636.18,7702.66,5423.38,12220.15,45982.37
CST000867,2023-08-05,Europe,AI Platform,18526.06,6284.64,4082.39,12097.91,40990.99
CST000868,2023-08-05,APAC,AI Platform,14119.56,4783.33,2685.93,7600.05,29188.87
CST000869,2023-08-06,India,AI Platform,15664.74,4904.27,3439.77,7939.2,31947.99
CST000870,2023-08-06,North America,AI Platform,23491.53,7162.4,5011.34,14093.18,49758.45
CST000871,2023-08-06,Europe,AI Platform,18211.88,6489.06,4895.44,11375.77,40972.14
CST000872,2023-08-06,APAC,AI Platform,13281.31,4780.94,3270.2,8362.39,29694.84
CST000873,2023-08-07,India,AI Platform,13672.95,4553.09,3335.64,6760.31,28321.99
CST000874,2023-08-07,North America,AI Platform,23055.1,7896.91,5785.8,14631.89,51369.69
CST000875,2023-08-07,Europe,AI Platform,18480.54,6727.6,3869.38,14223.42,43300.94
CST000876,2023-08-07,APAC,AI Platform,12260.71,4582.89,2759.47,7832.19,27435.26
CST000877,2023-08-08,India,AI Platform,15333.91,5098.72,3221.68,9691.96,33346.26
CST000878,2023-08-08,North America,AI Platform,20889.72,7093.52,5995.52,12798.91,46777.68
CST000879,2023-08-08,Europe,AI Platform,16196.03,6922.63,4049.66,11658.45,38826.78
CST000880,2023-08-08,APAC,AI Platform,11713.8,4191.43,3032.17,8822.57,27759.97
CST000881,2023-08-09,India,AI Platform,13615.61,4548.36,3202.23,9319.7,30685.89
CST000882,2023-08-09,North America,AI Platform,24810.59,7934.94,4469.82,12942.05,50157.39
CST000883,2023-08-09,Europe,AI Platform,15897.26,6216.92,4562.51,12512.41,39189.1
CST000884,2023-08-09,APAC,AI Platform,12210.75,4515.36,3303.6,7215.11,27244.82
CST000885,2023-08-10,India,AI Platform,13854.65,4988.15,2946.23,8759.83,30548.86
CST000886,2023-08-10,North America,AI Platform,19316.24,7814.83,5745.72,10713.43,43590.22
CST000887,2023-08-10,Europe,AI Platform,18308.25,6130.89,4368.32,10752.61,39560.08
CST000888,2023-08-10,APAC,AI Platform,12706.0,4210.31,3363.26,7017.49,27297.06
CST000889,2023-08-11,India,AI Platform,13619.51,5046.39,3862.58,8791.77,31320.24
CST000890,2023-08-11,North America,AI Platform,21259.03,7399.49,5545.95,13366.42,47570.88
CST000891,2023-08-11,Europe,AI Platform,17622.28,6062.8,4532.49,9649.42,37866.99
CST000892,2023-08-11,APAC,AI Platform,14610.44,4599.57,3168.09,6818.78,29196.87
CST000893,2023-08-12,India,AI Platform,14679.08,4996.99,3782.62,7213.07,30671.75
CST000894,2023-08-12,North America,AI Platform,22987.74,7203.42,5226.76,12623.05,48040.97
CST000895,2023-08-12,Europe,AI Platform,15838.51,6105.79,4652.86,11295.36,37892.52
CST000896,2023-08-12,APAC,AI Platform,11906.42,4504.61,2764.09,8935.3,28110.41
CST000897,2023-08-13,India,AI Platform,13623.1,5056.39,3184.17,8533.68,30397.34
CST000898,2023-08-13,North America,AI Platform,19611.05,7934.5,5170.43,12190.61,44906.59
CST000899,2023-08-13,Europe,AI Platform,18813.92,6676.87,4395.7,10988.39,40874.88
CST000900,2023-08-13,APAC,AI Platform,15253.04,4456.8,3584.43,7475.08,30769.36
CST000901,2023-08-14,India,AI Platform,13032.11,4551.48,3212.89,7940.93,28737.4
CST000902,2023-08-14,North America,AI Platform,21764.14,7439.99,5006.03,12970.5,47180.66
CST000903,2023-08-14,Europe,AI Platform,16901.65,6077.86,4963.1,10323.02,38265.62
CST000904,2023-08-14,APAC,AI Platform,12127.27,4827.7,2976.59,8680.87,28612.42
CST000905,2023-08-15,India,AI Platform,17050.23,4634.11,3423.99,7596.7,32705.03
CST000906,2023-08-15,North America,AI Platform,21758.33,7765.22,4813.39,12248.74,46585.67
CST000907,2023-08-15,Europe,AI Platform,20013.79,6675.71,4933.82,9224.73,40848.05
CST000908,2023-08-15,APAC,AI Platform,13963.03,4389.38,3512.73,8136.01,30001.14
CST000909,2023-08-16,India,AI Platform,15858.53,5055.94,3469.83,8434.46,32818.77
CST000910,2023-08-16,North America,AI Platform,22513.96,7212.29,5164.86,13437.21,48328.32
CST000911,2023-08-16,Europe,AI Platform,18861.62,6517.79,4621.14,12350.1,42350.66
CST000912,2023-08-16,APAC,AI Platform,13040.28,4660.88,3000.41,9297.87,29999.44
CST000913,2023-08-17,India,AI Platform,13744.55,5007.65,3702.39,7991.14,30445.73
CST000914,2023-08-17,North America,AI Platform,22889.69,7526.27,5004.13,11515.34,46935.43
CST000915,2023-08-17,Europe,AI Platform,18102.59,6599.24,4259.62,10607.69,39569.14
CST000916,2023-08-17,APAC,AI Platform,13719.28,4461.13,3504.47,7041.48,28726.36
CST000917,2023-08-18,India,AI Platform,14299.3,4909.99,3174.01,8789.81,31173.11
CST000918,2023-08-18,North America,AI Platform,20095.94,7611.2,5433.96,12679.95,45821.04
CST000919,2023-08-18,Europe,AI Platform,19538.2,6123.29,4176.65,10788.49,40626.63
CST000920,2023-08-18,APAC,AI Platform,13026.65,4148.58,3142.03,6254.9,26572.15
CST000921,2023-08-19,India,AI Platform,13381.69,5553.58,3547.87,8825.37,31308.51
CST000922,2023-08-19,North America,AI Platform,23930.33,7606.21,5324.2,12797.0,49657.74
CST000923,2023-08-19,Europe,AI Platform,21022.04,6650.82,4390.16,11493.23,43556.25
CST000924,2023-08-19,APAC,AI Platform,14420.67,4722.28,3168.95,8300.65,30612.56
CST000925,2023-08-20,India,AI Platform,15342.97,4956.89,3411.18,8180.5,31891.54
CST000926,2023-08-20,North America,AI Platform,22849.48,8006.64,4938.2,14272.51,50066.83
CST000927,2023-08-20,Europe,AI Platform,19696.65,6955.16,4195.95,12109.19,42956.95
CST000928,2023-08-20,APAC,AI Platform,13132.3,4232.74,3115.92,8027.13,28508.08
CST000929,2023-08-21,India,AI Platform,15782.63,5392.05,3736.52,8447.33,33358.54
CST000930,2023-08-21,North America,AI Platform,20986.61,7653.15,5498.57,12582.48,46720.8
CST000931,2023-08-21,Europe,AI Platform,17682.92,6402.96,4795.71,13641.58,42523.16
CST000932,2023-08-21,APAC,AI Platform,13039.47,4256.0,2835.08,8468.98,28599.53
CST000933,2023-08-22,India,AI Platform,15054.0,4633.87,3362.7,8232.4,31282.98
CST000934,2023-08-22,North America,AI Platform,21799.94,7664.69,5516.37,13021.98,48002.98
CST000935,2023-08-22,Europe,AI Platform,16637.04,6312.06,4446.71,13076.21,40472.03
CST000936,2023-08-22,APAC,AI Platform,12619.71,4540.76,3198.98,7579.81,27939.26
CST000937,2023-08-23,India,AI Platform,17338.85,4538.2,3397.56,8687.44,33962.05
CST000938,2023-08-23,North America,AI Platform,21995.71,7237.64,4665.64,14119.12,48018.12
CST000939,2023-08-23,Europe,AI Platform,18841.21,6108.99,4436.85,11218.99,40606.04
CST000940,2023-08-23,APAC,AI Platform,13808.81,4421.12,2824.81,7887.28,28942.02
CST000941,2023-08-24,India,AI Platform,13129.53,5063.35,3524.74,8608.53,30326.15
CST000942,2023-08-24,North America,AI Platform,22533.71,7718.36,4757.31,14483.76,49493.12
CST000943,2023-08-24,Europe,AI Platform,18925.45,6581.78,4620.4,10102.19,40229.82
CST000944,2023-08-24,APAC,AI Platform,12971.98,4819.08,3176.05,7906.06,28873.17
CST000945,2023-08-25,India,AI Platform,14154.03,5034.05,3526.74,8540.64,31255.46
CST000946,2023-08-25,North America,AI Platform,20219.21,7261.57,5574.82,12510.77,45566.37
CST000947,2023-08-25,Europe,AI Platform,15922.36,6453.75,4222.8,10779.8,37378.71
CST000948,2023-08-25,APAC,AI Platform,12901.58,4825.16,3447.41,7603.47,28777.62
CST000949,2023-08-26,India,AI Platform,13141.07,5344.65,3137.73,9021.35,30644.8
CST000950,2023-08-26,North America,AI Platform,22200.6,8756.16,5269.95,14673.4,50900.1
CST000951,2023-08-26,Europe,AI Platform,17236.77,6495.78,4212.47,11701.04,39646.06
CST000952,2023-08-26,APAC,AI Platform,12724.07,4591.66,3215.19,7695.81,28226.72
CST000953,2023-08-27,India,AI Platform,15516.86,4903.52,3361.79,9158.16,32940.33
CST000954,2023-08-27,North America,AI Platform,22896.42,7810.62,5552.36,11988.01,48247.4
CST000955,2023-08-27,Europe,AI Platform,18078.69,6123.37,4097.58,14156.43,42456.07
CST000956,2023-08-27,APAC,AI Platform,12924.83,4198.35,2960.43,7001.86,27085.47
CST000957,2023-08-28,India,AI Platform,13821.21,4650.66,3742.3,9462.08,31676.25
CST000958,2023-08-28,North America,AI Platform,23856.29,7834.25,5866.48,14389.28,51946.3
CST000959,2023-08-28,Europe,AI Platform,16749.48,6233.02,4415.67,11442.76,38840.93
CST000960,2023-08-28,APAC,AI Platform,13664.97,4057.88,3062.05,7696.43,28481.34
CST000961,2023-08-29,India,AI Platform,14293.25,5296.14,2991.25,9072.52,31653.16
CST000962,2023-08-29,North America,AI Platform,21514.84,8235.99,4637.2,16396.87,50784.9
CST000963,2023-08-29,Europe,AI Platform,18985.38,6941.57,4597.47,12536.63,43061.05
CST000964,2023-08-29,APAC,AI Platform,13597.04,4329.9,3495.93,8801.41,30224.28
CST000965,2023-08-30,India,AI Platform,14155.72,5489.17,3698.81,9178.03,32521.72
CST000966,2023-08-30,North America,AI Platform,22892.25,7610.48,6246.5,14657.63,51406.87
CST000967,2023-08-30,Europe,AI Platform,17505.73,5995.33,3819.12,10416.29,37736.47
CST000968,2023-08-30,APAC,AI Platform,12958.15,4578.38,3099.1,6702.29,27337.93
CST000969,2023-08-31,India,AI Platform,15516.2,4731.88,3020.18,8466.51,31734.78
CST000970,2023-08-31,North America,AI Platform,21510.82,7481.47,5582.63,15495.8,50070.71
CST000971,2023-08-31,Europe,AI Platform,17477.91,6642.16,3939.29,10289.72,38349.08
CST000972,2023-08-31,APAC,AI Platform,13531.2,4533.1,2521.23,8087.48,28673.01
CST000973,2023-09-01,India,AI Platform,14576.5,4725.17,3335.25,8966.25,31603.17
CST000974,2023-09-01,North America,AI Platform,21424.55,7463.07,5474.97,12849.58,47212.17
CST000975,2023-09-01,Europe,AI Platform,17244.8,6680.69,4303.14,10058.55,38287.19
CST000976,2023-09-01,APAC,AI Platform,14117.85,4662.28,3071.15,7764.13,29615.41
CST000977,2023-09-02,India,AI Platform,13806.51,5203.6,3551.48,7142.26,29703.85
CST000978,2023-09-02,North America,AI Platform,22204.33,7620.65,5562.84,12661.07,48048.89
CST000979,2023-09-02,Europe,AI Platform,18623.85,6104.0,4602.26,10989.46,40319.56
CST000980,2023-09-02,APAC,AI Platform,14914.58,4462.33,3547.63,6726.7,29651.24
CST000981,2023-09-03,India,AI Platform,14657.53,5028.83,3214.24,9204.49,32105.09
CST000982,2023-09-03,North America,AI Platform,24206.66,7871.38,4692.67,14237.08,51007.78
CST000983,2023-09-03,Europe,AI Platform,20547.41,6543.67,5001.49,9884.77,41977.34
CST000984,2023-09-03,APAC,AI Platform,12783.55,4503.54,2985.77,7657.17,27930.04
CST000985,2023-09-04,India,AI Platform,13035.37,5088.64,3355.2,9059.61,30538.82
CST000986,2023-09-04,North America,AI Platform,21897.45,8295.17,5224.11,14664.1,50080.83
CST000987,2023-09-04,Europe,AI Platform,20276.78,6571.5,4237.4,10202.82,41288.5
CST000988,2023-09-04,APAC,AI Platform,13480.65,4449.09,3351.43,8703.86,29985.03
CST000989,2023-09-05,India,AI Platform,13103.21,4911.0,3483.28,8591.62,30089.1
CST000990,2023-09-05,North America,AI Platform,21148.18,7397.97,4690.58,12031.23,45267.96
CST000991,2023-09-05,Europe,AI Platform,19429.07,6463.71,4729.99,12453.88,43076.66
CST000992,2023-09-05,APAC,AI Platform,13627.64,4469.93,3151.31,9575.9,30824.79
CST000993,2023-09-06,India,AI Platform,13024.86,5117.02,3838.78,8865.29,30845.96
CST000994,2023-09-06,North America,AI Platform,21162.49,7572.92,5303.49,12256.65,46295.55
CST000995,2023-09-06,Europe,AI Platform,18883.15,6408.68,4910.0,12415.38,42617.22
CST000996,2023-09-06,APAC,AI Platform,12864.97,4460.55,3255.4,8768.06,29348.98
CST000997,2023-09-07,India,AI Platform,15043.92,4945.19,3247.75,9110.42,32347.28
CST000998,2023-09-07,North America,AI Platform,21957.63,7599.49,5271.42,13567.87,48396.42
CST000999,2023-09-07,Europe,AI Platform,19551.22,6519.4,5295.62,12405.91,43772.15
CST001000,2023-09-07,APAC,AI Platform,13288.59,4462.12,3087.36,6896.33,27734.4
CST001001,2023-09-08,India,AI Platform,12615.72,5455.48,3554.99,7828.86,29455.04
CST001002,2023-09-08,North America,AI Platform,22743.53,7243.26,5783.59,13790.21,49560.59
CST001003,2023-09-08,Europe,AI Platform,18892.51,7089.46,4341.07,9817.1,40140.14
CST001004,2023-09-08,APAC,AI Platform,12973.83,4577.55,3122.71,7458.84,28132.92
CST001005,2023-09-09,India,AI Platform,15702.92,5290.48,3757.72,9125.39,33876.51
CST001006,2023-09-09,North America,AI Platform,24709.99,7345.53,5704.31,13763.78,51523.61
CST001007,2023-09-09,Europe,AI Platform,18816.53,6528.58,3968.26,10967.8,40281.18
CST001008,2023-09-09,APAC,AI Platform,12561.17,4433.93,2874.52,6573.84,26443.46
CST001009,2023-09-10,India,AI Platform,14311.42,5326.65,3455.77,9440.55,32534.39
CST001010,2023-09-10,North America,AI Platform,20673.97,7748.31,5389.85,13861.02,47673.14
CST001011,2023-09-10,Europe,AI Platform,18512.68,6367.38,3774.78,11331.45,39986.3
CST001012,2023-09-10,APAC,AI Platform,12302.27,5125.07,3374.23,9796.05,30597.63
CST001013,2023-09-11,India,AI Platform,14150.52,5084.53,3583.21,7798.25,30616.52
CST001014,2023-09-11,North America,AI Platform,22722.99,7543.45,5661.03,14464.73,50392.2
CST001015,2023-09-11,Europe,AI Platform,16647.74,6870.49,5395.47,10510.4,39424.1
CST001016,2023-09-11,APAC,AI Platform,14272.36,4407.7,3928.52,8005.54,30614.11
CST001017,2023-09-12,India,AI Platform,12400.85,5463.68,3709.51,9882.12,31456.15
CST001018,2023-09-12,North America,AI Platform,19923.23,8030.96,5448.77,11089.08,44492.04
CST001019,2023-09-12,Europe,AI Platform,17911.21,5939.2,4532.28,11066.28,39448.98
CST001020,2023-09-12,APAC,AI Platform,13267.71,4635.42,3207.74,8016.06,29126.93
CST001021,2023-09-13,India,AI Platform,14127.02,4748.61,4097.03,7659.82,30632.48
CST001022,2023-09-13,North America,AI Platform,23059.76,7252.51,5712.09,12232.96,48257.32
CST001023,2023-09-13,Europe,AI Platform,19360.01,6930.09,3846.57,10295.97,40432.63
CST001024,2023-09-13,APAC,AI Platform,14879.16,4517.88,3576.68,7497.91,30471.63
CST001025,2023-09-14,India,AI Platform,14566.79,4874.51,3555.56,10157.21,33154.07
CST001026,2023-09-14,North America,AI Platform,23304.69,8511.09,5940.99,16086.19,53842.95
CST001027,2023-09-14,Europe,AI Platform,18454.64,6675.36,4800.24,11873.1,41803.34
CST001028,2023-09-14,APAC,AI Platform,12744.28,4653.12,2860.01,7755.41,28012.82
CST001029,2023-09-15,India,AI Platform,15572.59,5051.16,3087.28,8857.02,32568.05
CST001030,2023-09-15,North America,AI Platform,20840.5,7364.36,5217.7,14096.91,47519.46
CST001031,2023-09-15,Europe,AI Platform,17591.54,5930.87,3990.15,9365.77,36878.33
CST001032,2023-09-15,APAC,AI Platform,13328.86,4416.62,3320.26,6997.43,28063.17
CST001033,2023-09-16,India,AI Platform,15225.7,4478.29,3258.51,8489.89,31452.39
CST001034,2023-09-16,North America,AI Platform,21641.01,8016.83,5293.27,14283.38,49234.49
CST001035,2023-09-16,Europe,AI Platform,19381.72,5979.93,4271.1,12663.37,42296.13
CST001036,2023-09-16,APAC,AI Platform,13348.6,4673.9,3344.57,8048.39,29415.46
CST001037,2023-09-17,India,AI Platform,14288.45,5130.79,3822.0,9046.81,32288.05
CST001038,2023-09-17,North America,AI Platform,22880.28,7573.03,4966.71,14212.37,49632.39
CST001039,2023-09-17,Europe,AI Platform,18314.41,5956.91,4364.65,10904.36,39540.33
CST001040,2023-09-17,APAC,AI Platform,14675.45,4524.98,3301.1,10095.24,32596.76
CST001041,2023-09-18,India,AI Platform,13669.58,4904.9,3782.95,8630.8,30988.23
CST001042,2023-09-18,North America,AI Platform,21005.2,7696.04,4768.15,13516.94,46986.33
CST001043,2023-09-18,Europe,AI Platform,16818.88,6548.19,4956.04,9280.41,37603.51
CST001044,2023-09-18,APAC,AI Platform,13118.85,4284.61,2949.67,8642.16,28995.29
CST001045,2023-09-19,India,AI Platform,16022.86,5441.41,3110.13,10122.52,34696.93
CST001046,2023-09-19,North America,AI Platform,23241.76,7349.96,5498.02,13996.22,50085.95
CST001047,2023-09-19,Europe,AI Platform,19551.7,7194.0,4582.96,9884.8,41213.46
CST001048,2023-09-19,APAC,AI Platform,14245.81,4526.89,3294.58,9447.6,31514.89
CST001049,2023-09-20,India,AI Platform,14220.12,4985.9,3351.75,9621.53,32179.3
CST001050,2023-09-20,North America,AI Platform,20981.01,7140.7,5211.19,12668.58,46001.49
CST001051,2023-09-20,Europe,AI Platform,18729.26,6650.58,4291.39,11066.38,40737.61
CST001052,2023-09-20,APAC,AI Platform,13414.84,4574.88,3251.64,7947.9,29189.26
CST001053,2023-09-21,India,AI Platform,16379.8,5200.13,3111.47,7292.6,31984.0
CST001054,2023-09-21,North America,AI Platform,19329.41,7537.61,5521.78,12125.18,44513.98
CST001055,2023-09-21,Europe,AI Platform,18633.62,6038.46,3888.8,11792.94,40353.82
CST001056,2023-09-21,APAC,AI Platform,12883.9,4219.37,2834.33,8461.11,28398.72
CST001057,2023-09-22,India,AI Platform,15293.76,4807.52,3150.73,7963.06,31215.07
CST001058,2023-09-22,North America,AI Platform,23540.83,8047.19,4515.93,13045.06,49149.01
CST001059,2023-09-22,Europe,AI Platform,16394.67,6386.6,4174.31,11155.34,38110.92
CST001060,2023-09-22,APAC,AI Platform,13398.13,4495.06,3256.35,7661.69,28811.23
CST001061,2023-09-23,India,AI Platform,12686.48,4848.8,3255.98,8039.24,28830.5
CST001062,2023-09-23,North America,AI Platform,24460.47,7565.57,5012.31,12224.43,49262.8
CST001063,2023-09-23,Europe,AI Platform,19165.4,6889.26,4257.09,11121.45,41433.2
CST001064,2023-09-23,APAC,AI Platform,12616.4,4312.31,2618.52,7211.84,26759.08
CST001065,2023-09-24,India,AI Platform,13789.34,5418.22,3783.64,8494.38,31485.58
CST001066,2023-09-24,North America,AI Platform,23122.54,7784.16,4865.55,11552.17,47324.42
CST001067,2023-09-24,Europe,AI Platform,21831.09,6654.07,4954.58,12363.58,45803.33
CST001068,2023-09-24,APAC,AI Platform,14697.69,4625.64,3021.18,8317.24,30661.75
CST001069,2023-09-25,India,AI Platform,15685.81,4990.85,3602.28,7556.45,31835.39
CST001070,2023-09-25,North America,AI Platform,20926.32,7501.25,4649.92,15451.03,48528.53
CST001071,2023-09-25,Europe,AI Platform,19195.66,6884.9,4370.62,10336.77,40787.95
CST001072,2023-09-25,APAC,AI Platform,12194.53,4646.11,2841.39,7745.55,27427.58
CST001073,2023-09-26,India,AI Platform,15355.37,5479.53,3430.87,9549.75,33815.52
CST001074,2023-09-26,North America,AI Platform,22269.44,7910.14,5499.44,11814.12,47493.14
CST001075,2023-09-26,Europe,AI Platform,16857.03,6637.67,4363.51,11425.37,39283.58
CST001076,2023-09-26,APAC,AI Platform,14032.35,4933.09,2863.63,8452.26,30281.33
CST001077,2023-09-27,India,AI Platform,14042.48,4936.02,3850.26,8835.74,31664.5
CST001078,2023-09-27,North America,AI Platform,21511.21,8059.77,5087.41,15848.23,50506.62
CST001079,2023-09-27,Europe,AI Platform,19055.33,6513.73,4838.21,12045.49,42452.76
CST001080,2023-09-27,APAC,AI Platform,14024.66,4512.67,2899.51,7637.48,29074.32
CST001081,2023-09-28,India,AI Platform,15683.63,5050.02,3753.16,8934.9,33421.71
CST001082,2023-09-28,North America,AI Platform,21811.65,8106.4,5545.84,13846.13,49310.03
CST001083,2023-09-28,Europe,AI Platform,17705.96,6401.9,4516.26,11132.97,39757.09
CST001084,2023-09-28,APAC,AI Platform,12453.44,4650.04,3132.96,7250.53,27486.98
CST001085,2023-09-29,India,AI Platform,15504.24,5089.83,2920.34,6910.56,30424.97
CST001086,2023-09-29,North America,AI Platform,21291.01,7802.16,5428.02,11495.04,46016.22
CST001087,2023-09-29,Europe,AI Platform,19672.5,6432.03,4286.15,11319.16,41709.85
CST001088,2023-09-29,APAC,AI Platform,13128.73,4801.37,3170.08,8590.25,29690.43
CST001089,2023-09-30,India,AI Platform,15021.51,5133.53,3268.66,9196.47,32620.16
CST001090,2023-09-30,North America,AI Platform,20334.01,7767.46,6449.5,12049.29,46600.26
CST001091,2023-09-30,Europe,AI Platform,21241.36,7121.74,4611.69,11675.11,44649.9
CST001092,2023-09-30,APAC,AI Platform,12705.96,4877.87,3128.88,9392.73,30105.44
CST001093,2023-10-01,India,AI Platform,17361.31,5106.33,3242.43,8622.66,34332.72
CST001094,2023-10-01,North America,AI Platform,23140.45,7285.27,4904.13,11743.73,47073.59
CST001095,2023-10-01,Europe,AI Platform,19145.28,6003.35,4704.85,11569.86,41423.33
CST001096,2023-10-01,APAC,AI Platform,11882.61,4408.81,3121.39,7623.26,27036.08
CST001097,2023-10-02,India,AI Platform,17127.71,5488.8,3283.84,8352.98,34253.32
CST001098,2023-10-02,North America,AI Platform,21290.22,7688.39,4962.07,12042.7,45983.38
CST001099,2023-10-02,Europe,AI Platform,18822.27,6594.6,4866.76,9818.57,40102.2
CST001100,2023-10-02,APAC,AI Platform,11992.5,4346.88,3026.66,8613.55,27979.58
CST001101,2023-10-03,India,AI Platform,14841.92,5324.75,4015.27,7665.67,31847.61
CST001102,2023-10-03,North America,AI Platform,22214.12,8123.61,4918.64,15881.2,51137.58
CST001103,2023-10-03,Europe,AI Platform,19261.12,7227.88,4454.63,11411.57,42355.2
CST001104,2023-10-03,APAC,AI Platform,13632.79,4929.36,2995.09,7909.48,29466.73
CST001105,2023-10-04,India,AI Platform,12579.07,5168.39,2951.42,8753.85,29452.73
CST001106,2023-10-04,North America,AI Platform,23859.43,7746.12,5298.4,13825.5,50729.46
CST001107,2023-10-04,Europe,AI Platform,17563.43,6073.89,4553.72,11693.77,39884.81
CST001108,2023-10-04,APAC,AI Platform,13456.58,4518.07,3145.34,8248.48,29368.47
CST001109,2023-10-05,India,AI Platform,15594.2,5349.44,3902.19,7892.31,32738.13
CST001110,2023-10-05,North America,AI Platform,21652.21,7637.4,5153.7,13590.6,48033.9
CST001111,2023-10-05,Europe,AI Platform,16118.42,6091.41,4103.69,12329.06,38642.59
CST001112,2023-10-05,APAC,AI Platform,12556.2,4483.14,3224.9,7352.21,27616.46
CST001113,2023-10-06,India,AI Platform,15627.06,4575.05,4037.33,9034.1,33273.54
CST001114,2023-10-06,North America,AI Platform,20615.0,7831.55,5537.47,13959.7,47943.73
CST001115,2023-10-06,Europe,AI Platform,18017.09,6473.54,4637.42,9837.81,38965.86
CST001116,2023-10-06,APAC,AI Platform,13056.55,4656.49,3714.6,8122.74,29550.39
CST001117,2023-10-07,India,AI Platform,14798.97,5308.62,3874.13,8374.27,32355.99
CST001118,2023-10-07,North America,AI Platform,22527.04,8865.02,5046.36,13243.75,49682.17
CST001119,2023-10-07,Europe,AI Platform,19515.43,6268.12,4298.86,12223.72,42306.13
CST001120,2023-10-07,APAC,AI Platform,12138.01,5012.82,3142.1,6480.27,26773.19
CST001121,2023-10-08,India,AI Platform,15467.72,5176.05,4078.03,7838.2,32560.0
CST001122,2023-10-08,North America,AI Platform,25184.48,7495.7,5243.38,12082.58,50006.14
CST001123,2023-10-08,Europe,AI Platform,17944.48,6638.56,3814.54,11838.32,40235.89
CST001124,2023-10-08,APAC,AI Platform,13542.39,4865.36,2989.43,7046.61,28443.78
CST001125,2023-10-09,India,AI Platform,13559.67,5111.36,4064.72,9407.22,32142.96
CST001126,2023-10-09,North America,AI Platform,23019.51,7771.34,5230.36,14850.91,50872.11
CST001127,2023-10-09,Europe,AI Platform,22140.64,6413.68,4568.77,10341.42,43464.51
CST001128,2023-10-09,APAC,AI Platform,14562.41,4950.84,3166.78,7855.17,30535.21
CST001129,2023-10-10,India,AI Platform,14761.5,5443.75,3407.42,8864.01,32476.68
CST001130,2023-10-10,North America,AI Platform,22645.19,6603.47,5076.92,13805.8,48131.38
CST001131,2023-10-10,Europe,AI Platform,20904.17,6755.28,4672.3,9829.29,42161.04
CST001132,2023-10-10,APAC,AI Platform,13067.5,5016.8,3212.03,7171.98,28468.31
CST001133,2023-10-11,India,AI Platform,17927.77,5145.07,3707.85,8938.02,35718.72
CST001134,2023-10-11,North America,AI Platform,24862.46,7350.19,5311.93,14031.58,51556.17
CST001135,2023-10-11,Europe,AI Platform,19445.2,6761.4,4535.3,11198.34,41940.24
CST001136,2023-10-11,APAC,AI Platform,13178.92,4429.92,3137.45,7459.27,28205.57
CST001137,2023-10-12,India,AI Platform,14558.5,5327.32,3497.21,8998.05,32381.08
CST001138,2023-10-12,North America,AI Platform,22416.33,7423.57,5048.34,14722.33,49610.58
CST001139,2023-10-12,Europe,AI Platform,17918.81,6578.51,4779.13,12190.41,41466.87
CST001140,2023-10-12,APAC,AI Platform,13253.6,5032.62,3166.77,7693.9,29146.88
CST001141,2023-10-13,India,AI Platform,15977.15,5211.39,3712.65,8429.87,33331.06
CST001142,2023-10-13,North America,AI Platform,21583.9,7705.38,5140.89,11440.34,45870.5
CST001143,2023-10-13,Europe,AI Platform,18670.53,6300.86,5428.2,12102.44,42502.04
CST001144,2023-10-13,APAC,AI Platform,13741.2,4171.79,3341.09,7279.54,28533.62
CST001145,2023-10-14,India,AI Platform,16951.56,5020.1,3929.98,7990.15,33891.8
CST001146,2023-10-14,North America,AI Platform,25121.53,7445.67,5237.31,13596.93,51401.44
CST001147,2023-10-14,Europe,AI Platform,20901.18,6646.56,4444.75,14825.02,46817.51
CST001148,2023-10-14,APAC,AI Platform,12083.3,5110.54,2993.77,8397.03,28584.65
CST001149,2023-10-15,India,AI Platform,15287.15,5249.52,3448.74,10464.48,34449.89
CST001150,2023-10-15,North America,AI Platform,22155.09,7468.5,4905.06,13535.8,48064.46
CST001151,2023-10-15,Europe,AI Platform,18674.82,6766.82,4336.6,14678.23,44456.47
CST001152,2023-10-15,APAC,AI Platform,12799.88,4478.52,3419.21,8070.43,28768.04
CST001153,2023-10-16,India,AI Platform,14843.43,5386.91,3286.48,10880.02,34396.84
CST001154,2023-10-16,North America,AI Platform,20801.92,7629.99,5497.48,14476.47,48405.87
CST001155,2023-10-16,Europe,AI Platform,17475.32,5912.4,4983.37,10375.41,38746.51
CST001156,2023-10-16,APAC,AI Platform,13242.39,4383.6,3187.16,7402.75,28215.89
CST001157,2023-10-17,India,AI Platform,13999.93,5341.52,3529.13,8847.15,31717.73
CST001158,2023-10-17,North America,AI Platform,21773.3,8018.66,5760.03,12113.98,47665.97
CST001159,2023-10-17,Europe,AI Platform,18145.86,7091.58,4589.74,11645.01,41472.19
CST001160,2023-10-17,APAC,AI Platform,15076.37,4777.86,3124.28,7833.26,30811.78
CST001161,2023-10-18,India,AI Platform,13740.35,4989.86,3509.92,8029.91,30270.03
CST001162,2023-10-18,North America,AI Platform,22845.35,8302.31,4627.16,15742.08,51516.91
CST001163,2023-10-18,Europe,AI Platform,20580.31,6177.8,4324.23,11042.31,42124.64
CST001164,2023-10-18,APAC,AI Platform,12380.97,4816.36,3219.28,8405.54,28822.14
CST001165,2023-10-19,India,AI Platform,13828.61,5363.79,3051.25,7868.97,30112.61
CST001166,2023-10-19,North America,AI Platform,21284.84,8209.56,6030.89,12673.88,48199.17
CST001167,2023-10-19,Europe,AI Platform,18964.42,6330.38,3681.35,12226.42,41202.57
CST001168,2023-10-19,APAC,AI Platform,13633.44,4746.41,3771.07,6936.74,29087.66
CST001169,2023-10-20,India,AI Platform,14069.93,4829.16,3791.46,8688.42,31378.96
CST001170,2023-10-20,North America,AI Platform,20863.68,7424.81,5901.08,12665.6,46855.17
CST001171,2023-10-20,Europe,AI Platform,18891.22,6585.63,5005.94,10410.73,40893.52
CST001172,2023-10-20,APAC,AI Platform,13388.58,4104.5,2847.3,8855.41,29195.79
CST001173,2023-10-21,India,AI Platform,16794.77,5467.67,3387.88,8542.64,34192.96
CST001174,2023-10-21,North America,AI Platform,22058.57,7562.19,5519.87,14269.55,49410.18
CST001175,2023-10-21,Europe,AI Platform,19216.0,6249.49,4854.97,9641.62,39962.08
CST001176,2023-10-21,APAC,AI Platform,13747.37,4553.42,3083.62,9494.27,30878.68
CST001177,2023-10-22,India,AI Platform,15319.96,5668.34,4077.3,8568.77,33634.37
CST001178,2023-10-22,North America,AI Platform,23574.09,7310.19,5634.01,14628.21,51146.51
CST001179,2023-10-22,Europe,AI Platform,19778.8,6809.69,4355.64,11360.95,42305.07
CST001180,2023-10-22,APAC,AI Platform,16041.1,5088.97,3498.01,8518.91,33146.99
CST001181,2023-10-23,India,AI Platform,16073.1,4936.12,3674.74,8372.44,33056.4
CST001182,2023-10-23,North America,AI Platform,21536.19,7915.6,5797.49,14355.01,49604.3
CST001183,2023-10-23,Europe,AI Platform,17213.33,6058.55,4475.78,10294.58,38042.24
CST001184,2023-10-23,APAC,AI Platform,14384.71,4564.07,2903.47,7351.72,29203.97
CST001185,2023-10-24,India,AI Platform,14866.6,5149.75,3703.52,9576.16,33296.03
CST001186,2023-10-24,North America,AI Platform,24123.35,8210.39,4856.44,15174.31,52364.49
CST001187,2023-10-24,Europe,AI Platform,19421.44,7059.59,4784.39,10816.87,42082.29
CST001188,2023-10-24,APAC,AI Platform,13777.73,4147.72,3070.45,7884.43,28880.32
CST001189,2023-10-25,India,AI Platform,14309.1,5052.6,3573.08,8346.58,31281.36
CST001190,2023-10-25,North America,AI Platform,19406.28,7832.79,5556.86,11660.63,44456.56
CST001191,2023-10-25,Europe,AI Platform,17347.61,5810.88,3998.73,9914.49,37071.72
CST001192,2023-10-25,APAC,AI Platform,13489.82,4510.49,3335.46,9596.32,30932.08
CST001193,2023-10-26,India,AI Platform,13876.56,5267.82,3681.66,8406.23,31232.27
CST001194,2023-10-26,North America,AI Platform,24353.24,8496.84,5874.46,10080.71,48805.24
CST001195,2023-10-26,Europe,AI Platform,18165.26,6685.59,4558.29,10260.84,39669.98
CST001196,2023-10-26,APAC,AI Platform,12814.2,4959.46,3373.57,8105.65,29252.87
CST001197,2023-10-27,India,AI Platform,14557.53,4740.68,3455.74,9381.36,32135.3
CST001198,2023-10-27,North America,AI Platform,24941.94,7771.89,6877.5,13472.38,53063.72
CST001199,2023-10-27,Europe,AI Platform,17576.73,7401.94,4737.87,11345.18,41061.71
CST001200,2023-10-27,APAC,AI Platform,13668.42,4807.42,2935.07,6916.82,28327.73
CST001201,2023-10-28,India,AI Platform,16582.01,5150.01,3620.17,10047.6,35399.78
CST001202,2023-10-28,North America,AI Platform,23844.04,7531.63,5663.23,12451.08,49489.99
CST001203,2023-10-28,Europe,AI Platform,17963.66,6408.76,4525.37,10616.43,39514.22
CST001204,2023-10-28,APAC,AI Platform,14067.21,4347.3,3257.29,8554.7,30226.51
CST001205,2023-10-29,India,AI Platform,16023.24,4670.7,3728.72,9730.8,34153.46
CST001206,2023-10-29,North America,AI Platform,22932.64,7651.27,5896.94,14322.41,50803.26
CST001207,2023-10-29,Europe,AI Platform,21790.65,6875.37,4739.25,11181.33,44586.59
CST001208,2023-10-29,APAC,AI Platform,14625.14,4698.95,3385.19,8107.95,30817.23
CST001209,2023-10-30,India,AI Platform,14501.56,5554.45,4044.37,8263.37,32363.75
CST001210,2023-10-30,North America,AI Platform,25468.0,8146.13,5188.66,10952.35,49755.14
CST001211,2023-10-30,Europe,AI Platform,17923.11,6741.33,4743.13,10716.89,40124.45
CST001212,2023-10-30,APAC,AI Platform,12985.74,4374.81,3388.29,8339.63,29088.47
CST001213,2023-10-31,India,AI Platform,15722.32,5791.83,3297.96,9792.63,34604.75
CST001214,2023-10-31,North America,AI Platform,22522.21,7376.14,5246.87,11646.6,46791.82
CST001215,2023-10-31,Europe,AI Platform,18186.33,6634.31,4718.96,9664.64,39204.25
CST001216,2023-10-31,APAC,AI Platform,15066.66,4600.11,2983.37,9172.72,31822.86
CST001217,2023-11-01,India,AI Platform,15794.79,4987.15,3418.87,8635.47,32836.28
CST001218,2023-11-01,North America,AI Platform,24062.55,7973.16,6840.18,13704.39,52580.28
CST001219,2023-11-01,Europe,AI Platform,21662.42,6352.09,4322.71,11611.84,43949.05
CST001220,2023-11-01,APAC,AI Platform,15709.41,4515.35,3425.67,8073.83,31724.26
CST001221,2023-11-02,India,AI Platform,15764.47,4977.95,3438.52,8370.31,32551.25
CST001222,2023-11-02,North America,AI Platform,25948.31,7621.6,4786.49,13860.3,52216.7
CST001223,2023-11-02,Europe,AI Platform,17312.27,6634.17,5310.66,9679.9,38936.99
CST001224,2023-11-02,APAC,AI Platform,12750.69,4411.85,3333.65,7830.75,28326.94
CST001225,2023-11-03,India,AI Platform,14038.65,5076.73,3647.64,7401.12,30164.14
CST001226,2023-11-03,North America,AI Platform,21585.04,7660.06,6476.61,13505.55,49227.26
CST001227,2023-11-03,Europe,AI Platform,19861.27,6336.84,4652.23,9995.31,40845.65
CST001228,2023-11-03,APAC,AI Platform,13330.18,4952.4,3502.76,8179.21,29964.55
CST001229,2023-11-04,India,AI Platform,14288.75,5127.18,3503.04,8945.12,31864.09
CST001230,2023-11-04,North America,AI Platform,21570.81,8051.52,5227.28,17198.61,52048.23
CST001231,2023-11-04,Europe,AI Platform,20382.07,7057.29,4755.95,11247.21,43442.52
CST001232,2023-11-04,APAC,AI Platform,13887.18,4720.91,3363.06,7705.79,29676.94
CST001233,2023-11-05,India,AI Platform,15762.92,5270.07,3978.26,8886.67,33897.92
CST001234,2023-11-05,North America,AI Platform,21025.61,8116.41,5880.67,10503.45,45526.14
CST001235,2023-11-05,Europe,AI Platform,18051.47,6731.89,4502.45,11863.91,41149.72
CST001236,2023-11-05,APAC,AI Platform,12768.61,4654.97,3514.43,7135.36,28073.37
CST001237,2023-11-06,India,AI Platform,15577.59,5441.43,3431.7,10356.6,34807.32
CST001238,2023-11-06,North America,AI Platform,23721.01,7580.36,5607.77,11323.58,48232.72
CST001239,2023-11-06,Europe,AI Platform,17440.38,6673.78,4803.98,12868.08,41786.23
CST001240,2023-11-06,APAC,AI Platform,12624.54,5053.45,2910.67,7604.93,28193.59
CST001241,2023-11-07,India,AI Platform,15805.04,5395.15,3761.19,8695.36,33656.74
CST001242,2023-11-07,North America,AI Platform,22222.92,8169.5,5682.58,12885.78,48960.78
CST001243,2023-11-07,Europe,AI Platform,18973.02,6439.73,4228.41,12200.27,41841.43
CST001244,2023-11-07,APAC,AI Platform,12327.85,4861.63,2860.62,8663.98,28714.09
CST001245,2023-11-08,India,AI Platform,14303.94,4941.69,3764.96,9083.77,32094.35
CST001246,2023-11-08,North America,AI Platform,22096.51,7695.99,5620.91,11593.36,47006.78
CST001247,2023-11-08,Europe,AI Platform,21180.77,6740.93,4768.16,12923.12,45612.99
CST001248,2023-11-08,APAC,AI Platform,15944.26,4863.35,2973.3,7528.11,31309.02
CST001249,2023-11-09,India,AI Platform,13075.34,4914.24,3730.28,9020.05,30739.92
CST001250,2023-11-09,North America,AI Platform,23615.42,7979.46,5374.07,14644.77,51613.72
CST001251,2023-11-09,Europe,AI Platform,17722.08,7001.53,4928.64,11288.24,40940.49
CST001252,2023-11-09,APAC,AI Platform,13277.21,4850.62,3270.9,7820.29,29219.02
CST001253,2023-11-10,India,AI Platform,15320.33,5404.8,3371.71,9281.21,33378.05
CST001254,2023-11-10,North America,AI Platform,22023.62,7907.1,5099.63,13236.65,48266.99
CST001255,2023-11-10,Europe,AI Platform,19664.65,6992.9,4580.36,12672.25,43910.16
CST001256,2023-11-10,APAC,AI Platform,13340.28,4716.53,3290.51,7869.33,29216.66
CST001257,2023-11-11,India,AI Platform,14795.05,5384.51,3328.0,9695.62,33203.18
CST001258,2023-11-11,North America,AI Platform,21657.39,7952.7,5937.86,12664.02,48211.97
CST001259,2023-11-11,Europe,AI Platform,19314.48,6769.6,4744.37,12309.69,43138.15
CST001260,2023-11-11,APAC,AI Platform,12568.1,4829.95,3462.58,9002.5,29863.13
CST001261,2023-11-12,India,AI Platform,13133.04,5442.67,3367.26,9965.24,31908.22
CST001262,2023-11-12,North America,AI Platform,21567.58,8994.21,5362.43,13319.05,49243.27
CST001263,2023-11-12,Europe,AI Platform,18674.63,6566.98,4276.83,12241.66,41760.1
CST001264,2023-11-12,APAC,AI Platform,13526.26,4618.72,3365.61,7668.88,29179.47
CST001265,2023-11-13,India,AI Platform,14699.17,4906.13,3515.77,10476.39,33597.45
CST001266,2023-11-13,North America,AI Platform,24034.79,8057.22,5708.72,14113.02,51913.75
CST001267,2023-11-13,Europe,AI Platform,18683.1,7036.01,4209.11,11803.59,41731.8
CST001268,2023-11-13,APAC,AI Platform,15283.01,4597.59,3323.43,7791.75,30995.78
CST001269,2023-11-14,India,AI Platform,15866.66,5083.83,3423.44,8667.48,33041.41
CST001270,2023-11-14,North America,AI Platform,21297.84,7697.65,5096.36,14051.68,48143.53
CST001271,2023-11-14,Europe,AI Platform,18736.63,6497.64,4812.19,10278.87,40325.34
CST001272,2023-11-14,APAC,AI Platform,13965.78,4866.86,3062.65,8516.19,30411.48
CST001273,2023-11-15,India,AI Platform,15829.74,5319.6,3457.71,7546.6,32153.65
CST001274,2023-11-15,North America,AI Platform,22011.48,8577.61,5326.79,14337.55,50253.43
CST001275,2023-11-15,Europe,AI Platform,18864.63,6396.09,4483.54,12073.38,41817.65
CST001276,2023-11-15,APAC,AI Platform,12873.27,4707.53,3266.37,8474.15,29321.32
CST001277,2023-11-16,India,AI Platform,14506.41,5051.79,3710.59,8853.37,32122.15
CST001278,2023-11-16,North America,AI Platform,24341.08,8235.07,5477.81,16039.83,54093.79
CST001279,2023-11-16,Europe,AI Platform,17392.5,6514.47,4917.93,9264.93,38089.83
CST001280,2023-11-16,APAC,AI Platform,13726.68,4527.33,3800.5,7702.24,29756.75
CST001281,2023-11-17,India,AI Platform,15129.06,5136.23,3535.82,9961.16,33762.26
CST001282,2023-11-17,North America,AI Platform,23343.96,7678.67,5685.49,14201.16,50909.29
CST001283,2023-11-17,Europe,AI Platform,19551.1,6825.15,5034.51,10052.09,41462.85
CST001284,2023-11-17,APAC,AI Platform,12935.88,4447.8,3259.34,8118.44,28761.46
CST001285,2023-11-18,India,AI Platform,15246.33,5579.9,3875.92,9608.45,34310.59
CST001286,2023-11-18,North America,AI Platform,24444.62,8043.29,6057.48,13438.66,51984.04
CST001287,2023-11-18,Europe,AI Platform,19397.17,6657.9,4291.14,10899.59,41245.8
CST001288,2023-11-18,APAC,AI Platform,12340.02,4903.64,3299.34,8067.64,28610.64
CST001289,2023-11-19,India,AI Platform,14592.92,5122.48,3709.41,9741.03,33165.84
CST001290,2023-11-19,North America,AI Platform,24338.56,7515.48,5765.59,11995.95,49615.58
CST001291,2023-11-19,Europe,AI Platform,17059.34,7006.28,4680.13,10916.12,39661.86
CST001292,2023-11-19,APAC,AI Platform,13544.48,5016.51,3660.34,7860.2,30081.53
CST001293,2023-11-20,India,AI Platform,16167.65,5390.9,3662.03,9462.41,34682.98
CST001294,2023-11-20,North America,AI Platform,24361.65,7705.12,5930.17,14319.85,52316.8
CST001295,2023-11-20,Europe,AI Platform,19516.76,6360.05,4668.99,12382.72,42928.52
CST001296,2023-11-20,APAC,AI Platform,12891.98,5084.83,3379.49,8335.92,29692.21
CST001297,2023-11-21,India,AI Platform,13419.33,5338.38,3444.57,10091.23,32293.53
CST001298,2023-11-21,North America,AI Platform,22914.45,7928.01,6438.65,13684.21,50965.32
CST001299,2023-11-21,Europe,AI Platform,19719.9,6640.56,4694.51,11031.15,42086.11
CST001300,2023-11-21,APAC,AI Platform,13607.98,4574.68,3305.38,7694.62,29182.66
CST001301,2023-11-22,India,AI Platform,17854.21,5225.23,3156.57,7737.13,33973.14
CST001302,2023-11-22,North America,AI Platform,22047.87,7254.84,5830.08,12246.02,47378.81
CST001303,2023-11-22,Europe,AI Platform,21897.59,6870.88,4485.32,9925.12,43178.91
CST001304,2023-11-22,APAC,AI Platform,13945.55,4693.0,3298.84,8929.07,30866.46
CST001305,2023-11-23,India,AI Platform,14193.57,4893.9,3652.7,8346.7,31086.87
CST001306,2023-11-23,North America,AI Platform,21603.34,7526.23,4739.9,14088.69,47958.16
CST001307,2023-11-23,Europe,AI Platform,19567.79,6674.76,4229.14,11632.61,42104.3
CST001308,2023-11-23,APAC,AI Platform,12283.79,4632.36,3156.95,7970.55,28043.65
CST001309,2023-11-24,India,AI Platform,14403.92,5211.69,3573.88,8819.85,32009.34
CST001310,2023-11-24,North America,AI Platform,22744.5,8131.49,5031.28,15094.14,51001.42
CST001311,2023-11-24,Europe,AI Platform,17062.82,7535.68,4119.99,10748.07,39466.57
CST001312,2023-11-24,APAC,AI Platform,14015.16,4470.31,3026.31,7568.16,29079.94
CST001313,2023-11-25,India,AI Platform,14945.15,5153.89,3368.84,9090.64,32558.52
CST001314,2023-11-25,North America,AI Platform,22927.14,8128.58,5482.46,12482.17,49020.35
CST001315,2023-11-25,Europe,AI Platform,22311.71,7207.16,3793.46,10143.04,43455.38
CST001316,2023-11-25,APAC,AI Platform,13589.3,4885.31,3038.5,6717.05,28230.17
CST001317,2023-11-26,India,AI Platform,14616.54,5150.09,3945.45,9020.76,32732.84
CST001318,2023-11-26,North America,AI Platform,23139.12,7590.8,4529.12,14934.85,50193.89
CST001319,2023-11-26,Europe,AI Platform,19325.61,6314.14,4781.82,11087.09,41508.67
CST001320,2023-11-26,APAC,AI Platform,13176.08,4830.44,2941.56,8451.49,29399.57
CST001321,2023-11-27,India,AI Platform,13122.56,5334.76,3408.53,7303.27,29169.13
CST001322,2023-11-27,North America,AI Platform,21966.96,7489.89,5016.2,13214.81,47687.86
CST001323,2023-11-27,Europe,AI Platform,18404.53,6576.17,4911.25,14031.33,43923.27
CST001324,2023-11-27,APAC,AI Platform,14696.7,4705.11,2975.51,8846.65,31223.97
CST001325,2023-11-28,India,AI Platform,12686.91,5250.94,3847.55,8803.39,30588.79
CST001326,2023-11-28,North America,AI Platform,24898.11,8382.91,5599.9,14827.96,53708.88
CST001327,2023-11-28,Europe,AI Platform,18738.38,6730.48,4492.42,12651.04,42612.33
CST001328,2023-11-28,APAC,AI Platform,13012.64,4655.42,3375.27,8770.94,29814.27
CST001329,2023-11-29,India,AI Platform,15199.03,4914.37,3370.08,10132.28,33615.76
CST001330,2023-11-29,North America,AI Platform,22910.69,8037.55,5828.63,14864.35,51641.23
CST001331,2023-11-29,Europe,AI Platform,17395.03,6742.72,4274.87,12233.92,40646.53
CST001332,2023-11-29,APAC,AI Platform,15611.09,4902.26,3339.08,7898.52,31750.95
CST001333,2023-11-30,India,AI Platform,14557.19,5148.46,3341.96,9043.49,32091.1
CST001334,2023-11-30,North America,AI Platform,23242.54,8420.33,6345.3,13367.48,51375.65
CST001335,2023-11-30,Europe,AI Platform,20662.41,7122.16,4635.53,9600.53,42020.63
CST001336,2023-11-30,APAC,AI Platform,13650.31,4877.56,3295.09,8104.69,29927.65
CST001337,2023-12-01,India,AI Platform,14229.87,4816.1,3289.83,9581.72,31917.52
CST001338,2023-12-01,North America,AI Platform,20313.65,8637.54,5726.71,13175.78,47853.68
CST001339,2023-12-01,Europe,AI Platform,19146.44,6580.29,4890.58,12316.3,42933.61
CST001340,2023-12-01,APAC,AI Platform,14532.05,4620.33,3017.39,7895.86,30065.62
CST001341,2023-12-02,India,AI Platform,15920.2,5473.12,3374.16,10152.65,34920.13
CST001342,2023-12-02,North America,AI Platform,20392.02,8266.41,5637.35,14783.53,49079.3
CST001343,2023-12-02,Europe,AI Platform,19043.25,7297.05,5040.72,14097.06,45478.08
CST001344,2023-12-02,APAC,AI Platform,12291.13,4824.83,3346.52,6954.45,27416.93
CST001345,2023-12-03,India,AI Platform,15919.22,5511.36,3910.33,9796.52,35137.43
CST001346,2023-12-03,North America,AI Platform,21969.49,7734.62,5340.56,14905.95,49950.62
CST001347,2023-12-03,Europe,AI Platform,20825.37,6802.33,4932.75,10876.08,43436.52
CST001348,2023-12-03,APAC,AI Platform,13979.2,4510.1,2859.1,6872.81,28221.21
CST001349,2023-12-04,India,AI Platform,14789.9,4782.99,3360.51,9358.87,32292.27
CST001350,2023-12-04,North America,AI Platform,26118.74,8088.01,5307.82,10895.44,50410.01
CST001351,2023-12-04,Europe,AI Platform,22859.4,6722.88,4459.76,10742.38,44784.42
CST001352,2023-12-04,APAC,AI Platform,12397.57,4617.03,3348.59,8599.4,28962.6
CST001353,2023-12-05,India,AI Platform,15206.13,5439.12,3622.09,8405.76,32673.09
CST001354,2023-12-05,North America,AI Platform,24685.54,7541.33,5477.22,14800.1,52504.19
CST001355,2023-12-05,Europe,AI Platform,18503.62,6867.18,4784.05,11060.45,41215.3
CST001356,2023-12-05,APAC,AI Platform,14248.42,4401.73,3268.51,7732.19,29650.85
CST001357,2023-12-06,India,AI Platform,16102.19,5308.45,3479.71,8200.93,33091.28
CST001358,2023-12-06,North America,AI Platform,24194.08,8398.8,6603.84,12902.98,52099.7
CST001359,2023-12-06,Europe,AI Platform,20651.24,7117.76,5068.38,10669.68,43507.05
CST001360,2023-12-06,APAC,AI Platform,12357.75,4475.41,3428.33,6776.36,27037.85
CST001361,2023-12-07,India,AI Platform,16744.8,5082.56,3387.29,9865.1,35079.74
CST001362,2023-12-07,North America,AI Platform,24404.69,8154.03,5762.33,14649.0,52970.05
CST001363,2023-12-07,Europe,AI Platform,20288.36,6427.36,4266.63,13365.29,44347.64
CST001364,2023-12-07,APAC,AI Platform,14143.91,4854.85,3476.02,7493.49,29968.26
CST001365,2023-12-08,India,AI Platform,14964.4,5362.26,3514.89,10022.7,33864.25
CST001366,2023-12-08,North America,AI Platform,22929.57,8169.55,5912.94,16252.76,53264.82
CST001367,2023-12-08,Europe,AI Platform,22034.87,6239.42,4911.64,12223.57,45409.5
CST001368,2023-12-08,APAC,AI Platform,12701.62,4603.6,3589.29,6851.27,27745.77
CST001369,2023-12-09,India,AI Platform,14026.41,5736.83,3188.86,9954.67,32906.77
CST001370,2023-12-09,North America,AI Platform,26607.86,7772.64,5590.8,16233.32,56204.62
CST001371,2023-12-09,Europe,AI Platform,19658.14,6733.17,4848.32,13586.92,44826.56
CST001372,2023-12-09,APAC,AI Platform,12594.58,4696.35,3029.82,7835.51,28156.26
CST001373,2023-12-10,India,AI Platform,15200.52,5064.89,3939.84,7998.01,32203.24
CST001374,2023-12-10,North America,AI Platform,19394.05,8036.95,5086.54,14033.49,46551.03
CST001375,2023-12-10,Europe,AI Platform,21874.25,6625.04,5234.59,11707.45,45441.33
CST001376,2023-12-10,APAC,AI Platform,13802.31,4538.17,3239.36,8427.91,30007.74
CST001377,2023-12-11,India,AI Platform,14338.18,5526.48,3671.6,11206.97,34743.23
CST001378,2023-12-11,North America,AI Platform,22252.1,7287.23,5847.94,18002.26,53389.53
CST001379,2023-12-11,Europe,AI Platform,20183.4,6672.66,4628.74,10942.68,42427.49
CST001380,2023-12-11,APAC,AI Platform,12331.51,4579.87,3240.46,9523.19,29675.02
CST001381,2023-12-12,India,AI Platform,15115.49,5760.6,4112.61,9286.48,34275.17
CST001382,2023-12-12,North America,AI Platform,24936.59,8152.83,5787.83,13476.36,52353.61
CST001383,2023-12-12,Europe,AI Platform,20841.33,6682.37,5654.68,12446.36,45624.75
CST001384,2023-12-12,APAC,AI Platform,13304.82,4480.68,3115.25,9054.67,29955.42
CST001385,2023-12-13,India,AI Platform,14243.05,4915.65,3568.66,9166.51,31893.86
CST001386,2023-12-13,North America,AI Platform,24356.67,8522.48,5845.43,11857.13,50581.72
CST001387,2023-12-13,Europe,AI Platform,19463.99,6015.84,5152.63,10001.05,40633.51
CST001388,2023-12-13,APAC,AI Platform,12425.91,4654.26,3360.73,7721.99,28162.88
CST001389,2023-12-14,India,AI Platform,13622.31,5511.69,3751.09,9516.54,32401.63
CST001390,2023-12-14,North America,AI Platform,23709.95,7587.47,5091.56,15018.55,51407.54
CST001391,2023-12-14,Europe,AI Platform,20014.0,6742.65,4479.48,11286.64,42522.78
CST001392,2023-12-14,APAC,AI Platform,14349.51,4521.15,3709.14,9827.28,32407.08
CST001393,2023-12-15,India,AI Platform,14994.63,5308.23,4047.87,10523.75,34874.49
CST001394,2023-12-15,North America,AI Platform,20582.56,8669.49,5779.07,15164.75,50195.86
CST001395,2023-12-15,Europe,AI Platform,20164.56,6541.68,4817.64,13155.49,44679.37
CST001396,2023-12-15,APAC,AI Platform,13748.73,4675.11,3159.63,8371.57,29955.05
CST001397,2023-12-16,India,AI Platform,14148.96,5060.88,3923.16,9825.17,32958.16
CST001398,2023-12-16,North America,AI Platform,24235.18,7758.85,5766.31,15749.63,53509.98
CST001399,2023-12-16,Europe,AI Platform,19977.5,7027.64,5122.02,11149.1,43276.25
CST001400,2023-12-16,APAC,AI Platform,13132.66,4637.16,3080.76,9273.59,30124.16
CST001401,2023-12-17,India,AI Platform,15324.21,5759.71,3479.45,9599.68,34163.04
CST001402,2023-12-17,North America,AI Platform,23886.11,7926.99,4907.24,14085.69,50806.03
CST001403,2023-12-17,Europe,AI Platform,18034.06,6113.01,4027.47,11632.23,39806.77
CST001404,2023-12-17,APAC,AI Platform,13794.97,5041.41,3600.52,8066.98,30503.88
CST001405,2023-12-18,India,AI Platform,14578.43,5087.06,3170.46,9544.96,32380.9
CST001406,2023-12-18,North America,AI Platform,24290.57,8207.53,5729.48,13197.87,51425.44
CST001407,2023-12-18,Europe,AI Platform,20422.56,6935.79,4261.83,11432.91,43053.09
CST001408,2023-12-18,APAC,AI Platform,13320.91,4790.08,3204.08,9351.06,30666.13
CST001409,2023-12-19,India,AI Platform,15882.6,5370.95,3478.18,9176.75,33908.48
CST001410,2023-12-19,North America,AI Platform,22448.7,8228.82,6159.13,13055.76,49892.41
CST001411,2023-12-19,Europe,AI Platform,18006.58,6963.51,5176.69,14381.74,44528.52
CST001412,2023-12-19,APAC,AI Platform,11608.54,4459.07,3046.19,6125.5,25239.3
CST001413,2023-12-20,India,AI Platform,15561.26,5582.3,3708.44,8802.1,33654.1
CST001414,2023-12-20,North America,AI Platform,22616.39,8236.55,5498.6,12979.77,49331.31
CST001415,2023-12-20,Europe,AI Platform,17911.29,7272.18,4404.54,10354.53,39942.53
CST001416,2023-12-20,APAC,AI Platform,14208.26,5043.73,3092.09,8107.4,30451.48
CST001417,2023-12-21,India,AI Platform,14673.65,5441.49,3531.62,8977.21,32623.97
CST001418,2023-12-21,North America,AI Platform,25735.29,7753.13,5547.23,13158.98,52194.63
CST001419,2023-12-21,Europe,AI Platform,19606.25,7038.86,4323.57,12094.75,43063.43
CST001420,2023-12-21,APAC,AI Platform,14288.35,4787.77,3318.15,7927.41,30321.69
CST001421,2023-12-22,India,AI Platform,14736.35,4923.83,3849.27,8926.46,32435.92
CST001422,2023-12-22,North America,AI Platform,24638.1,8238.86,6751.71,16124.71,55753.38
CST001423,2023-12-22,Europe,AI Platform,21635.97,7088.9,5168.93,12573.5,46467.3
CST001424,2023-12-22,APAC,AI Platform,13555.51,4975.21,3344.85,7519.11,29394.68
CST001425,2023-12-23,India,AI Platform,15034.24,5558.7,3994.39,8407.54,32994.87
CST001426,2023-12-23,North America,AI Platform,21961.37,7969.55,5538.71,11695.8,47165.42
CST001427,2023-12-23,Europe,AI Platform,18547.44,6250.77,4606.83,10226.75,39631.79
CST001428,2023-12-23,APAC,AI Platform,14779.1,4969.05,2891.8,9078.62,31718.57
CST001429,2023-12-24,India,AI Platform,14958.16,5375.32,3298.1,8098.02,31729.6
CST001430,2023-12-24,North America,AI Platform,21953.16,8809.25,5662.79,12483.24,48908.44
CST001431,2023-12-24,Europe,AI Platform,19645.31,6872.74,4358.73,9948.01,40824.78
CST001432,2023-12-24,APAC,AI Platform,13588.57,4937.21,2829.62,8424.27,29779.67
CST001433,2023-12-25,India,AI Platform,15493.77,5130.63,3314.2,8900.68,32839.28
CST001434,2023-12-25,North America,AI Platform,22679.15,7692.24,5751.47,14554.22,50677.07
CST001435,2023-12-25,Europe,AI Platform,21319.86,6910.03,4310.23,12688.76,45228.88
CST001436,2023-12-25,APAC,AI Platform,15151.89,4827.45,3314.89,9378.3,32672.53
CST001437,2023-12-26,India,AI Platform,14407.64,4813.84,3352.57,12164.79,34738.85
CST001438,2023-12-26,North America,AI Platform,24577.52,8207.48,6063.77,11153.89,50002.67
CST001439,2023-12-26,Europe,AI Platform,20080.7,6884.11,4688.79,12319.88,43973.48
CST001440,2023-12-26,APAC,AI Platform,12207.35,4607.72,3056.6,7728.52,27600.19
CST001441,2023-12-27,India,AI Platform,16950.12,5695.95,3358.23,9196.51,35200.81
CST001442,2023-12-27,North America,AI Platform,19503.19,7963.54,6378.67,15722.65,49568.05
CST001443,2023-12-27,Europe,AI Platform,20894.58,6302.55,5071.6,11420.77,43689.51
CST001444,2023-12-27,APAC,AI Platform,13138.84,4763.33,3388.19,9205.81,30496.17
CST001445,2023-12-28,India,AI Platform,15353.0,5232.33,3490.57,7600.21,31676.11
CST001446,2023-12-28,North America,AI Platform,24297.84,7207.05,6024.97,13345.92,50875.78
CST001447,2023-12-28,Europe,AI Platform,17460.36,6503.35,4461.13,10232.96,38657.8
CST001448,2023-12-28,APAC,AI Platform,14164.8,4945.95,3406.76,8564.23,31081.74
CST001449,2023-12-29,India,AI Platform,14142.29,5151.36,3768.89,10444.96,33507.5
CST001450,2023-12-29,North America,AI Platform,22332.63,6990.48,5966.17,15767.01,51056.29
CST001451,2023-12-29,Europe,AI Platform,16675.43,6857.15,4904.92,10630.38,39067.87
CST001452,2023-12-29,APAC,AI Platform,12895.55,4710.26,3375.86,7728.05,28709.73
CST001453,2023-12-30,India,AI Platform,15316.78,5221.66,3652.82,8611.8,32803.07
CST001454,2023-12-30,North America,AI Platform,23253.25,7831.06,5919.85,15383.87,52388.03
CST001455,2023-12-30,Europe,AI Platform,18325.64,7369.07,4827.91,12430.37,42953.0
CST001456,2023-12-30,APAC,AI Platform,14048.37,5027.35,3302.03,7676.6,30054.35
CST001457,2023-12-31,India,AI Platform,16566.92,5531.01,3489.72,8523.38,34111.03
CST001458,2023-12-31,North America,AI Platform,23623.21,8559.02,6705.22,13660.62,52548.07
CST001459,2023-12-31,Europe,AI Platform,18660.81,6846.44,4881.96,11412.61,41801.81
CST001460,2023-12-31,APAC,AI Platform,14430.98,5255.04,2914.78,8959.27,31560.07
CST001461,2024-01-01,India,AI Platform,15153.95,5001.78,3320.79,9129.72,32606.24
CST001462,2024-01-01,North America,AI Platform,22522.35,8372.34,6590.11,14714.8,52199.59
CST001463,2024-01-01,Europe,AI Platform,22124.52,6528.88,4376.98,11056.57,44086.96
CST001464,2024-01-01,APAC,AI Platform,13941.21,4525.18,3403.92,8231.76,30102.08
CST001465,2024-01-02,India,AI Platform,14808.43,5357.39,3705.26,9880.6,33751.68
CST001466,2024-01-02,North America,AI Platform,19507.7,7503.34,5983.51,13924.04,46918.59
CST001467,2024-01-02,Europe,AI Platform,19576.34,6752.0,4527.05,9619.26,40474.65
CST001468,2024-01-02,APAC,AI Platform,13515.39,4820.18,3184.04,8089.17,29608.78
CST001469,2024-01-03,India,AI Platform,14568.67,5913.03,3626.84,8715.66,32824.21
CST001470,2024-01-03,North America,AI Platform,22959.97,8571.42,6301.91,11946.2,49779.49
CST001471,2024-01-03,Europe,AI Platform,20560.84,7205.8,4878.51,11316.23,43961.39
CST001472,2024-01-03,APAC,AI Platform,13729.07,4847.46,3161.51,8015.8,29753.83
CST001473,2024-01-04,India,AI Platform,16590.23,5952.11,3770.34,9820.18,36132.87
CST001474,2024-01-04,North America,AI Platform,24955.8,7578.91,6125.28,14654.24,53314.22
CST001475,2024-01-04,Europe,AI Platform,18070.52,6977.41,4177.98,11905.76,41131.67
CST001476,2024-01-04,APAC,AI Platform,14972.09,4970.86,3127.22,8658.1,31728.27
CST001477,2024-01-05,India,AI Platform,16175.34,5049.45,3865.57,9661.02,34751.39
CST001478,2024-01-05,North America,AI Platform,20568.25,7897.42,5477.11,12820.63,46763.41
CST001479,2024-01-05,Europe,AI Platform,18697.58,6714.66,4827.34,13193.37,43432.94
CST001480,2024-01-05,APAC,AI Platform,15034.99,5241.77,3196.21,11389.57,34862.54
CST001481,2024-01-06,India,AI Platform,16737.76,5310.19,3380.57,9738.45,35166.96
CST001482,2024-01-06,North America,AI Platform,22016.63,8305.09,6494.8,14282.09,51098.6
CST001483,2024-01-06,Europe,AI Platform,20030.39,6859.79,4859.77,13276.95,45026.91
CST001484,2024-01-06,APAC,AI Platform,13510.6,4507.0,3571.51,7287.3,28876.41
CST001485,2024-01-07,India,AI Platform,15653.79,5243.83,3281.77,9354.18,33533.57
CST001486,2024-01-07,North America,AI Platform,23959.12,8304.93,5479.44,13500.34,51243.83
CST001487,2024-01-07,Europe,AI Platform,21299.74,6847.22,4861.01,10256.0,43263.96
CST001488,2024-01-07,APAC,AI Platform,14352.66,4585.3,3208.28,8398.48,30544.72
CST001489,2024-01-08,India,AI Platform,17452.2,5181.46,3462.56,12330.45,38426.68
CST001490,2024-01-08,North America,AI Platform,24420.83,8113.55,5736.07,13963.74,52234.19
CST001491,2024-01-08,Europe,AI Platform,20646.58,7545.19,4696.05,10365.65,43253.48
CST001492,2024-01-08,APAC,AI Platform,14964.47,4780.0,3202.31,5677.69,28624.46
CST001493,2024-01-09,India,AI Platform,16141.69,5238.68,3751.96,10203.75,35336.08
CST001494,2024-01-09,North America,AI Platform,24864.97,8130.28,5615.65,13514.73,52125.64
CST001495,2024-01-09,Europe,AI Platform,21742.49,6853.81,4506.78,12651.0,45754.08
CST001496,2024-01-09,APAC,AI Platform,12879.12,4667.66,3479.48,8917.44,29943.71
CST001497,2024-01-10,India,AI Platform,16592.92,5310.29,3560.45,9225.64,34689.3
CST001498,2024-01-10,North America,AI Platform,25933.0,8394.98,6336.74,13274.28,53939.0
CST001499,2024-01-10,Europe,AI Platform,19328.79,7346.92,4511.88,12027.21,43214.81
CST001500,2024-01-10,APAC,AI Platform,12968.08,4716.4,3812.35,7378.54,28875.37
CST001501,2024-01-11,India,AI Platform,15847.56,5122.8,4224.57,10439.66,35634.59
CST001502,2024-01-11,North America,AI Platform,24223.01,8550.03,4747.97,14532.08,52053.09
CST001503,2024-01-11,Europe,AI Platform,19237.96,6465.02,4307.17,11217.61,41227.76
CST001504,2024-01-11,APAC,AI Platform,15436.08,4557.17,3398.08,6922.86,30314.18
CST001505,2024-01-12,India,AI Platform,18125.03,5601.32,3460.76,8799.69,35986.79
CST001506,2024-01-12,North America,AI Platform,27062.34,8812.15,5090.53,16346.05,57311.07
CST001507,2024-01-12,Europe,AI Platform,20002.44,7043.1,4944.37,10092.08,42081.99
CST001508,2024-01-12,APAC,AI Platform,14084.68,4789.14,3237.65,8749.14,30860.61
CST001509,2024-01-13,India,AI Platform,16369.52,5328.47,3376.89,9201.04,34275.92
CST001510,2024-01-13,North America,AI Platform,26498.3,7726.03,4825.56,17555.97,56605.86
CST001511,2024-01-13,Europe,AI Platform,20735.88,6563.22,4515.09,10452.41,42266.6
CST001512,2024-01-13,APAC,AI Platform,16213.9,5250.35,3183.29,7928.98,32576.51
CST001513,2024-01-14,India,AI Platform,16736.7,5479.37,3500.77,9208.98,34925.81
CST001514,2024-01-14,North America,AI Platform,23476.29,7387.49,5392.62,13398.53,49654.93
CST001515,2024-01-14,Europe,AI Platform,19496.43,6465.95,5247.34,12859.96,44069.69
CST001516,2024-01-14,APAC,AI Platform,13352.97,5198.71,3398.08,8734.05,30683.81
CST001517,2024-01-15,India,AI Platform,16293.66,5482.03,3864.65,9370.63,35010.97
CST001518,2024-01-15,North America,AI Platform,22918.03,7856.98,5220.54,11949.83,47945.39
CST001519,2024-01-15,Europe,AI Platform,21686.32,7033.81,5161.2,13399.98,47281.31
CST001520,2024-01-15,APAC,AI Platform,14775.76,4493.27,3054.12,8648.31,30971.46
CST001521,2024-01-16,India,AI Platform,15970.35,5316.54,3592.48,9954.93,34834.3
CST001522,2024-01-16,North America,AI Platform,25832.03,7780.2,5637.69,14234.95,53484.87
CST001523,2024-01-16,Europe,AI Platform,19556.59,6838.04,5183.38,12158.16,43736.17
CST001524,2024-01-16,APAC,AI Platform,13554.51,5009.28,3330.87,8775.9,30670.56
CST001525,2024-01-17,India,AI Platform,15340.52,5043.32,3626.01,8766.79,32776.64
CST001526,2024-01-17,North America,AI Platform,24164.01,8087.35,4857.02,14235.38,51343.76
CST001527,2024-01-17,Europe,AI Platform,21671.27,6608.3,4944.81,12312.12,45536.51
CST001528,2024-01-17,APAC,AI Platform,14563.79,5188.76,3717.4,9208.56,32678.51
CST001529,2024-01-18,India,AI Platform,14923.38,5569.65,3356.58,9068.5,32918.12
CST001530,2024-01-18,North America,AI Platform,21267.23,7619.31,5959.08,12922.56,47768.18
CST001531,2024-01-18,Europe,AI Platform,18571.83,7161.6,4287.08,11051.75,41072.26
CST001532,2024-01-18,APAC,AI Platform,12858.08,4595.38,3055.06,8717.87,29226.38
CST001533,2024-01-19,India,AI Platform,15022.97,5090.75,3697.7,8726.89,32538.31
CST001534,2024-01-19,North America,AI Platform,20876.1,7759.58,5828.59,14427.54,48891.8
CST001535,2024-01-19,Europe,AI Platform,20359.31,7172.4,5336.6,10357.34,43225.65
CST001536,2024-01-19,APAC,AI Platform,13011.89,4640.87,3312.64,9025.53,29990.92
CST001537,2024-01-20,India,AI Platform,14649.9,5438.64,3900.37,8549.63,32538.54
CST001538,2024-01-20,North America,AI Platform,23656.93,8398.16,5382.59,17157.24,54594.92
CST001539,2024-01-20,Europe,AI Platform,20002.4,6939.95,4835.63,11995.3,43773.28
CST001540,2024-01-20,APAC,AI Platform,14337.61,4981.05,3358.8,7263.41,29940.86
CST001541,2024-01-21,India,AI Platform,17290.66,5208.35,3961.48,7856.42,34316.91
CST001542,2024-01-21,North America,AI Platform,25832.75,8839.43,5497.85,16097.4,56267.43
CST001543,2024-01-21,Europe,AI Platform,19019.28,7166.06,5365.3,10202.46,41753.11
CST001544,2024-01-21,APAC,AI Platform,14785.43,4932.99,3131.71,9080.4,31930.54
CST001545,2024-01-22,India,AI Platform,15250.58,5041.95,4677.23,10729.69,35699.45
CST001546,2024-01-22,North America,AI Platform,21906.53,8065.23,5896.34,12858.99,48727.09
CST001547,2024-01-22,Europe,AI Platform,20028.77,6694.66,4818.25,12558.63,44100.31
CST001548,2024-01-22,APAC,AI Platform,13974.68,4874.98,3326.73,7673.97,29850.36
CST001549,2024-01-23,India,AI Platform,14397.55,5217.19,3585.86,9384.15,32584.75
CST001550,2024-01-23,North America,AI Platform,24268.42,8542.19,6274.19,13484.77,52569.56
CST001551,2024-01-23,Europe,AI Platform,18871.88,6705.43,5033.83,12872.63,43483.77
CST001552,2024-01-23,APAC,AI Platform,13927.65,4971.2,3248.97,10056.84,32204.67
CST001553,2024-01-24,India,AI Platform,16282.11,5676.24,3492.79,11042.59,36493.73
CST001554,2024-01-24,North America,AI Platform,22879.52,8900.67,5663.21,14079.97,51523.37
CST001555,2024-01-24,Europe,AI Platform,18325.67,6792.62,4714.43,10797.64,40630.36
CST001556,2024-01-24,APAC,AI Platform,14543.55,4923.7,3160.37,8016.53,30644.14
CST001557,2024-01-25,India,AI Platform,15878.71,5277.92,3714.4,7988.58,32859.61
CST001558,2024-01-25,North America,AI Platform,24056.96,7869.84,5524.88,13865.9,51317.58
CST001559,2024-01-25,Europe,AI Platform,20838.75,6829.58,5953.61,11523.59,45145.53
CST001560,2024-01-25,APAC,AI Platform,12561.78,5078.47,3368.92,7366.72,28375.88
CST001561,2024-01-26,India,AI Platform,15810.27,5271.49,3431.49,8825.08,33338.33
CST001562,2024-01-26,North America,AI Platform,24223.64,7693.08,6094.58,14823.8,52835.1
CST001563,2024-01-26,Europe,AI Platform,16944.17,6962.68,4649.03,12257.9,40813.78
CST001564,2024-01-26,APAC,AI Platform,14415.72,4911.9,3209.32,7230.1,29767.04
CST001565,2024-01-27,India,AI Platform,17196.04,5114.07,3866.54,9238.13,35414.76
CST001566,2024-01-27,North America,AI Platform,22404.17,8527.11,5721.17,12759.24,49411.69
CST001567,2024-01-27,Europe,AI Platform,22293.78,7419.63,5118.11,13281.59,48113.11
CST001568,2024-01-27,APAC,AI Platform,15436.15,4375.42,3541.09,10035.74,33388.41
CST001569,2024-01-28,India,AI Platform,17008.99,5376.52,3937.43,10452.51,36775.45
CST001570,2024-01-28,North America,AI Platform,25349.3,8761.76,4868.63,15148.61,54128.31
CST001571,2024-01-28,Europe,AI Platform,21558.96,7057.93,4790.27,11814.04,45221.2
CST001572,2024-01-28,APAC,AI Platform,13725.53,4707.6,3024.95,7787.46,29245.54
CST001573,2024-01-29,India,AI Platform,16145.78,5618.34,3455.75,9857.27,35077.13
CST001574,2024-01-29,North America,AI Platform,25272.25,8517.92,5127.52,13111.57,52029.27
CST001575,2024-01-29,Europe,AI Platform,20900.71,7335.81,4836.85,12550.32,45623.69
CST001576,2024-01-29,APAC,AI Platform,12848.66,4535.7,3242.78,7553.26,28180.41
CST001577,2024-01-30,India,AI Platform,16983.1,5239.07,3895.73,9661.66,35779.56
CST001578,2024-01-30,North America,AI Platform,24454.08,7832.86,4984.1,13024.29,50295.33
CST001579,2024-01-30,Europe,AI Platform,19785.03,6318.43,4157.28,12516.63,42777.37
CST001580,2024-01-30,APAC,AI Platform,14376.63,4863.76,3304.62,6810.75,29355.76
CST001581,2024-01-31,India,AI Platform,15562.61,5284.36,3721.27,7551.13,32119.36
CST001582,2024-01-31,North America,AI Platform,25950.8,8556.36,5680.92,13628.57,53816.64
CST001583,2024-01-31,Europe,AI Platform,18284.94,6906.98,5550.65,15052.24,45794.82
CST001584,2024-01-31,APAC,AI Platform,13731.3,4767.31,3688.06,7750.27,29936.95
CST001585,2024-02-01,India,AI Platform,14978.21,5133.38,3501.98,11999.47,35613.03
CST001586,2024-02-01,North America,AI Platform,23955.25,8259.06,6546.93,16038.68,54799.92
CST001587,2024-02-01,Europe,AI Platform,19552.75,6444.01,4830.13,12947.05,43773.93
CST001588,2024-02-01,APAC,AI Platform,14934.47,4951.16,3419.93,8440.52,31746.09
CST001589,2024-02-02,India,AI Platform,16576.8,5204.43,3759.62,7905.45,33446.31
CST001590,2024-02-02,North America,AI Platform,25722.57,7996.7,5453.89,12929.85,52103.01
CST001591,2024-02-02,Europe,AI Platform,18315.24,6736.86,5193.19,11641.37,41886.66
CST001592,2024-02-02,APAC,AI Platform,14973.9,4853.07,3869.63,8538.27,32234.88
CST001593,2024-02-03,India,AI Platform,14947.43,5333.48,3371.21,10408.27,34060.39
CST001594,2024-02-03,North America,AI Platform,23278.73,8478.4,6332.61,12738.42,50828.16
CST001595,2024-02-03,Europe,AI Platform,19218.58,6772.59,5184.27,12400.03,43575.47
CST001596,2024-02-03,APAC,AI Platform,15939.69,4754.13,3069.68,8478.77,32242.27
CST001597,2024-02-04,India,AI Platform,13231.07,5139.37,3996.8,10143.93,32511.17
CST001598,2024-02-04,North America,AI Platform,22200.57,8729.57,5473.47,13747.86,50151.48
CST001599,2024-02-04,Europe,AI Platform,20307.86,6534.33,5160.14,12207.64,44209.97
CST001600,2024-02-04,APAC,AI Platform,14442.91,4617.43,4283.9,9275.45,32619.7
CST001601,2024-02-05,India,AI Platform,16149.07,5486.51,4077.79,8550.93,34264.3
CST001602,2024-02-05,North America,AI Platform,24952.64,7720.79,5727.22,18866.75,57267.4
CST001603,2024-02-05,Europe,AI Platform,19068.36,6990.5,5089.68,15058.05,46206.59
CST001604,2024-02-05,APAC,AI Platform,14260.72,4924.25,3823.51,10167.47,33175.94
CST001605,2024-02-06,India,AI Platform,15997.72,5477.2,3606.13,9725.36,34806.4
CST001606,2024-02-06,North America,AI Platform,22709.27,7896.95,5705.61,12520.79,48832.61
CST001607,2024-02-06,Europe,AI Platform,22290.47,6944.81,4273.86,13313.81,46822.95
CST001608,2024-02-06,APAC,AI Platform,14181.86,5041.53,3182.88,7685.0,30091.27
CST001609,2024-02-07,India,AI Platform,16718.17,5583.8,3252.18,9885.2,35439.35
CST001610,2024-02-07,North America,AI Platform,24977.84,8220.36,5822.87,13037.78,52058.84
CST001611,2024-02-07,Europe,AI Platform,21378.82,6508.68,4447.09,11629.91,43964.5
CST001612,2024-02-07,APAC,AI Platform,14105.66,4583.89,3421.82,8796.84,30908.21
CST001613,2024-02-08,India,AI Platform,15327.64,5476.86,3835.83,9639.47,34279.8
CST001614,2024-02-08,North America,AI Platform,24220.68,8836.53,5823.44,14384.12,53264.76
CST001615,2024-02-08,Europe,AI Platform,19827.77,6620.76,4769.19,10506.67,41724.39
CST001616,2024-02-08,APAC,AI Platform,14029.64,4939.2,3774.86,6845.91,29589.6
CST001617,2024-02-09,India,AI Platform,15921.1,5607.26,3616.73,9889.2,35034.29
CST001618,2024-02-09,North America,AI Platform,22429.89,7775.27,6403.7,11868.32,48477.18
CST001619,2024-02-09,Europe,AI Platform,22666.19,7395.11,5045.03,12103.61,47209.93
CST001620,2024-02-09,APAC,AI Platform,13507.07,4721.87,3578.51,9207.26,31014.71
CST001621,2024-02-10,India,AI Platform,16225.49,5309.62,3755.39,9700.61,34991.12
CST001622,2024-02-10,North America,AI Platform,25930.86,9178.68,5610.89,16664.96,57385.4
CST001623,2024-02-10,Europe,AI Platform,18512.41,7235.05,4717.45,12189.09,42654.0
CST001624,2024-02-10,APAC,AI Platform,16537.1,4941.04,3187.14,8489.78,33155.06
CST001625,2024-02-11,India,AI Platform,16468.15,5208.77,3947.08,9401.6,35025.6
CST001626,2024-02-11,North America,AI Platform,25302.46,8485.75,5372.01,13712.21,52872.44
CST001627,2024-02-11,Europe,AI Platform,18620.36,6973.59,5249.06,10945.02,41788.03
CST001628,2024-02-11,APAC,AI Platform,14091.33,5008.36,3236.69,7420.55,29756.93
CST001629,2024-02-12,India,AI Platform,14376.16,5488.72,3873.99,8615.93,32354.8
CST001630,2024-02-12,North America,AI Platform,27559.41,8131.06,5542.39,15543.02,56775.88
CST001631,2024-02-12,Europe,AI Platform,22387.48,7107.27,4570.2,13748.93,47813.88
CST001632,2024-02-12,APAC,AI Platform,14315.72,4692.08,3160.91,10422.67,32591.36
CST001633,2024-02-13,India,AI Platform,17349.54,5468.48,3533.66,8972.43,35324.11
CST001634,2024-02-13,North America,AI Platform,22341.57,7932.08,5732.96,14715.94,50722.56
CST001635,2024-02-13,Europe,AI Platform,18571.39,7524.17,5065.48,11673.73,42834.78
CST001636,2024-02-13,APAC,AI Platform,14249.07,5313.79,3209.95,8930.79,31703.6
CST001637,2024-02-14,India,AI Platform,14584.02,5561.81,3526.92,9498.66,33171.43
CST001638,2024-02-14,North America,AI Platform,22647.44,8967.11,5771.94,14241.34,51627.82
CST001639,2024-02-14,Europe,AI Platform,20094.75,6883.81,6153.76,12411.63,45543.95
CST001640,2024-02-14,APAC,AI Platform,14001.64,4736.49,3417.88,9920.22,32076.23
CST001641,2024-02-15,India,AI Platform,13724.92,5605.06,4071.39,8014.35,31415.72
CST001642,2024-02-15,North America,AI Platform,22242.5,8192.62,5201.14,14918.74,50555.0
CST001643,2024-02-15,Europe,AI Platform,17705.05,7073.44,4872.88,11934.67,41586.04
CST001644,2024-02-15,APAC,AI Platform,14583.54,4786.2,3350.24,7721.97,30441.96
CST001645,2024-02-16,India,AI Platform,15838.36,4968.33,4102.61,8588.6,33497.91
CST001646,2024-02-16,North America,AI Platform,22362.3,7787.54,6713.33,13994.13,50857.31
CST001647,2024-02-16,Europe,AI Platform,20517.29,6963.63,4584.66,12913.49,44979.07
CST001648,2024-02-16,APAC,AI Platform,13463.15,4848.21,3297.08,8656.11,30264.56
CST001649,2024-02-17,India,AI Platform,15792.59,5384.6,3868.47,10157.99,35203.65
CST001650,2024-02-17,North America,AI Platform,20777.77,8614.81,6054.46,13142.96,48590.0
CST001651,2024-02-17,Europe,AI Platform,21409.57,7365.33,4796.06,12503.54,46074.5
CST001652,2024-02-17,APAC,AI Platform,14124.9,5127.6,3528.38,8453.4,31234.28
CST001653,2024-02-18,India,AI Platform,15127.43,5471.55,4163.15,9516.5,34278.63
CST001654,2024-02-18,North America,AI Platform,23763.56,7485.12,5842.0,13330.31,50420.99
CST001655,2024-02-18,Europe,AI Platform,20081.68,6555.52,4365.39,12949.67,43952.26
CST001656,2024-02-18,APAC,AI Platform,15145.91,5047.61,3558.62,8200.32,31952.45
CST001657,2024-02-19,India,AI Platform,17062.94,5025.7,4071.62,9526.48,35686.74
CST001658,2024-02-19,North America,AI Platform,27003.76,8403.24,5267.28,13974.75,54649.03
CST001659,2024-02-19,Europe,AI Platform,22865.42,7470.49,4221.71,11918.39,46476.02
CST001660,2024-02-19,APAC,AI Platform,13757.9,5046.47,3158.79,8890.1,30853.27
CST001661,2024-02-20,India,AI Platform,15964.13,5096.0,4042.6,9480.81,34583.53
CST001662,2024-02-20,North America,AI Platform,23009.64,7965.75,5829.19,13137.04,49941.62
CST001663,2024-02-20,Europe,AI Platform,19758.11,6414.42,4761.25,13348.66,44282.44
CST001664,2024-02-20,APAC,AI Platform,15145.29,5146.55,3204.31,8251.61,31747.76
CST001665,2024-02-21,India,AI Platform,14462.52,5500.5,3562.15,9084.04,32609.2
CST001666,2024-02-21,North America,AI Platform,24337.47,8141.31,6027.67,14467.72,52974.17
CST001667,2024-02-21,Europe,AI Platform,21490.45,6813.4,4693.2,13808.65,46805.7
CST001668,2024-02-21,APAC,AI Platform,13215.12,4987.57,3314.34,7172.77,28689.8
CST001669,2024-02-22,India,AI Platform,14670.04,5623.65,3811.98,9807.97,33913.65
CST001670,2024-02-22,North America,AI Platform,25703.96,8680.52,5952.36,12298.49,52635.33
CST001671,2024-02-22,Europe,AI Platform,20325.62,7192.81,5003.1,11520.71,44042.25
CST001672,2024-02-22,APAC,AI Platform,14955.83,4782.53,3403.63,8347.8,31489.78
CST001673,2024-02-23,India,AI Platform,14111.75,5495.45,4219.72,7678.51,31505.42
CST001674,2024-02-23,North America,AI Platform,23872.34,8152.58,5879.73,13471.01,51375.66
CST001675,2024-02-23,Europe,AI Platform,20373.33,6578.61,4875.32,11645.56,43472.82
CST001676,2024-02-23,APAC,AI Platform,13393.08,4643.22,4030.79,9734.92,31802.01
CST001677,2024-02-24,India,AI Platform,15601.34,5431.15,4113.84,10718.67,35865.0
CST001678,2024-02-24,North America,AI Platform,24132.95,8054.57,5264.42,14396.72,51848.66
CST001679,2024-02-24,Europe,AI Platform,19862.15,7119.84,4900.51,12197.11,44079.61
CST001680,2024-02-24,APAC,AI Platform,13585.39,4885.49,3369.49,9194.65,31035.02
CST001681,2024-02-25,India,AI Platform,13600.62,6097.7,4247.58,8799.03,32744.94
CST001682,2024-02-25,North America,AI Platform,21744.19,8956.7,5847.38,16904.45,53452.72
CST001683,2024-02-25,Europe,AI Platform,19645.06,6720.68,5275.97,11406.53,43048.24
CST001684,2024-02-25,APAC,AI Platform,13279.78,4888.16,2595.66,7812.1,28575.7
CST001685,2024-02-26,India,AI Platform,16621.59,5626.06,3363.89,11222.77,36834.31
CST001686,2024-02-26,North America,AI Platform,26030.35,8151.37,5828.47,14061.83,54072.02
CST001687,2024-02-26,Europe,AI Platform,21443.01,6886.47,5126.47,14921.31,48377.27
CST001688,2024-02-26,APAC,AI Platform,14357.48,5068.78,3427.34,9304.38,32157.98
CST001689,2024-02-27,India,AI Platform,16579.9,5655.39,4695.69,10084.44,37015.43
CST001690,2024-02-27,North America,AI Platform,20999.39,8355.68,6588.93,14879.47,50823.47
CST001691,2024-02-27,Europe,AI Platform,19081.15,6792.45,4110.68,12782.03,42766.31
CST001692,2024-02-27,APAC,AI Platform,12935.34,4733.72,3310.13,10890.98,31870.16
CST001693,2024-02-28,India,AI Platform,16290.67,4926.43,4075.96,9109.47,34402.53
CST001694,2024-02-28,North America,AI Platform,25371.96,7342.35,6046.7,15580.4,54341.4
CST001695,2024-02-28,Europe,AI Platform,20154.84,6937.07,4088.7,11546.17,42726.77
CST001696,2024-02-28,APAC,AI Platform,15263.42,4755.49,3948.41,8798.81,32766.13
CST001697,2024-02-29,India,AI Platform,14566.28,4983.4,3938.83,7782.84,31271.34
CST001698,2024-02-29,North America,AI Platform,23930.84,8323.81,5352.6,14403.53,52010.78
CST001699,2024-02-29,Europe,AI Platform,18748.06,6858.11,5119.93,12285.0,43011.1
CST001700,2024-02-29,APAC,AI Platform,14911.35,4624.73,3552.53,10779.82,33868.42
CST001701,2024-03-01,India,AI Platform,15057.93,5563.65,3781.38,9534.88,33937.84
CST001702,2024-03-01,North America,AI Platform,24264.6,8911.16,6503.18,14227.5,53906.44
CST001703,2024-03-01,Europe,AI Platform,18660.58,7209.43,5044.69,12692.73,43607.44
CST001704,2024-03-01,APAC,AI Platform,14929.88,5462.68,3597.91,8416.81,32407.28
CST001705,2024-03-02,India,AI Platform,17362.99,5499.64,3364.98,9037.37,35264.97
CST001706,2024-03-02,North America,AI Platform,26795.63,7781.55,4783.72,15648.65,55009.55
CST001707,2024-03-02,Europe,AI Platform,19880.77,6944.52,5090.48,11326.18,43241.95
CST001708,2024-03-02,APAC,AI Platform,13245.83,4902.87,3593.4,9369.09,31111.19
CST001709,2024-03-03,India,AI Platform,16506.42,5132.35,3678.72,8678.49,33995.99
CST001710,2024-03-03,North America,AI Platform,24213.4,7991.51,5917.88,14562.07,52684.85
CST001711,2024-03-03,Europe,AI Platform,20596.0,7155.57,4127.96,13595.07,45474.6
CST001712,2024-03-03,APAC,AI Platform,15361.42,4799.72,3320.59,7570.58,31052.31
CST001713,2024-03-04,India,AI Platform,18261.47,5661.57,4250.46,11355.79,39529.3
CST001714,2024-03-04,North America,AI Platform,25882.94,8342.12,6122.28,14903.56,55250.89
CST001715,2024-03-04,Europe,AI Platform,22977.94,7395.1,5018.68,12319.94,47711.67
CST001716,2024-03-04,APAC,AI Platform,13263.65,4651.63,3535.09,9369.65,30820.02
CST001717,2024-03-05,India,AI Platform,16163.7,5221.38,3777.24,9159.21,34321.53
CST001718,2024-03-05,North America,AI Platform,24096.0,8550.86,5561.28,16212.33,54420.47
CST001719,2024-03-05,Europe,AI Platform,19680.65,6530.88,5070.81,13068.29,44350.62
CST001720,2024-03-05,APAC,AI Platform,13539.2,4963.78,3512.44,8889.17,30904.58
CST001721,2024-03-06,India,AI Platform,16648.74,6159.35,3786.37,9694.51,36288.97
CST001722,2024-03-06,North America,AI Platform,23850.03,8418.43,5612.4,14315.76,52196.61
CST001723,2024-03-06,Europe,AI Platform,17657.51,7032.15,4712.23,11232.85,40634.74
CST001724,2024-03-06,APAC,AI Platform,14573.18,4319.9,3374.42,9017.54,31285.04
CST001725,2024-03-07,India,AI Platform,17476.43,5994.58,3650.47,9812.25,36933.73
CST001726,2024-03-07,North America,AI Platform,21015.57,8681.19,5644.99,14588.83,49930.58
CST001727,2024-03-07,Europe,AI Platform,21782.59,7332.3,4039.7,11236.4,44391.0
CST001728,2024-03-07,APAC,AI Platform,14332.71,4570.8,3755.06,9204.13,31862.69
CST001729,2024-03-08,India,AI Platform,15237.44,4943.19,4085.29,9303.21,33569.13
CST001730,2024-03-08,North America,AI Platform,25140.62,8351.26,5219.9,14070.44,52782.22
CST001731,2024-03-08,Europe,AI Platform,18258.53,6768.26,5017.24,10312.43,40356.45
CST001732,2024-03-08,APAC,AI Platform,14600.86,4468.02,3801.63,7691.31,30561.82
CST001733,2024-03-09,India,AI Platform,16724.38,5180.8,4117.84,7818.55,33841.57
CST001734,2024-03-09,North America,AI Platform,23631.48,8076.7,5259.2,13539.27,50506.64
CST001735,2024-03-09,Europe,AI Platform,20069.35,6778.74,5329.19,12723.68,44900.96
CST001736,2024-03-09,APAC,AI Platform,15772.35,4703.8,3524.32,8805.57,32806.05
CST001737,2024-03-10,India,AI Platform,16000.89,4927.28,3694.5,7588.18,32210.85
CST001738,2024-03-10,North America,AI Platform,21360.71,8846.43,5545.22,15476.11,51228.47
CST001739,2024-03-10,Europe,AI Platform,19807.79,7402.69,5209.31,11947.64,44367.43
CST001740,2024-03-10,APAC,AI Platform,14090.33,4862.12,3829.79,9099.7,31881.94
CST001741,2024-03-11,India,AI Platform,15868.95,5527.85,3954.25,8391.86,33742.91
CST001742,2024-03-11,North America,AI Platform,23268.18,8699.29,6096.64,14240.93,52305.05
CST001743,2024-03-11,Europe,AI Platform,18725.23,7745.16,4897.04,13678.08,45045.51
CST001744,2024-03-11,APAC,AI Platform,15083.87,5007.41,3965.03,8825.23,32881.54
CST001745,2024-03-12,India,AI Platform,19075.69,5651.69,4050.74,10033.81,38811.92
CST001746,2024-03-12,North America,AI Platform,24892.22,8758.98,6146.23,16342.96,56140.38
CST001747,2024-03-12,Europe,AI Platform,19174.1,6909.94,4819.46,12495.37,43398.87
CST001748,2024-03-12,APAC,AI Platform,16940.99,5033.34,3465.41,8639.87,34079.61
CST001749,2024-03-13,India,AI Platform,17264.15,5645.09,3401.51,7913.61,34224.37
CST001750,2024-03-13,North America,AI Platform,25112.68,7715.38,6344.78,14728.32,53901.16
CST001751,2024-03-13,Europe,AI Platform,19716.11,7507.46,5616.58,12563.31,45403.46
CST001752,2024-03-13,APAC,AI Platform,13793.69,5052.3,3353.46,8937.08,31136.54
CST001753,2024-03-14,India,AI Platform,14457.65,5484.1,3658.59,9868.52,33468.86
CST001754,2024-03-14,North America,AI Platform,24026.44,7749.36,6088.03,15086.67,52950.5
CST001755,2024-03-14,Europe,AI Platform,20365.79,7095.15,4389.15,13058.82,44908.91
CST001756,2024-03-14,APAC,AI Platform,13864.2,4762.12,3335.96,8925.13,30887.41
CST001757,2024-03-15,India,AI Platform,14995.81,5711.94,4093.85,9869.35,34670.95
CST001758,2024-03-15,North America,AI Platform,24765.34,8561.45,6335.47,16406.75,56069.0
CST001759,2024-03-15,Europe,AI Platform,19102.97,7682.42,4914.07,12204.0,43903.47
CST001760,2024-03-15,APAC,AI Platform,15042.75,4692.41,3636.06,8797.85,32169.07
CST001761,2024-03-16,India,AI Platform,16251.58,5339.38,3927.65,10626.13,36144.73
CST001762,2024-03-16,North America,AI Platform,24358.17,8444.0,5620.8,14844.98,53267.95
CST001763,2024-03-16,Europe,AI Platform,18184.78,7042.66,5225.31,14106.21,44558.96
CST001764,2024-03-16,APAC,AI Platform,15407.51,5243.22,3097.91,8686.47,32435.11
CST001765,2024-03-17,India,AI Platform,15748.71,5606.16,4084.11,9479.65,34918.63
CST001766,2024-03-17,North America,AI Platform,24536.08,8185.78,5749.19,14233.44,52704.5
CST001767,2024-03-17,Europe,AI Platform,22910.51,6900.56,5226.79,11794.59,46832.45
CST001768,2024-03-17,APAC,AI Platform,13955.12,5127.73,3550.39,8937.15,31570.4
CST001769,2024-03-18,India,AI Platform,15196.2,4958.29,3557.4,9203.89,32915.77
CST001770,2024-03-18,North America,AI Platform,24777.44,8141.06,5875.12,11687.0,50480.62
CST001771,2024-03-18,Europe,AI Platform,22207.93,6693.44,4920.21,11873.19,45694.77
CST001772,2024-03-18,APAC,AI Platform,13545.43,5320.86,3605.21,8106.3,30577.8
CST001773,2024-03-19,India,AI Platform,17345.73,5350.21,4502.56,9688.29,36886.79
CST001774,2024-03-19,North America,AI Platform,24966.74,8660.36,5014.21,12262.5,50903.82
CST001775,2024-03-19,Europe,AI Platform,20881.35,7434.83,5262.8,12825.43,46404.41
CST001776,2024-03-19,APAC,AI Platform,15319.17,4758.32,3601.26,8183.03,31861.77
CST001777,2024-03-20,India,AI Platform,12688.66,4916.92,4221.49,10779.05,32606.12
CST001778,2024-03-20,North America,AI Platform,23480.66,7845.61,6024.97,15788.61,53139.86
CST001779,2024-03-20,Europe,AI Platform,19225.36,6940.4,4866.26,11961.21,42993.22
CST001780,2024-03-20,APAC,AI Platform,14733.41,5069.47,3032.49,9803.05,32638.42
CST001781,2024-03-21,India,AI Platform,15439.49,5330.33,3628.63,9626.38,34024.83
CST001782,2024-03-21,North America,AI Platform,23120.45,8032.69,6105.75,12667.11,49926.01
CST001783,2024-03-21,Europe,AI Platform,21475.29,7864.7,5162.35,13544.92,48047.27
CST001784,2024-03-21,APAC,AI Platform,14087.77,5210.7,3873.18,8236.15,31407.81
CST001785,2024-03-22,India,AI Platform,16540.01,5468.48,3448.58,9999.22,35456.29
CST001786,2024-03-22,North America,AI Platform,25686.45,8795.32,5503.16,16085.1,56070.04
CST001787,2024-03-22,Europe,AI Platform,22114.39,7295.28,5119.04,10324.66,44853.37
CST001788,2024-03-22,APAC,AI Platform,14086.34,4951.78,3201.64,9173.17,31412.94
CST001789,2024-03-23,India,AI Platform,15573.63,5548.43,4140.91,10173.96,35436.93
CST001790,2024-03-23,North America,AI Platform,22811.12,8593.23,6161.7,11881.5,49447.55
CST001791,2024-03-23,Europe,AI Platform,20695.47,6494.62,4887.14,14000.49,46077.72
CST001792,2024-03-23,APAC,AI Platform,14293.68,5189.16,3526.95,9918.86,32928.65
CST001793,2024-03-24,India,AI Platform,16548.44,5493.28,4051.82,11187.11,37280.65
CST001794,2024-03-24,North America,AI Platform,22686.83,8066.46,5893.38,15217.25,51863.91
CST001795,2024-03-24,Europe,AI Platform,23383.04,6890.16,4445.39,13584.39,48302.98
CST001796,2024-03-24,APAC,AI Platform,14066.5,5523.21,3722.39,8202.98,31515.08
CST001797,2024-03-25,India,AI Platform,14854.09,5118.0,4205.33,11707.43,35884.84
CST001798,2024-03-25,North America,AI Platform,24862.21,8766.45,5551.59,13557.04,52737.29
CST001799,2024-03-25,Europe,AI Platform,20649.56,7213.06,5038.0,11406.14,44306.76
CST001800,2024-03-25,APAC,AI Platform,14201.24,4687.75,3110.22,8123.69,30122.9
CST001801,2024-03-26,India,AI Platform,14699.6,5612.31,4169.09,9360.7,33841.69
CST001802,2024-03-26,North America,AI Platform,24823.74,8596.67,4934.66,12544.03,50899.09
CST001803,2024-03-26,Europe,AI Platform,23602.56,6988.96,4320.98,12642.12,47554.61
CST001804,2024-03-26,APAC,AI Platform,14896.94,5295.52,3567.18,9197.5,32957.14
CST001805,2024-03-27,India,AI Platform,14704.12,5363.26,4179.43,9677.03,33923.84
CST001806,2024-03-27,North America,AI Platform,23699.03,8997.54,5807.28,15878.76,54382.6
CST001807,2024-03-27,Europe,AI Platform,21988.7,7045.59,4860.68,13312.46,47207.43
CST001808,2024-03-27,APAC,AI Platform,12369.9,4870.57,3549.29,8879.53,29669.29
CST001809,2024-03-28,India,AI Platform,14456.84,5273.72,3468.81,10817.43,34016.8
CST001810,2024-03-28,North America,AI Platform,24976.27,8032.64,5670.21,13877.06,52556.17
CST001811,2024-03-28,Europe,AI Platform,21388.98,6734.78,4856.0,10846.93,43826.7
CST001812,2024-03-28,APAC,AI Platform,15497.29,4797.78,3413.82,8223.36,31932.26
CST001813,2024-03-29,India,AI Platform,19054.81,5351.55,4267.91,9853.56,38527.83
CST001814,2024-03-29,North America,AI Platform,25527.99,8786.13,6157.96,14281.75,54753.82
CST001815,2024-03-29,Europe,AI Platform,18859.07,6829.46,5369.14,13012.16,44069.83
CST001816,2024-03-29,APAC,AI Platform,14034.75,4810.53,3788.34,8935.33,31568.95
CST001817,2024-03-30,India,AI Platform,16861.67,5450.11,3765.17,9249.77,35326.73
CST001818,2024-03-30,North America,AI Platform,25172.89,8274.29,5337.82,14714.23,53499.23
CST001819,2024-03-30,Europe,AI Platform,18744.53,7461.13,4499.73,12149.77,42855.16
CST001820,2024-03-30,APAC,AI Platform,14497.69,5001.85,3922.34,9598.32,33020.2
CST001821,2024-03-31,India,AI Platform,15926.52,5948.39,4150.96,10266.82,36292.69
CST001822,2024-03-31,North America,AI Platform,25399.3,8279.25,6323.59,14454.46,54456.61
CST001823,2024-03-31,Europe,AI Platform,18940.86,7031.07,5099.66,13771.98,44843.57
CST001824,2024-03-31,APAC,AI Platform,14681.46,4715.29,3344.14,9854.35,32595.24
CST001825,2024-04-01,India,AI Platform,13931.54,5544.6,3779.18,13902.96,37158.27
CST001826,2024-04-01,North America,AI Platform,25046.55,8633.71,6173.12,21533.35,61386.73
CST001827,2024-04-01,Europe,AI Platform,19938.82,6951.31,4759.62,17074.81,48724.55
CST001828,2024-04-01,APAC,AI Platform,14153.71,5015.73,3168.74,12203.05,34541.22
CST001829,2024-04-02,India,AI Platform,15753.21,5272.12,4167.89,14097.59,39290.81
CST001830,2024-04-02,North America,AI Platform,27909.57,9171.57,6409.9,26218.48,69709.51
CST001831,2024-04-02,Europe,AI Platform,20022.85,6856.54,5185.38,17190.52,49255.29
CST001832,2024-04-02,APAC,AI Platform,14074.89,5313.07,3328.22,11874.65,34590.84
CST001833,2024-04-03,India,AI Platform,15373.34,5645.98,4159.98,15309.12,40488.42
CST001834,2024-04-03,North America,AI Platform,23900.43,8240.41,5902.87,23682.18,61725.89
CST001835,2024-04-03,Europe,AI Platform,19926.42,6925.28,4351.23,17660.74,48863.67
CST001836,2024-04-03,APAC,AI Platform,12879.13,5357.36,3197.48,13022.22,34456.19
CST001837,2024-04-04,India,AI Platform,17036.77,5848.64,3699.04,11786.42,38370.88
CST001838,2024-04-04,North America,AI Platform,24403.62,8413.54,5839.23,20068.81,58725.2
CST001839,2024-04-04,Europe,AI Platform,19700.63,7670.76,5439.22,16817.07,49627.68
CST001840,2024-04-04,APAC,AI Platform,13472.66,4635.13,3201.11,13189.94,34498.83
CST001841,2024-04-05,India,AI Platform,15161.14,5727.31,4121.19,14773.26,39782.9
CST001842,2024-04-05,North America,AI Platform,23844.98,8592.74,5377.42,29892.24,67707.39
CST001843,2024-04-05,Europe,AI Platform,22894.79,7171.45,5975.85,17235.9,53277.99
CST001844,2024-04-05,APAC,AI Platform,16223.87,4415.09,3464.59,13078.69,37182.25
CST001845,2024-04-06,India,AI Platform,16560.45,5389.24,3655.04,15457.56,41062.29
CST001846,2024-04-06,North America,AI Platform,24379.15,8136.62,5493.29,22042.23,60051.29
CST001847,2024-04-06,Europe,AI Platform,21155.84,7451.28,5679.31,16515.46,50801.89
CST001848,2024-04-06,APAC,AI Platform,13027.34,5081.97,3380.25,14478.69,35968.25
CST001849,2024-04-07,India,AI Platform,16089.69,5561.0,3749.27,15486.6,40886.55
CST001850,2024-04-07,North America,AI Platform,25790.82,7672.46,5020.41,25482.5,63966.19
CST001851,2024-04-07,Europe,AI Platform,18558.67,6808.38,5709.59,19690.05,50766.7
CST001852,2024-04-07,APAC,AI Platform,15221.3,4595.46,3757.07,14303.34,37877.16
CST001853,2024-04-08,India,AI Platform,15909.82,5490.98,3877.4,13501.59,38779.8
CST001854,2024-04-08,North America,AI Platform,25386.16,9050.31,7097.87,27265.37,68799.72
CST001855,2024-04-08,Europe,AI Platform,20651.95,7534.45,5553.52,18902.26,52642.19
CST001856,2024-04-08,APAC,AI Platform,13774.46,4923.08,3656.46,13300.65,35654.66
CST001857,2024-04-09,India,AI Platform,16108.98,5541.07,3588.48,14499.26,39737.8
CST001858,2024-04-09,North America,AI Platform,27439.52,7403.42,5410.39,20563.99,60817.32
CST001859,2024-04-09,Europe,AI Platform,19520.3,6986.21,4854.61,18690.9,50052.03
CST001860,2024-04-09,APAC,AI Platform,13850.59,5064.39,3578.62,11987.46,34481.06
CST001861,2024-04-10,India,AI Platform,16783.02,5232.73,4252.25,15254.37,41522.38
CST001862,2024-04-10,North America,AI Platform,28865.47,8447.89,6008.9,21385.08,64707.34
CST001863,2024-04-10,Europe,AI Platform,23097.98,7300.52,5770.23,16543.32,52712.05
CST001864,2024-04-10,APAC,AI Platform,14493.32,4668.1,3635.98,12539.8,35337.19
CST001865,2024-04-11,India,AI Platform,15501.5,5272.22,3867.55,19417.46,44058.73
CST001866,2024-04-11,North America,AI Platform,23667.45,8574.98,6224.09,19982.13,58448.65
CST001867,2024-04-11,Europe,AI Platform,18760.58,7204.78,5009.59,19404.78,50379.73
CST001868,2024-04-11,APAC,AI Platform,13504.85,5100.79,3745.27,10880.48,33231.39
CST001869,2024-04-12,India,AI Platform,16211.39,5438.2,3841.43,15578.85,41069.87
CST001870,2024-04-12,North America,AI Platform,22949.61,8384.66,5249.61,19837.62,56421.51
CST001871,2024-04-12,Europe,AI Platform,22884.3,7156.06,4328.49,21958.0,56326.84
CST001872,2024-04-12,APAC,AI Platform,11854.06,5034.52,3019.78,12254.58,32162.94
CST001873,2024-04-13,India,AI Platform,15569.69,6165.96,3868.59,12393.54,37997.77
CST001874,2024-04-13,North America,AI Platform,24532.48,8350.87,5848.01,22800.64,61532.01
CST001875,2024-04-13,Europe,AI Platform,19682.35,6727.95,4841.58,19830.32,51082.2
CST001876,2024-04-13,APAC,AI Platform,14644.91,5377.46,3700.01,12936.98,36659.35
CST001877,2024-04-14,India,AI Platform,16371.95,5366.61,4277.69,14840.68,40856.94
CST001878,2024-04-14,North America,AI Platform,23475.45,8993.83,6480.36,20487.58,59437.22
CST001879,2024-04-14,Europe,AI Platform,22687.71,6827.12,4572.05,18245.78,52332.66
CST001880,2024-04-14,APAC,AI Platform,13348.6,5081.94,3243.31,13604.22,35278.06
CST001881,2024-04-15,India,AI Platform,16739.79,6125.07,3588.16,17708.2,44161.21
CST001882,2024-04-15,North America,AI Platform,24098.76,8327.59,6722.38,24085.89,63234.63
CST001883,2024-04-15,Europe,AI Platform,23219.55,7130.45,5118.94,16629.12,52098.06
CST001884,2024-04-15,APAC,AI Platform,14385.89,4932.94,3779.73,12665.05,35763.61
CST001885,2024-04-16,India,AI Platform,15602.85,6017.05,3798.03,14324.39,39742.32
CST001886,2024-04-16,North America,AI Platform,26028.3,8155.01,5614.14,22395.23,62192.67
CST001887,2024-04-16,Europe,AI Platform,23302.14,7218.99,5610.26,17281.56,53412.95
CST001888,2024-04-16,APAC,AI Platform,15426.29,4947.34,3418.89,13411.92,37204.44
CST001889,2024-04-17,India,AI Platform,18437.31,5315.0,3352.81,14260.19,41365.3
CST001890,2024-04-17,North America,AI Platform,25404.68,8533.11,5965.55,22523.12,62426.46
CST001891,2024-04-17,Europe,AI Platform,21914.87,7581.14,5608.55,18075.32,53179.88
CST001892,2024-04-17,APAC,AI Platform,12865.48,4670.18,3191.37,12790.75,33517.78
CST001893,2024-04-18,India,AI Platform,15215.69,5535.05,4411.89,16015.65,41178.28
CST001894,2024-04-18,North America,AI Platform,22678.38,8326.46,4654.04,22367.28,58026.17
CST001895,2024-04-18,Europe,AI Platform,20000.95,7503.38,5399.37,17693.33,50597.03
CST001896,2024-04-18,APAC,AI Platform,14662.41,4980.55,3897.36,13031.84,36572.16
CST001897,2024-04-19,India,AI Platform,16469.88,6067.64,4042.03,14433.77,41013.33
CST001898,2024-04-19,North America,AI Platform,23534.28,8482.36,6075.9,21388.33,59480.87
CST001899,2024-04-19,Europe,AI Platform,21590.94,7070.59,5431.48,18126.36,52219.37
CST001900,2024-04-19,APAC,AI Platform,15646.08,5139.25,4011.8,14789.28,39586.4
CST001901,2024-04-20,India,AI Platform,17045.85,5076.7,3330.44,12662.95,38115.94
CST001902,2024-04-20,North America,AI Platform,25008.6,8822.49,5604.95,25167.42,64603.46
CST001903,2024-04-20,Europe,AI Platform,20883.88,6983.82,5928.35,18465.79,52261.84
CST001904,2024-04-20,APAC,AI Platform,15395.47,4989.35,3821.61,11450.98,35657.41
CST001905,2024-04-21,India,AI Platform,15961.22,5879.58,3694.52,12473.88,38009.2
CST001906,2024-04-21,North America,AI Platform,25035.24,7958.29,5668.65,18560.82,57223.0
CST001907,2024-04-21,Europe,AI Platform,18846.42,7043.32,4905.59,19526.21,50321.54
CST001908,2024-04-21,APAC,AI Platform,15101.14,5002.64,3519.92,14533.29,38156.99
CST001909,2024-04-22,India,AI Platform,15870.78,5520.5,4074.66,13879.21,39345.14
CST001910,2024-04-22,North America,AI Platform,23891.82,8431.11,6053.27,23165.96,61542.16
CST001911,2024-04-22,Europe,AI Platform,21021.62,6749.68,5756.33,16633.49,50161.12
CST001912,2024-04-22,APAC,AI Platform,14981.42,5296.54,3730.04,13379.05,37387.06
CST001913,2024-04-23,India,AI Platform,15634.47,5543.87,4071.78,15818.62,41068.74
CST001914,2024-04-23,North America,AI Platform,23596.46,8633.29,6003.89,20528.2,58761.83
CST001915,2024-04-23,Europe,AI Platform,24808.28,7348.18,4737.45,24229.75,61123.66
CST001916,2024-04-23,APAC,AI Platform,13227.83,5066.14,3604.17,13973.12,35871.27
CST001917,2024-04-24,India,AI Platform,16065.5,5634.52,4171.96,13249.91,39121.89
CST001918,2024-04-24,North America,AI Platform,25961.18,7984.72,6379.41,22820.9,63146.21
CST001919,2024-04-24,Europe,AI Platform,22244.74,7232.75,5240.43,20876.36,55594.27
CST001920,2024-04-24,APAC,AI Platform,14634.12,5381.94,3326.9,10719.05,34062.01
CST001921,2024-04-25,India,AI Platform,15917.36,5671.0,4122.25,14336.81,40047.42
CST001922,2024-04-25,North America,AI Platform,25620.43,8667.98,6217.14,19744.26,60249.81
CST001923,2024-04-25,Europe,AI Platform,21448.62,6782.59,4956.94,19383.31,52571.46
CST001924,2024-04-25,APAC,AI Platform,14432.86,5146.09,3276.46,14822.81,37678.21
CST001925,2024-04-26,India,AI Platform,15461.05,5872.6,4162.61,16997.4,42493.65
CST001926,2024-04-26,North America,AI Platform,23538.21,8804.32,5914.72,21566.69,59823.94
CST001927,2024-04-26,Europe,AI Platform,21484.96,6701.44,4625.49,15544.58,48356.47
CST001928,2024-04-26,APAC,AI Platform,16518.7,4809.63,3319.17,14679.6,39327.1
CST001929,2024-04-27,India,AI Platform,15623.76,5229.36,3653.11,17571.92,42078.15
CST001930,2024-04-27,North America,AI Platform,24433.14,8597.2,6031.57,21591.3,60653.21
CST001931,2024-04-27,Europe,AI Platform,20674.21,7372.93,4399.39,18670.04,51116.57
CST001932,2024-04-27,APAC,AI Platform,13449.93,5345.01,3545.52,11390.76,33731.23
CST001933,2024-04-28,India,AI Platform,15522.42,5621.74,3643.26,15202.99,39990.41
CST001934,2024-04-28,North America,AI Platform,29365.2,8666.63,5464.62,20535.1,64031.55
CST001935,2024-04-28,Europe,AI Platform,21809.23,7106.54,4548.96,18562.75,52027.49
CST001936,2024-04-28,APAC,AI Platform,16230.8,5501.56,3363.85,12486.34,37582.56
CST001937,2024-04-29,India,AI Platform,16413.33,5437.01,3841.89,16028.6,41720.84
CST001938,2024-04-29,North America,AI Platform,23809.05,7888.25,5879.39,25009.49,62586.18
CST001939,2024-04-29,Europe,AI Platform,20475.35,7956.17,4960.53,22124.92,55516.97
CST001940,2024-04-29,APAC,AI Platform,14825.11,4931.99,3813.52,9425.4,32996.01
CST001941,2024-04-30,India,AI Platform,17856.17,5591.43,3982.13,16331.25,43760.98
CST001942,2024-04-30,North America,AI Platform,22656.94,8830.92,6446.45,20533.62,58467.92
CST001943,2024-04-30,Europe,AI Platform,18493.61,7771.3,5052.5,17884.7,49202.1
CST001944,2024-04-30,APAC,AI Platform,16136.83,4966.76,3567.49,13654.68,38325.76
CST001945,2024-05-01,India,AI Platform,16661.23,6029.5,4001.18,17507.49,44199.39
CST001946,2024-05-01,North America,AI Platform,24270.68,8338.94,6682.75,22537.7,61830.07
CST001947,2024-05-01,Europe,AI Platform,20922.62,7164.32,4935.62,21029.92,54052.48
CST001948,2024-05-01,APAC,AI Platform,14129.58,5647.58,3563.22,15778.01,39118.39
CST001949,2024-05-02,India,AI Platform,15808.05,5676.41,3629.59,15065.93,40179.99
CST001950,2024-05-02,North America,AI Platform,23570.68,8371.29,5249.55,26047.86,63239.37
CST001951,2024-05-02,Europe,AI Platform,22148.38,7190.95,5299.76,16196.48,50835.58
CST001952,2024-05-02,APAC,AI Platform,14980.08,4900.32,4099.58,14964.93,38944.9
CST001953,2024-05-03,India,AI Platform,14929.74,5339.01,3281.96,12653.47,36204.18
CST001954,2024-05-03,North America,AI Platform,22441.21,7708.56,6529.38,24272.46,60951.62
CST001955,2024-05-03,Europe,AI Platform,20610.8,7154.21,5731.37,17785.36,51281.74
CST001956,2024-05-03,APAC,AI Platform,14064.41,5381.39,3605.03,14972.15,38022.97
CST001957,2024-05-04,India,AI Platform,14521.11,5398.04,4050.93,14327.2,38297.28
CST001958,2024-05-04,North America,AI Platform,23841.0,9186.98,6196.47,22063.19,61287.63
CST001959,2024-05-04,Europe,AI Platform,19757.78,6910.61,5158.91,20080.9,51908.2
CST001960,2024-05-04,APAC,AI Platform,14469.29,5206.81,3973.96,14728.11,38378.17
CST001961,2024-05-05,India,AI Platform,15198.31,5975.77,3377.16,12566.91,37118.16
CST001962,2024-05-05,North America,AI Platform,25489.6,8249.28,6194.91,22584.94,62518.74
CST001963,2024-05-05,Europe,AI Platform,21574.07,7435.25,3975.99,18201.54,51186.84
CST001964,2024-05-05,APAC,AI Platform,15490.24,5016.84,3769.6,13171.69,37448.37
CST001965,2024-05-06,India,AI Platform,14280.73,5738.56,3788.92,12714.94,36523.15
CST001966,2024-05-06,North America,AI Platform,26246.27,8794.55,5476.74,19314.74,59832.3
CST001967,2024-05-06,Europe,AI Platform,22622.28,7528.99,4906.77,18051.89,53109.93
CST001968,2024-05-06,APAC,AI Platform,14346.08,5025.55,3963.74,15055.96,38391.32
CST001969,2024-05-07,India,AI Platform,15721.23,5047.33,4479.64,12972.15,38220.36
CST001970,2024-05-07,North America,AI Platform,21680.74,8682.93,6273.99,24044.43,60682.1
CST001971,2024-05-07,Europe,AI Platform,19200.3,7481.3,5379.42,18055.75,50116.77
CST001972,2024-05-07,APAC,AI Platform,13084.03,4938.65,3556.46,13481.32,35060.45
CST001973,2024-05-08,India,AI Platform,14018.8,4992.78,3661.79,14923.54,37596.9
CST001974,2024-05-08,North America,AI Platform,27163.07,7802.93,5199.75,23147.48,63313.23
CST001975,2024-05-08,Europe,AI Platform,22136.45,7296.81,4535.09,19883.04,53851.4
CST001976,2024-05-08,APAC,AI Platform,14269.1,5506.93,3937.06,12217.02,35930.11
CST001977,2024-05-09,India,AI Platform,19096.96,5469.36,3477.77,14457.37,42501.46
CST001978,2024-05-09,North America,AI Platform,22080.76,8896.58,5730.04,25653.77,62361.15
CST001979,2024-05-09,Europe,AI Platform,19969.82,6870.64,4423.05,21285.1,52548.61
CST001980,2024-05-09,APAC,AI Platform,14298.1,5195.2,3476.14,13653.55,36622.99
CST001981,2024-05-10,India,AI Platform,15760.3,5656.66,4060.11,15513.45,40990.52
CST001982,2024-05-10,North America,AI Platform,26938.46,7962.44,6563.05,20311.39,61775.34
CST001983,2024-05-10,Europe,AI Platform,21073.89,7188.95,5664.57,19571.79,53499.2
CST001984,2024-05-10,APAC,AI Platform,13812.06,5785.5,3204.74,15399.06,38201.35
CST001985,2024-05-11,India,AI Platform,16996.28,5586.44,4010.18,15154.38,41747.29
CST001986,2024-05-11,North America,AI Platform,25489.87,8317.99,6827.75,27174.51,67810.11
CST001987,2024-05-11,Europe,AI Platform,19835.3,7567.83,4439.72,20058.73,51901.59
CST001988,2024-05-11,APAC,AI Platform,14388.41,5240.6,3622.15,14333.81,37584.97
CST001989,2024-05-12,India,AI Platform,15024.11,5831.17,3986.34,19218.62,44060.25
CST001990,2024-05-12,North America,AI Platform,23852.1,8262.49,6292.89,24113.21,62520.68
CST001991,2024-05-12,Europe,AI Platform,19199.08,7470.02,4681.75,21220.68,52571.52
CST001992,2024-05-12,APAC,AI Platform,13623.51,5499.9,3611.56,11670.11,34405.07
CST001993,2024-05-13,India,AI Platform,15501.93,5587.43,3724.19,32564.75,57378.3
CST001994,2024-05-13,North America,AI Platform,26021.66,8314.34,6302.84,53965.42,94604.25
CST001995,2024-05-13,Europe,AI Platform,22584.38,6826.75,5162.95,39195.16,73769.25
CST001996,2024-05-13,APAC,AI Platform,14281.82,5158.1,3610.9,25041.71,48092.54
CST001997,2024-05-14,India,AI Platform,15925.72,5509.69,3968.13,34678.47,60082.02
CST001998,2024-05-14,North America,AI Platform,25652.97,8504.13,5515.29,50898.84,90571.23
CST001999,2024-05-14,Europe,AI Platform,21347.22,7072.0,4234.31,40114.59,72768.12
CST002000,2024-05-14,APAC,AI Platform,12950.12,4790.58,3809.43,27262.82,48812.95
CST002001,2024-05-15,India,AI Platform,15644.75,5485.72,4443.6,33200.35,58774.41
CST002002,2024-05-15,North America,AI Platform,23353.93,8829.45,5648.23,60530.76,98362.37
CST002003,2024-05-15,Europe,AI Platform,19569.59,7564.31,5433.71,41020.8,73588.41
CST002004,2024-05-15,APAC,AI Platform,15649.51,5152.18,3513.13,28226.64,52541.46
CST002005,2024-05-16,India,AI Platform,15211.56,5649.87,4553.76,35990.18,61405.37
CST002006,2024-05-16,North America,AI Platform,27279.58,8687.83,5865.99,40944.11,82777.51
CST002007,2024-05-16,Europe,AI Platform,21294.48,7404.97,4858.48,38086.58,71644.52
CST002008,2024-05-16,APAC,AI Platform,13756.06,5098.84,3619.8,27748.0,50222.69
CST002009,2024-05-17,India,AI Platform,16920.04,5729.57,4038.09,45337.16,72024.85
CST002010,2024-05-17,North America,AI Platform,25247.06,8942.53,6017.26,49993.44,90200.29
CST002011,2024-05-17,Europe,AI Platform,19443.38,7306.04,5205.92,38130.12,70085.45
CST002012,2024-05-17,APAC,AI Platform,14284.72,5158.76,3580.79,29189.58,52213.85
CST002013,2024-05-18,India,AI Platform,16744.4,6278.35,4303.59,25609.38,52935.72
CST002014,2024-05-18,North America,AI Platform,26048.26,8736.19,6612.87,38594.19,79991.52
CST002015,2024-05-18,Europe,AI Platform,20381.53,6715.03,5210.9,43500.35,75807.81
CST002016,2024-05-18,APAC,AI Platform,15465.08,4812.77,3381.28,28214.64,51873.77
CST002017,2024-05-19,India,AI Platform,15435.27,5591.1,3922.56,32209.86,57158.78
CST002018,2024-05-19,North America,AI Platform,23225.66,8613.32,6919.77,47397.85,86156.6
CST002019,2024-05-19,Europe,AI Platform,23389.09,7298.43,4721.18,37656.13,73064.82
CST002020,2024-05-19,APAC,AI Platform,14979.39,4999.48,3475.58,26599.28,50053.73
CST002021,2024-05-20,India,AI Platform,15273.08,5655.53,3437.05,14588.34,38954.0
CST002022,2024-05-20,North America,AI Platform,28422.69,9007.41,6176.49,26366.02,69972.61
CST002023,2024-05-20,Europe,AI Platform,19424.92,6630.81,5204.94,17785.64,49046.31
CST002024,2024-05-20,APAC,AI Platform,14587.75,5000.0,3518.31,10778.82,33884.88
CST002025,2024-05-21,India,AI Platform,15568.32,5332.2,4061.02,15784.84,40746.38
CST002026,2024-05-21,North America,AI Platform,24893.08,9061.61,6183.58,29575.73,69714.0
CST002027,2024-05-21,Europe,AI Platform,20718.39,7506.87,5166.84,19690.83,53082.93
CST002028,2024-05-21,APAC,AI Platform,15455.29,5060.89,4257.78,13190.7,37964.66
CST002029,2024-05-22,India,AI Platform,17999.11,6111.21,3549.21,14800.66,42460.19
CST002030,2024-05-22,North America,AI Platform,23826.19,8608.41,6620.7,21723.39,60778.69
CST002031,2024-05-22,Europe,AI Platform,19770.85,7083.55,5511.29,22004.97,54370.66
CST002032,2024-05-22,APAC,AI Platform,13877.3,5106.46,4042.27,12937.4,35963.43
CST002033,2024-05-23,India,AI Platform,15293.72,5768.38,3358.51,13589.69,38010.29
CST002034,2024-05-23,North America,AI Platform,27690.22,7554.71,6756.6,23081.43,65082.96
CST002035,2024-05-23,Europe,AI Platform,21000.77,6901.38,4630.06,16228.29,48760.51
CST002036,2024-05-23,APAC,AI Platform,14876.06,5437.96,3623.65,12662.73,36600.4
CST002037,2024-05-24,India,AI Platform,15692.22,5912.27,4235.47,13218.51,39058.47
CST002038,2024-05-24,North America,AI Platform,23651.71,9003.0,5724.39,17880.63,56259.73
CST002039,2024-05-24,Europe,AI Platform,20435.46,7238.69,4653.75,19940.38,52268.27
CST002040,2024-05-24,APAC,AI Platform,17222.35,4950.28,3483.64,13336.93,38993.21
CST002041,2024-05-25,India,AI Platform,15321.92,5408.12,4415.5,14363.98,39509.52
CST002042,2024-05-25,North America,AI Platform,23395.25,8881.01,6538.14,21407.44,60221.84
CST002043,2024-05-25,Europe,AI Platform,22804.44,7228.57,5496.11,21304.88,56834.01
CST002044,2024-05-25,APAC,AI Platform,14314.65,4822.44,3407.24,11950.62,34494.94
CST002045,2024-05-26,India,AI Platform,17768.14,5781.94,3563.91,15771.57,42885.56
CST002046,2024-05-26,North America,AI Platform,22225.9,8261.37,6228.15,22341.63,59057.06
CST002047,2024-05-26,Europe,AI Platform,21712.88,6503.07,5870.1,18645.23,52731.27
CST002048,2024-05-26,APAC,AI Platform,14058.79,5296.09,3094.86,11703.14,34152.89
CST002049,2024-05-27,India,AI Platform,17680.39,6085.9,4009.41,15920.28,43695.97
CST002050,2024-05-27,North America,AI Platform,22818.86,7865.05,6056.2,26181.02,62921.13
CST002051,2024-05-27,Europe,AI Platform,20230.57,7190.54,5699.74,20707.57,53828.41
CST002052,2024-05-27,APAC,AI Platform,14278.58,5418.48,3276.45,14464.77,37438.28
CST002053,2024-05-28,India,AI Platform,15599.67,5627.29,3737.87,16578.85,41543.68
CST002054,2024-05-28,North America,AI Platform,24983.18,8171.9,5224.13,18754.71,57133.93
CST002055,2024-05-28,Europe,AI Platform,20633.42,7262.36,4834.23,20936.61,53666.63
CST002056,2024-05-28,APAC,AI Platform,13414.16,5062.48,4405.9,10686.81,33569.34
CST002057,2024-05-29,India,AI Platform,15256.12,5204.4,4322.8,13681.67,38464.98
CST002058,2024-05-29,North America,AI Platform,27337.61,8333.75,6181.68,25421.86,67274.9
CST002059,2024-05-29,Europe,AI Platform,20777.29,7162.21,5448.2,17758.73,51146.43
CST002060,2024-05-29,APAC,AI Platform,14904.6,5964.88,3470.14,13147.29,37486.91
CST002061,2024-05-30,India,AI Platform,15820.77,5563.49,3693.94,19734.91,44813.11
CST002062,2024-05-30,North America,AI Platform,25301.8,8449.15,5803.04,20461.64,60015.63
CST002063,2024-05-30,Europe,AI Platform,20084.74,6863.12,4900.28,17549.44,49397.57
CST002064,2024-05-30,APAC,AI Platform,13468.66,4813.39,3625.45,12945.81,34853.3
CST002065,2024-05-31,India,AI Platform,15697.73,5671.66,3503.95,14908.21,39781.55
CST002066,2024-05-31,North America,AI Platform,21691.8,9281.12,7311.06,25351.14,63635.14
CST002067,2024-05-31,Europe,AI Platform,22432.04,7192.76,4952.67,19040.92,53618.39
CST002068,2024-05-31,APAC,AI Platform,17496.38,4609.77,3617.53,15639.2,41362.88
CST002069,2024-06-01,India,AI Platform,16633.18,5566.86,4218.4,12935.78,39354.22
CST002070,2024-06-01,North America,AI Platform,29666.55,8575.22,6166.19,25224.83,69632.8
CST002071,2024-06-01,Europe,AI Platform,18689.04,7496.31,4290.55,17300.5,47776.42
CST002072,2024-06-01,APAC,AI Platform,15640.84,4845.57,3831.99,12285.92,36604.33
CST002073,2024-06-02,India,AI Platform,16081.75,5548.54,4598.87,15713.34,41942.51
CST002074,2024-06-02,North America,AI Platform,26230.32,8671.48,5918.9,25800.06,66620.76
CST002075,2024-06-02,Europe,AI Platform,19650.76,7669.13,5666.73,21332.51,54319.14
CST002076,2024-06-02,APAC,AI Platform,13687.35,4857.51,3821.24,11949.51,34315.62
CST002077,2024-06-03,India,AI Platform,14771.03,5828.94,3872.09,17118.8,41590.86
CST002078,2024-06-03,North America,AI Platform,24426.18,8878.24,6488.28,25865.04,65657.74
CST002079,2024-06-03,Europe,AI Platform,19693.23,7371.43,5579.1,26265.58,58909.34
CST002080,2024-06-03,APAC,AI Platform,16530.61,4933.59,2956.59,12967.67,37388.46
CST002081,2024-06-04,India,AI Platform,15896.2,5354.18,3527.73,16817.14,41595.25
CST002082,2024-06-04,North America,AI Platform,28286.72,8810.14,6129.05,18823.31,62049.23
CST002083,2024-06-04,Europe,AI Platform,20227.85,7284.33,5803.86,20219.42,53535.46
CST002084,2024-06-04,APAC,AI Platform,14177.47,5455.63,4247.04,13533.26,37413.4
CST002085,2024-06-05,India,AI Platform,16150.43,5850.54,3873.89,16211.05,42085.91
CST002086,2024-06-05,North America,AI Platform,23905.09,8349.68,5819.38,24640.08,62714.23
CST002087,2024-06-05,Europe,AI Platform,20190.51,7412.65,4760.32,16531.99,48895.48
CST002088,2024-06-05,APAC,AI Platform,15406.76,5099.68,4046.61,12887.36,37440.41
CST002089,2024-06-06,India,AI Platform,17599.05,5358.28,3535.46,14916.42,41409.2
CST002090,2024-06-06,North America,AI Platform,23977.18,9362.59,5479.24,23471.41,62290.42
CST002091,2024-06-06,Europe,AI Platform,20284.37,7580.78,4771.14,17724.25,50360.53
CST002092,2024-06-06,APAC,AI Platform,13038.3,5350.78,3528.43,13863.35,35780.87
CST002093,2024-06-07,India,AI Platform,17114.73,5405.53,3433.13,13629.39,39582.78
CST002094,2024-06-07,North America,AI Platform,24813.76,8408.3,5781.6,20579.46,59583.11
CST002095,2024-06-07,Europe,AI Platform,22221.2,7336.35,4844.04,16710.76,51112.35
CST002096,2024-06-07,APAC,AI Platform,13528.48,4767.47,3216.75,11170.75,32683.46
CST002097,2024-06-08,India,AI Platform,17573.58,5595.75,4767.97,13777.71,41715.0
CST002098,2024-06-08,North America,AI Platform,27043.12,8453.18,6133.74,23222.33,64852.36
CST002099,2024-06-08,Europe,AI Platform,19197.62,7414.43,5530.17,17938.11,50080.33
CST002100,2024-06-08,APAC,AI Platform,16968.07,4816.9,3537.51,15451.45,40773.94
CST002101,2024-06-09,India,AI Platform,16080.33,5582.82,3380.64,16782.13,41825.92
CST002102,2024-06-09,North America,AI Platform,24827.83,9044.32,5571.45,23758.23,63201.84
CST002103,2024-06-09,Europe,AI Platform,24444.61,6697.24,5593.32,21329.76,58064.93
CST002104,2024-06-09,APAC,AI Platform,16473.35,5116.81,3369.47,13144.92,38104.56
CST002105,2024-06-10,India,AI Platform,14668.63,5609.26,4046.64,14269.92,38594.45
CST002106,2024-06-10,North America,AI Platform,23336.33,9491.82,6949.25,23085.9,62863.3
CST002107,2024-06-10,Europe,AI Platform,21158.65,7348.09,4678.54,18415.83,51601.11
CST002108,2024-06-10,APAC,AI Platform,15182.37,5057.52,3731.72,14028.72,38000.33
CST002109,2024-06-11,India,AI Platform,17151.65,5742.89,4243.12,17936.73,45074.38
CST002110,2024-06-11,North America,AI Platform,24306.95,8056.83,5912.39,26121.97,64398.13
CST002111,2024-06-11,Europe,AI Platform,21415.96,7418.6,5227.89,21063.82,55126.27
CST002112,2024-06-11,APAC,AI Platform,14628.62,5154.84,3511.93,14638.51,37933.89
CST002113,2024-06-12,India,AI Platform,19263.25,5765.96,4150.28,15490.37,44669.86
CST002114,2024-06-12,North America,AI Platform,25455.38,8989.79,5604.21,19403.22,59452.6
CST002115,2024-06-12,Europe,AI Platform,19478.96,7026.0,5286.13,17674.38,49465.48
CST002116,2024-06-12,APAC,AI Platform,15707.92,4984.31,3662.67,12946.26,37301.15
CST002117,2024-06-13,India,AI Platform,17729.43,6062.96,4178.17,14614.53,42585.1
CST002118,2024-06-13,North America,AI Platform,25660.76,9205.39,5936.53,21699.42,62502.1
CST002119,2024-06-13,Europe,AI Platform,18176.07,7409.63,5221.61,19449.84,50257.16
CST002120,2024-06-13,APAC,AI Platform,14523.95,5061.18,3546.2,14824.21,37955.54
CST002121,2024-06-14,India,AI Platform,16278.02,6177.1,4451.74,14008.61,40915.48
CST002122,2024-06-14,North America,AI Platform,27704.34,9154.59,6347.49,21010.6,64217.01
CST002123,2024-06-14,Europe,AI Platform,21709.49,7950.54,4890.4,21485.29,56035.72
CST002124,2024-06-14,APAC,AI Platform,14756.93,4907.19,3620.98,14702.51,37987.6
CST002125,2024-06-15,India,AI Platform,16932.07,5820.39,4197.19,16204.67,43154.33
CST002126,2024-06-15,North America,AI Platform,24777.96,8496.76,5707.98,24004.95,62987.65
CST002127,2024-06-15,Europe,AI Platform,20260.75,7606.1,4673.2,19102.78,51642.83
CST002128,2024-06-15,APAC,AI Platform,15493.74,5177.32,3183.72,13213.85,37068.61
CST002129,2024-06-16,India,AI Platform,18945.99,5506.1,4360.71,15891.23,44704.02
CST002130,2024-06-16,North America,AI Platform,26365.32,8528.8,6245.04,23934.33,65073.49
CST002131,2024-06-16,Europe,AI Platform,22391.01,7035.45,4532.33,20486.44,54445.23
CST002132,2024-06-16,APAC,AI Platform,13469.01,4846.97,3576.76,16481.43,38374.17
CST002133,2024-06-17,India,AI Platform,15872.91,5928.93,3534.17,16947.88,42283.89
CST002134,2024-06-17,North America,AI Platform,26300.79,8459.0,5465.45,23081.06,63306.3
CST002135,2024-06-17,Europe,AI Platform,20741.88,7346.07,5078.67,17712.28,50878.91
CST002136,2024-06-17,APAC,AI Platform,14344.16,5083.55,3256.64,11295.08,33979.44
CST002137,2024-06-18,India,AI Platform,17843.43,5546.39,4293.48,17193.78,44877.08
CST002138,2024-06-18,North America,AI Platform,24703.11,9183.62,5809.27,29454.37,69150.36
CST002139,2024-06-18,Europe,AI Platform,22178.46,7239.66,5386.45,19146.04,53950.62
CST002140,2024-06-18,APAC,AI Platform,14725.71,4662.91,2920.88,16689.26,38998.76
CST002141,2024-06-19,India,AI Platform,15060.06,5855.09,3607.43,15703.4,40225.98
CST002142,2024-06-19,North America,AI Platform,22699.03,8791.42,5996.02,23581.3,61067.77
CST002143,2024-06-19,Europe,AI Platform,19261.11,7255.06,5125.23,18835.39,50476.78
CST002144,2024-06-19,APAC,AI Platform,14625.93,5045.17,3467.16,15046.85,38185.11
CST002145,2024-06-20,India,AI Platform,18481.04,5761.67,3582.29,15164.7,42989.69
CST002146,2024-06-20,North America,AI Platform,24269.41,8194.75,6459.61,22671.87,61595.65
CST002147,2024-06-20,Europe,AI Platform,20064.74,8078.56,4630.16,19486.48,52259.95
CST002148,2024-06-20,APAC,AI Platform,16991.05,5236.28,3829.84,12285.89,38343.06
CST002149,2024-06-21,India,AI Platform,19009.81,5721.93,4282.79,16294.17,45308.71
CST002150,2024-06-21,North America,AI Platform,26047.22,8194.01,6156.59,20212.02,60609.85
CST002151,2024-06-21,Europe,AI Platform,20144.74,7757.26,4862.89,22329.3,55094.19
CST002152,2024-06-21,APAC,AI Platform,14781.91,5139.5,3307.45,16390.14,39618.99
CST002153,2024-06-22,India,AI Platform,17526.05,5610.89,3913.74,12341.69,39392.38
CST002154,2024-06-22,North America,AI Platform,25066.52,9504.87,5954.54,24971.43,65497.36
CST002155,2024-06-22,Europe,AI Platform,22686.79,7466.42,5369.95,22414.93,57938.08
CST002156,2024-06-22,APAC,AI Platform,13066.99,5793.35,3677.08,13668.97,36206.39
CST002157,2024-06-23,India,AI Platform,16854.15,5569.83,4536.61,16655.55,43616.15
CST002158,2024-06-23,North America,AI Platform,25971.35,9070.76,5633.21,21393.26,62068.58
CST002159,2024-06-23,Europe,AI Platform,21815.33,7866.37,4808.65,19643.61,54133.95
CST002160,2024-06-23,APAC,AI Platform,15318.94,5450.06,3702.44,15027.27,39498.71
CST002161,2024-06-24,India,AI Platform,17987.88,6109.87,4173.13,13794.61,42065.49
CST002162,2024-06-24,North America,AI Platform,27026.22,8810.74,6749.09,26795.55,69381.61
CST002163,2024-06-24,Europe,AI Platform,20945.12,6781.95,5478.97,20400.52,53606.55
CST002164,2024-06-24,APAC,AI Platform,13922.57,5536.87,3317.2,13089.79,35866.43
CST002165,2024-06-25,India,AI Platform,16713.81,5700.38,4258.29,14031.95,40704.43
CST002166,2024-06-25,North America,AI Platform,26821.55,8338.45,6529.3,21672.1,63361.4
CST002167,2024-06-25,Europe,AI Platform,24168.6,6686.22,4783.06,22865.7,58503.58
CST002168,2024-06-25,APAC,AI Platform,15171.21,5352.49,3510.03,11298.95,35332.68
CST002169,2024-06-26,India,AI Platform,18478.96,5536.17,4070.15,12968.16,41053.44
CST002170,2024-06-26,North America,AI Platform,27079.65,8973.6,6205.41,22523.11,64781.77
CST002171,2024-06-26,Europe,AI Platform,20840.09,8481.37,5071.65,20733.47,55126.57
CST002172,2024-06-26,APAC,AI Platform,14361.81,5462.01,3495.63,14743.07,38062.52
CST002173,2024-06-27,India,AI Platform,17451.05,6043.32,4670.6,17490.95,45655.91
CST002174,2024-06-27,North America,AI Platform,25388.74,8765.38,6531.25,24482.05,65167.42
CST002175,2024-06-27,Europe,AI Platform,20065.61,7453.94,5295.73,22977.58,55792.86
CST002176,2024-06-27,APAC,AI Platform,15997.72,5233.5,3810.55,16735.7,41777.47
CST002177,2024-06-28,India,AI Platform,17654.73,5714.93,4152.17,12214.29,39736.11
CST002178,2024-06-28,North America,AI Platform,23732.41,8179.32,5980.22,22000.96,59892.91
CST002179,2024-06-28,Europe,AI Platform,19798.55,7879.43,4981.75,21967.72,54627.45
CST002180,2024-06-28,APAC,AI Platform,17935.6,5172.41,3203.82,13652.09,39963.92
CST002181,2024-06-29,India,AI Platform,17383.45,5820.61,4399.55,16437.35,44040.97
CST002182,2024-06-29,North America,AI Platform,24872.25,8657.99,6572.39,25471.83,65574.47
CST002183,2024-06-29,Europe,AI Platform,22912.31,6865.25,5355.17,19131.82,54264.55
CST002184,2024-06-29,APAC,AI Platform,16209.91,5228.24,3773.56,15872.71,41084.42
CST002185,2024-06-30,India,AI Platform,17436.05,5896.29,4249.91,13702.62,41284.87
CST002186,2024-06-30,North America,AI Platform,25403.9,8050.85,5702.7,20331.57,59489.02
CST002187,2024-06-30,Europe,AI Platform,21197.88,7233.77,5251.91,23044.91,56728.46
CST002188,2024-06-30,APAC,AI Platform,16187.23,5716.08,3506.47,13735.67,39145.46
CST002189,2024-07-01,India,AI Platform,15857.5,5917.54,4051.88,11592.37,37419.28
CST002190,2024-07-01,North America,AI Platform,24288.92,8633.43,7456.52,12878.0,53256.88
CST002191,2024-07-01,Europe,AI Platform,20803.83,8405.19,4896.12,13120.06,47225.2
CST002192,2024-07-01,APAC,AI Platform,13638.98,4997.19,3351.29,10001.19,31988.64
CST002193,2024-07-02,India,AI Platform,15610.38,5585.96,3784.85,10356.74,35337.93
CST002194,2024-07-02,North America,AI Platform,27914.75,8440.1,5992.38,16875.58,59222.81
CST002195,2024-07-02,Europe,AI Platform,20459.17,7345.19,4826.98,12922.04,45553.39
CST002196,2024-07-02,APAC,AI Platform,14202.44,5306.35,2899.12,8634.8,31042.71
CST002197,2024-07-03,India,AI Platform,18085.01,6471.06,4109.67,9834.69,38500.44
CST002198,2024-07-03,North America,AI Platform,24854.48,8922.59,6114.3,13809.66,53701.04
CST002199,2024-07-03,Europe,AI Platform,20718.51,7721.39,5110.52,14141.22,47691.64
CST002200,2024-07-03,APAC,AI Platform,16895.8,4816.7,4263.43,8153.95,34129.89
CST002201,2024-07-04,India,AI Platform,15538.29,5846.73,4001.27,9975.44,35361.73
CST002202,2024-07-04,North America,AI Platform,27248.91,8798.57,6699.89,14678.03,57425.4
CST002203,2024-07-04,Europe,AI Platform,21681.13,7435.65,5527.03,12002.65,46646.46
CST002204,2024-07-04,APAC,AI Platform,14690.73,5045.99,3574.45,8903.44,32214.61
CST002205,2024-07-05,India,AI Platform,15669.61,5839.42,3913.79,10559.45,35982.27
CST002206,2024-07-05,North America,AI Platform,27916.82,9287.65,6527.39,12779.84,56511.7
CST002207,2024-07-05,Europe,AI Platform,19840.47,7441.66,4844.87,11431.5,43558.49
CST002208,2024-07-05,APAC,AI Platform,15539.13,5602.98,4195.92,8535.93,33873.95
CST002209,2024-07-06,India,AI Platform,18673.72,5550.69,4737.59,9298.01,38260.0
CST002210,2024-07-06,North America,AI Platform,25528.23,8603.69,6303.31,13969.66,54404.9
CST002211,2024-07-06,Europe,AI Platform,21589.1,7454.27,4672.79,12749.55,46465.72
CST002212,2024-07-06,APAC,AI Platform,15264.68,5624.15,3503.55,7520.93,31913.31
CST002213,2024-07-07,India,AI Platform,14335.03,6020.11,3781.71,9904.14,34040.99
CST002214,2024-07-07,North America,AI Platform,25385.65,8641.25,7353.65,16772.34,58152.88
CST002215,2024-07-07,Europe,AI Platform,23279.23,7340.88,4567.5,13607.54,48795.14
CST002216,2024-07-07,APAC,AI Platform,14627.37,5247.02,3989.68,8821.44,32685.51
CST002217,2024-07-08,India,AI Platform,15060.46,5744.44,4279.86,9429.63,34514.39
CST002218,2024-07-08,North America,AI Platform,25441.15,8599.68,6188.25,15681.88,55910.96
CST002219,2024-07-08,Europe,AI Platform,21334.82,7861.41,4217.41,13414.65,46828.29
CST002220,2024-07-08,APAC,AI Platform,14717.15,5750.83,4602.76,8624.58,33695.32
CST002221,2024-07-09,India,AI Platform,16748.13,5632.82,3868.49,9240.29,35489.73
CST002222,2024-07-09,North America,AI Platform,27771.9,8989.15,5881.8,13218.36,55861.2
CST002223,2024-07-09,Europe,AI Platform,21973.55,7408.87,5048.3,13239.85,47670.57
CST002224,2024-07-09,APAC,AI Platform,16818.93,4994.09,3639.59,8922.24,34374.85
CST002225,2024-07-10,India,AI Platform,17112.22,6048.85,4999.26,11452.19,39612.52
CST002226,2024-07-10,North America,AI Platform,24526.08,8022.3,5346.0,14051.04,51945.43
CST002227,2024-07-10,Europe,AI Platform,22254.17,7666.33,5555.93,12074.41,47550.84
CST002228,2024-07-10,APAC,AI Platform,13834.14,5187.36,3380.41,9051.13,31453.04
CST002229,2024-07-11,India,AI Platform,16659.18,5964.57,3689.37,9646.18,35959.3
CST002230,2024-07-11,North America,AI Platform,24271.11,9752.3,6041.93,14886.75,54952.1
CST002231,2024-07-11,Europe,AI Platform,21678.7,7395.13,5425.0,12811.03,47309.86
CST002232,2024-07-11,APAC,AI Platform,14842.3,5185.69,3693.39,11323.52,35044.9
CST002233,2024-07-12,India,AI Platform,18220.24,5439.73,4101.43,11953.83,39715.23
CST002234,2024-07-12,North America,AI Platform,26313.93,8458.84,6254.84,19438.6,60466.22
CST002235,2024-07-12,Europe,AI Platform,19982.89,7213.53,4925.95,12079.8,44202.17
CST002236,2024-07-12,APAC,AI Platform,14842.97,5126.12,3782.14,8328.4,32079.64
CST002237,2024-07-13,India,AI Platform,15518.91,6473.18,4211.46,11753.12,37956.66
CST002238,2024-07-13,North America,AI Platform,25582.0,9244.53,6373.0,17218.22,58417.76
CST002239,2024-07-13,Europe,AI Platform,22358.62,7978.95,5580.17,13130.35,49048.08
CST002240,2024-07-13,APAC,AI Platform,13526.78,5161.83,3683.83,8865.36,31237.8
CST002241,2024-07-14,India,AI Platform,16028.52,5982.1,4500.24,12076.49,38587.36
CST002242,2024-07-14,North America,AI Platform,28829.06,8607.13,5284.26,12749.03,55469.47
CST002243,2024-07-14,Europe,AI Platform,21096.12,7592.73,4788.76,13245.84,46723.45
CST002244,2024-07-14,APAC,AI Platform,16558.28,4854.18,3236.46,10556.74,35205.66
CST002245,2024-07-15,India,AI Platform,17428.86,5851.75,3928.57,10088.72,37297.91
CST002246,2024-07-15,North America,AI Platform,25066.21,9122.66,6402.41,15762.81,56354.09
CST002247,2024-07-15,Europe,AI Platform,22937.02,7539.18,5107.76,12678.23,48262.2
CST002248,2024-07-15,APAC,AI Platform,16389.97,5506.51,3679.83,8264.83,33841.15
CST002249,2024-07-16,India,AI Platform,14846.69,6100.67,3734.91,9111.2,33793.47
CST002250,2024-07-16,North America,AI Platform,24938.24,7916.98,5985.52,16691.8,55532.55
CST002251,2024-07-16,Europe,AI Platform,22191.53,7577.68,4968.86,14114.04,48852.11
CST002252,2024-07-16,APAC,AI Platform,15911.73,4834.3,3820.12,7191.42,31757.57
CST002253,2024-07-17,India,AI Platform,16295.54,5991.11,4331.57,8716.1,35334.31
CST002254,2024-07-17,North America,AI Platform,24605.76,9382.07,6482.42,16322.91,56793.16
CST002255,2024-07-17,Europe,AI Platform,25334.46,7231.44,5730.4,12598.96,50895.27
CST002256,2024-07-17,APAC,AI Platform,15193.93,5501.32,3837.11,8244.6,32776.95
CST002257,2024-07-18,India,AI Platform,16275.74,5829.83,3992.26,11752.75,37850.59
CST002258,2024-07-18,North America,AI Platform,28659.93,8799.87,7270.74,14157.58,58888.11
CST002259,2024-07-18,Europe,AI Platform,17497.5,7751.89,5180.03,12081.62,42511.05
CST002260,2024-07-18,APAC,AI Platform,14026.04,5356.26,4020.97,7698.13,31101.39
CST002261,2024-07-19,India,AI Platform,19118.54,6006.33,3849.92,9904.93,38879.72
CST002262,2024-07-19,North America,AI Platform,27392.9,8393.14,5750.71,13234.16,54770.91
CST002263,2024-07-19,Europe,AI Platform,23649.59,7380.64,5747.57,11870.32,48648.12
CST002264,2024-07-19,APAC,AI Platform,15201.94,5631.53,3553.4,10464.35,34851.22
CST002265,2024-07-20,India,AI Platform,16540.02,5974.97,3671.97,9708.2,35895.16
CST002266,2024-07-20,North America,AI Platform,31323.59,8638.51,6538.82,13677.51,60178.43
CST002267,2024-07-20,Europe,AI Platform,21466.71,7961.85,5155.66,13082.84,47667.06
CST002268,2024-07-20,APAC,AI Platform,14621.52,4783.48,3647.59,8762.69,31815.27
CST002269,2024-07-21,India,AI Platform,17223.84,5067.83,4009.48,9321.86,35623.02
CST002270,2024-07-21,North America,AI Platform,24240.54,8935.91,6435.56,15499.0,55111.02
CST002271,2024-07-21,Europe,AI Platform,19692.68,7390.14,5990.6,14285.5,47358.92
CST002272,2024-07-21,APAC,AI Platform,13734.73,5315.03,3584.99,8918.44,31553.18
CST002273,2024-07-22,India,AI Platform,16125.82,5690.24,4001.8,10151.79,35969.65
CST002274,2024-07-22,North America,AI Platform,24653.34,9156.51,6927.72,15732.7,56470.28
CST002275,2024-07-22,Europe,AI Platform,23009.9,6910.55,5525.93,13898.61,49344.99
CST002276,2024-07-22,APAC,AI Platform,14585.44,5114.68,3697.59,7433.71,30831.42
CST002277,2024-07-23,India,AI Platform,16488.1,5722.67,4124.14,10347.61,36682.52
CST002278,2024-07-23,North America,AI Platform,26296.97,8010.67,6023.61,14602.17,54933.42
CST002279,2024-07-23,Europe,AI Platform,23192.09,7388.4,5793.11,13389.34,49762.94
CST002280,2024-07-23,APAC,AI Platform,14371.39,5484.35,3809.69,8441.31,32106.74
CST002281,2024-07-24,India,AI Platform,14537.62,5645.54,4859.73,8723.62,33766.51
CST002282,2024-07-24,North America,AI Platform,23929.07,8856.45,5919.72,14048.1,52753.34
CST002283,2024-07-24,Europe,AI Platform,23496.45,7374.05,4935.25,11255.1,47060.85
CST002284,2024-07-24,APAC,AI Platform,13526.14,4928.03,3403.6,8381.89,30239.65
CST002285,2024-07-25,India,AI Platform,16883.46,5679.98,3399.1,10278.63,36241.17
CST002286,2024-07-25,North America,AI Platform,25093.63,9055.94,5453.77,15730.18,55333.53
CST002287,2024-07-25,Europe,AI Platform,22036.11,7207.46,5505.85,11727.81,46477.23
CST002288,2024-07-25,APAC,AI Platform,16173.36,5109.2,3900.0,8941.16,34123.72
CST002289,2024-07-26,India,AI Platform,18297.77,5728.62,4307.85,8346.8,36681.04
CST002290,2024-07-26,North America,AI Platform,24686.92,8516.94,5710.59,17198.08,56112.53
CST002291,2024-07-26,Europe,AI Platform,22398.02,7810.5,5414.68,12605.58,48228.78
CST002292,2024-07-26,APAC,AI Platform,14772.22,5142.75,3385.53,10095.35,33395.86
CST002293,2024-07-27,India,AI Platform,18205.86,5924.49,4146.63,10428.38,38705.35
CST002294,2024-07-27,North America,AI Platform,24576.99,8369.55,6578.43,15589.83,55114.8
CST002295,2024-07-27,Europe,AI Platform,20352.33,7120.5,5539.92,12877.42,45890.17
CST002296,2024-07-27,APAC,AI Platform,16417.13,5063.18,3816.64,9600.5,34897.45
CST002297,2024-07-28,India,AI Platform,18299.2,5327.13,3764.13,9298.0,36688.46
CST002298,2024-07-28,North America,AI Platform,26628.22,8393.15,6373.05,13574.17,54968.58
CST002299,2024-07-28,Europe,AI Platform,19995.73,7507.76,4125.9,14133.13,45762.52
CST002300,2024-07-28,APAC,AI Platform,13589.66,4839.16,3784.39,8185.05,30398.26
CST002301,2024-07-29,India,AI Platform,17553.84,5780.85,4376.97,11582.63,39294.29
CST002302,2024-07-29,North America,AI Platform,24206.45,8920.42,6043.48,13920.16,53090.5
CST002303,2024-07-29,Europe,AI Platform,22953.9,8054.7,5050.63,12535.12,48594.36
CST002304,2024-07-29,APAC,AI Platform,15606.64,5291.75,2936.86,7650.91,31486.16
CST002305,2024-07-30,India,AI Platform,15711.52,5760.22,4234.2,8909.7,34615.64
CST002306,2024-07-30,North America,AI Platform,27702.5,9054.53,6198.53,16902.16,59857.72
CST002307,2024-07-30,Europe,AI Platform,20950.27,7382.8,5129.37,9960.21,43422.65
CST002308,2024-07-30,APAC,AI Platform,14368.25,5048.39,3098.62,9296.59,31811.84
CST002309,2024-07-31,India,AI Platform,16955.05,5568.72,4621.76,11846.97,38992.51
CST002310,2024-07-31,North America,AI Platform,26327.85,9444.53,6675.82,17130.74,59578.94
CST002311,2024-07-31,Europe,AI Platform,24310.7,6720.62,4808.39,13595.35,49435.07
CST002312,2024-07-31,APAC,AI Platform,15967.82,5006.6,3138.3,7291.68,31404.4
CST002313,2024-08-01,India,AI Platform,18757.99,6214.87,3961.14,10611.16,39545.16
CST002314,2024-08-01,North America,AI Platform,24994.28,8700.04,6867.01,14317.35,54878.67
CST002315,2024-08-01,Europe,AI Platform,24353.23,7537.8,4583.91,11065.69,47540.63
CST002316,2024-08-01,APAC,AI Platform,16549.27,5626.77,3278.2,8184.84,33639.08
CST002317,2024-08-02,India,AI Platform,16894.93,6076.61,4374.84,10215.19,37561.58
CST002318,2024-08-02,North America,AI Platform,25146.38,8850.17,6535.39,15395.07,55927.01
CST002319,2024-08-02,Europe,AI Platform,22737.27,7488.13,5363.2,15325.55,50914.15
CST002320,2024-08-02,APAC,AI Platform,14066.58,5158.82,4033.28,10095.55,33354.23
CST002321,2024-08-03,India,AI Platform,15298.34,5837.08,4734.27,10404.15,36273.83
CST002322,2024-08-03,North America,AI Platform,25761.21,8883.37,6255.97,14295.14,55195.69
CST002323,2024-08-03,Europe,AI Platform,22765.12,7153.24,5254.4,13706.65,48879.41
CST002324,2024-08-03,APAC,AI Platform,15443.72,5354.09,3885.08,8852.34,33535.23
CST002325,2024-08-04,India,AI Platform,16816.22,5672.03,3859.48,9607.86,35955.6
CST002326,2024-08-04,North America,AI Platform,25861.98,8987.76,6538.59,15750.09,57138.42
CST002327,2024-08-04,Europe,AI Platform,20657.74,7562.32,5629.15,11193.43,45042.63
CST002328,2024-08-04,APAC,AI Platform,14885.66,5307.98,3293.83,10382.98,33870.45
CST002329,2024-08-05,India,AI Platform,18487.95,5711.67,3507.78,8787.19,36494.59
CST002330,2024-08-05,North America,AI Platform,27024.19,8781.97,7126.86,15678.67,58611.7
CST002331,2024-08-05,Europe,AI Platform,18425.51,7871.07,5447.14,11115.76,42859.48
CST002332,2024-08-05,APAC,AI Platform,15477.7,5619.67,3513.92,8680.27,33291.56
CST002333,2024-08-06,India,AI Platform,17913.43,5729.4,3829.79,8901.4,36374.03
CST002334,2024-08-06,North America,AI Platform,25354.3,9285.52,6193.58,17724.26,58557.66
CST002335,2024-08-06,Europe,AI Platform,22438.89,8248.5,4720.77,10520.07,45928.23
CST002336,2024-08-06,APAC,AI Platform,15987.14,5228.63,3526.95,9096.03,33838.74
CST002337,2024-08-07,India,AI Platform,17576.28,6081.19,4140.27,10941.28,38739.02
CST002338,2024-08-07,North America,AI Platform,26927.12,9437.2,6177.02,15028.13,57569.47
CST002339,2024-08-07,Europe,AI Platform,22549.2,7021.14,6081.57,12200.45,47852.36
CST002340,2024-08-07,APAC,AI Platform,15268.47,4895.59,3327.63,10316.12,33807.81
CST002341,2024-08-08,India,AI Platform,17809.65,6164.5,3651.41,9438.59,37064.15
CST002342,2024-08-08,North America,AI Platform,28914.64,8911.25,5720.08,16109.42,59655.4
CST002343,2024-08-08,Europe,AI Platform,21211.04,6954.71,5195.89,12625.4,45987.04
CST002344,2024-08-08,APAC,AI Platform,14865.76,5228.95,3417.92,9353.15,32865.78
CST002345,2024-08-09,India,AI Platform,19136.94,5665.41,4108.75,9677.22,38588.32
CST002346,2024-08-09,North America,AI Platform,25748.3,8819.33,6756.25,14970.27,56294.15
CST002347,2024-08-09,Europe,AI Platform,22253.97,7688.17,5130.94,12549.81,47622.89
CST002348,2024-08-09,APAC,AI Platform,14940.11,4907.16,3366.35,11196.4,34410.02
CST002349,2024-08-10,India,AI Platform,15020.9,5679.26,4270.25,9589.23,34559.65
CST002350,2024-08-10,North America,AI Platform,26595.83,8791.99,7001.3,12724.1,55113.21
CST002351,2024-08-10,Europe,AI Platform,21422.04,7745.5,5607.3,13425.04,48199.88
CST002352,2024-08-10,APAC,AI Platform,16083.98,5299.91,3895.15,11039.65,36318.68
CST002353,2024-08-11,India,AI Platform,16212.59,6027.57,3890.42,9399.51,35530.09
CST002354,2024-08-11,North America,AI Platform,24026.92,9148.55,6306.51,15475.18,54957.16
CST002355,2024-08-11,Europe,AI Platform,24137.05,7939.65,5038.38,9534.15,46649.22
CST002356,2024-08-11,APAC,AI Platform,14143.1,5259.18,3787.82,9093.43,32283.53
CST002357,2024-08-12,India,AI Platform,17673.88,6493.09,4491.85,9589.89,38248.71
CST002358,2024-08-12,North America,AI Platform,23655.52,8725.11,5407.45,13359.01,51147.09
CST002359,2024-08-12,Europe,AI Platform,22224.53,7438.35,4999.1,14256.46,48918.44
CST002360,2024-08-12,APAC,AI Platform,16822.13,5578.75,3781.84,8850.94,35033.65
CST002361,2024-08-13,India,AI Platform,19064.33,5793.75,4556.09,10831.65,40245.82
CST002362,2024-08-13,North America,AI Platform,25752.27,10180.46,6726.77,13231.94,55891.44
CST002363,2024-08-13,Europe,AI Platform,18069.11,7954.6,5519.05,14586.93,46129.69
CST002364,2024-08-13,APAC,AI Platform,17042.89,4884.07,3526.96,7759.51,33213.43
CST002365,2024-08-14,India,AI Platform,17944.54,6031.38,4278.82,9302.26,37557.01
CST002366,2024-08-14,North America,AI Platform,25071.1,8534.38,5975.81,17769.29,57350.58
CST002367,2024-08-14,Europe,AI Platform,22513.91,7530.25,5500.17,14651.05,50195.38
CST002368,2024-08-14,APAC,AI Platform,13811.02,4958.55,3837.86,10513.64,33121.07
CST002369,2024-08-15,India,AI Platform,17534.08,6149.46,4208.96,9221.65,37114.16
CST002370,2024-08-15,North America,AI Platform,29414.87,9327.57,5473.59,14069.21,58285.24
CST002371,2024-08-15,Europe,AI Platform,20996.54,7761.7,5313.36,12293.98,46365.58
CST002372,2024-08-15,APAC,AI Platform,16333.21,5334.18,3388.51,11115.18,36171.07
CST002373,2024-08-16,India,AI Platform,16915.71,6152.76,4070.74,9334.87,36474.08
CST002374,2024-08-16,North America,AI Platform,23446.36,9041.73,5526.56,14890.06,52904.7
CST002375,2024-08-16,Europe,AI Platform,22872.83,7521.01,5359.3,12002.64,47755.77
CST002376,2024-08-16,APAC,AI Platform,14847.39,5345.72,3748.54,9674.62,33616.28
CST002377,2024-08-17,India,AI Platform,16851.69,5338.24,4453.2,10630.93,37274.07
CST002378,2024-08-17,North America,AI Platform,29702.65,8851.26,5823.25,16127.95,60505.11
CST002379,2024-08-17,Europe,AI Platform,23133.27,7912.56,4945.25,14653.62,50644.69
CST002380,2024-08-17,APAC,AI Platform,15071.23,5657.12,3612.15,7833.5,32174.0
CST002381,2024-08-18,India,AI Platform,18565.42,5580.57,3553.92,10495.05,38194.95
CST002382,2024-08-18,North America,AI Platform,24081.5,8651.06,6666.54,16232.78,55631.88
CST002383,2024-08-18,Europe,AI Platform,23187.37,7622.89,5726.24,12421.19,48957.69
CST002384,2024-08-18,APAC,AI Platform,14115.5,5243.07,3963.31,8887.87,32209.74
CST002385,2024-08-19,India,AI Platform,19778.36,5477.02,4442.03,10303.74,40001.15
CST002386,2024-08-19,North America,AI Platform,26423.94,8294.13,6415.86,15326.77,56460.7
CST002387,2024-08-19,Europe,AI Platform,19217.19,7631.87,5344.97,12272.64,44466.67
CST002388,2024-08-19,APAC,AI Platform,15719.65,4906.46,4300.58,8043.68,32970.37
CST002389,2024-08-20,India,AI Platform,17714.95,6173.51,3591.19,10570.62,38050.27
CST002390,2024-08-20,North America,AI Platform,26771.57,9839.75,6688.76,16949.07,60249.14
CST002391,2024-08-20,Europe,AI Platform,21882.07,7103.72,5133.69,11919.07,46038.55
CST002392,2024-08-20,APAC,AI Platform,16267.05,5612.64,3780.92,8438.94,34099.55
CST002393,2024-08-21,India,AI Platform,18353.46,5248.68,4141.24,9384.09,37127.47
CST002394,2024-08-21,North America,AI Platform,27845.93,9394.76,6754.7,14338.9,58334.29
CST002395,2024-08-21,Europe,AI Platform,21766.58,7276.28,5698.59,12495.35,47236.8
CST002396,2024-08-21,APAC,AI Platform,15392.74,4913.8,3693.02,8772.42,32771.98
CST002397,2024-08-22,India,AI Platform,18218.48,6031.07,3557.35,10476.36,38283.25
CST002398,2024-08-22,North America,AI Platform,24009.53,9872.7,6191.56,12052.92,52126.71
CST002399,2024-08-22,Europe,AI Platform,22835.25,7276.44,5628.01,14679.66,50419.36
CST002400,2024-08-22,APAC,AI Platform,14000.31,5284.02,3206.55,8481.73,30972.62
CST002401,2024-08-23,India,AI Platform,18946.99,5668.0,3903.24,9399.2,37917.44
CST002402,2024-08-23,North America,AI Platform,25202.28,9538.98,6585.3,13905.55,55232.12
CST002403,2024-08-23,Europe,AI Platform,23702.46,6925.12,5193.12,11844.43,47665.13
CST002404,2024-08-23,APAC,AI Platform,14229.63,5410.92,3820.27,10378.16,33838.99
CST002405,2024-08-24,India,AI Platform,19071.6,6196.39,3797.75,10164.16,39229.91
CST002406,2024-08-24,North America,AI Platform,26149.21,8386.46,6189.9,14206.57,54932.15
CST002407,2024-08-24,Europe,AI Platform,22946.04,7412.64,5087.57,9930.86,45377.11
CST002408,2024-08-24,APAC,AI Platform,15823.41,5117.41,3838.59,9603.52,34382.92
CST002409,2024-08-25,India,AI Platform,17427.41,5931.29,4114.65,10241.93,37715.28
CST002410,2024-08-25,North America,AI Platform,24512.86,8658.86,5759.42,15544.76,54475.9
CST002411,2024-08-25,Europe,AI Platform,21468.07,7504.12,5736.62,12533.69,47242.5
CST002412,2024-08-25,APAC,AI Platform,14508.44,5610.03,3780.88,8855.94,32755.3
CST002413,2024-08-26,India,AI Platform,18918.09,6162.36,4642.51,11818.13,41541.08
CST002414,2024-08-26,North America,AI Platform,26369.11,8140.56,6446.99,17917.3,58873.96
CST002415,2024-08-26,Europe,AI Platform,23302.94,7867.03,4496.07,10184.67,45850.71
CST002416,2024-08-26,APAC,AI Platform,16543.3,5166.14,3421.85,7152.4,32283.69
CST002417,2024-08-27,India,AI Platform,19242.25,5920.75,4455.96,9237.45,38856.41
CST002418,2024-08-27,North America,AI Platform,27387.53,8728.65,6469.72,16625.57,59211.46
CST002419,2024-08-27,Europe,AI Platform,20423.1,7053.5,5000.61,12731.24,45208.45
CST002420,2024-08-27,APAC,AI Platform,15563.76,5243.15,3313.64,8481.92,32602.47
CST002421,2024-08-28,India,AI Platform,17321.22,5770.62,4086.13,9659.5,36837.47
CST002422,2024-08-28,North America,AI Platform,26555.53,8988.15,5853.06,14256.01,55652.75
CST002423,2024-08-28,Europe,AI Platform,21973.46,7129.85,5165.0,13398.6,47666.9
CST002424,2024-08-28,APAC,AI Platform,18781.65,5350.04,3358.51,8335.34,35825.53
CST002425,2024-08-29,India,AI Platform,18244.39,5523.45,4210.33,8662.13,36640.29
CST002426,2024-08-29,North America,AI Platform,27350.61,8896.42,6340.99,16747.35,59335.37
CST002427,2024-08-29,Europe,AI Platform,17920.78,8085.64,5261.08,12648.9,43916.39
CST002428,2024-08-29,APAC,AI Platform,15442.14,5361.63,3524.4,8184.66,32512.83
CST002429,2024-08-30,India,AI Platform,15869.36,5935.39,4342.04,11083.52,37230.31
CST002430,2024-08-30,North America,AI Platform,26761.53,8270.28,7156.2,15388.6,57576.62
CST002431,2024-08-30,Europe,AI Platform,22340.69,7263.45,4787.15,14753.47,49144.76
CST002432,2024-08-30,APAC,AI Platform,14742.12,5362.65,3371.21,10039.02,33515.0
CST002433,2024-08-31,India,AI Platform,17158.75,6267.13,4075.16,11595.41,39096.45
CST002434,2024-08-31,North America,AI Platform,25632.85,9252.61,5938.79,13595.08,54419.33
CST002435,2024-08-31,Europe,AI Platform,22831.23,7385.99,5055.64,14250.67,49523.53
CST002436,2024-08-31,APAC,AI Platform,16626.55,5091.04,3249.52,8050.27,33017.38
CST002437,2024-09-01,India,AI Platform,15220.62,5604.4,4739.25,7712.77,33277.04
CST002438,2024-09-01,North America,AI Platform,26598.83,8626.4,6447.69,17998.72,59671.64
CST002439,2024-09-01,Europe,AI Platform,20077.87,8039.46,5153.86,12044.23,45315.41
CST002440,2024-09-01,APAC,AI Platform,14997.12,5152.97,3010.23,9433.13,32593.45
CST002441,2024-09-02,India,AI Platform,16563.49,5469.83,3856.76,8644.89,34534.97
CST002442,2024-09-02,North America,AI Platform,30304.3,8845.42,6656.95,16098.85,61905.52
CST002443,2024-09-02,Europe,AI Platform,22560.65,8105.79,5595.93,13745.23,50007.59
CST002444,2024-09-02,APAC,AI Platform,16811.4,5367.96,4231.03,9094.34,35504.73
CST002445,2024-09-03,India,AI Platform,16912.24,5674.84,3785.9,9209.0,35581.98
CST002446,2024-09-03,North America,AI Platform,24001.12,8843.4,5991.58,16389.65,55225.74
CST002447,2024-09-03,Europe,AI Platform,21131.97,7834.06,5095.06,12358.66,46419.74
CST002448,2024-09-03,APAC,AI Platform,16476.97,5033.97,3914.37,9193.96,34619.27
CST002449,2024-09-04,India,AI Platform,16634.4,6002.49,3981.32,13177.31,39795.51
CST002450,2024-09-04,North America,AI Platform,25282.42,9441.57,6187.83,13917.96,54829.79
CST002451,2024-09-04,Europe,AI Platform,22197.96,8177.74,4931.59,13751.03,49058.32
CST002452,2024-09-04,APAC,AI Platform,14037.18,5134.37,3858.69,10143.19,33173.43
CST002453,2024-09-05,India,AI Platform,17365.51,6154.44,3827.39,11117.43,38464.78
CST002454,2024-09-05,North America,AI Platform,26114.55,7922.19,6830.46,12729.38,53596.59
CST002455,2024-09-05,Europe,AI Platform,20648.81,8124.08,5023.47,13178.05,46974.42
CST002456,2024-09-05,APAC,AI Platform,15067.66,4998.39,3821.41,9182.97,33070.43
CST002457,2024-09-06,India,AI Platform,15088.69,6346.66,4052.28,9527.82,35015.45
CST002458,2024-09-06,North America,AI Platform,24428.53,8583.44,6219.38,14716.42,53947.77
CST002459,2024-09-06,Europe,AI Platform,23170.13,7868.31,5157.29,13831.81,50027.54
CST002460,2024-09-06,APAC,AI Platform,14467.49,5682.57,4125.48,8719.07,32994.61
CST002461,2024-09-07,India,AI Platform,16163.46,6019.98,4025.15,10131.03,36339.61
CST002462,2024-09-07,North America,AI Platform,24108.37,9202.69,5189.91,14878.59,53379.56
CST002463,2024-09-07,Europe,AI Platform,23299.66,7315.36,5193.09,12863.91,48672.02
CST002464,2024-09-07,APAC,AI Platform,15662.72,5389.47,3977.7,9228.05,34257.95
CST002465,2024-09-08,India,AI Platform,17298.07,5878.18,4703.31,10997.03,38876.59
CST002466,2024-09-08,North America,AI Platform,28459.68,9339.07,6910.6,14638.21,59347.57
CST002467,2024-09-08,Europe,AI Platform,23460.55,7744.26,5569.82,11993.46,48768.1
CST002468,2024-09-08,APAC,AI Platform,16044.11,5814.37,3663.54,10325.07,35847.09
CST002469,2024-09-09,India,AI Platform,16576.04,5914.43,3340.1,8710.66,34541.23
CST002470,2024-09-09,North America,AI Platform,26542.16,8976.26,6744.26,13957.55,56220.23
CST002471,2024-09-09,Europe,AI Platform,23212.22,7450.69,5677.71,13283.47,49624.09
CST002472,2024-09-09,APAC,AI Platform,15079.75,5739.02,3973.03,10467.67,35259.47
CST002473,2024-09-10,India,AI Platform,17482.43,6107.33,4525.33,9388.29,37503.37
CST002474,2024-09-10,North America,AI Platform,26936.68,9773.94,6339.13,14418.26,57468.01
CST002475,2024-09-10,Europe,AI Platform,19724.84,7754.98,5251.55,13989.85,46721.22
CST002476,2024-09-10,APAC,AI Platform,15397.13,5167.51,4111.4,10668.31,35344.36
CST002477,2024-09-11,India,AI Platform,18746.99,5806.09,4333.62,11345.5,40232.2
CST002478,2024-09-11,North America,AI Platform,26254.83,8765.53,6327.35,16536.65,57884.36
CST002479,2024-09-11,Europe,AI Platform,23864.58,8054.73,5519.51,12498.79,49937.61
CST002480,2024-09-11,APAC,AI Platform,15457.64,4943.35,3232.12,8405.44,32038.55
CST002481,2024-09-12,India,AI Platform,18259.68,5554.83,4377.54,11417.79,39609.83
CST002482,2024-09-12,North America,AI Platform,25250.28,8596.92,6251.94,17656.41,57755.55
CST002483,2024-09-12,Europe,AI Platform,22368.35,7166.46,5348.84,11563.15,46446.8
CST002484,2024-09-12,APAC,AI Platform,13829.3,5801.82,3726.72,8752.3,32110.13
CST002485,2024-09-13,India,AI Platform,16770.4,5675.02,3545.4,11704.4,37695.23
CST002486,2024-09-13,North America,AI Platform,25466.67,9010.27,6600.76,15622.08,56699.77
CST002487,2024-09-13,Europe,AI Platform,20870.7,7952.08,5808.95,16417.29,51049.03
CST002488,2024-09-13,APAC,AI Platform,15396.63,5481.75,3818.81,8109.49,32806.68
CST002489,2024-09-14,India,AI Platform,15663.61,6121.93,4672.42,10377.15,36835.1
CST002490,2024-09-14,North America,AI Platform,22648.82,9210.96,6868.97,15767.69,54496.44
CST002491,2024-09-14,Europe,AI Platform,23261.67,7592.82,5388.58,13187.94,49431.02
CST002492,2024-09-14,APAC,AI Platform,15891.68,5345.57,3771.08,9824.87,34833.21
CST002493,2024-09-15,India,AI Platform,17291.96,6136.36,4423.08,9873.27,37724.68
CST002494,2024-09-15,North America,AI Platform,28569.86,9325.09,7105.79,13841.07,58841.81
CST002495,2024-09-15,Europe,AI Platform,21229.64,7569.31,5146.57,13085.98,47031.51
CST002496,2024-09-15,APAC,AI Platform,14114.88,5278.51,3756.12,9156.74,32306.25
CST002497,2024-09-16,India,AI Platform,16829.05,5898.82,4236.54,11075.37,38039.79
CST002498,2024-09-16,North America,AI Platform,27996.15,8652.2,6677.75,16798.88,60124.98
CST002499,2024-09-16,Europe,AI Platform,21617.61,7533.18,4860.19,11445.38,45456.36
CST002500,2024-09-16,APAC,AI Platform,16646.38,5463.72,3722.4,10799.86,36632.35
CST002501,2024-09-17,India,AI Platform,17608.73,6095.95,4094.83,9890.63,37690.14
CST002502,2024-09-17,North America,AI Platform,28595.28,9715.08,5808.61,15806.54,59925.51
CST002503,2024-09-17,Europe,AI Platform,22354.01,6890.62,6038.14,10915.53,46198.29
CST002504,2024-09-17,APAC,AI Platform,14954.46,5295.24,3921.39,9811.76,33982.84
CST002505,2024-09-18,India,AI Platform,17796.55,5690.38,3847.48,9892.67,37227.07
CST002506,2024-09-18,North America,AI Platform,26412.34,8902.77,5773.39,16695.33,57783.84
CST002507,2024-09-18,Europe,AI Platform,19118.64,7313.78,5141.39,12522.77,44096.58
CST002508,2024-09-18,APAC,AI Platform,15692.45,4914.02,3687.93,7625.82,31920.21
CST002509,2024-09-19,India,AI Platform,15997.13,5739.4,4621.49,10633.58,36991.61
CST002510,2024-09-19,North America,AI Platform,26944.77,9706.09,6474.48,15807.83,58933.17
CST002511,2024-09-19,Europe,AI Platform,26036.36,7822.32,5072.9,12882.46,51814.05
CST002512,2024-09-19,APAC,AI Platform,17102.94,5564.84,3805.78,10389.35,36862.91
CST002513,2024-09-20,India,AI Platform,18395.0,6105.73,4273.49,10030.79,38805.01
CST002514,2024-09-20,North America,AI Platform,25485.88,9558.7,7048.24,18056.24,60149.05
CST002515,2024-09-20,Europe,AI Platform,21948.56,7333.29,4905.04,11872.4,46059.3
CST002516,2024-09-20,APAC,AI Platform,15259.24,5457.04,3709.34,9223.67,33649.29
CST002517,2024-09-21,India,AI Platform,15139.95,6031.3,3761.04,8357.34,33289.63
CST002518,2024-09-21,North America,AI Platform,25642.15,9100.12,5908.39,14870.81,55521.48
CST002519,2024-09-21,Europe,AI Platform,22207.21,8041.13,5659.57,13398.96,49306.87
CST002520,2024-09-21,APAC,AI Platform,16227.31,5263.46,3847.32,10114.89,35452.98
CST002521,2024-09-22,India,AI Platform,18329.48,5728.24,4598.38,11736.86,40392.95
CST002522,2024-09-22,North America,AI Platform,29680.47,9024.33,5378.47,17584.86,61668.13
CST002523,2024-09-22,Europe,AI Platform,24887.39,7800.78,5171.49,12544.91,50404.56
CST002524,2024-09-22,APAC,AI Platform,15324.61,5879.03,3844.42,9852.56,34900.61
CST002525,2024-09-23,India,AI Platform,16906.61,5433.91,5260.85,9082.38,36683.75
CST002526,2024-09-23,North America,AI Platform,27596.62,9388.26,6887.06,17489.81,61361.76
CST002527,2024-09-23,Europe,AI Platform,23079.08,7805.2,5915.25,16206.69,53006.22
CST002528,2024-09-23,APAC,AI Platform,14614.99,5216.1,3947.05,9984.05,33762.19
CST002529,2024-09-24,India,AI Platform,18075.16,5685.9,4140.0,10139.86,38040.92
CST002530,2024-09-24,North America,AI Platform,25619.86,9579.89,6630.8,15600.43,57430.98
CST002531,2024-09-24,Europe,AI Platform,22956.61,7647.07,5820.28,12968.61,49392.57
CST002532,2024-09-24,APAC,AI Platform,16208.75,5061.59,3686.5,7932.23,32889.07
CST002533,2024-09-25,India,AI Platform,17591.97,5869.8,3672.53,9485.6,36619.89
CST002534,2024-09-25,North America,AI Platform,30622.95,9213.23,6255.83,18913.32,65005.33
CST002535,2024-09-25,Europe,AI Platform,21008.18,6840.18,5292.41,12699.76,45840.53
CST002536,2024-09-25,APAC,AI Platform,16157.78,5940.78,3543.46,8070.77,33712.79
CST002537,2024-09-26,India,AI Platform,16961.52,5603.66,4141.4,10926.17,37632.75
CST002538,2024-09-26,North America,AI Platform,28281.03,8955.29,6130.4,15440.38,58807.1
CST002539,2024-09-26,Europe,AI Platform,22985.05,7460.68,5797.86,12511.81,48755.41
CST002540,2024-09-26,APAC,AI Platform,16842.75,5167.46,3958.95,8650.34,34619.51
CST002541,2024-09-27,India,AI Platform,17170.41,6250.53,3946.92,12390.76,39758.61
CST002542,2024-09-27,North America,AI Platform,27236.02,9271.15,7260.86,18716.66,62484.7
CST002543,2024-09-27,Europe,AI Platform,22799.9,7994.28,5184.87,13321.59,49300.64
CST002544,2024-09-27,APAC,AI Platform,13967.61,5520.91,4239.8,9659.83,33388.15
CST002545,2024-09-28,India,AI Platform,18409.74,5818.68,3540.75,8498.08,36267.25
CST002546,2024-09-28,North America,AI Platform,23692.15,8983.04,6073.73,14548.49,53297.41
CST002547,2024-09-28,Europe,AI Platform,22279.34,7078.52,5828.43,14184.2,49370.5
CST002548,2024-09-28,APAC,AI Platform,16092.71,5630.7,3407.45,8476.96,33607.83
CST002549,2024-09-29,India,AI Platform,16408.87,5885.89,4343.52,8335.16,34973.43
CST002550,2024-09-29,North America,AI Platform,26262.33,9649.0,5521.24,15974.07,57406.64
CST002551,2024-09-29,Europe,AI Platform,22411.72,7612.37,5382.08,12876.25,48282.42
CST002552,2024-09-29,APAC,AI Platform,14316.89,5483.94,3172.43,9983.45,32956.72
CST002553,2024-09-30,India,AI Platform,17633.75,6066.35,4381.92,12159.1,40241.12
CST002554,2024-09-30,North America,AI Platform,23505.96,9218.98,6911.69,19361.74,58998.37
CST002555,2024-09-30,Europe,AI Platform,19707.7,7527.87,6117.73,12623.13,45976.43
CST002556,2024-09-30,APAC,AI Platform,14425.64,6081.67,3168.44,9846.28,33522.02
CST002557,2024-10-01,India,AI Platform,16491.13,5753.21,4397.42,10625.72,37267.48
CST002558,2024-10-01,North America,AI Platform,26486.52,9365.4,5853.37,16218.72,57924.02
CST002559,2024-10-01,Europe,AI Platform,22071.8,8004.81,4976.64,13509.88,48563.14
CST002560,2024-10-01,APAC,AI Platform,16723.86,5652.29,3395.68,8920.43,34692.26
CST002561,2024-10-02,India,AI Platform,18509.0,6355.57,4799.13,9930.82,39594.52
CST002562,2024-10-02,North America,AI Platform,26610.3,9907.0,6256.81,17940.73,60714.84
CST002563,2024-10-02,Europe,AI Platform,21292.75,7721.82,5386.98,13628.24,48029.78
CST002564,2024-10-02,APAC,AI Platform,14275.56,5475.5,3340.46,9368.99,32460.51
CST002565,2024-10-03,India,AI Platform,15821.14,6000.21,4192.2,11197.24,37210.8
CST002566,2024-10-03,North America,AI Platform,28905.48,8844.06,6267.25,14080.89,58097.68
CST002567,2024-10-03,Europe,AI Platform,25357.62,8385.2,5145.51,13116.22,52004.54
CST002568,2024-10-03,APAC,AI Platform,15048.49,5263.35,4016.48,9449.31,33777.62
CST002569,2024-10-04,India,AI Platform,15600.91,6046.44,4797.67,10341.27,36786.29
CST002570,2024-10-04,North America,AI Platform,27499.85,10088.18,6533.54,18716.92,62838.49
CST002571,2024-10-04,Europe,AI Platform,21842.1,7803.24,5304.59,13901.37,48851.29
CST002572,2024-10-04,APAC,AI Platform,15047.4,5093.12,3720.01,9856.53,33717.05
CST002573,2024-10-05,India,AI Platform,17173.24,5679.82,4227.9,9795.09,36876.05
CST002574,2024-10-05,North America,AI Platform,30107.56,9263.75,6489.06,18135.36,63995.74
CST002575,2024-10-05,Europe,AI Platform,23897.38,7670.45,5593.77,13851.11,51012.71
CST002576,2024-10-05,APAC,AI Platform,15712.62,5282.46,3348.33,10106.76,34450.17
CST002577,2024-10-06,India,AI Platform,17898.5,6233.3,3831.33,8450.27,36413.4
CST002578,2024-10-06,North America,AI Platform,24773.74,9279.9,5494.97,15695.11,55243.72
CST002579,2024-10-06,Europe,AI Platform,22047.71,8402.12,4775.58,12814.87,48040.29
CST002580,2024-10-06,APAC,AI Platform,15757.79,5843.32,3744.34,10084.78,35430.22
CST002581,2024-10-07,India,AI Platform,17049.95,5942.98,3882.0,9672.69,36547.62
CST002582,2024-10-07,North America,AI Platform,24975.86,9397.46,5836.37,15004.79,55214.47
CST002583,2024-10-07,Europe,AI Platform,22366.0,7265.63,4878.05,11865.6,46375.28
CST002584,2024-10-07,APAC,AI Platform,15681.32,5365.95,3551.84,8852.03,33451.14
CST002585,2024-10-08,India,AI Platform,18185.0,6082.69,4316.57,10571.13,39155.4
CST002586,2024-10-08,North America,AI Platform,24012.54,9610.05,6628.47,15221.92,55472.98
CST002587,2024-10-08,Europe,AI Platform,20389.67,7403.54,5029.89,13273.71,46096.8
CST002588,2024-10-08,APAC,AI Platform,17378.32,5696.41,3417.8,9067.72,35560.25
CST002589,2024-10-09,India,AI Platform,17573.69,5776.82,4543.15,9272.93,37166.59
CST002590,2024-10-09,North America,AI Platform,27532.11,9060.05,6675.68,17666.03,60933.87
CST002591,2024-10-09,Europe,AI Platform,22124.8,7964.53,4741.49,12036.08,46866.9
CST002592,2024-10-09,APAC,AI Platform,15106.49,5779.74,4162.69,10316.62,35365.54
CST002593,2024-10-10,India,AI Platform,17081.86,5981.97,3747.35,8627.64,35438.82
CST002594,2024-10-10,North America,AI Platform,26529.05,8613.17,6589.16,13394.8,55126.17
CST002595,2024-10-10,Europe,AI Platform,23062.43,7264.19,5772.07,14911.17,51009.86
CST002596,2024-10-10,APAC,AI Platform,15896.59,5661.94,3757.52,9596.31,34912.36
CST002597,2024-10-11,India,AI Platform,19272.59,5547.42,4152.73,10378.65,39351.39
CST002598,2024-10-11,North America,AI Platform,28934.27,9078.84,6886.43,12523.66,57423.2
CST002599,2024-10-11,Europe,AI Platform,22382.2,8785.31,5756.5,13826.83,50750.84
CST002600,2024-10-11,APAC,AI Platform,16653.11,5204.11,3540.28,11137.89,36535.39
CST002601,2024-10-12,India,AI Platform,16304.2,6339.14,3724.28,10548.15,36915.78
CST002602,2024-10-12,North America,AI Platform,26170.71,8267.47,7517.27,14086.23,56041.67
CST002603,2024-10-12,Europe,AI Platform,20791.47,7007.0,5636.88,12758.38,46193.73
CST002604,2024-10-12,APAC,AI Platform,15309.4,5395.4,3565.85,9903.51,34174.16
CST002605,2024-10-13,India,AI Platform,17128.84,6119.1,4100.51,10915.11,38263.55
CST002606,2024-10-13,North America,AI Platform,30038.29,9713.2,5755.62,16883.21,62390.32
CST002607,2024-10-13,Europe,AI Platform,22247.17,7436.34,6218.46,13498.62,49400.6
CST002608,2024-10-13,APAC,AI Platform,15936.5,5247.34,3579.58,9477.32,34240.74
CST002609,2024-10-14,India,AI Platform,18128.9,5945.99,4182.76,9656.97,37914.62
CST002610,2024-10-14,North America,AI Platform,25684.96,8761.99,6475.55,15453.23,56375.73
CST002611,2024-10-14,Europe,AI Platform,19023.93,7355.82,4743.64,11932.63,43056.02
CST002612,2024-10-14,APAC,AI Platform,17393.4,5510.97,4007.66,9730.19,36642.22
CST002613,2024-10-15,India,AI Platform,16261.86,6201.39,4731.32,11913.96,39108.54
CST002614,2024-10-15,North America,AI Platform,32184.82,9552.82,6326.04,18813.17,66876.84
CST002615,2024-10-15,Europe,AI Platform,21694.54,7802.73,5542.54,12739.87,47779.68
CST002616,2024-10-15,APAC,AI Platform,15723.01,5416.71,3773.09,7412.76,32325.57
CST002617,2024-10-16,India,AI Platform,17747.78,5457.6,3800.76,10642.05,37648.19
CST002618,2024-10-16,North America,AI Platform,27874.09,10218.12,6146.71,15238.04,59476.97
CST002619,2024-10-16,Europe,AI Platform,22257.5,6548.22,5017.27,11549.09,45372.08
CST002620,2024-10-16,APAC,AI Platform,15128.31,5230.33,4034.53,8648.92,33042.08
CST002621,2024-10-17,India,AI Platform,19095.95,5826.49,4298.24,9866.08,39086.76
CST002622,2024-10-17,North America,AI Platform,25280.95,9102.72,6377.97,15525.36,56287.02
CST002623,2024-10-17,Europe,AI Platform,21864.29,7075.06,5368.05,12914.07,47221.48
CST002624,2024-10-17,APAC,AI Platform,15969.6,5515.64,3661.56,9078.32,34225.12
CST002625,2024-10-18,India,AI Platform,18164.92,6597.52,3614.87,11170.89,39548.2
CST002626,2024-10-18,North America,AI Platform,25575.27,8997.68,7101.08,15048.3,56722.33
CST002627,2024-10-18,Europe,AI Platform,22458.02,7738.37,5855.17,12789.35,48840.92
CST002628,2024-10-18,APAC,AI Platform,16589.88,6294.65,3799.79,9951.69,36636.01
CST002629,2024-10-19,India,AI Platform,17699.27,5821.86,3725.78,10573.86,37820.77
CST002630,2024-10-19,North America,AI Platform,27232.56,9780.22,7801.22,16867.42,61681.41
CST002631,2024-10-19,Europe,AI Platform,22679.63,7623.67,5003.66,13212.74,48519.7
CST002632,2024-10-19,APAC,AI Platform,13558.17,5675.44,3878.28,10100.59,33212.47
CST002633,2024-10-20,India,AI Platform,15792.09,6141.32,3908.95,11304.91,37147.27
CST002634,2024-10-20,North America,AI Platform,24256.95,9611.76,6433.33,16547.8,56849.86
CST002635,2024-10-20,Europe,AI Platform,27335.25,7317.75,5294.65,13373.24,53320.89
CST002636,2024-10-20,APAC,AI Platform,16969.74,5653.25,4271.99,10310.07,37205.04
CST002637,2024-10-21,India,AI Platform,16373.72,6153.64,4711.18,9337.27,36575.8
CST002638,2024-10-21,North America,AI Platform,26290.16,8878.02,6596.5,16617.2,58381.89
CST002639,2024-10-21,Europe,AI Platform,19965.7,6975.26,5758.62,13229.75,45929.32
CST002640,2024-10-21,APAC,AI Platform,15362.31,5500.45,3251.33,10635.7,34749.8
CST002641,2024-10-22,India,AI Platform,16307.75,5979.54,4781.1,11149.47,38217.85
CST002642,2024-10-22,North America,AI Platform,23238.69,9103.71,6178.2,14414.59,52935.21
CST002643,2024-10-22,Europe,AI Platform,18873.94,7623.45,4899.29,14005.15,45401.83
CST002644,2024-10-22,APAC,AI Platform,13787.06,5576.59,4528.28,8980.67,32872.6
CST002645,2024-10-23,India,AI Platform,20716.23,5782.2,4386.26,11109.97,41994.66
CST002646,2024-10-23,North America,AI Platform,24655.77,8604.43,6053.53,14729.65,54043.37
CST002647,2024-10-23,Europe,AI Platform,24372.73,7354.23,5161.27,13250.97,50139.19
CST002648,2024-10-23,APAC,AI Platform,16398.8,5164.42,3423.31,9577.64,34564.17
CST002649,2024-10-24,India,AI Platform,17824.91,6857.85,3920.77,11941.52,40545.05
CST002650,2024-10-24,North America,AI Platform,25884.01,8734.35,6743.62,16033.1,57395.08
CST002651,2024-10-24,Europe,AI Platform,21162.3,8031.16,5196.26,14433.81,48823.53
CST002652,2024-10-24,APAC,AI Platform,15370.53,5308.73,3486.2,9424.21,33589.67
CST002653,2024-10-25,India,AI Platform,17107.57,6185.21,3680.09,9870.36,36843.23
CST002654,2024-10-25,North America,AI Platform,29093.52,9208.09,6923.43,16761.13,61986.17
CST002655,2024-10-25,Europe,AI Platform,21836.13,8206.05,5536.65,12482.43,48061.25
CST002656,2024-10-25,APAC,AI Platform,16145.16,5461.54,3652.22,10473.6,35732.52
CST002657,2024-10-26,India,AI Platform,18659.31,6028.09,4263.97,11132.58,40083.95
CST002658,2024-10-26,North America,AI Platform,25179.85,9093.49,7390.03,15194.22,56857.59
CST002659,2024-10-26,Europe,AI Platform,23296.46,7868.34,5915.9,14174.49,51255.19
CST002660,2024-10-26,APAC,AI Platform,14965.86,5808.04,3433.35,9204.28,33411.53
CST002661,2024-10-27,India,AI Platform,15475.5,6238.78,5228.56,11372.87,38315.71
CST002662,2024-10-27,North America,AI Platform,27945.52,8881.87,6364.92,14761.21,57953.51
CST002663,2024-10-27,Europe,AI Platform,21288.58,7875.52,4498.39,12816.97,46479.46
CST002664,2024-10-27,APAC,AI Platform,14861.62,5032.57,3906.66,9388.57,33189.41
CST002665,2024-10-28,India,AI Platform,16318.71,5994.93,4374.98,10296.53,36985.14
CST002666,2024-10-28,North America,AI Platform,26736.63,8951.11,5682.81,13704.87,55075.42
CST002667,2024-10-28,Europe,AI Platform,22688.12,8158.3,5206.9,15880.2,51933.52
CST002668,2024-10-28,APAC,AI Platform,16010.7,5715.66,3728.91,9448.33,34903.6
CST002669,2024-10-29,India,AI Platform,17929.86,5500.77,4282.91,12098.69,39812.23
CST002670,2024-10-29,North America,AI Platform,26283.34,9589.3,5855.28,17039.42,58767.34
CST002671,2024-10-29,Europe,AI Platform,23928.91,8146.88,6295.01,13649.97,52020.77
CST002672,2024-10-29,APAC,AI Platform,17286.24,4909.92,4153.92,8743.02,35093.11
CST002673,2024-10-30,India,AI Platform,16565.43,6615.44,4258.2,11038.74,38477.81
CST002674,2024-10-30,North America,AI Platform,24127.21,9837.47,6469.25,16477.67,56911.59
CST002675,2024-10-30,Europe,AI Platform,24555.2,8185.46,5569.04,12108.97,50418.68
CST002676,2024-10-30,APAC,AI Platform,16463.82,5112.64,4095.03,9285.35,34956.83
CST002677,2024-10-31,India,AI Platform,16186.81,5705.61,4106.7,9940.04,35939.16
CST002678,2024-10-31,North America,AI Platform,26848.99,8555.23,6119.72,16388.9,57912.84
CST002679,2024-10-31,Europe,AI Platform,19908.08,7329.28,5432.5,14067.5,46737.36
CST002680,2024-10-31,APAC,AI Platform,14815.76,5416.16,3844.93,9545.97,33622.81
CST002681,2024-11-01,India,AI Platform,16410.76,6361.47,4151.56,10768.0,37691.79
CST002682,2024-11-01,North America,AI Platform,27129.46,10057.75,6604.78,15373.98,59165.98
CST002683,2024-11-01,Europe,AI Platform,20476.49,7350.51,5395.22,13127.94,46350.17
CST002684,2024-11-01,APAC,AI Platform,15353.65,5715.13,3993.99,8550.33,33613.1
CST002685,2024-11-02,India,AI Platform,16688.02,5541.49,3960.74,11877.08,38067.34
CST002686,2024-11-02,North America,AI Platform,26948.97,8885.19,6292.87,17516.19,59643.22
CST002687,2024-11-02,Europe,AI Platform,23973.41,7752.49,5155.4,14380.83,51262.13
CST002688,2024-11-02,APAC,AI Platform,16880.17,5337.97,3206.37,9900.09,35324.59
CST002689,2024-11-03,India,AI Platform,18660.93,6254.28,4466.58,9254.49,38636.28
CST002690,2024-11-03,North America,AI Platform,27031.72,9159.6,6666.65,14574.34,57432.31
CST002691,2024-11-03,Europe,AI Platform,23664.82,7696.55,5324.62,12187.81,48873.81
CST002692,2024-11-03,APAC,AI Platform,15281.22,5245.3,3439.05,10246.59,34212.16
CST002693,2024-11-04,India,AI Platform,18460.84,6258.85,3978.16,9499.54,38197.4
CST002694,2024-11-04,North America,AI Platform,27385.34,9471.35,6865.43,16577.02,60299.14
CST002695,2024-11-04,Europe,AI Platform,24245.81,8250.79,5602.06,13251.13,51349.79
CST002696,2024-11-04,APAC,AI Platform,15800.36,5728.3,3705.6,8843.22,34077.49
CST002697,2024-11-05,India,AI Platform,16973.05,5608.42,4048.32,11228.74,37858.53
CST002698,2024-11-05,North America,AI Platform,24978.8,9892.1,6726.87,18563.89,60161.66
CST002699,2024-11-05,Europe,AI Platform,23514.03,8183.24,6244.85,11965.56,49907.69
CST002700,2024-11-05,APAC,AI Platform,16754.82,5617.91,3988.9,10431.55,36793.18
CST002701,2024-11-06,India,AI Platform,20632.25,6192.98,3886.26,9901.08,40612.57
CST002702,2024-11-06,North America,AI Platform,27469.35,9109.77,6839.58,12640.26,56058.96
CST002703,2024-11-06,Europe,AI Platform,22893.33,7548.09,4914.61,15714.87,51070.9
CST002704,2024-11-06,APAC,AI Platform,15393.03,5342.16,4018.22,9435.37,34188.77
CST002705,2024-11-07,India,AI Platform,18276.23,6567.47,4122.86,9624.8,38591.37
CST002706,2024-11-07,North America,AI Platform,27241.71,9787.52,6558.36,13888.76,57476.35
CST002707,2024-11-07,Europe,AI Platform,22977.19,7639.97,5526.64,13194.3,49338.1
CST002708,2024-11-07,APAC,AI Platform,16976.68,5138.8,3413.21,9390.26,34918.94
CST002709,2024-11-08,India,AI Platform,17028.73,6729.28,4591.54,11785.09,40134.64
CST002710,2024-11-08,North America,AI Platform,27059.98,9527.75,6687.25,16430.16,59705.15
CST002711,2024-11-08,Europe,AI Platform,22235.22,7653.73,6240.15,14082.36,50211.45
CST002712,2024-11-08,APAC,AI Platform,14281.4,5093.68,3776.69,8332.91,31484.69
CST002713,2024-11-09,India,AI Platform,19438.45,5782.63,4005.29,10750.66,39977.04
CST002714,2024-11-09,North America,AI Platform,29474.39,9308.1,6546.86,15377.01,60706.36
CST002715,2024-11-09,Europe,AI Platform,23775.24,6790.24,5873.71,13890.93,50330.13
CST002716,2024-11-09,APAC,AI Platform,15454.53,5460.33,3585.21,9460.03,33960.1
CST002717,2024-11-10,India,AI Platform,17498.01,6207.23,4038.88,10273.84,38017.96
CST002718,2024-11-10,North America,AI Platform,27622.13,8381.4,6752.27,13034.6,55790.4
CST002719,2024-11-10,Europe,AI Platform,20620.62,8152.44,5348.37,14267.9,48389.32
CST002720,2024-11-10,APAC,AI Platform,15869.34,5724.88,4214.83,9190.66,34999.72
CST002721,2024-11-11,India,AI Platform,13910.93,6256.94,3925.85,11229.94,35323.66
CST002722,2024-11-11,North America,AI Platform,26585.14,9629.72,6135.4,19447.14,61797.4
CST002723,2024-11-11,Europe,AI Platform,19913.7,7786.11,5889.57,14611.23,48200.61
CST002724,2024-11-11,APAC,AI Platform,15495.01,5228.31,3971.87,9672.12,34367.31
CST002725,2024-11-12,India,AI Platform,18356.48,5838.86,4140.3,10431.8,38767.45
CST002726,2024-11-12,North America,AI Platform,24927.29,10447.8,6595.45,15156.95,57127.5
CST002727,2024-11-12,Europe,AI Platform,19960.75,7501.15,5000.9,13571.49,46034.29
CST002728,2024-11-12,APAC,AI Platform,16743.89,5472.11,4115.54,9364.45,35695.98
CST002729,2024-11-13,India,AI Platform,17386.73,6161.63,3983.79,10158.36,37690.51
CST002730,2024-11-13,North America,AI Platform,27987.54,8645.74,5953.03,14466.37,57052.68
CST002731,2024-11-13,Europe,AI Platform,22018.23,7736.15,4674.6,14027.3,48456.28
CST002732,2024-11-13,APAC,AI Platform,15640.03,5590.02,3829.11,9416.78,34475.94
CST002733,2024-11-14,India,AI Platform,17168.11,6554.04,4069.85,10825.37,38617.37
CST002734,2024-11-14,North America,AI Platform,27539.14,8702.71,6245.35,15187.82,57675.03
CST002735,2024-11-14,Europe,AI Platform,23615.43,7501.49,4881.42,11457.37,47455.7
CST002736,2024-11-14,APAC,AI Platform,15929.15,5466.8,3975.32,10860.22,36231.49
CST002737,2024-11-15,India,AI Platform,17023.12,6603.17,4622.45,10470.96,38719.71
CST002738,2024-11-15,North America,AI Platform,27274.25,8638.8,6131.58,16460.25,58504.88
CST002739,2024-11-15,Europe,AI Platform,21316.04,7224.99,5255.36,11679.11,45475.49
CST002740,2024-11-15,APAC,AI Platform,16176.76,5365.75,3630.46,8607.1,33780.07
CST002741,2024-11-16,India,AI Platform,18692.54,5575.48,4456.13,9635.24,38359.4
CST002742,2024-11-16,North America,AI Platform,28014.46,9617.79,6035.53,15606.38,59274.15
CST002743,2024-11-16,Europe,AI Platform,19741.59,8877.97,5411.35,15752.0,49782.91
CST002744,2024-11-16,APAC,AI Platform,15584.03,5656.25,4557.86,10443.35,36241.49
CST002745,2024-11-17,India,AI Platform,16783.95,5958.32,4472.5,8960.62,36175.4
CST002746,2024-11-17,North America,AI Platform,28111.33,9337.41,6098.89,15659.85,59207.48
CST002747,2024-11-17,Europe,AI Platform,23148.74,8015.94,5001.59,12311.18,48477.44
CST002748,2024-11-17,APAC,AI Platform,14588.11,5696.24,3262.45,9735.46,33282.25
CST002749,2024-11-18,India,AI Platform,15364.79,5645.33,3740.08,11527.3,36277.5
CST002750,2024-11-18,North America,AI Platform,28463.24,9873.32,6040.31,17736.75,62113.62
CST002751,2024-11-18,Europe,AI Platform,22278.73,8408.0,5342.9,14523.02,50552.65
CST002752,2024-11-18,APAC,AI Platform,18005.07,5354.96,3914.22,10618.13,37892.38
CST002753,2024-11-19,India,AI Platform,18930.06,5931.88,4035.67,9549.22,38446.83
CST002754,2024-11-19,North America,AI Platform,23944.21,9373.86,6655.09,18174.54,58147.7
CST002755,2024-11-19,Europe,AI Platform,22911.46,8204.2,5530.62,15119.78,51766.06
CST002756,2024-11-19,APAC,AI Platform,15087.63,5156.71,4057.82,8574.86,32877.02
CST002757,2024-11-20,India,AI Platform,18282.74,5505.2,4363.92,11707.08,39858.94
CST002758,2024-11-20,North America,AI Platform,24735.25,10304.07,8085.92,15719.43,58844.67
CST002759,2024-11-20,Europe,AI Platform,23689.41,7359.59,5371.68,14472.29,50892.96
CST002760,2024-11-20,APAC,AI Platform,17339.09,5203.07,3499.62,9120.28,35162.05
CST002761,2024-11-21,India,AI Platform,18019.51,6124.97,4386.06,11358.4,39888.94
CST002762,2024-11-21,North America,AI Platform,30874.33,9000.58,7276.54,17544.81,64696.26
CST002763,2024-11-21,Europe,AI Platform,21948.39,7756.56,5361.57,12987.74,48054.27
CST002764,2024-11-21,APAC,AI Platform,16295.23,5325.49,3857.93,10260.35,35738.99
CST002765,2024-11-22,India,AI Platform,17719.24,6127.66,3850.45,10886.51,38583.86
CST002766,2024-11-22,North America,AI Platform,25920.37,9556.0,5751.8,15362.19,56590.36
CST002767,2024-11-22,Europe,AI Platform,21570.16,8166.81,5381.38,12577.76,47696.11
CST002768,2024-11-22,APAC,AI Platform,17892.42,5702.94,3286.27,11208.03,38089.66
CST002769,2024-11-23,India,AI Platform,18817.15,5595.57,4706.28,8183.32,37302.32
CST002770,2024-11-23,North America,AI Platform,24414.12,8135.13,7649.0,17594.42,57792.66
CST002771,2024-11-23,Europe,AI Platform,24309.8,7704.07,6276.49,10358.56,48648.92
CST002772,2024-11-23,APAC,AI Platform,16026.66,5338.3,3557.36,9566.57,34488.89
CST002773,2024-11-24,India,AI Platform,18104.61,5852.14,3983.62,12012.49,39952.86
CST002774,2024-11-24,North America,AI Platform,24508.85,9118.69,7164.99,20494.53,61287.06
CST002775,2024-11-24,Europe,AI Platform,25047.22,8370.64,5745.71,11957.38,51120.95
CST002776,2024-11-24,APAC,AI Platform,16101.05,5120.12,3542.15,10379.51,35142.83
CST002777,2024-11-25,India,AI Platform,19624.95,6600.22,4725.97,11154.18,42105.33
CST002778,2024-11-25,North America,AI Platform,25489.62,9046.84,6983.14,18094.48,59614.08
CST002779,2024-11-25,Europe,AI Platform,22046.53,8330.62,5608.13,11456.87,47442.16
CST002780,2024-11-25,APAC,AI Platform,16132.73,5837.26,3546.9,8170.98,33687.87
CST002781,2024-11-26,India,AI Platform,18333.99,5432.12,4421.97,8548.97,36737.06
CST002782,2024-11-26,North America,AI Platform,25904.99,8909.45,6600.21,14431.03,55845.67
CST002783,2024-11-26,Europe,AI Platform,20691.96,8249.19,5133.88,11255.07,45330.09
CST002784,2024-11-26,APAC,AI Platform,15842.24,5525.38,3993.64,10243.87,35605.12
CST002785,2024-11-27,India,AI Platform,18089.35,6359.61,4873.88,11863.55,41186.39
CST002786,2024-11-27,North America,AI Platform,28591.78,10066.64,7807.89,16173.5,62639.81
CST002787,2024-11-27,Europe,AI Platform,23802.4,7939.91,5297.5,13287.32,50327.13
CST002788,2024-11-27,APAC,AI Platform,16018.73,5332.05,4208.76,9175.4,34734.93
CST002789,2024-11-28,India,AI Platform,17554.79,6489.32,4611.78,11319.91,39975.8
CST002790,2024-11-28,North America,AI Platform,25806.77,9880.33,6104.89,17711.36,59503.36
CST002791,2024-11-28,Europe,AI Platform,21645.88,7752.22,5502.43,13649.97,48550.51
CST002792,2024-11-28,APAC,AI Platform,16044.14,5711.9,4082.15,7803.47,33641.67
CST002793,2024-11-29,India,AI Platform,18520.57,5870.4,4186.05,9997.01,38574.03
CST002794,2024-11-29,North America,AI Platform,25795.02,9053.36,7002.77,17730.4,59581.56
CST002795,2024-11-29,Europe,AI Platform,23914.61,8260.49,6125.37,12836.11,51136.58
CST002796,2024-11-29,APAC,AI Platform,16144.2,5265.73,4243.17,10079.43,35732.52
CST002797,2024-11-30,India,AI Platform,18805.25,5911.74,3682.64,11549.02,39948.65
CST002798,2024-11-30,North America,AI Platform,24607.3,9245.82,6506.79,16783.36,57143.27
CST002799,2024-11-30,Europe,AI Platform,23996.45,7765.61,4517.28,10154.78,46434.13
CST002800,2024-11-30,APAC,AI Platform,16644.28,5466.4,3666.09,9702.07,35478.84
CST002801,2024-12-01,India,AI Platform,18631.5,6293.44,3885.29,10062.11,38872.34
CST002802,2024-12-01,North America,AI Platform,27464.69,8468.91,5625.9,17985.91,59545.41
CST002803,2024-12-01,Europe,AI Platform,22657.14,7963.67,5353.61,13378.42,49352.85
CST002804,2024-12-01,APAC,AI Platform,15779.56,5169.08,3711.4,11011.44,35671.48
CST002805,2024-12-02,India,AI Platform,18088.1,6245.87,4457.55,12048.63,40840.15
CST002806,2024-12-02,North America,AI Platform,26376.06,8967.89,6525.1,14848.2,56717.24
CST002807,2024-12-02,Europe,AI Platform,25234.1,8607.46,5717.83,15934.18,55493.57
CST002808,2024-12-02,APAC,AI Platform,15577.62,5671.91,3955.92,9414.28,34619.74
CST002809,2024-12-03,India,AI Platform,17556.92,6258.73,4458.67,11472.1,39746.42
CST002810,2024-12-03,North America,AI Platform,25798.83,9928.7,5571.48,14519.51,55818.52
CST002811,2024-12-03,Europe,AI Platform,22239.84,8558.47,6268.46,14014.97,51081.74
CST002812,2024-12-03,APAC,AI Platform,16292.77,5464.11,3636.0,8176.95,33569.83
CST002813,2024-12-04,India,AI Platform,17350.13,6476.52,4402.06,11567.09,39795.8
CST002814,2024-12-04,North America,AI Platform,22585.62,8508.63,6514.42,15560.59,53169.26
CST002815,2024-12-04,Europe,AI Platform,21379.69,7918.26,5071.71,13654.07,48023.73
CST002816,2024-12-04,APAC,AI Platform,15545.32,5696.23,3171.23,9482.37,33895.15
CST002817,2024-12-05,India,AI Platform,18685.13,6627.79,4383.98,11091.88,40788.79
CST002818,2024-12-05,North America,AI Platform,27431.03,8757.53,7277.21,16425.97,59891.74
CST002819,2024-12-05,Europe,AI Platform,25399.17,8274.61,4844.83,13705.63,52224.23
CST002820,2024-12-05,APAC,AI Platform,15137.97,5806.06,3879.22,7365.85,32189.1
CST002821,2024-12-06,India,AI Platform,17914.73,6452.74,4487.47,13023.34,41878.28
CST002822,2024-12-06,North America,AI Platform,27700.38,8760.78,5605.05,15930.94,57997.14
CST002823,2024-12-06,Europe,AI Platform,22579.25,7839.77,5824.35,15031.37,51274.74
CST002824,2024-12-06,APAC,AI Platform,16970.1,5798.67,4003.65,9168.55,35940.97
CST002825,2024-12-07,India,AI Platform,15533.74,6588.57,4432.72,9033.8,35588.82
CST002826,2024-12-07,North America,AI Platform,30291.2,8753.8,6009.14,15086.2,60140.34
CST002827,2024-12-07,Europe,AI Platform,21682.62,7597.77,5431.89,13513.76,48226.03
CST002828,2024-12-07,APAC,AI Platform,16589.27,5653.22,4204.61,9673.63,36120.72
CST002829,2024-12-08,India,AI Platform,16734.24,6020.71,4444.38,10738.18,37937.51
CST002830,2024-12-08,North America,AI Platform,28178.54,9345.22,6336.62,15737.6,59597.98
CST002831,2024-12-08,Europe,AI Platform,20701.59,7274.55,5602.75,14161.64,47740.53
CST002832,2024-12-08,APAC,AI Platform,15134.82,5796.78,3916.97,9793.83,34642.4
CST002833,2024-12-09,India,AI Platform,16353.56,5604.46,5024.61,11443.71,38426.35
CST002834,2024-12-09,North America,AI Platform,25399.7,8842.13,6204.6,18111.2,58557.63
CST002835,2024-12-09,Europe,AI Platform,24178.73,7538.87,5476.68,14097.53,51291.81
CST002836,2024-12-09,APAC,AI Platform,16245.85,5636.09,3635.18,8927.02,34444.13
CST002837,2024-12-10,India,AI Platform,16799.42,5699.02,4265.86,10432.65,37196.95
CST002838,2024-12-10,North America,AI Platform,26969.52,9784.21,6973.85,15452.98,59180.55
CST002839,2024-12-10,Europe,AI Platform,21124.13,7898.16,5456.53,13945.5,48424.32
CST002840,2024-12-10,APAC,AI Platform,14896.75,5456.02,4113.3,9179.35,33645.42
CST002841,2024-12-11,India,AI Platform,17631.74,6045.22,4072.12,10780.72,38529.8
CST002842,2024-12-11,North America,AI Platform,24566.72,9652.18,6027.99,18292.72,58539.61
CST002843,2024-12-11,Europe,AI Platform,20949.93,8517.49,6017.92,13024.0,48509.34
CST002844,2024-12-11,APAC,AI Platform,14938.11,5579.62,3725.57,10300.04,34543.34
CST002845,2024-12-12,India,AI Platform,16626.33,6215.51,4034.49,10690.28,37566.6
CST002846,2024-12-12,North America,AI Platform,25504.45,9054.92,5820.88,16270.65,56650.9
CST002847,2024-12-12,Europe,AI Platform,22870.17,7918.95,5966.43,14902.34,51657.89
CST002848,2024-12-12,APAC,AI Platform,14868.3,5387.13,3633.11,10384.95,34273.49
CST002849,2024-12-13,India,AI Platform,17380.81,6239.94,4448.41,10656.21,38725.36
CST002850,2024-12-13,North America,AI Platform,28783.23,9048.15,6627.27,13761.16,58219.81
CST002851,2024-12-13,Europe,AI Platform,24476.01,7684.75,5696.07,12136.75,49993.57
CST002852,2024-12-13,APAC,AI Platform,15538.41,5906.11,3481.98,10207.2,35133.71
CST002853,2024-12-14,India,AI Platform,17871.88,6384.35,4113.37,10292.71,38662.31
CST002854,2024-12-14,North America,AI Platform,27502.39,9396.42,6609.43,16445.48,59953.72
CST002855,2024-12-14,Europe,AI Platform,21942.79,7632.68,5707.0,14921.66,50204.13
CST002856,2024-12-14,APAC,AI Platform,17788.46,5627.74,3962.62,9121.17,36499.99
CST002857,2024-12-15,India,AI Platform,19204.55,5914.47,4526.15,8729.52,38374.69
CST002858,2024-12-15,North America,AI Platform,26892.22,10015.7,6510.87,15341.08,58759.87
CST002859,2024-12-15,Europe,AI Platform,21159.94,7878.75,5619.94,15067.39,49726.02
CST002860,2024-12-15,APAC,AI Platform,17323.09,5934.03,3385.51,11152.08,37794.72
CST002861,2024-12-16,India,AI Platform,16889.71,5729.96,4161.01,11072.76,37853.44
CST002862,2024-12-16,North America,AI Platform,25732.44,9921.52,5972.34,18143.7,59770.01
CST002863,2024-12-16,Europe,AI Platform,21222.61,8177.0,5973.65,15323.61,50696.87
CST002864,2024-12-16,APAC,AI Platform,15288.99,5341.99,3907.33,9924.07,34462.38
CST002865,2024-12-17,India,AI Platform,17998.29,5980.75,4313.31,11303.91,39596.26
CST002866,2024-12-17,North America,AI Platform,28224.72,9499.11,7383.19,15336.94,60443.97
CST002867,2024-12-17,Europe,AI Platform,23686.46,7549.16,5908.33,12742.36,49886.32
CST002868,2024-12-17,APAC,AI Platform,17542.43,5870.65,3916.13,9846.55,37175.77
CST002869,2024-12-18,India,AI Platform,16840.33,6527.75,4160.38,10230.63,37759.09
CST002870,2024-12-18,North America,AI Platform,29761.28,10336.31,6703.58,16500.96,63302.13
CST002871,2024-12-18,Europe,AI Platform,21829.24,7756.18,5444.51,17992.62,53022.54
CST002872,2024-12-18,APAC,AI Platform,14232.94,5550.74,3318.34,9734.72,32836.75
CST002873,2024-12-19,India,AI Platform,19392.43,5947.02,4431.8,11003.88,40775.13
CST002874,2024-12-19,North America,AI Platform,29467.38,9414.52,6113.47,18818.02,63813.39
CST002875,2024-12-19,Europe,AI Platform,23004.89,7209.79,5030.71,14840.05,50085.43
CST002876,2024-12-19,APAC,AI Platform,18835.22,5362.8,4234.48,8822.76,37255.26
CST002877,2024-12-20,India,AI Platform,17464.61,6182.96,3864.3,11721.5,39233.37
CST002878,2024-12-20,North America,AI Platform,27760.44,10248.47,5628.2,14843.65,58480.75
CST002879,2024-12-20,Europe,AI Platform,23547.66,7692.31,5614.15,13326.57,50180.69
CST002880,2024-12-20,APAC,AI Platform,14822.1,5625.86,4009.88,10804.88,35262.72
CST002881,2024-12-21,India,AI Platform,18455.7,6169.16,4024.47,11398.27,40047.6
CST002882,2024-12-21,North America,AI Platform,26911.81,9929.8,6975.33,15647.94,59464.89
CST002883,2024-12-21,Europe,AI Platform,23455.05,8145.65,5776.37,17001.58,54378.64
CST002884,2024-12-21,APAC,AI Platform,16427.52,5550.52,3448.55,9491.56,34918.15
CST002885,2024-12-22,India,AI Platform,17739.33,6101.5,4315.44,10588.51,38744.78
CST002886,2024-12-22,North America,AI Platform,28423.08,8926.94,6954.5,19261.07,63565.6
CST002887,2024-12-22,Europe,AI Platform,23492.79,8030.76,5549.86,13426.67,50500.07
CST002888,2024-12-22,APAC,AI Platform,15210.75,5855.29,3718.92,9936.89,34721.85
CST002889,2024-12-23,India,AI Platform,16987.59,5871.93,3877.47,11082.48,37819.47
CST002890,2024-12-23,North America,AI Platform,28314.22,9679.49,6816.04,15597.54,60407.29
CST002891,2024-12-23,Europe,AI Platform,22054.98,8026.36,6021.12,13103.52,49205.97
CST002892,2024-12-23,APAC,AI Platform,16408.04,6089.74,3781.9,8943.85,35223.53
CST002893,2024-12-24,India,AI Platform,18329.35,6354.67,4075.28,11552.34,40311.64
CST002894,2024-12-24,North America,AI Platform,28172.78,9312.71,6591.03,13598.94,57675.46
CST002895,2024-12-24,Europe,AI Platform,23558.4,7781.66,5399.78,14886.77,51626.61
CST002896,2024-12-24,APAC,AI Platform,13868.45,5486.76,3789.48,9697.09,32841.79
CST002897,2024-12-25,India,AI Platform,21111.52,6164.07,4462.41,9094.53,40832.53
CST002898,2024-12-25,North America,AI Platform,28394.24,10270.16,6503.53,18216.51,63384.44
CST002899,2024-12-25,Europe,AI Platform,21993.27,7214.58,5695.47,13384.28,48287.6
CST002900,2024-12-25,APAC,AI Platform,16433.8,5602.86,3967.13,8477.29,34481.08
CST002901,2024-12-26,India,AI Platform,18019.17,6191.17,4942.65,9852.49,39005.48
CST002902,2024-12-26,North America,AI Platform,30848.41,9169.79,6494.57,18674.92,65187.69
CST002903,2024-12-26,Europe,AI Platform,25333.06,8818.31,6130.01,12821.4,53102.77
CST002904,2024-12-26,APAC,AI Platform,16394.28,5322.82,3747.85,10250.07,35715.01
CST002905,2024-12-27,India,AI Platform,15800.95,6466.21,4353.85,10168.24,36789.24
CST002906,2024-12-27,North America,AI Platform,26005.94,10009.16,6152.91,18024.81,60192.81
CST002907,2024-12-27,Europe,AI Platform,24518.56,8037.89,5462.26,13012.69,51031.4
CST002908,2024-12-27,APAC,AI Platform,16239.31,5370.65,3630.84,11152.91,36393.72
CST002909,2024-12-28,India,AI Platform,16708.84,6005.57,4586.53,10528.34,37829.28
CST002910,2024-12-28,North America,AI Platform,29084.49,10033.04,7228.12,15048.66,61394.32
CST002911,2024-12-28,Europe,AI Platform,23876.25,7514.41,5073.9,13048.62,49513.19
CST002912,2024-12-28,APAC,AI Platform,16377.77,5386.61,3538.52,10300.54,35603.44
CST002913,2024-12-29,India,AI Platform,17869.41,6007.19,4549.39,11187.91,39613.9
CST002914,2024-12-29,North America,AI Platform,25194.45,9737.26,6585.91,15178.3,56695.92
CST002915,2024-12-29,Europe,AI Platform,23792.43,7912.23,5294.17,16604.4,53603.23
CST002916,2024-12-29,APAC,AI Platform,15658.66,5659.85,4307.99,9902.53,35529.04
CST002917,2024-12-30,India,AI Platform,16597.6,6134.55,4426.89,10540.04,37699.08
CST002918,2024-12-30,North America,AI Platform,30676.53,9689.6,6437.08,16331.29,63134.49
CST002919,2024-12-30,Europe,AI Platform,22600.73,8938.48,5279.83,13385.95,50204.99
CST002920,2024-12-30,APAC,AI Platform,18679.34,6134.49,3881.54,8821.53,37516.91
CST002921,2024-12-31,India,AI Platform,19407.03,5829.14,4397.98,11763.47,41397.63
CST002922,2024-12-31,North America,AI Platform,25507.89,9767.59,6732.24,17004.29,59012.0
CST002923,2024-12-31,Europe,AI Platform,23895.56,8243.19,5444.81,14781.23,52364.78
CST002924,2024-12-31,APAC,AI Platform,16336.51,5524.49,4462.84,10457.48,36781.32
