customer_id,customer_name,region,country,industry,company_size,acquisition_channel,signup_date,customer_status
CUS000001,AMX Client 0001,Europe,Netherlands,Finance,Small,Direct,2020-03-01,active
CUS000002,AMX Client 0002,North America,Canada,Manufacturing,Medium,Organic,2023-06-26,active
CUS000003,AMX Client 0003,APAC,Australia,Manufacturing,Medium,Organic,2021-01-12,active
CUS000004,AMX Client 0004,Europe,United Kingdom,Healthcare,Small,Organic,2023-06-10,active
CUS000005,AMX Client 0005,India,India,Finance,Small,Partner,2022-09-24,active
CUS000006,AMX Client 0006,APAC,Singapore,Finance,Small,Referral,2020-12-23,active
CUS000007,AMX Client 0007,Europe,United Kingdom,Healthcare,Medium,Paid Search,2022-04-09,inactive
CUS000008,AMX Client 0008,Europe,Germany,Retail,Medium,Referral,2020-03-05,active
CUS000009,AMX Client 0009,India,India,,Medium,Paid Search,2023-05-24,inactive
CUS000010,AMX Client 0010,North America,Canada,Finance,Small,Paid Search,2021-06-20,inactive
CUS000011,AMX Client 0011,North America,United States,Technology,Small,Paid Search,2021-11-08,active
CUS000012,AMX Client 0012,APAC,Australia,Retail,Medium,Organic,2020-10-04,active
CUS000013,AMX Client 0013,Europe,Germany,Retail,Small,Referral,2021-10-06,active
CUS000014,AMX Client 0014,Europe,United Kingdom,Retail,Medium,Organic,2021-11-29,active
CUS000015,AMX Client 0015,North America,Canada,Manufacturing,Small,Direct,2021-02-01,active
CUS000016,AMX Client 0016,India,India,Healthcare,Small,Organic,2024-09-25,active
CUS000017,AMX Client 0017,North America,Canada,Retail,Small,Direct,2021-05-09,active
CUS000018,AMX Client 0018,India,India,Finance,Small,Referral,2020-11-15,active
CUS000019,AMX Client 0019,Europe,Netherlands,Healthcare,Medium,Organic,2022-08-26,active
CUS000020,AMX Client 0020,Europe,France,Manufacturing,Small,Organic,2021-07-17,inactive
CUS000021,AMX Client 0021,Europe,Germany,Technology,Enterprise,Direct,2022-03-12,active
CUS000022,AMX Client 0022,North America,Canada,Finance,Medium,Organic,2023-07-04,active
CUS000023,AMX Client 0023,APAC,Singapore,Technology,Enterprise,Partner,2020-05-18,inactive
CUS000024,AMX Client 0024,APAC,Japan,Finance,Medium,Paid Search,2022-06-18,inactive
CUS000025,AMX Client 0025,Europe,Netherlands,Technology,Medium,Organic,2020-02-08,active
CUS000026,AMX Client 0026,India,India,Retail,Medium,Organic,2020-03-18,active
CUS000027,AMX Client 0027,North America,United States,Manufacturing,Small,Partner,2020-06-12,active
CUS000028,AMX Client 0028,India,India,Manufacturing,Small,Organic,2020-10-12,active
CUS000029,AMX Client 0029,India,India,Finance,Medium,Organic,2021-09-09,active
CUS000030,AMX Client 0030,Europe,Netherlands,Healthcare,Small,Paid Search,2024-07-09,active
CUS000031,AMX Client 0031,Europe,United Kingdom,Finance,Small,Referral,2024-05-19,active
CUS000032,AMX Client 0032,APAC,Australia,Finance,Enterprise,Paid Search,2020-07-01,active
CUS000033,AMX Client 0033,North America,United States,Healthcare,Small,Partner,2024-10-16,active
CUS000034,AMX Client 0034,North America,United States,Healthcare,Medium,Direct,2023-01-26,active
CUS000035,AMX Client 0035,North America,Canada,Retail,Medium,Referral,2022-09-04,active
CUS000036,AMX Client 0036,India,India,Technology,Small,Referral,2023-10-31,active
CUS000037,AMX Client 0037,India,India,Retail,Enterprise,Direct,2022-05-05,active
CUS000038,AMX Client 0038,North America,United States,Finance,Small,Paid Search,2021-04-13,active
CUS000039,AMX Client 0039,India,India,Technology,Enterprise,Organic,2022-07-24,active
CUS000040,AMX Client 0040,Europe,France,Technology,Medium,Direct,2023-07-04,active
CUS000041,AMX Client 0041,North America,United States,Retail,Small,Referral,2023-04-20,active
CUS000042,AMX Client 0042,Europe,France,Technology,Small,Referral,2020-10-27,active
CUS000043,AMX Client 0043,Europe,Netherlands,Healthcare,Small,Referral,2024-07-14,active
CUS000044,AMX Client 0044,North America,Canada,Technology,Small,Direct,2021-05-17,active
CUS000045,AMX Client 0045,Europe,United Kingdom,Finance,Small,Organic,2023-12-19,active
CUS000046,AMX Client 0046,Europe,Germany,Manufacturing,Enterprise,Referral,2021-07-04,active
CUS000047,AMX Client 0047,North America,United States,Healthcare,Small,Paid Search,2020-04-21,active
CUS000048,AMX Client 0048,India,India,Retail,Medium,Organic,2024-10-25,active
CUS000049,AMX Client 0049,Europe,United Kingdom,Technology,Small,Organic,2022-11-05,active
CUS000050,AMX Client 0050,India,India,Technology,Enterprise,Direct,2021-01-13,active
CUS000051,AMX Client 0051,India,India,Manufacturing,Small,Organic,2020-01-01,active
CUS000052,AMX Client 0052,India,India,Healthcare,Small,Paid Search,2020-08-16,active
CUS000053,AMX Client 0053,Europe,United Kingdom,Manufacturing,Medium,Direct,2020-10-27,active
CUS000054,AMX Client 0054,Europe,United Kingdom,Manufacturing,Small,Direct,2024-06-22,active
CUS000055,AMX Client 0055,Europe,Netherlands,Technology,Medium,Organic,2020-11-08,active
CUS000056,AMX Client 0056,Europe,Germany,Manufacturing,Small,Organic,2020-10-12,active
CUS000057,AMX Client 0057,North America,Canada,Retail,Medium,Partner,2024-01-19,active
CUS000058,AMX Client 0058,North America,Canada,Healthcare,Medium,Direct,2024-04-01,active
CUS000059,AMX Client 0059,India,India,Retail,Medium,Paid Search,2021-01-04,active
CUS000060,AMX Client 0060,India,India,Healthcare,Small,Direct,2023-02-22,active
CUS000061,AMX Client 0061,Europe,France,Manufacturing,Small,Organic,2022-08-01,active
CUS000062,AMX Client 0062,North America,Canada,Manufacturing,Small,Organic,2022-10-15,active
CUS000063,AMX Client 0063,North America,Canada,Retail,Small,Organic,2021-07-03,active
CUS000064,AMX Client 0064,Europe,United Kingdom,Finance,Small,Organic,2023-08-19,active
CUS000065,AMX Client 0065,Europe,Germany,Healthcare,Enterprise,Paid Search,2024-04-04,active
CUS000066,AMX Client 0066,North America,Canada,Retail,Small,Organic,2023-07-06,inactive
CUS000067,AMX Client 0067,North America,United States,Finance,Medium,Organic,2024-05-13,active
CUS000068,AMX Client 0068,North America,United States,Healthcare,Small,Organic,2020-07-14,inactive
CUS000069,AMX Client 0069,India,India,Technology,Small,Organic,2023-03-06,active
CUS000070,AMX Client 0070,North America,United States,Retail,Small,Organic,2024-10-31,active
CUS000071,AMX Client 0071,India,India,Healthcare,Small,Organic,2022-08-04,active
CUS000072,AMX Client 0072,North America,Canada,Manufacturing,Small,Organic,2024-07-21,active
CUS000073,AMX Client 0073,APAC,Australia,Healthcare,Small,Direct,2021-09-07,active
CUS000074,AMX Client 0074,India,India,Manufacturing,Small,Paid Search,2024-05-02,active
CUS000075,AMX Client 0075,India,India,Manufacturing,Enterprise,Direct,2024-07-15,active
CUS000076,AMX Client 0076,India,India,Finance,Small,Referral,2023-01-03,active
CUS000077,AMX Client 0077,India,India,Manufacturing,Small,Organic,2023-05-29,active
CUS000078,AMX Client 0078,Europe,United Kingdom,Finance,Small,Direct,2022-07-12,active
CUS000079,AMX Client 0079,North America,Canada,Healthcare,Small,Organic,2021-07-13,active
CUS000080,AMX Client 0080,Europe,France,Finance,Medium,Partner,2022-08-05,active
CUS000081,AMX Client 0081,Europe,France,Retail,Small,Referral,2024-08-26,active
CUS000082,AMX Client 0082,North America,United States,Healthcare,Medium,Referral,2020-01-27,active
CUS000083,AMX Client 0083,Europe,Netherlands,Manufacturing,Small,Paid Search,2020-12-28,inactive
CUS000084,AMX Client 0084,India,India,Manufacturing,Small,Organic,2022-06-01,active
CUS000085,AMX Client 0085,India,India,Manufacturing,Enterprise,Referral,2021-08-22,active
CUS000086,AMX Client 0086,India,India,Retail,Small,Organic,2023-01-06,active
CUS000087,AMX Client 0087,Europe,United Kingdom,Manufacturing,Medium,Referral,2021-09-28,active
CUS000088,AMX Client 0088,North America,Canada,Technology,Small,Direct,2023-03-09,active
CUS000089,AMX Client 0089,India,India,Manufacturing,Enterprise,Referral,2020-07-06,active
CUS000090,AMX Client 0090,North America,Canada,Finance,Small,Paid Search,2021-08-09,active
CUS000091,AMX Client 0091,India,India,Retail,Small,Partner,2023-05-08,active
CUS000092,AMX Client 0092,Europe,United Kingdom,Manufacturing,Medium,Referral,2022-04-12,active
CUS000093,AMX Client 0093,North America,United States,Healthcare,Small,Paid Search,2023-06-14,active
CUS000094,AMX Client 0094,North America,United States,Manufacturing,Small,Referral,2023-01-28,active
CUS000095,AMX Client 0095,North America,United States,Healthcare,Enterprise,Direct,2021-08-03,inactive
CUS000096,AMX Client 0096,Europe,France,Healthcare,Medium,Organic,2022-01-26,inactive
CUS000097,AMX Client 0097,North America,United States,Technology,Medium,Paid Search,2024-08-30,active
CUS000098,AMX Client 0098,India,India,Manufacturing,Medium,Direct,2024-08-26,active
CUS000099,AMX Client 0099,India,India,Healthcare,Medium,Paid Search,2020-03-03,active
CUS000100,AMX Client 0100,APAC,Australia,Healthcare,Enterprise,Organic,2023-05-30,active
CUS000101,AMX Client 0101,APAC,Japan,Retail,Medium,Partner,2022-05-17,active
CUS000102,AMX Client 0102,Europe,United Kingdom,Manufacturing,Small,Paid Search,2020-01-03,inactive
CUS000103,AMX Client 0103,India,India,Retail,Small,Direct,2023-01-24,active
CUS000104,AMX Client 0104,APAC,Singapore,Technology,Medium,Paid Search,2020-02-11,active
CUS000105,AMX Client 0105,Europe,United Kingdom,Technology,Medium,Paid Search,2021-07-17,active
CUS000106,AMX Client 0106,Europe,France,Healthcare,Small,Organic,2023-05-04,active
CUS000107,AMX Client 0107,North America,United States,Healthcare,Small,Organic,2023-12-06,active
CUS000108,AMX Client 0108,India,India,Finance,Small,Partner,2021-12-29,inactive
CUS000109,AMX Client 0109,India,India,Healthcare,Small,Partner,2023-11-29,active
CUS000110,AMX Client 0110,APAC,Japan,Manufacturing,Medium,Referral,2024-01-22,active
CUS000111,AMX Client 0111,North America,United States,Retail,Small,Partner,2022-03-01,active
CUS000112,AMX Client 0112,India,India,Manufacturing,Medium,Partner,2020-11-01,active
CUS000113,AMX Client 0113,North America,Canada,Technology,Medium,Partner,2023-03-10,inactive
CUS000114,AMX Client 0114,North America,United States,Retail,Enterprise,Organic,2020-01-25,inactive
CUS000115,AMX Client 0115,India,India,Retail,Small,Paid Search,2024-04-26,active
CUS000116,AMX Client 0116,APAC,Singapore,Finance,Enterprise,Direct,2021-11-16,active
CUS000117,AMX Client 0117,Europe,United Kingdom,Technology,Medium,Partner,2023-09-04,active
CUS000118,AMX Client 0118,Europe,France,Retail,Medium,Direct,2023-07-23,active
CUS000119,AMX Client 0119,North America,United States,Finance,Small,Direct,2022-04-15,active
CUS000120,AMX Client 0120,Europe,United Kingdom,Finance,Small,Partner,2024-09-12,active
CUS000121,AMX Client 0121,North America,Canada,Finance,Medium,Paid Search,2023-11-07,active
CUS000122,AMX Client 0122,Europe,France,Retail,Small,Organic,2024-04-09,active
CUS000123,AMX Client 0123,India,India,Manufacturing,Small,Direct,2020-06-14,active
CUS000124,AMX Client 0124,North America,United States,Retail,Medium,Organic,2022-05-04,active
CUS000125,AMX Client 0125,India,India,Retail,Medium,Paid Search,2024-08-08,active
CUS000126,AMX Client 0126,North America,United States,Finance,Small,Partner,2023-12-06,active
CUS000127,AMX Client 0127,North America,United States,,Small,Direct,2022-03-12,active
CUS000128,AMX Client 0128,India,India,Finance,Small,Paid Search,2020-05-04,active
CUS000129,AMX Client 0129,India,India,Manufacturing,Enterprise,Direct,2021-05-13,active
CUS000130,AMX Client 0130,North America,Canada,Retail,Enterprise,Paid Search,2022-10-07,active
CUS000131,AMX Client 0131,India,India,Retail,Small,Paid Search,2023-02-07,active
CUS000132,AMX Client 0132,APAC,Australia,Technology,Small,Referral,2024-06-20,active
CUS000133,AMX Client 0133,North America,Canada,Manufacturing,Small,Direct,2020-06-12,active
CUS000134,AMX Client 0134,North America,United States,Retail,Small,Direct,2021-12-01,active
CUS000135,AMX Client 0135,Europe,United Kingdom,Technology,Enterprise,Referral,2021-04-25,active
CUS000136,AMX Client 0136,India,India,Technology,Small,Organic,2024-08-22,active
CUS000137,AMX Client 0137,APAC,Australia,Finance,Small,Partner,2020-10-20,active
CUS000138,AMX Client 0138,North America,United States,Healthcare,Small,Organic,2021-01-24,active
CUS000139,AMX Client 0139,Europe,France,Technology,Small,Direct,2021-06-09,active
CUS000140,AMX Client 0140,India,India,Technology,Medium,Organic,2020-07-05,active
CUS000141,AMX Client 0141,North America,United States,Retail,Medium,Referral,2023-02-10,active
CUS000142,AMX Client 0142,North America,United States,Retail,Medium,Paid Search,2022-07-15,active
CUS000143,AMX Client 0143,APAC,Australia,Manufacturing,Small,Organic,2022-09-11,active
CUS000144,AMX Client 0144,North America,United States,Healthcare,Enterprise,Referral,2024-05-21,active
CUS000145,AMX Client 0145,North America,United States,Healthcare,Small,Paid Search,2022-02-03,active
CUS000146,AMX Client 0146,India,India,Finance,Medium,Direct,2021-07-03,active
CUS000147,AMX Client 0147,North America,Canada,Healthcare,Enterprise,Paid Search,2021-10-24,active
CUS000148,AMX Client 0148,North America,Canada,Retail,Small,Direct,2023-11-14,active
CUS000149,AMX Client 0149,North America,Canada,Finance,Enterprise,Partner,2022-07-22,active
CUS000150,AMX Client 0150,India,India,Finance,Small,Organic,2020-10-25,active
CUS000151,AMX Client 0151,Europe,France,Manufacturing,Medium,Direct,2023-05-03,active
CUS000152,AMX Client 0152,APAC,Australia,Retail,Small,Direct,2023-08-09,active
CUS000153,AMX Client 0153,India,India,Retail,Small,Organic,2021-03-17,active
CUS000154,AMX Client 0154,North America,Canada,Healthcare,Small,Partner,2022-09-10,active
CUS000155,AMX Client 0155,India,India,Finance,Small,Organic,2022-09-22,active
CUS000156,AMX Client 0156,Europe,Netherlands,Finance,Small,Partner,2020-11-05,active
CUS000157,AMX Client 0157,India,India,Manufacturing,Small,Paid Search,2020-01-17,active
CUS000158,AMX Client 0158,Europe,Germany,Manufacturing,Medium,Referral,2023-06-22,active
CUS000159,AMX Client 0159,Europe,Netherlands,Retail,Small,Direct,2022-12-22,active
CUS000160,AMX Client 0160,Europe,United Kingdom,Manufacturing,Small,Paid Search,2023-06-14,active
CUS000161,AMX Client 0161,India,India,,Enterprise,Direct,2021-10-28,active
CUS000162,AMX Client 0162,APAC,Singapore,Healthcare,Enterprise,Partner,2022-06-29,active
CUS000163,AMX Client 0163,India,India,Technology,Small,Partner,2024-09-29,active
CUS000164,AMX Client 0164,India,India,Healthcare,Small,Direct,2021-02-02,active
CUS000165,AMX Client 0165,North America,United States,Technology,Medium,Direct,2023-02-26,active
CUS000166,AMX Client 0166,North America,Canada,Finance,Medium,Paid Search,2020-08-21,active
CUS000167,AMX Client 0167,Europe,France,Manufacturing,Small,Paid Search,2020-04-26,active
CUS000168,AMX Client 0168,Europe,Germany,Finance,Medium,Referral,2024-08-17,active
CUS000169,AMX Client 0169,North America,United States,Retail,Small,Referral,2020-08-17,active
CUS000170,AMX Client 0170,APAC,Australia,Manufacturing,Small,Organic,2023-03-04,inactive
CUS000171,AMX Client 0171,India,India,Manufacturing,Medium,Direct,2022-06-27,active
CUS000172,AMX Client 0172,North America,United States,Retail,Medium,Direct,2023-11-30,active
CUS000173,AMX Client 0173,India,India,Technology,Medium,Organic,2022-08-23,active
CUS000174,AMX Client 0174,APAC,Australia,Finance,Small,Paid Search,2023-05-15,active
CUS000175,AMX Client 0175,India,India,Healthcare,Small,Partner,2024-04-28,active
CUS000176,AMX Client 0176,India,India,Finance,Small,Direct,2024-01-04,active
CUS000177,AMX Client 0177,North America,United States,Healthcare,Small,Organic,2023-06-28,active
CUS000178,AMX Client 0178,APAC,Japan,Manufacturing,Small,Referral,2020-10-13,active
CUS000179,AMX Client 0179,APAC,Japan,Healthcare,Small,Organic,2020-10-26,active
CUS000180,AMX Client 0180,Europe,United Kingdom,Healthcare,Medium,Paid Search,2022-05-27,active
CUS000181,AMX Client 0181,APAC,Japan,,Medium,Organic,2023-03-09,active
CUS000182,AMX Client 0182,APAC,Australia,Technology,Small,Partner,2023-03-24,active
CUS000183,AMX Client 0183,North America,United States,Retail,Small,Organic,2023-10-21,active
CUS000184,AMX Client 0184,North America,Canada,Manufacturing,Medium,Paid Search,2020-07-01,inactive
CUS000185,AMX Client 0185,Europe,United Kingdom,Healthcare,Small,Paid Search,2020-11-02,active
CUS000186,AMX Client 0186,Europe,United Kingdom,Healthcare,Enterprise,Organic,2020-09-21,active
CUS000187,AMX Client 0187,North America,United States,Manufacturing,Small,Partner,2022-08-13,active
CUS000188,AMX Client 0188,India,India,Finance,Medium,Direct,2023-01-24,active
CUS000189,AMX Client 0189,Europe,Netherlands,Finance,Enterprise,Direct,2020-07-23,active
CUS000190,AMX Client 0190,India,India,Manufacturing,Medium,Direct,2024-03-14,active
CUS000191,AMX Client 0191,APAC,Australia,Retail,Medium,Direct,2021-06-19,active
CUS000192,AMX Client 0192,India,India,Healthcare,Medium,Paid Search,2023-03-12,active
CUS000193,AMX Client 0193,India,India,Healthcare,Small,Paid Search,2023-08-20,inactive
CUS000194,AMX Client 0194,Europe,Germany,Technology,Medium,Paid Search,2020-03-04,active
CUS000195,AMX Client 0195,India,India,Finance,Enterprise,Paid Search,2024-03-07,active
CUS000196,AMX Client 0196,India,India,Finance,Enterprise,Referral,2024-09-09,active
CUS000197,AMX Client 0197,Europe,Netherlands,Technology,Small,Referral,2024-08-19,active
CUS000198,AMX Client 0198,APAC,Japan,Healthcare,Small,Partner,2020-09-03,active
CUS000199,AMX Client 0199,India,India,Manufacturing,Medium,Direct,2021-11-24,active
CUS000200,AMX Client 0200,North America,United States,Manufacturing,Medium,Direct,2021-02-14,active
CUS000201,AMX Client 0201,Europe,United Kingdom,Technology,Small,Referral,2022-03-07,active
CUS000202,AMX Client 0202,APAC,Japan,Retail,Small,Direct,2024-09-17,active
CUS000203,AMX Client 0203,North America,Canada,Finance,Small,Partner,2023-09-09,active
CUS000204,AMX Client 0204,India,India,,Small,Organic,2023-09-23,active
CUS000205,AMX Client 0205,India,India,Healthcare,Small,Organic,2022-01-15,active
CUS000206,AMX Client 0206,India,India,Manufacturing,Small,Organic,2024-07-11,active
CUS000207,AMX Client 0207,India,India,Technology,Small,Paid Search,2024-06-12,active
CUS000208,AMX Client 0208,Europe,Netherlands,Healthcare,Enterprise,Organic,2023-11-25,active
CUS000209,AMX Client 0209,India,India,Technology,Small,Paid Search,2023-12-09,active
CUS000210,AMX Client 0210,North America,Canada,Manufacturing,Small,Direct,2023-02-24,active
CUS000211,AMX Client 0211,Europe,France,Technology,Small,Paid Search,2020-06-17,active
CUS000212,AMX Client 0212,North America,United States,Retail,Small,Organic,2021-05-17,active
CUS000213,AMX Client 0213,India,India,Technology,Enterprise,Direct,2023-09-19,active
CUS000214,AMX Client 0214,Europe,United Kingdom,Retail,Enterprise,Referral,2021-07-31,active
CUS000215,AMX Client 0215,Europe,France,Retail,Small,Referral,2020-10-31,active
CUS000216,AMX Client 0216,Europe,France,Retail,Small,Paid Search,2024-07-30,active
CUS000217,AMX Client 0217,India,India,Manufacturing,Small,Referral,2022-05-12,active
CUS000218,AMX Client 0218,India,India,Manufacturing,Small,Partner,2024-02-28,active
CUS000219,AMX Client 0219,APAC,Australia,Finance,Small,Direct,2021-05-16,active
CUS000220,AMX Client 0220,North America,United States,Manufacturing,Small,Direct,2021-09-26,inactive
CUS000221,AMX Client 0221,North America,Canada,Retail,Small,Referral,2021-08-29,active
CUS000222,AMX Client 0222,North America,United States,Technology,Medium,Paid Search,2021-10-21,active
CUS000223,AMX Client 0223,Europe,United Kingdom,Healthcare,Small,Referral,2022-02-11,active
CUS000224,AMX Client 0224,APAC,Japan,Healthcare,Small,Paid Search,2021-06-09,active
CUS000225,AMX Client 0225,India,India,Finance,Small,Organic,2023-12-08,active
CUS000226,AMX Client 0226,APAC,Australia,Retail,Small,Direct,2021-07-29,active
CUS000227,AMX Client 0227,India,India,,Small,Direct,2022-02-18,inactive
CUS000228,AMX Client 0228,North America,United States,Technology,Small,Organic,2024-02-28,active
CUS000229,AMX Client 0229,Europe,United Kingdom,Finance,Small,Paid Search,2022-02-11,active
CUS000230,AMX Client 0230,India,India,Retail,Small,Direct,2020-01-19,inactive
CUS000231,AMX Client 0231,India,India,Finance,Medium,Referral,2020-01-01,active
CUS000232,AMX Client 0232,North America,United States,Manufacturing,Enterprise,Paid Search,2022-02-09,active
CUS000233,AMX Client 0233,APAC,Japan,Finance,Small,Partner,2023-02-19,active
CUS000234,AMX Client 0234,Europe,United Kingdom,Healthcare,Small,Referral,2024-07-23,active
CUS000235,AMX Client 0235,APAC,Singapore,Technology,Medium,Organic,2020-08-19,active
CUS000236,AMX Client 0236,Europe,United Kingdom,Finance,Medium,Paid Search,2022-08-16,active
CUS000237,AMX Client 0237,North America,United States,Manufacturing,Small,Partner,2021-05-25,active
CUS000238,AMX Client 0238,Europe,France,Manufacturing,Small,Partner,2022-03-06,active
CUS000239,AMX Client 0239,India,India,Manufacturing,Small,Direct,2022-02-20,active
CUS000240,AMX Client 0240,India,India,Technology,Medium,Organic,2021-07-05,active
CUS000241,AMX Client 0241,Europe,Germany,Manufacturing,Small,Paid Search,2020-02-02,active
CUS000242,AMX Client 0242,Europe,Netherlands,Finance,Small,Referral,2020-05-10,active
CUS000243,AMX Client 0243,India,India,Technology,Small,Referral,2022-07-11,active
CUS000244,AMX Client 0244,North America,United States,Technology,Small,Direct,2021-01-31,active
CUS000245,AMX Client 0245,Europe,France,Healthcare,Small,Referral,2021-07-31,active
CUS000246,AMX Client 0246,APAC,Singapore,Retail,Medium,Direct,2020-06-08,active
CUS000247,AMX Client 0247,Europe,Germany,Retail,Small,Direct,2020-03-28,active
CUS000248,AMX Client 0248,North America,United States,Manufacturing,Small,Paid Search,2020-08-11,active
CUS000249,AMX Client 0249,North America,United States,Technology,Small,Referral,2021-10-28,active
CUS000250,AMX Client 0250,North America,United States,Technology,Medium,Referral,2020-10-15,active
CUS000251,AMX Client 0251,Europe,Germany,Manufacturing,Small,Paid Search,2021-02-12,active
CUS000252,AMX Client 0252,APAC,Australia,Healthcare,Small,Direct,2021-06-17,active
CUS000253,AMX Client 0253,North America,Canada,Healthcare,Small,Direct,2021-05-29,inactive
CUS000254,AMX Client 0254,India,India,Retail,Medium,Direct,2020-01-20,active
CUS000255,AMX Client 0255,India,India,Technology,Medium,Organic,2020-07-26,active
CUS000256,AMX Client 0256,Europe,Netherlands,Retail,Enterprise,Organic,2024-08-04,active
CUS000257,AMX Client 0257,Europe,Netherlands,Manufacturing,Medium,Direct,2023-03-25,active
CUS000258,AMX Client 0258,India,India,Technology,Small,Organic,2020-08-06,active
CUS000259,AMX Client 0259,India,India,Technology,Small,Organic,2021-05-16,active
CUS000260,AMX Client 0260,Europe,United Kingdom,Finance,Small,Paid Search,2021-11-07,inactive
CUS000261,AMX Client 0261,India,India,Retail,Medium,Partner,2024-05-18,active
CUS000262,AMX Client 0262,Europe,France,Healthcare,Medium,Partner,2024-04-02,active
CUS000263,AMX Client 0263,North America,Canada,Technology,Small,Paid Search,2023-09-22,active
CUS000264,AMX Client 0264,India,India,Manufacturing,Enterprise,Paid Search,2020-07-07,active
CUS000265,AMX Client 0265,APAC,Japan,Technology,Small,Partner,2022-05-16,inactive
CUS000266,AMX Client 0266,India,India,Finance,Small,Direct,2022-05-04,active
CUS000267,AMX Client 0267,India,India,Manufacturing,Small,Referral,2023-01-30,active
CUS000268,AMX Client 0268,India,India,Finance,Enterprise,Paid Search,2024-01-31,active
CUS000269,AMX Client 0269,India,India,Retail,Enterprise,Direct,2021-07-20,active
CUS000270,AMX Client 0270,India,India,Retail,Small,Organic,2022-09-10,active
CUS000271,AMX Client 0271,India,India,Finance,Enterprise,Organic,2021-04-10,active
CUS000272,AMX Client 0272,India,India,Retail,Enterprise,Direct,2021-01-06,active
CUS000273,AMX Client 0273,India,India,Healthcare,Medium,Direct,2021-07-07,active
CUS000274,AMX Client 0274,Europe,Germany,Technology,Enterprise,Referral,2023-07-22,active
CUS000275,AMX Client 0275,Europe,Netherlands,Manufacturing,Small,Organic,2022-02-12,active
CUS000276,AMX Client 0276,North America,Canada,Technology,Medium,Direct,2023-04-18,active
CUS000277,AMX Client 0277,North America,United States,Manufacturing,Medium,Paid Search,2023-05-05,active
CUS000278,AMX Client 0278,North America,Canada,Manufacturing,Medium,Organic,2021-10-01,active
CUS000279,AMX Client 0279,APAC,Australia,Manufacturing,Small,Organic,2024-08-13,active
CUS000280,AMX Client 0280,APAC,Japan,Healthcare,Medium,Partner,2020-03-22,active
CUS000281,AMX Client 0281,India,India,Manufacturing,Enterprise,Direct,2024-05-02,active
CUS000282,AMX Client 0282,India,India,Manufacturing,Small,Direct,2020-01-14,active
CUS000283,AMX Client 0283,India,India,Healthcare,Enterprise,Referral,2021-11-06,active
CUS000284,AMX Client 0284,India,India,Manufacturing,Small,Organic,2023-12-28,active
CUS000285,AMX Client 0285,North America,Canada,Finance,Small,Paid Search,2023-04-23,active
CUS000286,AMX Client 0286,North America,Canada,Manufacturing,Small,Direct,2021-07-21,active
CUS000287,AMX Client 0287,India,India,Manufacturing,Medium,Paid Search,2024-04-12,active
CUS000288,AMX Client 0288,North America,Canada,Healthcare,Medium,Organic,2020-08-31,active
CUS000289,AMX Client 0289,North America,Canada,Technology,Small,Paid Search,2023-03-30,active
CUS000290,AMX Client 0290,India,India,Finance,Medium,Partner,2022-07-04,active
CUS000291,AMX Client 0291,Europe,Germany,Technology,Small,Organic,2020-12-31,inactive
CUS000292,AMX Client 0292,India,India,Retail,Small,Direct,2024-06-14,inactive
CUS000293,AMX Client 0293,APAC,Australia,Retail,Enterprise,Direct,2023-09-13,active
CUS000294,AMX Client 0294,India,India,Manufacturing,Medium,Paid Search,2020-01-15,active
CUS000295,AMX Client 0295,APAC,Australia,Finance,Medium,Direct,2020-06-02,active
CUS000296,AMX Client 0296,APAC,Japan,Technology,Medium,Direct,2020-04-09,active
CUS000297,AMX Client 0297,APAC,Australia,Healthcare,Enterprise,Referral,2022-01-03,active
CUS000298,AMX Client 0298,Europe,Germany,Technology,Small,Partner,2022-01-06,active
CUS000299,AMX Client 0299,Europe,France,Manufacturing,Small,Organic,2023-07-02,active
CUS000300,AMX Client 0300,Europe,Netherlands,Technology,Small,Paid Search,2023-04-08,active
CUS000301,AMX Client 0301,Europe,Netherlands,Retail,Medium,Paid Search,2020-01-27,active
CUS000302,AMX Client 0302,India,India,Manufacturing,Medium,Direct,2022-04-20,active
CUS000303,AMX Client 0303,North America,United States,Retail,Medium,Organic,2023-10-17,active
CUS000304,AMX Client 0304,North America,Canada,Manufacturing,Small,Organic,2024-05-04,active
CUS000305,AMX Client 0305,APAC,Japan,Retail,Small,Partner,2021-05-30,active
CUS000306,AMX Client 0306,North America,United States,Healthcare,Medium,Paid Search,2020-03-18,active
CUS000307,AMX Client 0307,North America,United States,Healthcare,Enterprise,Referral,2020-09-26,active
CUS000308,AMX Client 0308,Europe,United Kingdom,Retail,Small,Direct,2021-08-23,active
CUS000309,AMX Client 0309,India,India,Technology,Small,Direct,2022-02-21,active
CUS000310,AMX Client 0310,India,India,Manufacturing,Small,Paid Search,2021-09-12,active
CUS000311,AMX Client 0311,North America,Canada,Technology,Small,Organic,2020-06-08,inactive
CUS000312,AMX Client 0312,North America,Canada,Finance,Small,Paid Search,2021-08-23,inactive
CUS000313,AMX Client 0313,India,India,Healthcare,Small,Direct,2021-05-26,active
CUS000314,AMX Client 0314,North America,Canada,Healthcare,Medium,Direct,2022-05-11,active
CUS000315,AMX Client 0315,North America,Canada,Retail,Small,Paid Search,2020-05-19,active
CUS000316,AMX Client 0316,North America,United States,Retail,Small,Referral,2023-10-28,active
CUS000317,AMX Client 0317,North America,Canada,Retail,Small,Direct,2022-01-06,active
CUS000318,AMX Client 0318,Europe,United Kingdom,Manufacturing,Enterprise,Paid Search,2021-07-15,active
CUS000319,AMX Client 0319,India,India,Finance,Small,Partner,2024-05-19,active
CUS000320,AMX Client 0320,APAC,Singapore,Manufacturing,Small,Direct,2023-08-07,active
CUS000321,AMX Client 0321,APAC,Singapore,Technology,Small,Organic,2020-08-29,active
CUS000322,AMX Client 0322,North America,Canada,Healthcare,Medium,Partner,2020-09-15,active
CUS000323,AMX Client 0323,North America,Canada,Healthcare,Enterprise,Paid Search,2020-01-04,active
CUS000324,AMX Client 0324,North America,Canada,Healthcare,Small,Partner,2022-09-17,active
CUS000325,AMX Client 0325,APAC,Japan,Retail,Small,Organic,2021-09-18,active
CUS000326,AMX Client 0326,Europe,United Kingdom,Healthcare,Small,Direct,2021-10-24,active
CUS000327,AMX Client 0327,Europe,Netherlands,Retail,Medium,Paid Search,2022-06-18,active
CUS000328,AMX Client 0328,North America,United States,Retail,Enterprise,Referral,2022-08-10,active
CUS000329,AMX Client 0329,Europe,Netherlands,Manufacturing,Small,Partner,2020-01-02,inactive
CUS000330,AMX Client 0330,India,India,Healthcare,Small,Organic,2020-07-09,active
CUS000331,AMX Client 0331,Europe,France,Healthcare,Medium,Referral,2023-10-25,active
CUS000332,AMX Client 0332,India,India,Manufacturing,Medium,Direct,2024-08-10,active
CUS000333,AMX Client 0333,Europe,Netherlands,Finance,Small,Paid Search,2024-01-18,active
CUS000334,AMX Client 0334,APAC,Singapore,Retail,Small,Organic,2024-05-19,active
CUS000335,AMX Client 0335,India,India,Healthcare,Small,Referral,2022-03-29,active
CUS000336,AMX Client 0336,Europe,Netherlands,Healthcare,Medium,Partner,2023-12-30,active
CUS000337,AMX Client 0337,India,India,Technology,Medium,Partner,2024-04-07,active
CUS000338,AMX Client 0338,Europe,Netherlands,Healthcare,Medium,Partner,2024-04-25,active
CUS000339,AMX Client 0339,India,India,Technology,Medium,Direct,2020-09-20,inactive
CUS000340,AMX Client 0340,APAC,Singapore,Retail,Small,Direct,2020-09-16,active
CUS000341,AMX Client 0341,India,India,Healthcare,Small,Referral,2021-12-11,active
CUS000342,AMX Client 0342,APAC,Australia,Finance,Small,Direct,2022-06-08,active
CUS000343,AMX Client 0343,Europe,Netherlands,Technology,Enterprise,Direct,2024-08-19,active
CUS000344,AMX Client 0344,Europe,Germany,Healthcare,Medium,Partner,2021-07-15,active
CUS000345,AMX Client 0345,Europe,Germany,Finance,Small,Partner,2024-01-08,active
CUS000346,AMX Client 0346,Europe,Germany,Manufacturing,Small,Organic,2024-04-16,active
CUS000347,AMX Client 0347,APAC,Australia,Manufacturing,Medium,Direct,2024-08-31,active
CUS000348,AMX Client 0348,India,India,Finance,Medium,Paid Search,2020-11-30,active
CUS000349,AMX Client 0349,Europe,Netherlands,Healthcare,Medium,Paid Search,2021-03-03,active
CUS000350,AMX Client 0350,India,India,Finance,Small,Direct,2021-01-23,active
CUS000351,AMX Client 0351,Europe,France,Manufacturing,Enterprise,Paid Search,2023-07-22,active
CUS000352,AMX Client 0352,India,India,Finance,Medium,Partner,2023-04-27,active
CUS000353,AMX Client 0353,North America,Canada,Manufacturing,Medium,Organic,2021-12-19,active
CUS000354,AMX Client 0354,North America,Canada,Healthcare,Medium,Referral,2020-06-05,active
CUS000355,AMX Client 0355,North America,Canada,Finance,Enterprise,Referral,2022-07-08,active
CUS000356,AMX Client 0356,North America,United States,Manufacturing,Enterprise,Partner,2023-07-17,active
CUS000357,AMX Client 0357,Europe,Netherlands,Healthcare,Medium,Organic,2022-04-17,active
CUS000358,AMX Client 0358,Europe,Germany,Healthcare,Small,Partner,2021-04-18,active
CUS000359,AMX Client 0359,North America,Canada,Finance,Small,Organic,2022-11-11,active
CUS000360,AMX Client 0360,Europe,Germany,Finance,Medium,Paid Search,2023-03-13,active
CUS000361,AMX Client 0361,APAC,Japan,Healthcare,Medium,Direct,2022-11-10,active
CUS000362,AMX Client 0362,India,India,Technology,Small,Referral,2024-03-21,active
CUS000363,AMX Client 0363,India,India,Finance,Small,Paid Search,2021-07-08,active
CUS000364,AMX Client 0364,India,India,Technology,Enterprise,Direct,2022-12-12,active
CUS000365,AMX Client 0365,Europe,France,Technology,Enterprise,Paid Search,2024-02-18,active
CUS000366,AMX Client 0366,North America,Canada,Technology,Enterprise,Paid Search,2021-01-10,active
CUS000367,AMX Client 0367,Europe,Germany,Technology,Small,Partner,2021-05-12,active
CUS000368,AMX Client 0368,Europe,France,Manufacturing,Medium,Organic,2020-03-27,active
CUS000369,AMX Client 0369,North America,Canada,Healthcare,Medium,Paid Search,2021-10-24,inactive
CUS000370,AMX Client 0370,APAC,Singapore,Manufacturing,Small,Referral,2020-03-19,active
CUS000371,AMX Client 0371,Europe,Netherlands,Technology,Small,Partner,2023-08-11,active
CUS000372,AMX Client 0372,India,India,Manufacturing,Enterprise,Organic,2020-06-05,active
CUS000373,AMX Client 0373,North America,United States,Retail,Small,Paid Search,2023-05-07,active
CUS000374,AMX Client 0374,North America,United States,Healthcare,Medium,Referral,2022-10-20,active
CUS000375,AMX Client 0375,India,India,Manufacturing,Medium,Direct,2024-10-10,active
CUS000376,AMX Client 0376,India,India,Finance,Medium,Organic,2021-09-06,active
CUS000377,AMX Client 0377,APAC,Japan,Healthcare,Small,Referral,2021-08-31,active
CUS000378,AMX Client 0378,North America,Canada,Healthcare,Medium,Direct,2021-03-05,active
CUS000379,AMX Client 0379,North America,United States,Retail,Small,Organic,2022-08-06,active
CUS000380,AMX Client 0380,Europe,France,Retail,Medium,Organic,2021-01-22,active
CUS000381,AMX Client 0381,North America,Canada,Finance,Small,Organic,2020-07-19,active
CUS000382,AMX Client 0382,APAC,Japan,Technology,Medium,Paid Search,2024-08-02,active
CUS000383,AMX Client 0383,Europe,Netherlands,Manufacturing,Medium,Direct,2023-04-14,active
CUS000384,AMX Client 0384,North America,Canada,Healthcare,Small,Paid Search,2020-07-28,active
CUS000385,AMX Client 0385,North America,United States,Retail,Small,Partner,2022-12-27,active
CUS000386,AMX Client 0386,APAC,Singapore,Healthcare,Medium,Paid Search,2021-06-22,active
CUS000387,AMX Client 0387,Europe,United Kingdom,Retail,Small,Partner,2020-11-13,active
CUS000388,AMX Client 0388,APAC,Australia,Finance,Small,Direct,2022-04-12,active
CUS000389,AMX Client 0389,India,India,Manufacturing,Small,Referral,2023-10-22,active
CUS000390,AMX Client 0390,APAC,Australia,Manufacturing,Enterprise,Paid Search,2020-01-01,active
CUS000391,AMX Client 0391,Europe,France,Finance,Medium,Partner,2021-09-19,active
CUS000392,AMX Client 0392,India,India,Manufacturing,Small,Partner,2024-06-14,active
CUS000393,AMX Client 0393,North America,United States,Retail,Enterprise,Organic,2021-11-27,active
CUS000394,AMX Client 0394,Europe,France,Healthcare,Small,Referral,2020-06-24,active
CUS000395,AMX Client 0395,India,India,Technology,Small,Partner,2022-01-26,active
CUS000396,AMX Client 0396,North America,Canada,Retail,Small,Referral,2023-04-20,active
CUS000397,AMX Client 0397,Europe,France,Technology,Small,Partner,2024-10-25,active
CUS000398,AMX Client 0398,India,India,Manufacturing,Small,Paid Search,2023-01-15,active
CUS000399,AMX Client 0399,North America,Canada,Finance,Medium,Partner,2020-03-30,active
CUS000400,AMX Client 0400,North America,United States,Finance,Small,Direct,2023-11-29,active
CUS000401,AMX Client 0401,North America,United States,,Medium,Referral,2023-10-09,active
CUS000402,AMX Client 0402,APAC,Australia,Manufacturing,Small,Direct,2023-02-24,active
CUS000403,AMX Client 0403,Europe,France,Finance,Small,Referral,2024-05-02,active
CUS000404,AMX Client 0404,India,India,Healthcare,Small,Direct,2023-09-20,active
CUS000405,AMX Client 0405,APAC,Australia,Healthcare,Medium,Partner,2021-02-14,active
CUS000406,AMX Client 0406,APAC,Australia,Retail,Medium,Referral,2022-01-13,active
CUS000407,AMX Client 0407,India,India,Manufacturing,Small,Organic,2022-06-15,active
CUS000408,AMX Client 0408,Europe,France,Technology,Small,Direct,2022-05-13,active
CUS000409,AMX Client 0409,India,India,Manufacturing,Small,Organic,2023-02-02,active
CUS000410,AMX Client 0410,APAC,Singapore,Retail,Medium,Direct,2023-05-24,active
CUS000411,AMX Client 0411,Europe,France,Technology,Small,Referral,2020-07-02,active
CUS000412,AMX Client 0412,Europe,Germany,Manufacturing,Medium,Direct,2022-09-30,active
CUS000413,AMX Client 0413,India,India,Healthcare,Small,Organic,2020-03-09,active
CUS000414,AMX Client 0414,APAC,Australia,Manufacturing,Small,Direct,2022-06-22,active
CUS000415,AMX Client 0415,India,India,Technology,Medium,Paid Search,2022-01-15,active
CUS000416,AMX Client 0416,India,India,Healthcare,Small,Referral,2020-12-29,inactive
CUS000417,AMX Client 0417,India,India,Healthcare,Small,Paid Search,2024-10-15,active
CUS000418,AMX Client 0418,Europe,Germany,Manufacturing,Enterprise,Partner,2021-03-31,active
CUS000419,AMX Client 0419,India,India,Finance,Small,Direct,2020-04-09,active
CUS000420,AMX Client 0420,APAC,Japan,Manufacturing,Small,Direct,2021-09-25,active
CUS000421,AMX Client 0421,Europe,Netherlands,Healthcare,Small,Referral,2023-08-30,active
CUS000422,AMX Client 0422,India,India,Finance,Small,Direct,2020-01-17,active
CUS000423,AMX Client 0423,India,India,Finance,Medium,Organic,2022-05-20,active
CUS000424,AMX Client 0424,India,India,Manufacturing,Small,Partner,2022-01-07,active
CUS000425,AMX Client 0425,Europe,France,Healthcare,Enterprise,Referral,2024-03-08,active
CUS000426,AMX Client 0426,Europe,United Kingdom,Technology,Medium,Organic,2020-01-05,active
CUS000427,AMX Client 0427,India,India,Technology,Enterprise,Organic,2020-01-31,active
CUS000428,AMX Client 0428,APAC,Japan,Manufacturing,Medium,Referral,2022-09-24,active
CUS000429,AMX Client 0429,India,India,Technology,Enterprise,Referral,2020-11-12,active
CUS000430,AMX Client 0430,Europe,Germany,Finance,Medium,Organic,2023-05-28,active
CUS000431,AMX Client 0431,APAC,Singapore,Healthcare,Small,Paid Search,2021-05-06,active
CUS000432,AMX Client 0432,Europe,United Kingdom,Manufacturing,Small,Organic,2022-09-19,active
CUS000433,AMX Client 0433,Europe,Netherlands,Finance,Medium,Organic,2020-03-07,active
CUS000434,AMX Client 0434,Europe,Germany,Healthcare,Small,Direct,2023-05-09,active
CUS000435,AMX Client 0435,India,India,Healthcare,Medium,Paid Search,2022-07-04,active
CUS000436,AMX Client 0436,India,India,Healthcare,Small,Paid Search,2020-01-01,active
CUS000437,AMX Client 0437,India,India,Healthcare,Medium,Direct,2021-04-14,active
CUS000438,AMX Client 0438,North America,United States,Finance,Small,Direct,2020-04-14,active
CUS000439,AMX Client 0439,Europe,United Kingdom,Healthcare,Enterprise,Paid Search,2020-03-20,inactive
CUS000440,AMX Client 0440,Europe,France,Technology,Small,Direct,2023-05-18,active
CUS000441,AMX Client 0441,APAC,Japan,Healthcare,Small,Paid Search,2022-01-25,active
CUS000442,AMX Client 0442,India,India,Healthcare,Medium,Paid Search,2023-11-18,active
CUS000443,AMX Client 0443,Europe,Germany,Healthcare,Medium,Partner,2021-03-31,active
CUS000444,AMX Client 0444,India,India,Technology,Medium,Partner,2023-06-21,active
CUS000445,AMX Client 0445,India,India,Manufacturing,Enterprise,Partner,2022-12-22,active
CUS000446,AMX Client 0446,Europe,United Kingdom,Retail,Small,Partner,2023-03-16,active
CUS000447,AMX Client 0447,APAC,Australia,Technology,Medium,Organic,2024-01-02,active
CUS000448,AMX Client 0448,Europe,France,Retail,Small,Paid Search,2023-06-03,active
CUS000449,AMX Client 0449,India,India,Retail,Medium,Paid Search,2023-08-09,active
CUS000450,AMX Client 0450,Europe,United Kingdom,Retail,Small,Direct,2023-07-30,active
CUS000451,AMX Client 0451,India,India,Healthcare,Small,Paid Search,2022-02-28,active
CUS000452,AMX Client 0452,APAC,Singapore,Retail,Medium,Partner,2023-07-03,active
CUS000453,AMX Client 0453,Europe,United Kingdom,Finance,Medium,Paid Search,2024-01-27,active
CUS000454,AMX Client 0454,India,India,Healthcare,Small,Direct,2023-07-27,active
CUS000455,AMX Client 0455,India,India,Finance,Enterprise,Organic,2022-12-09,active
CUS000456,AMX Client 0456,India,India,Technology,Medium,Organic,2020-05-10,active
CUS000457,AMX Client 0457,APAC,Australia,Finance,Small,Partner,2022-02-10,inactive
CUS000458,AMX Client 0458,North America,United States,Manufacturing,Medium,Referral,2020-04-21,active
CUS000459,AMX Client 0459,Europe,United Kingdom,Retail,Small,Direct,2020-07-02,active
CUS000460,AMX Client 0460,Europe,United Kingdom,Finance,Small,Direct,2021-09-29,active
CUS000461,AMX Client 0461,North America,Canada,Finance,Medium,Organic,2022-03-30,active
CUS000462,AMX Client 0462,India,India,Manufacturing,Small,Organic,2022-07-20,active
CUS000463,AMX Client 0463,APAC,Australia,Healthcare,Small,Partner,2024-05-08,active
CUS000464,AMX Client 0464,North America,Canada,Healthcare,Medium,Partner,2023-09-08,active
CUS000465,AMX Client 0465,North America,United States,Healthcare,Small,Direct,2022-01-16,active
CUS000466,AMX Client 0466,Europe,United Kingdom,Manufacturing,Medium,Paid Search,2021-08-14,active
CUS000467,AMX Client 0467,Europe,United Kingdom,Healthcare,Medium,Organic,2023-06-12,active
CUS000468,AMX Client 0468,APAC,Japan,Retail,Small,Direct,2021-04-30,active
CUS000469,AMX Client 0469,India,India,Finance,Small,Partner,2024-04-09,active
CUS000470,AMX Client 0470,North America,Canada,Technology,Small,Referral,2023-10-12,active
CUS000471,AMX Client 0471,North America,United States,Healthcare,Medium,Referral,2023-04-20,active
CUS000472,AMX Client 0472,North America,Canada,Manufacturing,Small,Direct,2021-03-16,active
CUS000473,AMX Client 0473,India,India,Healthcare,Enterprise,Organic,2023-01-02,active
CUS000474,AMX Client 0474,India,India,Retail,Small,Direct,2023-12-20,active
CUS000475,AMX Client 0475,India,India,Technology,Medium,Direct,2020-05-07,active
CUS000476,AMX Client 0476,North America,Canada,Healthcare,Small,Paid Search,2020-11-08,active
CUS000477,AMX Client 0477,North America,United States,Finance,Small,Referral,2022-06-28,active
CUS000478,AMX Client 0478,Europe,France,Healthcare,Small,Direct,2021-09-26,active
CUS000479,AMX Client 0479,Europe,United Kingdom,Finance,Medium,Referral,2023-06-07,active
CUS000480,AMX Client 0480,North America,United States,Manufacturing,Enterprise,Paid Search,2021-12-09,active
CUS000481,AMX Client 0481,North America,Canada,Manufacturing,Small,Paid Search,2024-10-26,active
CUS000482,AMX Client 0482,India,India,Finance,Small,Paid Search,2021-06-12,active
CUS000483,AMX Client 0483,North America,United States,Finance,Small,Organic,2021-09-28,active
CUS000484,AMX Client 0484,North America,United States,Manufacturing,Small,Referral,2020-01-06,active
CUS000485,AMX Client 0485,India,India,Technology,Enterprise,Direct,2021-03-13,active
CUS000486,AMX Client 0486,North America,United States,Retail,Enterprise,Organic,2021-02-19,active
CUS000487,AMX Client 0487,North America,Canada,Technology,Enterprise,Partner,2023-09-09,active
CUS000488,AMX Client 0488,India,India,Retail,Small,Paid Search,2021-08-19,active
CUS000489,AMX Client 0489,North America,Canada,Technology,Small,Direct,2020-12-25,active
CUS000490,AMX Client 0490,North America,United States,Technology,Medium,Organic,2021-07-07,active
CUS000491,AMX Client 0491,Europe,Germany,Retail,Small,Paid Search,2022-09-20,active
CUS000492,AMX Client 0492,Europe,Germany,Technology,Medium,Partner,2023-10-19,active
CUS000493,AMX Client 0493,Europe,Netherlands,Healthcare,Small,Direct,2024-09-24,active
CUS000494,AMX Client 0494,North America,Canada,Retail,Small,Partner,2020-03-24,active
CUS000495,AMX Client 0495,Europe,Germany,Retail,Enterprise,Paid Search,2024-01-25,active
CUS000496,AMX Client 0496,North America,Canada,Retail,Small,Partner,2021-11-17,active
CUS000497,AMX Client 0497,North America,Canada,Manufacturing,Enterprise,Partner,2023-11-28,active
CUS000498,AMX Client 0498,Europe,Germany,Manufacturing,Small,Organic,2020-03-07,active
CUS000499,AMX Client 0499,North America,United States,Technology,Small,Referral,2023-01-10,active
CUS000500,AMX Client 0500,North America,United States,Healthcare,Small,Paid Search,2024-07-01,active
CUS000501,AMX Client 0501,Europe,France,Retail,Small,Direct,2020-03-10,active
CUS000502,AMX Client 0502,APAC,Japan,Healthcare,Small,Referral,2023-10-27,active
CUS000503,AMX Client 0503,APAC,Singapore,Healthcare,Small,Paid Search,2020-07-20,active
CUS000504,AMX Client 0504,North America,United States,Healthcare,Medium,Paid Search,2024-09-30,active
CUS000505,AMX Client 0505,North America,United States,Healthcare,Enterprise,Organic,2023-08-07,active
CUS000506,AMX Client 0506,Europe,Germany,Finance,Small,Direct,2024-05-26,active
CUS000507,AMX Client 0507,North America,United States,Manufacturing,Small,Paid Search,2024-05-04,inactive
CUS000508,AMX Client 0508,Europe,United Kingdom,Healthcare,Small,Organic,2021-07-11,active
CUS000509,AMX Client 0509,North America,Canada,,Medium,Partner,2022-01-04,active
CUS000510,AMX Client 0510,India,India,Finance,Medium,Direct,2023-05-06,active
CUS000511,AMX Client 0511,India,India,Retail,Small,Direct,2020-11-04,active
CUS000512,AMX Client 0512,APAC,Japan,Finance,Medium,Organic,2021-06-25,inactive
CUS000513,AMX Client 0513,India,India,Healthcare,Small,Direct,2020-06-23,active
CUS000514,AMX Client 0514,India,India,Retail,Small,Organic,2024-04-17,active
CUS000515,AMX Client 0515,North America,United States,Technology,Small,Paid Search,2021-03-13,active
CUS000516,AMX Client 0516,India,India,Finance,Enterprise,Partner,2021-12-26,active
CUS000517,AMX Client 0517,North America,Canada,Manufacturing,Small,Direct,2022-03-10,active
CUS000518,AMX Client 0518,Europe,France,Manufacturing,Small,Direct,2021-10-25,active
CUS000519,AMX Client 0519,India,India,Finance,Small,Partner,2023-10-05,active
CUS000520,AMX Client 0520,Europe,France,Healthcare,Medium,Paid Search,2024-06-02,active
CUS000521,AMX Client 0521,APAC,Japan,Technology,Small,Organic,2022-10-08,active
CUS000522,AMX Client 0522,North America,Canada,Manufacturing,Small,Paid Search,2024-01-17,active
CUS000523,AMX Client 0523,India,India,Healthcare,Small,Referral,2020-07-14,active
CUS000524,AMX Client 0524,Europe,Germany,Technology,Medium,Direct,2024-09-02,active
CUS000525,AMX Client 0525,India,India,Healthcare,Small,Paid Search,2020-07-23,active
CUS000526,AMX Client 0526,North America,Canada,Retail,Enterprise,Organic,2020-04-27,active
CUS000527,AMX Client 0527,APAC,Singapore,Manufacturing,Small,Organic,2020-02-09,active
CUS000528,AMX Client 0528,APAC,Japan,Finance,Small,Partner,2021-03-05,active
CUS000529,AMX Client 0529,Europe,United Kingdom,Manufacturing,Enterprise,Partner,2024-01-18,active
CUS000530,AMX Client 0530,North America,United States,Manufacturing,Medium,Paid Search,2021-06-15,active
CUS000531,AMX Client 0531,Europe,United Kingdom,Finance,Small,Organic,2023-10-28,active
CUS000532,AMX Client 0532,Europe,United Kingdom,Retail,Medium,Partner,2022-01-19,active
CUS000533,AMX Client 0533,North America,United States,Healthcare,Small,Direct,2020-07-02,active
CUS000534,AMX Client 0534,Europe,France,Finance,Small,Organic,2022-04-15,inactive
CUS000535,AMX Client 0535,India,India,Manufacturing,Medium,Paid Search,2021-02-14,active
CUS000536,AMX Client 0536,India,India,Technology,Medium,Organic,2021-05-29,active
CUS000537,AMX Client 0537,North America,Canada,Finance,Small,Direct,2022-07-02,active
CUS000538,AMX Client 0538,India,India,Retail,Medium,Partner,2023-10-27,active
CUS000539,AMX Client 0539,India,India,,Small,Paid Search,2022-11-02,active
CUS000540,AMX Client 0540,Europe,United Kingdom,Technology,Small,Paid Search,2021-01-29,active
CUS000541,AMX Client 0541,APAC,Singapore,Manufacturing,Enterprise,Direct,2023-06-21,active
CUS000542,AMX Client 0542,North America,United States,Finance,Medium,Organic,2023-05-15,active
CUS000543,AMX Client 0543,Europe,United Kingdom,Technology,Medium,Organic,2021-02-22,active
CUS000544,AMX Client 0544,APAC,Japan,Retail,Medium,Organic,2024-02-13,active
CUS000545,AMX Client 0545,India,India,Manufacturing,Medium,Direct,2024-01-29,active
CUS000546,AMX Client 0546,North America,Canada,Technology,Small,Organic,2022-12-02,inactive
CUS000547,AMX Client 0547,North America,United States,Retail,Enterprise,Referral,2021-06-07,active
CUS000548,AMX Client 0548,India,India,Manufacturing,Medium,Partner,2021-09-17,active
CUS000549,AMX Client 0549,Europe,Germany,Manufacturing,Medium,Partner,2022-02-15,active
CUS000550,AMX Client 0550,North America,Canada,Technology,Small,Direct,2020-11-27,inactive
CUS000551,AMX Client 0551,North America,Canada,Healthcare,Small,Direct,2021-06-24,active
CUS000552,AMX Client 0552,India,India,Manufacturing,Small,Referral,2020-08-25,active
CUS000553,AMX Client 0553,India,India,Healthcare,Small,Referral,2020-09-29,active
CUS000554,AMX Client 0554,APAC,Singapore,Healthcare,Small,Direct,2023-08-07,active
CUS000555,AMX Client 0555,India,India,Healthcare,Medium,Referral,2020-08-14,active
CUS000556,AMX Client 0556,India,India,Retail,Enterprise,Direct,2022-04-08,active
CUS000557,AMX Client 0557,India,India,,Small,Organic,2022-01-28,active
CUS000558,AMX Client 0558,North America,Canada,Healthcare,Small,Paid Search,2020-03-22,active
CUS000559,AMX Client 0559,North America,United States,Healthcare,Medium,Partner,2024-01-08,active
CUS000560,AMX Client 0560,North America,United States,Manufacturing,Small,Organic,2024-10-03,active
CUS000561,AMX Client 0561,India,India,Manufacturing,Enterprise,Organic,2023-02-01,active
CUS000562,AMX Client 0562,India,India,Finance,Small,Direct,2023-03-31,active
CUS000563,AMX Client 0563,APAC,Japan,Manufacturing,Small,Referral,2021-02-14,active
CUS000564,AMX Client 0564,Europe,France,Technology,Small,Direct,2024-01-30,active
CUS000565,AMX Client 0565,Europe,United Kingdom,Manufacturing,Enterprise,Direct,2023-10-16,active
CUS000566,AMX Client 0566,Europe,Netherlands,Technology,Small,Referral,2022-02-12,active
CUS000567,AMX Client 0567,Europe,United Kingdom,Healthcare,Medium,Organic,2023-05-31,active
CUS000568,AMX Client 0568,India,India,Healthcare,Small,Partner,2024-08-14,active
CUS000569,AMX Client 0569,North America,Canada,Healthcare,Small,Partner,2022-11-30,active
CUS000570,AMX Client 0570,North America,United States,Manufacturing,Enterprise,Direct,2020-12-18,active
CUS000571,AMX Client 0571,North America,Canada,Retail,Small,Partner,2021-08-06,active
CUS000572,AMX Client 0572,APAC,Japan,Technology,Small,Partner,2020-11-22,active
CUS000573,AMX Client 0573,North America,Canada,Healthcare,Small,Organic,2021-08-08,active
CUS000574,AMX Client 0574,Europe,Netherlands,Finance,Enterprise,Organic,2024-04-21,active
CUS000575,AMX Client 0575,APAC,Australia,Healthcare,Small,Referral,2020-12-01,active
CUS000576,AMX Client 0576,North America,United States,Finance,Small,Referral,2024-04-23,active
CUS000577,AMX Client 0577,APAC,Australia,Technology,Enterprise,Partner,2021-05-18,active
CUS000578,AMX Client 0578,North America,United States,Healthcare,Medium,Referral,2022-05-31,active
CUS000579,AMX Client 0579,APAC,Japan,Technology,Enterprise,Paid Search,2022-07-22,active
CUS000580,AMX Client 0580,North America,United States,Finance,Medium,Referral,2020-08-10,active
CUS000581,AMX Client 0581,North America,Canada,Healthcare,Medium,Paid Search,2020-11-20,active
CUS000582,AMX Client 0582,North America,United States,Manufacturing,Small,Direct,2021-06-23,active
CUS000583,AMX Client 0583,India,India,Finance,Small,Direct,2020-04-15,active
CUS000584,AMX Client 0584,North America,Canada,Finance,Medium,Referral,2023-08-24,active
CUS000585,AMX Client 0585,APAC,Australia,Finance,Medium,Organic,2022-08-22,active
CUS000586,AMX Client 0586,Europe,Germany,Retail,Enterprise,Referral,2024-02-03,inactive
CUS000587,AMX Client 0587,India,India,Technology,Medium,Paid Search,2024-03-04,active
CUS000588,AMX Client 0588,North America,United States,Retail,Small,Direct,2021-09-05,active
CUS000589,AMX Client 0589,India,India,Manufacturing,Small,Partner,2023-12-14,active
CUS000590,AMX Client 0590,India,India,Technology,Medium,Referral,2020-04-18,active
CUS000591,AMX Client 0591,APAC,Japan,Manufacturing,Small,Direct,2022-01-28,active
CUS000592,AMX Client 0592,North America,United States,Retail,Medium,Paid Search,2023-03-21,active
CUS000593,AMX Client 0593,North America,United States,Healthcare,Medium,Referral,2022-04-03,active
CUS000594,AMX Client 0594,Europe,Germany,Healthcare,Small,Direct,2023-07-29,active
CUS000595,AMX Client 0595,India,India,Manufacturing,Medium,Partner,2024-02-25,active
CUS000596,AMX Client 0596,India,India,,Medium,Organic,2022-01-18,active
CUS000597,AMX Client 0597,Europe,United Kingdom,Manufacturing,Enterprise,Paid Search,2021-04-29,inactive
CUS000598,AMX Client 0598,Europe,Netherlands,Finance,Small,Organic,2022-10-26,active
CUS000599,AMX Client 0599,APAC,Australia,Finance,Medium,Direct,2024-03-13,active
CUS000600,AMX Client 0600,Europe,United Kingdom,Healthcare,Small,Direct,2024-10-09,active
CUS000601,AMX Client 0601,North America,United States,Technology,Medium,Partner,2023-12-11,active
CUS000602,AMX Client 0602,Europe,United Kingdom,Technology,Small,Partner,2021-03-08,active
CUS000603,AMX Client 0603,APAC,Australia,Finance,Enterprise,Direct,2020-12-28,active
CUS000604,AMX Client 0604,Europe,Germany,Finance,Enterprise,Paid Search,2022-10-08,inactive
CUS000605,AMX Client 0605,APAC,Singapore,Technology,Medium,Direct,2021-12-11,active
CUS000606,AMX Client 0606,Europe,Netherlands,Healthcare,Medium,Paid Search,2022-12-14,active
CUS000607,AMX Client 0607,APAC,Australia,Retail,Small,Referral,2024-06-18,active
CUS000608,AMX Client 0608,India,India,Finance,Medium,Organic,2022-08-27,active
CUS000609,AMX Client 0609,Europe,Germany,Finance,Small,Organic,2021-09-19,active
CUS000610,AMX Client 0610,North America,Canada,Manufacturing,Medium,Direct,2024-03-14,active
CUS000611,AMX Client 0611,North America,Canada,Manufacturing,Small,Organic,2022-02-14,active
CUS000612,AMX Client 0612,Europe,United Kingdom,Technology,Medium,Partner,2022-12-04,inactive
CUS000613,AMX Client 0613,APAC,Japan,Healthcare,Small,Direct,2020-08-26,active
CUS000614,AMX Client 0614,APAC,Singapore,Finance,Medium,Organic,2022-06-15,active
CUS000615,AMX Client 0615,India,India,Finance,Medium,Direct,2022-01-22,active
CUS000616,AMX Client 0616,Europe,United Kingdom,Retail,Small,Partner,2020-08-05,active
CUS000617,AMX Client 0617,Europe,France,Manufacturing,Small,Organic,2021-01-08,active
CUS000618,AMX Client 0618,North America,Canada,Retail,Medium,Organic,2023-05-26,active
CUS000619,AMX Client 0619,India,India,Manufacturing,Medium,Direct,2020-11-14,active
CUS000620,AMX Client 0620,India,India,Manufacturing,Small,Direct,2020-08-21,active
CUS000621,AMX Client 0621,Europe,France,Healthcare,Small,Partner,2020-04-11,active
CUS000622,AMX Client 0622,North America,United States,Healthcare,Small,Organic,2020-02-16,active
CUS000623,AMX Client 0623,APAC,Australia,Healthcare,Medium,Organic,2022-02-06,active
CUS000624,AMX Client 0624,North America,Canada,Finance,Medium,Direct,2022-05-12,active
CUS000625,AMX Client 0625,APAC,Singapore,Manufacturing,Small,Organic,2023-01-07,active
CUS000626,AMX Client 0626,North America,Canada,Manufacturing,Medium,Referral,2022-10-07,active
CUS000627,AMX Client 0627,Europe,Germany,Healthcare,Medium,Organic,2022-08-05,active
CUS000628,AMX Client 0628,India,India,Healthcare,Medium,Organic,2024-10-30,active
CUS000629,AMX Client 0629,North America,United States,Manufacturing,Small,Organic,2021-03-17,active
CUS000630,AMX Client 0630,Europe,United Kingdom,Technology,Small,Referral,2023-06-11,active
CUS000631,AMX Client 0631,APAC,Japan,Technology,Small,Referral,2020-05-20,active
CUS000632,AMX Client 0632,Europe,United Kingdom,Manufacturing,Small,Direct,2024-02-07,active
CUS000633,AMX Client 0633,India,India,Retail,Small,Direct,2021-10-02,active
CUS000634,AMX Client 0634,North America,Canada,Healthcare,Small,Direct,2021-09-03,active
CUS000635,AMX Client 0635,India,India,Retail,Small,Paid Search,2020-08-26,active
CUS000636,AMX Client 0636,India,India,Retail,Medium,Direct,2022-06-17,active
CUS000637,AMX Client 0637,Europe,Netherlands,Technology,Small,Referral,2021-12-06,active
CUS000638,AMX Client 0638,Europe,United Kingdom,Finance,Medium,Direct,2024-09-16,active
CUS000639,AMX Client 0639,Europe,United Kingdom,Technology,Small,Organic,2020-11-10,active
CUS000640,AMX Client 0640,APAC,Japan,Retail,Medium,Partner,2022-01-07,active
CUS000641,AMX Client 0641,Europe,United Kingdom,Technology,Small,Organic,2024-05-08,active
CUS000642,AMX Client 0642,Europe,Germany,Manufacturing,Medium,Organic,2023-11-26,active
CUS000643,AMX Client 0643,India,India,,Medium,Paid Search,2023-09-12,active
CUS000644,AMX Client 0644,India,India,Healthcare,Small,Organic,2022-07-17,inactive
CUS000645,AMX Client 0645,Europe,Netherlands,Technology,Medium,Organic,2024-03-22,active
CUS000646,AMX Client 0646,APAC,Singapore,Technology,Small,Paid Search,2021-01-30,active
CUS000647,AMX Client 0647,India,India,Retail,Medium,Referral,2023-11-30,active
CUS000648,AMX Client 0648,North America,Canada,Healthcare,Small,Paid Search,2022-10-22,active
CUS000649,AMX Client 0649,Europe,Germany,Manufacturing,Small,Paid Search,2021-09-10,inactive
CUS000650,AMX Client 0650,India,India,Retail,Small,Organic,2021-01-20,active
CUS000651,AMX Client 0651,North America,United States,Healthcare,Enterprise,Referral,2022-07-10,active
CUS000652,AMX Client 0652,APAC,Japan,Healthcare,Small,Organic,2020-01-06,inactive
CUS000653,AMX Client 0653,Europe,France,Healthcare,Medium,Referral,2023-06-16,active
CUS000654,AMX Client 0654,India,India,Healthcare,Small,Paid Search,2021-02-20,active
CUS000655,AMX Client 0655,APAC,Singapore,Technology,Small,Direct,2021-11-18,active
CUS000656,AMX Client 0656,North America,Canada,Retail,Small,Direct,2020-12-07,active
CUS000657,AMX Client 0657,APAC,Australia,Manufacturing,Enterprise,Paid Search,2022-04-01,active
CUS000658,AMX Client 0658,India,India,Retail,Medium,Paid Search,2021-10-17,active
CUS000659,AMX Client 0659,Europe,United Kingdom,Technology,Small,Organic,2020-11-27,active
CUS000660,AMX Client 0660,North America,United States,Healthcare,Medium,Referral,2024-04-18,active
CUS000661,AMX Client 0661,India,India,Finance,Small,Organic,2023-09-03,active
CUS000662,AMX Client 0662,APAC,Singapore,Retail,Small,Partner,2021-11-15,active
CUS000663,AMX Client 0663,India,India,Retail,Medium,Organic,2020-04-11,active
CUS000664,AMX Client 0664,India,India,Healthcare,Small,Direct,2024-02-01,active
CUS000665,AMX Client 0665,North America,Canada,Manufacturing,Small,Organic,2023-05-15,active
CUS000666,AMX Client 0666,Europe,Netherlands,Healthcare,Medium,Referral,2022-09-08,active
CUS000667,AMX Client 0667,Europe,United Kingdom,Manufacturing,Small,Direct,2022-12-03,active
CUS000668,AMX Client 0668,APAC,Japan,Technology,Enterprise,Paid Search,2020-01-14,active
CUS000669,AMX Client 0669,India,India,Healthcare,Medium,Paid Search,2022-04-16,active
CUS000670,AMX Client 0670,North America,Canada,Retail,Medium,Direct,2020-11-29,active
CUS000671,AMX Client 0671,India,India,Healthcare,Medium,Paid Search,2023-02-24,active
CUS000672,AMX Client 0672,North America,Canada,Technology,Enterprise,Paid Search,2024-07-02,active
CUS000673,AMX Client 0673,APAC,Australia,Retail,Small,Organic,2022-07-26,active
CUS000674,AMX Client 0674,Europe,Germany,Technology,Medium,Direct,2022-12-02,active
CUS000675,AMX Client 0675,Europe,United Kingdom,Healthcare,Small,Partner,2023-03-24,active
CUS000676,AMX Client 0676,North America,Canada,Finance,Enterprise,Organic,2024-06-29,active
CUS000677,AMX Client 0677,APAC,Australia,Technology,Small,Direct,2020-03-08,active
CUS000678,AMX Client 0678,North America,United States,Technology,Medium,Partner,2021-07-01,active
CUS000679,AMX Client 0679,India,India,Finance,Medium,Referral,2021-04-18,active
CUS000680,AMX Client 0680,North America,Canada,Manufacturing,Small,Paid Search,2023-06-19,active
CUS000681,AMX Client 0681,India,India,Manufacturing,Enterprise,Paid Search,2022-03-01,active
CUS000682,AMX Client 0682,India,India,Technology,Small,Referral,2023-09-25,inactive
CUS000683,AMX Client 0683,India,India,Manufacturing,Small,Direct,2022-04-14,active
CUS000684,AMX Client 0684,North America,Canada,Retail,Medium,Direct,2024-09-19,active
CUS000685,AMX Client 0685,Europe,Netherlands,Finance,Small,Organic,2023-09-16,active
CUS000686,AMX Client 0686,North America,Canada,Manufacturing,Small,Organic,2020-02-02,active
CUS000687,AMX Client 0687,North America,Canada,Finance,Small,Direct,2024-10-11,active
CUS000688,AMX Client 0688,APAC,Singapore,Technology,Small,Paid Search,2024-08-08,active
CUS000689,AMX Client 0689,Europe,United Kingdom,Finance,Medium,Direct,2020-03-17,active
CUS000690,AMX Client 0690,North America,United States,Technology,Enterprise,Organic,2021-11-22,active
CUS000691,AMX Client 0691,India,India,Retail,Medium,Organic,2024-09-10,active
CUS000692,AMX Client 0692,APAC,Australia,Technology,Small,Organic,2024-01-19,active
CUS000693,AMX Client 0693,India,India,Finance,Medium,Partner,2022-04-06,active
CUS000694,AMX Client 0694,North America,Canada,Finance,Enterprise,Direct,2022-08-19,active
CUS000695,AMX Client 0695,APAC,Japan,Healthcare,Medium,Referral,2020-02-22,active
CUS000696,AMX Client 0696,North America,Canada,Manufacturing,Small,Referral,2022-09-24,active
CUS000697,AMX Client 0697,Europe,Netherlands,Technology,Small,Organic,2023-03-22,active
CUS000698,AMX Client 0698,Europe,United Kingdom,Healthcare,Enterprise,Direct,2021-09-26,active
CUS000699,AMX Client 0699,Europe,France,Technology,Enterprise,Organic,2021-06-25,active
CUS000700,AMX Client 0700,India,India,Manufacturing,Small,Partner,2024-01-03,active
CUS000701,AMX Client 0701,India,India,Finance,Medium,Direct,2022-03-03,active
CUS000702,AMX Client 0702,North America,Canada,Manufacturing,Small,Direct,2021-04-11,active
CUS000703,AMX Client 0703,India,India,Healthcare,Small,Direct,2021-10-23,active
CUS000704,AMX Client 0704,APAC,Japan,Finance,Medium,Partner,2022-05-19,active
CUS000705,AMX Client 0705,India,India,Finance,Medium,Partner,2021-04-03,active
CUS000706,AMX Client 0706,North America,United States,Finance,Small,Paid Search,2022-09-16,active
CUS000707,AMX Client 0707,Europe,Netherlands,Retail,Enterprise,Organic,2024-02-29,active
CUS000708,AMX Client 0708,Europe,Germany,Retail,Medium,Organic,2023-08-04,active
CUS000709,AMX Client 0709,North America,United States,Healthcare,Small,Direct,2021-02-12,active
CUS000710,AMX Client 0710,North America,United States,Retail,Medium,Referral,2022-04-12,active
CUS000711,AMX Client 0711,APAC,Singapore,Healthcare,Medium,Direct,2022-08-18,active
CUS000712,AMX Client 0712,Europe,Netherlands,Retail,Medium,Direct,2023-04-16,active
CUS000713,AMX Client 0713,Europe,United Kingdom,Finance,Enterprise,Organic,2023-08-28,active
CUS000714,AMX Client 0714,APAC,Singapore,Finance,Medium,Paid Search,2022-05-07,active
CUS000715,AMX Client 0715,Europe,France,Healthcare,Small,Paid Search,2021-07-10,active
CUS000716,AMX Client 0716,India,India,Technology,Small,Partner,2023-03-10,active
CUS000717,AMX Client 0717,North America,Canada,Finance,Medium,Partner,2020-08-10,active
CUS000718,AMX Client 0718,India,India,Finance,Enterprise,Partner,2023-04-05,active
CUS000719,AMX Client 0719,Europe,France,Healthcare,Small,Organic,2024-05-01,active
CUS000720,AMX Client 0720,APAC,Singapore,Technology,Small,Partner,2023-06-06,active
CUS000721,AMX Client 0721,North America,United States,Retail,Medium,Partner,2022-02-04,active
CUS000722,AMX Client 0722,North America,Canada,Healthcare,Small,Direct,2023-12-24,active
CUS000723,AMX Client 0723,India,India,Manufacturing,Small,Referral,2022-07-28,active
CUS000724,AMX Client 0724,APAC,Singapore,Retail,Enterprise,Direct,2022-08-12,active
CUS000725,AMX Client 0725,India,India,Manufacturing,Medium,Partner,2024-02-13,active
CUS000726,AMX Client 0726,India,India,Healthcare,Enterprise,Referral,2020-12-07,active
CUS000727,AMX Client 0727,India,India,Healthcare,Medium,Paid Search,2023-10-09,active
CUS000728,AMX Client 0728,India,India,Finance,Small,Organic,2023-04-15,active
CUS000729,AMX Client 0729,North America,Canada,Manufacturing,Enterprise,Paid Search,2022-07-23,active
CUS000730,AMX Client 0730,North America,United States,Finance,Small,Direct,2020-05-16,active
CUS000731,AMX Client 0731,North America,United States,Technology,Small,Paid Search,2023-09-14,active
CUS000732,AMX Client 0732,India,India,Technology,Enterprise,Partner,2021-01-21,active
CUS000733,AMX Client 0733,India,India,Healthcare,Medium,Referral,2024-04-30,active
CUS000734,AMX Client 0734,North America,Canada,Healthcare,Enterprise,Direct,2023-10-30,active
CUS000735,AMX Client 0735,India,India,Technology,Small,Organic,2021-10-04,active
CUS000736,AMX Client 0736,Europe,Germany,Manufacturing,Enterprise,Organic,2022-02-07,active
CUS000737,AMX Client 0737,India,India,Finance,Medium,Direct,2020-02-15,active
CUS000738,AMX Client 0738,North America,Canada,Healthcare,Medium,Partner,2022-05-29,active
CUS000739,AMX Client 0739,North America,United States,Retail,Enterprise,Paid Search,2020-04-12,active
CUS000740,AMX Client 0740,North America,Canada,Retail,Small,Direct,2024-10-09,active
CUS000741,AMX Client 0741,India,India,Healthcare,Medium,Referral,2023-02-04,active
CUS000742,AMX Client 0742,India,India,Manufacturing,Medium,Partner,2021-02-19,active
CUS000743,AMX Client 0743,APAC,Australia,Healthcare,Medium,Organic,2023-11-20,active
CUS000744,AMX Client 0744,India,India,Manufacturing,Enterprise,Organic,2020-02-04,active
CUS000745,AMX Client 0745,North America,United States,Manufacturing,Medium,Organic,2022-08-28,active
CUS000746,AMX Client 0746,North America,Canada,Finance,Small,Organic,2020-07-15,active
CUS000747,AMX Client 0747,North America,Canada,Retail,Small,Paid Search,2020-04-06,active
CUS000748,AMX Client 0748,North America,Canada,Technology,Enterprise,Organic,2021-03-07,active
CUS000749,AMX Client 0749,Europe,Netherlands,Manufacturing,Enterprise,Organic,2021-06-03,active
CUS000750,AMX Client 0750,APAC,Australia,Manufacturing,Enterprise,Organic,2023-07-05,active
CUS000751,AMX Client 0751,India,India,Manufacturing,Small,Partner,2024-04-22,active
CUS000752,AMX Client 0752,North America,Canada,Healthcare,Small,Direct,2023-10-02,active
CUS000753,AMX Client 0753,India,India,Manufacturing,Medium,Direct,2023-07-30,active
CUS000754,AMX Client 0754,North America,Canada,Healthcare,Medium,Organic,2022-09-25,active
CUS000755,AMX Client 0755,Europe,Netherlands,Finance,Small,Referral,2021-10-17,active
CUS000756,AMX Client 0756,India,India,Finance,Medium,Direct,2021-03-26,active
CUS000757,AMX Client 0757,North America,United States,Retail,Small,Organic,2024-07-28,active
CUS000758,AMX Client 0758,APAC,Australia,Retail,Small,Partner,2022-07-10,active
CUS000759,AMX Client 0759,India,India,Healthcare,Small,Organic,2022-09-23,active
CUS000760,AMX Client 0760,North America,United States,Healthcare,Small,Paid Search,2020-01-27,active
CUS000761,AMX Client 0761,Europe,United Kingdom,Manufacturing,Small,Paid Search,2022-03-19,active
CUS000762,AMX Client 0762,India,India,Healthcare,Enterprise,Paid Search,2023-04-19,active
CUS000763,AMX Client 0763,India,India,Technology,Medium,Paid Search,2022-05-24,active
CUS000764,AMX Client 0764,India,India,Finance,Enterprise,Direct,2022-12-20,active
CUS000765,AMX Client 0765,APAC,Singapore,Finance,Small,Organic,2023-11-30,active
CUS000766,AMX Client 0766,India,India,Healthcare,Small,Partner,2020-02-08,active
CUS000767,AMX Client 0767,India,India,Finance,Small,Referral,2024-05-16,active
CUS000768,AMX Client 0768,India,India,Manufacturing,Medium,Paid Search,2023-12-13,active
CUS000769,AMX Client 0769,India,India,Finance,Small,Direct,2022-01-11,active
CUS000770,AMX Client 0770,Europe,France,Retail,Medium,Direct,2023-09-10,active
CUS000771,AMX Client 0771,India,India,Manufacturing,Medium,Organic,2020-04-27,active
CUS000772,AMX Client 0772,North America,United States,Finance,Enterprise,Referral,2021-06-28,active
CUS000773,AMX Client 0773,Europe,Germany,Technology,Small,Direct,2020-07-09,active
CUS000774,AMX Client 0774,APAC,Australia,Finance,Medium,Organic,2023-01-27,active
CUS000775,AMX Client 0775,India,India,Finance,Small,Partner,2024-02-21,active
CUS000776,AMX Client 0776,APAC,Australia,Healthcare,Small,Organic,2022-11-28,active
CUS000777,AMX Client 0777,Europe,United Kingdom,Healthcare,Medium,Organic,2023-06-10,active
CUS000778,AMX Client 0778,India,India,Retail,Medium,Direct,2020-09-09,active
CUS000779,AMX Client 0779,Europe,France,Retail,Medium,Paid Search,2024-07-07,active
CUS000780,AMX Client 0780,APAC,Australia,Retail,Small,Direct,2020-12-07,active
CUS000781,AMX Client 0781,India,India,Technology,Enterprise,Paid Search,2022-07-18,active
CUS000782,AMX Client 0782,APAC,Singapore,Technology,Enterprise,Direct,2023-04-21,active
CUS000783,AMX Client 0783,North America,United States,Healthcare,Small,Organic,2024-02-21,active
CUS000784,AMX Client 0784,Europe,United Kingdom,Manufacturing,Enterprise,Partner,2024-07-06,inactive
CUS000785,AMX Client 0785,APAC,Japan,Retail,Small,Organic,2022-11-23,active
CUS000786,AMX Client 0786,North America,United States,Technology,Medium,Partner,2022-10-14,inactive
CUS000787,AMX Client 0787,Europe,United Kingdom,Manufacturing,Enterprise,Organic,2022-01-06,active
CUS000788,AMX Client 0788,North America,United States,Finance,Medium,Direct,2022-09-29,active
CUS000789,AMX Client 0789,Europe,Germany,Healthcare,Medium,Partner,2023-04-06,inactive
CUS000790,AMX Client 0790,Europe,Netherlands,Manufacturing,Small,Paid Search,2023-02-16,active
CUS000791,AMX Client 0791,India,India,Manufacturing,Medium,Organic,2022-11-12,active
CUS000792,AMX Client 0792,North America,United States,Technology,Medium,Organic,2022-02-17,active
CUS000793,AMX Client 0793,North America,Canada,Technology,Small,Organic,2020-12-11,active
CUS000794,AMX Client 0794,India,India,Healthcare,Small,Organic,2020-04-05,active
CUS000795,AMX Client 0795,India,India,Healthcare,Medium,Paid Search,2022-01-13,active
CUS000796,AMX Client 0796,North America,United States,Manufacturing,Medium,Partner,2021-12-01,active
CUS000797,AMX Client 0797,India,India,Retail,Small,Referral,2022-12-09,inactive
CUS000798,AMX Client 0798,India,India,Technology,Enterprise,Referral,2024-05-08,active
CUS000799,AMX Client 0799,Europe,Germany,Healthcare,Medium,Organic,2023-05-23,active
CUS000800,AMX Client 0800,Europe,United Kingdom,Healthcare,Small,Partner,2023-11-22,active
CUS000801,AMX Client 0801,Europe,Germany,Retail,Small,Paid Search,2022-10-17,inactive
CUS000802,AMX Client 0802,North America,United States,Healthcare,Medium,Paid Search,2024-06-25,active
CUS000803,AMX Client 0803,APAC,Australia,Finance,Medium,Direct,2024-07-17,active
CUS000804,AMX Client 0804,Europe,Netherlands,Manufacturing,Medium,Direct,2020-09-26,active
CUS000805,AMX Client 0805,India,India,Technology,Small,Direct,2023-02-02,active
CUS000806,AMX Client 0806,India,India,Manufacturing,Medium,Paid Search,2022-06-12,active
CUS000807,AMX Client 0807,Europe,France,Manufacturing,Medium,Paid Search,2024-09-12,active
CUS000808,AMX Client 0808,India,India,Healthcare,Medium,Direct,2022-10-29,active
CUS000809,AMX Client 0809,North America,United States,Manufacturing,Small,Organic,2020-01-29,active
CUS000810,AMX Client 0810,APAC,Australia,Manufacturing,Medium,Paid Search,2021-01-05,active
CUS000811,AMX Client 0811,India,India,Technology,Small,Referral,2020-08-16,inactive
CUS000812,AMX Client 0812,India,India,Retail,Small,Direct,2020-12-20,active
CUS000813,AMX Client 0813,APAC,Japan,Healthcare,Medium,Partner,2020-06-18,active
CUS000814,AMX Client 0814,North America,Canada,Manufacturing,Medium,Partner,2023-10-13,active
CUS000815,AMX Client 0815,India,India,Healthcare,Medium,Organic,2022-05-22,active
CUS000816,AMX Client 0816,APAC,Australia,Retail,Medium,Direct,2023-04-01,active
CUS000817,AMX Client 0817,APAC,Australia,Retail,Small,Direct,2024-10-31,active
CUS000818,AMX Client 0818,North America,Canada,Technology,Small,Paid Search,2023-02-16,active
CUS000819,AMX Client 0819,Europe,Netherlands,Finance,Small,Organic,2022-04-26,active
CUS000820,AMX Client 0820,India,India,Retail,Small,Direct,2021-04-16,active
CUS000821,AMX Client 0821,India,India,Manufacturing,Medium,Partner,2023-08-25,active
CUS000822,AMX Client 0822,Europe,France,Manufacturing,Medium,Direct,2022-06-13,active
CUS000823,AMX Client 0823,India,India,Healthcare,Medium,Partner,2023-08-29,active
CUS000824,AMX Client 0824,Europe,France,Technology,Small,Partner,2020-02-10,inactive
CUS000825,AMX Client 0825,Europe,Germany,Healthcare,Small,Direct,2020-10-15,active
CUS000826,AMX Client 0826,India,India,Retail,Small,Direct,2020-08-17,active
CUS000827,AMX Client 0827,Europe,Germany,Healthcare,Medium,Referral,2023-04-18,active
CUS000828,AMX Client 0828,India,India,Retail,Small,Referral,2022-07-04,active
CUS000829,AMX Client 0829,APAC,Japan,Healthcare,Medium,Direct,2021-07-13,active
CUS000830,AMX Client 0830,India,India,Finance,Medium,Organic,2021-06-30,active
CUS000831,AMX Client 0831,Europe,Netherlands,Technology,Medium,Direct,2022-12-07,active
CUS000832,AMX Client 0832,North America,Canada,Finance,Small,Paid Search,2024-09-01,active
CUS000833,AMX Client 0833,North America,Canada,Manufacturing,Small,Referral,2024-10-23,active
CUS000834,AMX Client 0834,Europe,Netherlands,Technology,Medium,Organic,2022-04-12,active
CUS000835,AMX Client 0835,Europe,United Kingdom,Finance,Medium,Organic,2023-03-30,active
CUS000836,AMX Client 0836,North America,United States,Finance,Small,Partner,2020-05-27,active
CUS000837,AMX Client 0837,Europe,United Kingdom,Manufacturing,Enterprise,Direct,2024-07-27,active
CUS000838,AMX Client 0838,APAC,Australia,Finance,Small,Organic,2020-02-01,active
CUS000839,AMX Client 0839,North America,Canada,Manufacturing,Small,Direct,2021-08-27,active
CUS000840,AMX Client 0840,North America,United States,Manufacturing,Small,Paid Search,2023-07-04,active
CUS000841,AMX Client 0841,India,India,Healthcare,Small,Organic,2024-09-08,active
CUS000842,AMX Client 0842,Europe,United Kingdom,Finance,Small,Direct,2020-10-29,active
CUS000843,AMX Client 0843,North America,United States,Retail,Small,Organic,2023-03-13,active
CUS000844,AMX Client 0844,North America,Canada,Healthcare,Medium,Paid Search,2020-11-27,active
CUS000845,AMX Client 0845,India,India,Technology,Small,Organic,2020-03-29,inactive
CUS000846,AMX Client 0846,APAC,Singapore,Manufacturing,Enterprise,Organic,2022-01-18,active
CUS000847,AMX Client 0847,North America,Canada,Retail,Enterprise,Paid Search,2022-10-15,active
CUS000848,AMX Client 0848,Europe,United Kingdom,Manufacturing,Small,Direct,2021-04-11,active
CUS000849,AMX Client 0849,India,India,Healthcare,Small,Organic,2024-09-14,active
CUS000850,AMX Client 0850,APAC,Singapore,Manufacturing,Medium,Partner,2022-12-24,inactive
CUS000851,AMX Client 0851,India,India,Technology,Enterprise,Direct,2022-02-13,active
CUS000852,AMX Client 0852,India,India,Technology,Enterprise,Referral,2022-05-07,active
CUS000853,AMX Client 0853,APAC,Australia,Technology,Small,Partner,2022-03-30,active
CUS000854,AMX Client 0854,APAC,Japan,Manufacturing,Small,Partner,2020-07-15,active
CUS000855,AMX Client 0855,India,India,Manufacturing,Small,Direct,2022-12-06,active
CUS000856,AMX Client 0856,North America,Canada,Manufacturing,Medium,Referral,2023-10-17,active
CUS000857,AMX Client 0857,Europe,United Kingdom,Finance,Medium,Paid Search,2022-01-13,active
CUS000858,AMX Client 0858,APAC,Singapore,Finance,Small,Direct,2022-01-22,active
CUS000859,AMX Client 0859,North America,United States,Finance,Medium,Organic,2024-05-26,active
CUS000860,AMX Client 0860,North America,Canada,Manufacturing,Small,Direct,2022-12-14,active
CUS000861,AMX Client 0861,Europe,Germany,Finance,Medium,Paid Search,2021-06-09,active
CUS000862,AMX Client 0862,Europe,France,Retail,Small,Organic,2020-01-07,inactive
CUS000863,AMX Client 0863,Europe,Germany,Healthcare,Medium,Direct,2023-12-24,inactive
CUS000864,AMX Client 0864,North America,Canada,Finance,Medium,Organic,2023-01-11,active
CUS000865,AMX Client 0865,India,India,Retail,Medium,Referral,2023-01-10,inactive
CUS000866,AMX Client 0866,APAC,Singapore,Healthcare,Small,Partner,2021-05-14,active
CUS000867,AMX Client 0867,APAC,Australia,Healthcare,Medium,Direct,2020-11-24,active
CUS000868,AMX Client 0868,Europe,France,Technology,Medium,Referral,2022-05-23,active
CUS000869,AMX Client 0869,India,India,Retail,Small,Direct,2023-08-31,active
CUS000870,AMX Client 0870,India,India,Technology,Small,Organic,2021-06-09,active
CUS000871,AMX Client 0871,Europe,United Kingdom,Technology,Medium,Organic,2022-07-19,active
CUS000872,AMX Client 0872,India,India,Healthcare,Small,Direct,2024-10-25,active
CUS000873,AMX Client 0873,APAC,Australia,Retail,Small,Direct,2021-01-22,active
CUS000874,AMX Client 0874,North America,United States,Finance,Small,Direct,2021-02-11,active
CUS000875,AMX Client 0875,Europe,France,Technology,Small,Direct,2021-02-20,inactive
CUS000876,AMX Client 0876,APAC,Australia,Manufacturing,Small,Organic,2024-05-31,active
CUS000877,AMX Client 0877,North America,United States,Manufacturing,Medium,Paid Search,2022-07-22,active
CUS000878,AMX Client 0878,North America,United States,Manufacturing,Small,Direct,2024-06-09,active
CUS000879,AMX Client 0879,Europe,Germany,Technology,Medium,Paid Search,2024-07-31,active
CUS000880,AMX Client 0880,North America,Canada,Technology,Small,Partner,2022-01-13,active
CUS000881,AMX Client 0881,North America,United States,Finance,Small,Direct,2020-04-06,active
CUS000882,AMX Client 0882,Europe,Netherlands,Technology,Small,Organic,2021-06-20,active
CUS000883,AMX Client 0883,APAC,Australia,Retail,Medium,Partner,2022-08-18,active
CUS000884,AMX Client 0884,North America,Canada,Healthcare,Enterprise,Organic,2021-11-03,active
CUS000885,AMX Client 0885,India,India,Technology,Small,Partner,2020-01-04,active
CUS000886,AMX Client 0886,North America,Canada,Finance,Small,Paid Search,2024-10-13,active
CUS000887,AMX Client 0887,North America,United States,Retail,Small,Referral,2021-06-19,active
CUS000888,AMX Client 0888,India,India,Finance,Small,Direct,2022-12-28,active
CUS000889,AMX Client 0889,India,India,Retail,Medium,Referral,2024-07-29,active
CUS000890,AMX Client 0890,Europe,France,Retail,Small,Direct,2022-08-20,active
CUS000891,AMX Client 0891,North America,Canada,Manufacturing,Enterprise,Direct,2023-05-11,active
CUS000892,AMX Client 0892,APAC,Singapore,Finance,Medium,Direct,2020-03-04,active
CUS000893,AMX Client 0893,India,India,Technology,Small,Paid Search,2023-05-15,inactive
CUS000894,AMX Client 0894,India,India,Manufacturing,Medium,Paid Search,2024-02-06,inactive
CUS000895,AMX Client 0895,Europe,France,Retail,Small,Referral,2024-06-09,active
CUS000896,AMX Client 0896,APAC,Australia,Retail,Medium,Paid Search,2020-05-28,active
CUS000897,AMX Client 0897,India,India,Healthcare,Small,Partner,2021-02-07,active
CUS000898,AMX Client 0898,India,India,Manufacturing,Medium,Referral,2020-03-23,active
CUS000899,AMX Client 0899,India,India,Technology,Medium,Referral,2024-06-09,active
CUS000900,AMX Client 0900,North America,United States,Manufacturing,Small,Paid Search,2021-04-30,active
CUS000901,AMX Client 0901,North America,Canada,Healthcare,Medium,Organic,2022-07-27,active
CUS000902,AMX Client 0902,India,India,Retail,Small,Paid Search,2022-04-20,active
CUS000903,AMX Client 0903,India,India,Manufacturing,Small,Direct,2023-05-01,active
CUS000904,AMX Client 0904,North America,United States,Finance,Medium,Referral,2024-04-30,active
CUS000905,AMX Client 0905,APAC,Japan,Healthcare,Small,Referral,2021-07-25,active
CUS000906,AMX Client 0906,Europe,United Kingdom,Retail,Enterprise,Paid Search,2023-10-27,active
CUS000907,AMX Client 0907,North America,Canada,Manufacturing,Medium,Direct,2021-05-28,active
CUS000908,AMX Client 0908,India,India,Retail,Medium,Direct,2020-12-15,active
CUS000909,AMX Client 0909,India,India,Healthcare,Small,Referral,2020-07-06,active
CUS000910,AMX Client 0910,India,India,Retail,Small,Referral,2021-10-19,active
CUS000911,AMX Client 0911,Europe,Germany,Finance,Enterprise,Paid Search,2022-09-16,active
CUS000912,AMX Client 0912,APAC,Japan,Finance,Small,Referral,2023-10-09,active
CUS000913,AMX Client 0913,APAC,Japan,Manufacturing,Medium,Organic,2024-02-07,active
CUS000914,AMX Client 0914,APAC,Japan,Manufacturing,Small,Referral,2022-07-19,active
CUS000915,AMX Client 0915,APAC,Japan,Finance,Small,Direct,2021-12-23,active
CUS000916,AMX Client 0916,APAC,Japan,Manufacturing,Medium,Direct,2020-11-04,active
CUS000917,AMX Client 0917,India,India,Retail,Medium,Organic,2024-06-02,active
CUS000918,AMX Client 0918,India,India,Technology,Medium,Partner,2021-11-30,active
CUS000919,AMX Client 0919,North America,United States,Healthcare,Enterprise,Organic,2023-09-12,inactive
CUS000920,AMX Client 0920,North America,Canada,Technology,Small,Paid Search,2023-01-10,active
CUS000921,AMX Client 0921,India,India,Manufacturing,Small,Direct,2024-07-02,active
CUS000922,AMX Client 0922,APAC,Australia,Retail,Small,Paid Search,2024-09-14,active
CUS000923,AMX Client 0923,Europe,Germany,Manufacturing,Medium,Direct,2023-06-02,active
CUS000924,AMX Client 0924,North America,United States,Retail,Small,Paid Search,2023-03-14,active
CUS000925,AMX Client 0925,India,India,Technology,Medium,Direct,2020-08-30,active
CUS000926,AMX Client 0926,India,India,Healthcare,Small,Paid Search,2020-01-29,active
CUS000927,AMX Client 0927,India,India,Healthcare,Medium,Organic,2022-08-22,active
CUS000928,AMX Client 0928,APAC,Japan,Finance,Medium,Partner,2023-05-30,active
CUS000929,AMX Client 0929,North America,United States,Finance,Enterprise,Partner,2023-08-10,active
CUS000930,AMX Client 0930,Europe,France,Manufacturing,Small,Direct,2021-03-19,active
CUS000931,AMX Client 0931,India,India,Healthcare,Enterprise,Partner,2022-06-07,active
CUS000932,AMX Client 0932,North America,United States,Finance,Small,Direct,2024-03-02,active
CUS000933,AMX Client 0933,North America,Canada,Healthcare,Small,Direct,2020-06-18,active
CUS000934,AMX Client 0934,Europe,France,Finance,Small,Paid Search,2021-11-08,inactive
CUS000935,AMX Client 0935,Europe,France,Technology,Small,Direct,2024-07-26,active
CUS000936,AMX Client 0936,India,India,Healthcare,Medium,Direct,2020-12-18,active
CUS000937,AMX Client 0937,APAC,Australia,Manufacturing,Small,Partner,2021-07-13,active
CUS000938,AMX Client 0938,India,India,Manufacturing,Small,Organic,2022-04-06,active
CUS000939,AMX Client 0939,APAC,Japan,Retail,Medium,Organic,2023-04-30,active
CUS000940,AMX Client 0940,India,India,Technology,Medium,Paid Search,2021-03-26,inactive
CUS000941,AMX Client 0941,India,India,Retail,Medium,Organic,2023-10-31,active
CUS000942,AMX Client 0942,APAC,Japan,Healthcare,Medium,Organic,2021-02-20,active
CUS000943,AMX Client 0943,India,India,Manufacturing,Small,Partner,2021-10-12,active
CUS000944,AMX Client 0944,North America,United States,Technology,Medium,Partner,2022-10-09,active
CUS000945,AMX Client 0945,North America,Canada,Healthcare,Small,Paid Search,2020-01-22,active
CUS000946,AMX Client 0946,India,India,Retail,Small,Partner,2023-09-17,active
CUS000947,AMX Client 0947,Europe,Netherlands,Retail,Small,Paid Search,2023-03-27,active
CUS000948,AMX Client 0948,APAC,Singapore,Technology,Medium,Organic,2024-01-14,active
CUS000949,AMX Client 0949,APAC,Australia,Technology,Small,Organic,2021-04-30,active
CUS000950,AMX Client 0950,North America,Canada,Healthcare,Medium,Organic,2021-12-03,inactive
CUS000951,AMX Client 0951,North America,Canada,Technology,Small,Referral,2024-05-05,active
CUS000952,AMX Client 0952,India,India,Healthcare,Small,Organic,2020-04-27,active
CUS000953,AMX Client 0953,India,India,Technology,Small,Organic,2022-05-17,active
CUS000954,AMX Client 0954,India,India,Manufacturing,Small,Referral,2022-05-04,active
CUS000955,AMX Client 0955,APAC,Singapore,Finance,Small,Organic,2022-03-01,active
CUS000956,AMX Client 0956,APAC,Australia,Retail,Medium,Organic,2022-02-05,active
CUS000957,AMX Client 0957,Europe,Germany,Finance,Medium,Partner,2023-08-12,active
CUS000958,AMX Client 0958,North America,Canada,Retail,Small,Direct,2020-12-13,active
CUS000959,AMX Client 0959,North America,Canada,Retail,Medium,Paid Search,2024-04-22,active
CUS000960,AMX Client 0960,North America,United States,Healthcare,Small,Partner,2024-05-01,active
CUS000961,AMX Client 0961,North America,United States,Healthcare,Small,Direct,2020-11-12,active
CUS000962,AMX Client 0962,North America,United States,Manufacturing,Small,Direct,2024-09-16,active
CUS000963,AMX Client 0963,India,India,Technology,Small,Referral,2021-04-07,active
CUS000964,AMX Client 0964,India,India,Manufacturing,Small,Organic,2020-04-01,active
CUS000965,AMX Client 0965,APAC,Singapore,Healthcare,Medium,Organic,2021-12-03,active
CUS000966,AMX Client 0966,North America,Canada,Finance,Small,Referral,2023-11-06,active
CUS000967,AMX Client 0967,APAC,Singapore,Manufacturing,Medium,Partner,2024-01-31,active
CUS000968,AMX Client 0968,India,India,Healthcare,Small,Paid Search,2023-02-14,active
CUS000969,AMX Client 0969,North America,Canada,Technology,Medium,Paid Search,2023-12-03,active
CUS000970,AMX Client 0970,India,India,Technology,Medium,Organic,2021-04-06,active
CUS000971,AMX Client 0971,India,India,Healthcare,Small,Paid Search,2024-04-01,active
CUS000972,AMX Client 0972,India,India,Healthcare,Small,Referral,2023-01-26,inactive
CUS000973,AMX Client 0973,India,India,Technology,Medium,Direct,2020-08-23,active
CUS000974,AMX Client 0974,APAC,Singapore,Healthcare,Enterprise,Direct,2020-08-15,active
CUS000975,AMX Client 0975,North America,United States,Retail,Enterprise,Paid Search,2021-04-17,inactive
CUS000976,AMX Client 0976,Europe,Netherlands,Manufacturing,Small,Partner,2020-05-02,active
CUS000977,AMX Client 0977,North America,Canada,Healthcare,Medium,Organic,2021-05-14,active
CUS000978,AMX Client 0978,North America,United States,Manufacturing,Small,Direct,2024-10-20,active
CUS000979,AMX Client 0979,North America,Canada,Technology,Small,Paid Search,2021-02-28,active
CUS000980,AMX Client 0980,India,India,Healthcare,Medium,Paid Search,2023-01-28,active
CUS000981,AMX Client 0981,APAC,Australia,Finance,Small,Referral,2024-09-22,active
CUS000982,AMX Client 0982,Europe,United Kingdom,Retail,Medium,Organic,2021-03-23,active
CUS000983,AMX Client 0983,Europe,Netherlands,Manufacturing,Medium,Referral,2023-05-14,active
CUS000984,AMX Client 0984,North America,Canada,Manufacturing,Small,Organic,2022-03-05,active
CUS000985,AMX Client 0985,India,India,Finance,Medium,Organic,2021-05-18,active
CUS000986,AMX Client 0986,APAC,Australia,Finance,Small,Paid Search,2024-08-04,active
CUS000987,AMX Client 0987,North America,United States,Healthcare,Small,Organic,2023-03-05,active
CUS000988,AMX Client 0988,India,India,Manufacturing,Small,Organic,2022-02-13,active
CUS000989,AMX Client 0989,North America,United States,Healthcare,Enterprise,Direct,2023-12-05,active
CUS000990,AMX Client 0990,Europe,France,Technology,Small,Partner,2024-05-09,active
CUS000991,AMX Client 0991,Europe,Netherlands,Technology,Small,Paid Search,2023-10-12,inactive
CUS000992,AMX Client 0992,Europe,France,Healthcare,Medium,Direct,2024-03-14,active
CUS000993,AMX Client 0993,Europe,United Kingdom,Healthcare,Enterprise,Paid Search,2021-07-22,active
CUS000994,AMX Client 0994,India,India,Manufacturing,Enterprise,Partner,2021-08-30,active
CUS000995,AMX Client 0995,APAC,Australia,Retail,Medium,Partner,2021-02-14,inactive
CUS000996,AMX Client 0996,North America,United States,Retail,Small,Paid Search,2023-05-14,active
CUS000997,AMX Client 0997,Europe,Germany,Technology,Medium,Direct,2023-11-19,active
CUS000998,AMX Client 0998,India,India,Healthcare,Medium,Referral,2023-03-12,active
CUS000999,AMX Client 0999,APAC,Australia,Manufacturing,Enterprise,Referral,2022-11-24,active
CUS001000,AMX Client 1000,India,India,Technology,Medium,Organic,2023-09-23,inactive
CUS001001,AMX Client 1001,India,India,Retail,Small,Partner,2020-11-16,active
CUS001002,AMX Client 1002,North America,Canada,Finance,Small,Direct,2021-10-08,active
CUS001003,AMX Client 1003,India,India,Healthcare,Medium,Paid Search,2023-06-02,active
CUS001004,AMX Client 1004,India,India,Healthcare,Small,Direct,2020-04-02,active
CUS001005,AMX Client 1005,Europe,Germany,Finance,Small,Referral,2024-05-27,active
CUS001006,AMX Client 1006,North America,United States,Manufacturing,Small,Referral,2020-10-29,active
CUS001007,AMX Client 1007,APAC,Japan,Technology,Medium,Direct,2023-10-21,active
CUS001008,AMX Client 1008,North America,Canada,Healthcare,Enterprise,Paid Search,2022-12-24,active
CUS001009,AMX Client 1009,Europe,United Kingdom,Healthcare,Medium,Organic,2024-02-05,active
CUS001010,AMX Client 1010,North America,Canada,Technology,Enterprise,Organic,2023-09-30,active
CUS001011,AMX Client 1011,Europe,France,Healthcare,Medium,Direct,2022-06-29,active
CUS001012,AMX Client 1012,Europe,France,Finance,Medium,Paid Search,2023-08-28,active
CUS001013,AMX Client 1013,North America,Canada,Finance,Small,Direct,2021-09-03,active
CUS001014,AMX Client 1014,APAC,Singapore,Technology,Medium,Referral,2022-10-27,active
CUS001015,AMX Client 1015,North America,Canada,Healthcare,Small,Organic,2024-06-04,active
CUS001016,AMX Client 1016,India,India,Manufacturing,Small,Organic,2020-05-29,active
CUS001017,AMX Client 1017,Europe,Netherlands,Retail,Small,Referral,2021-09-20,active
CUS001018,AMX Client 1018,APAC,Singapore,Healthcare,Medium,Paid Search,2020-01-31,active
CUS001019,AMX Client 1019,India,India,Finance,Medium,Organic,2022-08-01,active
CUS001020,AMX Client 1020,North America,United States,Retail,Enterprise,Partner,2023-10-13,active
CUS001021,AMX Client 1021,APAC,Singapore,Healthcare,Enterprise,Organic,2020-03-09,active
CUS001022,AMX Client 1022,Europe,Netherlands,Retail,Enterprise,Partner,2022-08-28,active
CUS001023,AMX Client 1023,APAC,Japan,Healthcare,Small,Referral,2022-01-03,active
CUS001024,AMX Client 1024,North America,United States,Technology,Enterprise,Partner,2023-10-14,active
CUS001025,AMX Client 1025,Europe,France,Retail,Medium,Partner,2021-01-23,active
CUS001026,AMX Client 1026,North America,United States,Manufacturing,Enterprise,Paid Search,2020-10-14,active
CUS001027,AMX Client 1027,APAC,Singapore,Healthcare,Small,Partner,2020-06-16,active
CUS001028,AMX Client 1028,North America,United States,Finance,Small,Referral,2021-12-20,active
CUS001029,AMX Client 1029,Europe,United Kingdom,Retail,Enterprise,Direct,2022-05-10,active
CUS001030,AMX Client 1030,North America,Canada,Healthcare,Small,Direct,2024-06-11,active
CUS001031,AMX Client 1031,North America,Canada,Manufacturing,Small,Organic,2022-04-02,active
CUS001032,AMX Client 1032,Europe,United Kingdom,Manufacturing,Small,Organic,2020-10-30,inactive
CUS001033,AMX Client 1033,North America,Canada,Manufacturing,Small,Referral,2023-05-19,active
CUS001034,AMX Client 1034,APAC,Singapore,Healthcare,Small,Organic,2020-04-18,active
CUS001035,AMX Client 1035,North America,Canada,Finance,Enterprise,Direct,2021-09-01,active
CUS001036,AMX Client 1036,Europe,Netherlands,Finance,Enterprise,Partner,2023-02-28,active
CUS001037,AMX Client 1037,North America,Canada,Retail,Enterprise,Partner,2021-03-24,active
CUS001038,AMX Client 1038,North America,Canada,Retail,Small,Organic,2022-11-15,active
CUS001039,AMX Client 1039,North America,United States,Manufacturing,Small,Partner,2022-03-11,active
CUS001040,AMX Client 1040,India,India,Manufacturing,Small,Organic,2024-08-08,active
CUS001041,AMX Client 1041,India,India,Manufacturing,Small,Referral,2021-05-22,active
CUS001042,AMX Client 1042,Europe,United Kingdom,Healthcare,Small,Organic,2024-05-19,active
CUS001043,AMX Client 1043,Europe,United Kingdom,Technology,Medium,Organic,2023-01-10,active
CUS001044,AMX Client 1044,Europe,United Kingdom,Technology,Enterprise,Direct,2023-08-16,active
CUS001045,AMX Client 1045,India,India,Finance,Medium,Paid Search,2020-10-25,inactive
CUS001046,AMX Client 1046,North America,Canada,Healthcare,Small,Partner,2020-02-03,active
CUS001047,AMX Client 1047,India,India,Finance,Small,Organic,2023-07-14,active
CUS001048,AMX Client 1048,Europe,France,Healthcare,Small,Partner,2022-04-28,active
CUS001049,AMX Client 1049,APAC,Japan,Manufacturing,Small,Direct,2021-06-29,active
CUS001050,AMX Client 1050,India,India,Finance,Small,Partner,2024-05-01,active
CUS001051,AMX Client 1051,Europe,United Kingdom,Manufacturing,Small,Direct,2021-07-30,active
CUS001052,AMX Client 1052,India,India,Retail,Medium,Referral,2022-02-04,active
CUS001053,AMX Client 1053,India,India,Manufacturing,Medium,Partner,2023-07-02,active
CUS001054,AMX Client 1054,India,India,Technology,Small,Referral,2024-08-26,active
CUS001055,AMX Client 1055,India,India,Finance,Small,Organic,2024-05-06,active
CUS001056,AMX Client 1056,Europe,Germany,Manufacturing,Small,Direct,2023-02-26,inactive
CUS001057,AMX Client 1057,APAC,Japan,Manufacturing,Small,Partner,2020-07-13,active
CUS001058,AMX Client 1058,India,India,Retail,Medium,Direct,2020-07-12,active
CUS001059,AMX Client 1059,North America,Canada,Technology,Medium,Paid Search,2023-05-08,active
CUS001060,AMX Client 1060,Europe,Germany,Technology,Enterprise,Direct,2022-06-18,active
CUS001061,AMX Client 1061,APAC,Singapore,Retail,Medium,Referral,2020-08-23,active
CUS001062,AMX Client 1062,Europe,Germany,Manufacturing,Small,Direct,2023-05-13,active
CUS001063,AMX Client 1063,India,India,Finance,Small,Partner,2024-07-22,active
CUS001064,AMX Client 1064,Europe,United Kingdom,Manufacturing,Small,Direct,2020-04-25,active
CUS001065,AMX Client 1065,North America,Canada,Retail,Small,Paid Search,2023-12-29,active
CUS001066,AMX Client 1066,APAC,Japan,Technology,Enterprise,Organic,2021-08-31,active
CUS001067,AMX Client 1067,North America,United States,Retail,Small,Referral,2021-12-03,active
CUS001068,AMX Client 1068,Europe,United Kingdom,Finance,Small,Partner,2023-06-20,inactive
CUS001069,AMX Client 1069,India,India,Finance,Small,Direct,2021-03-11,active
CUS001070,AMX Client 1070,North America,Canada,Healthcare,Small,Paid Search,2020-10-04,active
CUS001071,AMX Client 1071,APAC,Singapore,Finance,Enterprise,Organic,2024-08-29,active
CUS001072,AMX Client 1072,Europe,Netherlands,Manufacturing,Small,Paid Search,2021-09-07,active
CUS001073,AMX Client 1073,North America,Canada,Manufacturing,Small,Organic,2020-10-26,active
CUS001074,AMX Client 1074,APAC,Australia,Healthcare,Small,Paid Search,2023-05-03,active
CUS001075,AMX Client 1075,APAC,Australia,Technology,Medium,Direct,2021-01-17,active
CUS001076,AMX Client 1076,North America,United States,Manufacturing,Medium,Referral,2023-10-01,active
CUS001077,AMX Client 1077,North America,United States,Retail,Medium,Direct,2020-05-04,active
CUS001078,AMX Client 1078,North America,Canada,Healthcare,Small,Paid Search,2022-07-04,active
CUS001079,AMX Client 1079,Europe,Netherlands,Technology,Small,Direct,2021-12-12,active
CUS001080,AMX Client 1080,North America,United States,Healthcare,Enterprise,Paid Search,2024-08-16,active
CUS001081,AMX Client 1081,India,India,Finance,Small,Paid Search,2022-07-09,active
CUS001082,AMX Client 1082,APAC,Singapore,Healthcare,Small,Referral,2024-06-22,active
CUS001083,AMX Client 1083,APAC,Australia,Finance,Medium,Organic,2021-03-14,inactive
CUS001084,AMX Client 1084,APAC,Australia,Manufacturing,Small,Organic,2022-04-16,active
CUS001085,AMX Client 1085,APAC,Japan,Healthcare,Small,Paid Search,2023-12-08,active
CUS001086,AMX Client 1086,Europe,Germany,Retail,Medium,Organic,2020-10-10,inactive
CUS001087,AMX Client 1087,Europe,Germany,Retail,Small,Organic,2024-06-26,active
CUS001088,AMX Client 1088,Europe,United Kingdom,Technology,Small,Direct,2023-09-26,active
CUS001089,AMX Client 1089,North America,United States,Finance,Small,Organic,2023-04-10,active
CUS001090,AMX Client 1090,North America,Canada,Healthcare,Medium,Partner,2021-03-05,active
CUS001091,AMX Client 1091,India,India,Manufacturing,Small,Paid Search,2023-12-15,active
CUS001092,AMX Client 1092,Europe,Germany,Manufacturing,Small,Direct,2024-01-28,active
CUS001093,AMX Client 1093,India,India,Technology,Medium,Partner,2021-05-31,active
CUS001094,AMX Client 1094,India,India,Finance,Medium,Paid Search,2022-11-02,active
CUS001095,AMX Client 1095,North America,United States,Healthcare,Enterprise,Organic,2020-04-17,active
CUS001096,AMX Client 1096,North America,United States,Finance,Small,Referral,2021-11-26,active
CUS001097,AMX Client 1097,India,India,Finance,Small,Direct,2020-09-23,active
CUS001098,AMX Client 1098,Europe,Netherlands,Finance,Medium,Organic,2022-09-09,active
CUS001099,AMX Client 1099,APAC,Australia,Manufacturing,Medium,Organic,2022-08-27,active
CUS001100,AMX Client 1100,India,India,Manufacturing,Small,Partner,2022-07-29,active
CUS001101,AMX Client 1101,India,India,Technology,Medium,Paid Search,2023-04-10,active
CUS001102,AMX Client 1102,North America,Canada,Manufacturing,Small,Direct,2024-06-21,active
CUS001103,AMX Client 1103,Europe,United Kingdom,Retail,Medium,Organic,2020-12-13,active
CUS001104,AMX Client 1104,Europe,Netherlands,Manufacturing,Medium,Direct,2021-01-13,inactive
CUS001105,AMX Client 1105,India,India,Healthcare,Small,Organic,2021-01-15,active
CUS001106,AMX Client 1106,Europe,United Kingdom,Healthcare,Enterprise,Paid Search,2024-06-27,active
CUS001107,AMX Client 1107,India,India,Retail,Enterprise,Direct,2020-06-12,active
CUS001108,AMX Client 1108,North America,United States,Healthcare,Small,Organic,2020-02-25,active
CUS001109,AMX Client 1109,APAC,Australia,Manufacturing,Small,Organic,2020-10-10,active
CUS001110,AMX Client 1110,India,India,Retail,Medium,Paid Search,2023-09-20,active
CUS001111,AMX Client 1111,India,India,Technology,Small,Direct,2022-10-20,active
CUS001112,AMX Client 1112,North America,United States,Technology,Small,Partner,2024-06-12,active
CUS001113,AMX Client 1113,Europe,Netherlands,Retail,Small,Paid Search,2020-12-26,active
CUS001114,AMX Client 1114,APAC,Japan,Retail,Enterprise,Organic,2021-11-26,active
CUS001115,AMX Client 1115,APAC,Australia,Manufacturing,Small,Paid Search,2022-09-07,active
CUS001116,AMX Client 1116,India,India,Technology,Medium,Partner,2020-05-09,active
CUS001117,AMX Client 1117,India,India,Manufacturing,Small,Referral,2024-06-10,active
CUS001118,AMX Client 1118,Europe,Germany,Technology,Small,Direct,2023-11-22,active
CUS001119,AMX Client 1119,India,India,Retail,Enterprise,Direct,2020-09-10,inactive
CUS001120,AMX Client 1120,APAC,Japan,Retail,Small,Organic,2024-01-28,active
CUS001121,AMX Client 1121,Europe,France,Retail,Small,Organic,2022-03-03,active
CUS001122,AMX Client 1122,India,India,Technology,Small,Organic,2021-08-16,active
CUS001123,AMX Client 1123,Europe,Germany,Healthcare,Medium,Direct,2024-07-28,active
CUS001124,AMX Client 1124,India,India,Technology,Small,Direct,2022-07-04,active
CUS001125,AMX Client 1125,North America,Canada,Healthcare,Small,Paid Search,2021-02-05,active
CUS001126,AMX Client 1126,North America,United States,Retail,Small,Partner,2023-11-30,active
CUS001127,AMX Client 1127,North America,United States,Manufacturing,Small,Paid Search,2023-06-17,active
CUS001128,AMX Client 1128,Europe,United Kingdom,Manufacturing,Small,Organic,2020-12-05,active
CUS001129,AMX Client 1129,Europe,United Kingdom,Manufacturing,Medium,Direct,2023-04-11,active
CUS001130,AMX Client 1130,APAC,Singapore,Retail,Small,Paid Search,2023-01-15,active
CUS001131,AMX Client 1131,APAC,Australia,Retail,Small,Referral,2021-05-01,active
CUS001132,AMX Client 1132,North America,Canada,Healthcare,Medium,Paid Search,2022-01-30,active
CUS001133,AMX Client 1133,India,India,Healthcare,Medium,Direct,2024-01-22,active
CUS001134,AMX Client 1134,Europe,France,Healthcare,Small,Organic,2020-11-04,active
CUS001135,AMX Client 1135,APAC,Australia,Retail,Small,Referral,2023-06-29,active
CUS001136,AMX Client 1136,North America,United States,Retail,Small,Organic,2024-01-08,active
CUS001137,AMX Client 1137,North America,United States,Technology,Enterprise,Partner,2024-07-12,active
CUS001138,AMX Client 1138,North America,Canada,Technology,Small,Direct,2021-07-27,active
CUS001139,AMX Client 1139,India,India,Manufacturing,Small,Paid Search,2021-04-15,active
CUS001140,AMX Client 1140,Europe,United Kingdom,Manufacturing,Small,Paid Search,2024-07-08,active
CUS001141,AMX Client 1141,North America,Canada,Healthcare,Small,Referral,2022-03-28,active
CUS001142,AMX Client 1142,Europe,Germany,Finance,Small,Referral,2022-10-01,active
CUS001143,AMX Client 1143,Europe,Germany,Technology,Small,Partner,2022-06-24,active
CUS001144,AMX Client 1144,Europe,United Kingdom,Technology,Medium,Organic,2022-06-27,active
CUS001145,AMX Client 1145,North America,United States,Healthcare,Medium,Direct,2023-01-07,active
CUS001146,AMX Client 1146,North America,United States,Healthcare,Medium,Direct,2022-01-17,inactive
CUS001147,AMX Client 1147,Europe,France,Finance,Medium,Direct,2021-11-23,active
CUS001148,AMX Client 1148,Europe,Germany,Technology,Small,Referral,2021-12-08,active
CUS001149,AMX Client 1149,North America,Canada,Technology,Enterprise,Direct,2023-03-05,active
CUS001150,AMX Client 1150,APAC,Australia,Healthcare,Medium,Organic,2023-12-15,inactive
CUS001151,AMX Client 1151,India,India,Healthcare,Medium,Organic,2022-09-07,inactive
CUS001152,AMX Client 1152,APAC,Japan,Finance,Medium,Partner,2023-04-11,active
CUS001153,AMX Client 1153,India,India,Healthcare,Small,Organic,2021-12-30,active
CUS001154,AMX Client 1154,India,India,Manufacturing,Small,Direct,2023-09-28,active
CUS001155,AMX Client 1155,North America,Canada,Retail,Small,Partner,2021-11-26,active
CUS001156,AMX Client 1156,India,India,Finance,Small,Organic,2022-01-13,active
CUS001157,AMX Client 1157,India,India,Technology,Small,Paid Search,2020-04-07,active
CUS001158,AMX Client 1158,India,India,Healthcare,Small,Paid Search,2021-04-06,active
CUS001159,AMX Client 1159,North America,United States,Retail,Small,Paid Search,2023-07-28,active
CUS001160,AMX Client 1160,Europe,United Kingdom,Finance,Enterprise,Partner,2020-06-02,active
CUS001161,AMX Client 1161,India,India,Technology,Medium,Direct,2021-01-30,active
CUS001162,AMX Client 1162,Europe,Netherlands,Manufacturing,Medium,Partner,2023-10-03,active
CUS001163,AMX Client 1163,Europe,Germany,Manufacturing,Small,Referral,2024-03-21,active
CUS001164,AMX Client 1164,India,India,Retail,Medium,Direct,2022-01-03,active
CUS001165,AMX Client 1165,India,India,Finance,Enterprise,Direct,2021-12-19,active
CUS001166,AMX Client 1166,APAC,Japan,Healthcare,Medium,Referral,2022-06-18,active
CUS001167,AMX Client 1167,Europe,France,Manufacturing,Medium,Referral,2023-09-22,active
CUS001168,AMX Client 1168,North America,Canada,Retail,Small,Direct,2022-04-08,inactive
CUS001169,AMX Client 1169,Europe,Germany,Technology,Small,Paid Search,2020-11-02,active
CUS001170,AMX Client 1170,India,India,Technology,Medium,Organic,2022-01-31,active
CUS001171,AMX Client 1171,North America,United States,Technology,Enterprise,Organic,2021-03-25,active
CUS001172,AMX Client 1172,Europe,France,Retail,Small,Organic,2023-04-22,active
CUS001173,AMX Client 1173,India,India,Retail,Small,Referral,2020-09-09,active
CUS001174,AMX Client 1174,Europe,United Kingdom,Retail,Small,Direct,2022-12-11,active
CUS001175,AMX Client 1175,North America,United States,Healthcare,Small,Paid Search,2020-08-17,inactive
CUS001176,AMX Client 1176,Europe,France,Technology,Enterprise,Direct,2024-09-12,active
CUS001177,AMX Client 1177,North America,United States,Manufacturing,Medium,Organic,2023-02-04,active
CUS001178,AMX Client 1178,North America,United States,Finance,Small,Organic,2020-09-02,active
CUS001179,AMX Client 1179,India,India,Retail,Small,Paid Search,2024-08-20,active
CUS001180,AMX Client 1180,India,India,Finance,Small,Referral,2022-10-09,active
CUS001181,AMX Client 1181,Europe,Netherlands,Finance,Small,Paid Search,2022-12-07,active
CUS001182,AMX Client 1182,India,India,Manufacturing,Medium,Paid Search,2020-04-21,active
CUS001183,AMX Client 1183,India,India,Technology,Medium,Partner,2020-11-27,inactive
CUS001184,AMX Client 1184,India,India,Retail,Medium,Referral,2023-11-27,active
CUS001185,AMX Client 1185,India,India,Retail,Small,Organic,2022-04-05,active
CUS001186,AMX Client 1186,Europe,Germany,Retail,Medium,Partner,2022-12-24,active
CUS001187,AMX Client 1187,North America,Canada,Finance,Medium,Organic,2024-10-09,active
CUS001188,AMX Client 1188,APAC,Japan,Finance,Small,Partner,2022-01-26,active
CUS001189,AMX Client 1189,India,India,Manufacturing,Medium,Organic,2021-11-03,active
CUS001190,AMX Client 1190,Europe,France,Finance,Medium,Partner,2023-11-17,inactive
CUS001191,AMX Client 1191,North America,United States,Retail,Medium,Direct,2020-04-26,active
CUS001192,AMX Client 1192,North America,United States,Finance,Small,Referral,2022-03-14,active
CUS001193,AMX Client 1193,APAC,Japan,Healthcare,Small,Referral,2024-02-18,active
CUS001194,AMX Client 1194,APAC,Singapore,Manufacturing,Small,Organic,2021-02-06,active
CUS001195,AMX Client 1195,APAC,Australia,Manufacturing,Small,Referral,2021-06-20,active
CUS001196,AMX Client 1196,India,India,Technology,Small,Partner,2022-04-14,active
CUS001197,AMX Client 1197,India,India,Technology,Medium,Partner,2020-05-11,active
CUS001198,AMX Client 1198,Europe,France,Finance,Small,Referral,2020-05-05,active
CUS001199,AMX Client 1199,India,India,Retail,Small,Organic,2021-03-20,active
CUS001200,AMX Client 1200,Europe,Netherlands,Technology,Enterprise,Paid Search,2024-05-04,active
CUS001201,AMX Client 1201,North America,Canada,Manufacturing,Small,Partner,2021-01-26,active
CUS001202,AMX Client 1202,North America,United States,Manufacturing,Small,Partner,2023-07-14,active
CUS001203,AMX Client 1203,Europe,France,Retail,Medium,Direct,2022-01-22,active
CUS001204,AMX Client 1204,Europe,France,Healthcare,Small,Referral,2023-09-04,active
CUS001205,AMX Client 1205,India,India,Retail,Small,Direct,2021-08-06,inactive
CUS001206,AMX Client 1206,India,India,Healthcare,Medium,Organic,2024-03-24,active
CUS001207,AMX Client 1207,Europe,Netherlands,Manufacturing,Small,Direct,2021-10-16,active
CUS001208,AMX Client 1208,North America,Canada,Technology,Small,Organic,2023-10-29,active
CUS001209,AMX Client 1209,India,India,Finance,Small,Partner,2024-01-08,active
CUS001210,AMX Client 1210,North America,United States,Retail,Medium,Paid Search,2022-02-01,inactive
CUS001211,AMX Client 1211,Europe,Netherlands,Manufacturing,Small,Organic,2023-03-23,active
CUS001212,AMX Client 1212,Europe,France,Retail,Medium,Direct,2020-07-28,active
CUS001213,AMX Client 1213,North America,United States,Finance,Small,Direct,2022-05-26,active
CUS001214,AMX Client 1214,North America,United States,Technology,Medium,Direct,2021-10-21,active
CUS001215,AMX Client 1215,India,India,Retail,Small,Paid Search,2024-08-12,active
CUS001216,AMX Client 1216,North America,United States,Finance,Small,Paid Search,2024-07-07,active
CUS001217,AMX Client 1217,North America,Canada,Finance,Medium,Partner,2023-10-15,active
CUS001218,AMX Client 1218,North America,Canada,Manufacturing,Medium,Organic,2024-08-03,active
CUS001219,AMX Client 1219,Europe,Germany,Retail,Small,Direct,2024-09-19,active
CUS001220,AMX Client 1220,India,India,Technology,Small,Referral,2023-09-18,active
CUS001221,AMX Client 1221,India,India,Technology,Small,Referral,2022-11-14,active
CUS001222,AMX Client 1222,India,India,Finance,Small,Paid Search,2020-12-27,active
CUS001223,AMX Client 1223,APAC,Singapore,Technology,Medium,Direct,2023-12-10,active
CUS001224,AMX Client 1224,Europe,Netherlands,Retail,Small,Organic,2020-12-09,active
CUS001225,AMX Client 1225,India,India,Retail,Small,Referral,2020-11-23,active
CUS001226,AMX Client 1226,APAC,Australia,Manufacturing,Small,Direct,2024-04-02,active
CUS001227,AMX Client 1227,North America,Canada,Finance,Small,Paid Search,2020-07-21,active
CUS001228,AMX Client 1228,North America,United States,Finance,Small,Referral,2020-09-07,active
CUS001229,AMX Client 1229,APAC,Japan,Healthcare,Small,Paid Search,2022-06-21,active
CUS001230,AMX Client 1230,India,India,Healthcare,Small,Organic,2022-10-28,active
CUS001231,AMX Client 1231,India,India,Technology,Enterprise,Organic,2020-03-21,active
CUS001232,AMX Client 1232,North America,United States,Technology,Small,Referral,2021-10-29,active
CUS001233,AMX Client 1233,India,India,Technology,Medium,Partner,2021-02-01,active
CUS001234,AMX Client 1234,Europe,France,Healthcare,Small,Referral,2021-06-17,active
CUS001235,AMX Client 1235,India,India,Finance,Small,Organic,2020-11-15,active
CUS001236,AMX Client 1236,India,India,Manufacturing,Small,Paid Search,2023-04-11,active
CUS001237,AMX Client 1237,India,India,Retail,Small,Referral,2022-04-15,active
CUS001238,AMX Client 1238,North America,Canada,Manufacturing,Medium,Organic,2024-08-21,active
CUS001239,AMX Client 1239,India,India,Finance,Medium,Partner,2020-01-15,active
CUS001240,AMX Client 1240,India,India,Retail,Medium,Direct,2023-10-05,active
CUS001241,AMX Client 1241,APAC,Australia,Technology,Medium,Paid Search,2024-05-25,active
CUS001242,AMX Client 1242,North America,Canada,Manufacturing,Small,Organic,2022-05-08,active
CUS001243,AMX Client 1243,North America,United States,Retail,Small,Partner,2023-05-20,active
CUS001244,AMX Client 1244,India,India,Technology,Medium,Referral,2022-02-17,inactive
CUS001245,AMX Client 1245,North America,Canada,Healthcare,Small,Referral,2022-11-16,active
CUS001246,AMX Client 1246,India,India,Manufacturing,Small,Referral,2024-05-21,active
CUS001247,AMX Client 1247,Europe,Germany,Healthcare,Enterprise,Organic,2022-07-25,active
CUS001248,AMX Client 1248,India,India,Manufacturing,Enterprise,Referral,2022-10-17,active
CUS001249,AMX Client 1249,APAC,Australia,Finance,Medium,Referral,2024-10-08,active
CUS001250,AMX Client 1250,APAC,Japan,Retail,Small,Direct,2022-05-27,active
CUS001251,AMX Client 1251,India,India,Manufacturing,Medium,Referral,2020-11-01,active
CUS001252,AMX Client 1252,India,India,Healthcare,Small,Organic,2023-04-20,active
CUS001253,AMX Client 1253,India,India,Healthcare,Small,Referral,2023-05-08,active
CUS001254,AMX Client 1254,Europe,France,Healthcare,Small,Paid Search,2021-02-22,active
CUS001255,AMX Client 1255,India,India,Healthcare,Enterprise,Organic,2023-07-10,active
CUS001256,AMX Client 1256,APAC,Singapore,Technology,Enterprise,Partner,2020-04-22,active
CUS001257,AMX Client 1257,Europe,Netherlands,Finance,Medium,Direct,2021-07-19,active
CUS001258,AMX Client 1258,Europe,United Kingdom,Healthcare,Small,Partner,2024-02-19,active
CUS001259,AMX Client 1259,North America,United States,Finance,Small,Paid Search,2022-12-26,active
CUS001260,AMX Client 1260,APAC,Australia,Healthcare,Small,Paid Search,2022-12-08,active
CUS001261,AMX Client 1261,India,India,Retail,Enterprise,Direct,2023-01-01,active
CUS001262,AMX Client 1262,North America,United States,Healthcare,Small,Direct,2020-10-18,active
CUS001263,AMX Client 1263,North America,United States,Finance,Small,Paid Search,2024-08-24,active
CUS001264,AMX Client 1264,APAC,Singapore,Finance,Medium,Partner,2021-06-10,active
CUS001265,AMX Client 1265,North America,United States,Healthcare,Small,Direct,2023-10-20,active
CUS001266,AMX Client 1266,Europe,Netherlands,Technology,Medium,Direct,2024-10-14,active
CUS001267,AMX Client 1267,India,India,Finance,Small,Organic,2021-03-01,active
CUS001268,AMX Client 1268,APAC,Japan,Manufacturing,Medium,Organic,2023-01-25,active
CUS001269,AMX Client 1269,North America,United States,Technology,Small,Paid Search,2020-03-15,active
CUS001270,AMX Client 1270,North America,United States,Retail,Small,Partner,2023-01-28,active
CUS001271,AMX Client 1271,APAC,Japan,Technology,Small,Direct,2022-02-17,active
CUS001272,AMX Client 1272,North America,United States,Healthcare,Small,Paid Search,2020-05-07,active
CUS001273,AMX Client 1273,North America,United States,Technology,Medium,Referral,2023-04-01,active
CUS001274,AMX Client 1274,North America,United States,Retail,Small,Partner,2024-09-07,active
CUS001275,AMX Client 1275,India,India,Retail,Small,Paid Search,2020-05-26,inactive
CUS001276,AMX Client 1276,North America,Canada,Healthcare,Medium,Paid Search,2024-04-25,active
CUS001277,AMX Client 1277,India,India,Technology,Small,Referral,2024-01-29,active
CUS001278,AMX Client 1278,India,India,Retail,Medium,Organic,2022-08-25,active
CUS001279,AMX Client 1279,APAC,Singapore,Retail,Medium,Direct,2024-05-10,active
CUS001280,AMX Client 1280,North America,Canada,Finance,Small,Direct,2021-06-30,active
CUS001281,AMX Client 1281,North America,United States,Finance,Medium,Paid Search,2023-06-25,active
CUS001282,AMX Client 1282,North America,Canada,Healthcare,Small,Paid Search,2023-05-17,active
CUS001283,AMX Client 1283,North America,Canada,Retail,Small,Organic,2022-10-22,inactive
CUS001284,AMX Client 1284,Europe,Germany,Retail,Small,Direct,2024-01-11,active
CUS001285,AMX Client 1285,APAC,Australia,Manufacturing,Medium,Direct,2024-03-27,active
CUS001286,AMX Client 1286,APAC,Singapore,Retail,Medium,Organic,2023-10-20,active
CUS001287,AMX Client 1287,North America,Canada,Manufacturing,Small,Referral,2022-11-05,active
CUS001288,AMX Client 1288,North America,Canada,Manufacturing,Enterprise,Partner,2024-09-21,active
CUS001289,AMX Client 1289,North America,United States,Retail,Small,Organic,2022-09-08,active
CUS001290,AMX Client 1290,North America,United States,Finance,Enterprise,Organic,2023-01-29,active
CUS001291,AMX Client 1291,North America,United States,Retail,Medium,Referral,2020-11-29,active
CUS001292,AMX Client 1292,Europe,Netherlands,Technology,Enterprise,Paid Search,2021-07-21,active
CUS001293,AMX Client 1293,North America,Canada,Healthcare,Enterprise,Direct,2024-05-16,active
CUS001294,AMX Client 1294,North America,United States,Finance,Enterprise,Paid Search,2022-05-29,active
CUS001295,AMX Client 1295,North America,United States,Manufacturing,Small,Paid Search,2022-06-21,active
CUS001296,AMX Client 1296,North America,United States,Healthcare,Medium,Referral,2023-12-12,active
CUS001297,AMX Client 1297,India,India,Retail,Medium,Organic,2021-07-29,active
CUS001298,AMX Client 1298,India,India,Technology,Medium,Direct,2021-04-13,active
CUS001299,AMX Client 1299,Europe,France,Technology,Small,Organic,2020-01-16,active
CUS001300,AMX Client 1300,North America,United States,Healthcare,Enterprise,Paid Search,2021-02-12,active
CUS001301,AMX Client 1301,India,India,Healthcare,Small,Partner,2022-06-23,active
CUS001302,AMX Client 1302,North America,Canada,Finance,Small,Referral,2023-07-04,active
CUS001303,AMX Client 1303,Europe,France,Technology,Medium,Direct,2021-08-04,active
CUS001304,AMX Client 1304,India,India,Finance,Small,Referral,2022-02-23,active
CUS001305,AMX Client 1305,Europe,United Kingdom,Healthcare,Medium,Organic,2021-01-26,active
CUS001306,AMX Client 1306,APAC,Japan,Retail,Small,Direct,2023-12-13,active
CUS001307,AMX Client 1307,Europe,Netherlands,Technology,Medium,Organic,2022-07-15,active
CUS001308,AMX Client 1308,Europe,Germany,Technology,Medium,Organic,2020-09-10,inactive
CUS001309,AMX Client 1309,India,India,Technology,Small,Paid Search,2022-12-12,active
CUS001310,AMX Client 1310,APAC,Singapore,Healthcare,Medium,Organic,2021-08-15,active
CUS001311,AMX Client 1311,North America,United States,Healthcare,Small,Direct,2024-03-07,active
CUS001312,AMX Client 1312,APAC,Australia,Retail,Medium,Referral,2021-04-18,active
CUS001313,AMX Client 1313,North America,United States,Healthcare,Enterprise,Organic,2024-03-07,active
CUS001314,AMX Client 1314,India,India,Technology,Small,Partner,2023-05-17,active
CUS001315,AMX Client 1315,India,India,Retail,Medium,Referral,2020-08-27,active
CUS001316,AMX Client 1316,Europe,Netherlands,Finance,Small,Direct,2023-09-02,active
CUS001317,AMX Client 1317,North America,Canada,Manufacturing,Medium,Direct,2023-06-26,active
CUS001318,AMX Client 1318,India,India,Retail,Medium,Organic,2022-03-16,active
CUS001319,AMX Client 1319,Europe,France,Manufacturing,Small,Organic,2020-10-10,inactive
CUS001320,AMX Client 1320,APAC,Japan,Retail,Medium,Organic,2022-04-24,active
CUS001321,AMX Client 1321,North America,United States,Retail,Small,Referral,2022-12-10,active
CUS001322,AMX Client 1322,North America,United States,Manufacturing,Small,Partner,2020-08-21,active
CUS001323,AMX Client 1323,India,India,Manufacturing,Enterprise,Referral,2021-08-25,active
CUS001324,AMX Client 1324,Europe,Netherlands,Retail,Small,Direct,2023-05-24,active
CUS001325,AMX Client 1325,North America,Canada,Finance,Medium,Direct,2022-09-03,active
CUS001326,AMX Client 1326,APAC,Singapore,Healthcare,Small,Direct,2024-10-18,active
CUS001327,AMX Client 1327,North America,Canada,Technology,Medium,Direct,2021-01-17,active
CUS001328,AMX Client 1328,North America,United States,Finance,Medium,Organic,2023-10-05,active
CUS001329,AMX Client 1329,India,India,Manufacturing,Small,Paid Search,2022-01-21,active
CUS001330,AMX Client 1330,India,India,Manufacturing,Small,Paid Search,2021-01-29,active
CUS001331,AMX Client 1331,Europe,Netherlands,Retail,Small,Paid Search,2024-08-06,active
CUS001332,AMX Client 1332,North America,Canada,Finance,Enterprise,Direct,2023-01-05,active
CUS001333,AMX Client 1333,North America,United States,Manufacturing,Small,Paid Search,2022-08-03,active
CUS001334,AMX Client 1334,APAC,Australia,Finance,Small,Partner,2021-06-04,active
CUS001335,AMX Client 1335,APAC,Japan,Technology,Medium,Paid Search,2024-04-05,active
CUS001336,AMX Client 1336,APAC,Japan,Technology,Small,Paid Search,2020-02-23,active
CUS001337,AMX Client 1337,India,India,Technology,Small,Direct,2020-07-22,active
CUS001338,AMX Client 1338,Europe,France,Manufacturing,Small,Organic,2020-11-13,inactive
CUS001339,AMX Client 1339,APAC,Singapore,Technology,Small,Referral,2023-02-27,active
CUS001340,AMX Client 1340,North America,United States,Finance,Medium,Partner,2020-06-30,active
CUS001341,AMX Client 1341,India,India,Healthcare,Enterprise,Paid Search,2023-11-08,active
CUS001342,AMX Client 1342,Europe,Germany,Healthcare,Enterprise,Referral,2020-12-12,active
CUS001343,AMX Client 1343,North America,United States,Manufacturing,Enterprise,Partner,2023-04-09,active
CUS001344,AMX Client 1344,North America,Canada,Manufacturing,Small,Partner,2023-11-06,active
CUS001345,AMX Client 1345,APAC,Australia,Retail,Small,Organic,2024-03-31,active
CUS001346,AMX Client 1346,Europe,France,Finance,Medium,Paid Search,2021-06-01,active
CUS001347,AMX Client 1347,North America,United States,Technology,Enterprise,Organic,2020-05-11,active
CUS001348,AMX Client 1348,North America,United States,Manufacturing,Medium,Organic,2023-08-29,active
CUS001349,AMX Client 1349,North America,United States,Finance,Small,Direct,2022-03-03,active
CUS001350,AMX Client 1350,India,India,Manufacturing,Medium,Referral,2024-08-02,active
CUS001351,AMX Client 1351,Europe,United Kingdom,Finance,Medium,Referral,2020-11-28,active
CUS001352,AMX Client 1352,Europe,Netherlands,Healthcare,Enterprise,Organic,2022-10-11,active
CUS001353,AMX Client 1353,India,India,Healthcare,Medium,Referral,2020-07-29,active
CUS001354,AMX Client 1354,North America,Canada,Healthcare,Small,Paid Search,2022-05-07,active
CUS001355,AMX Client 1355,APAC,Japan,Healthcare,Small,Referral,2020-01-02,active
CUS001356,AMX Client 1356,India,India,Finance,Small,Direct,2023-08-17,active
CUS001357,AMX Client 1357,North America,Canada,Technology,Small,Direct,2022-12-04,active
CUS001358,AMX Client 1358,North America,United States,Technology,Enterprise,Referral,2020-06-20,active
CUS001359,AMX Client 1359,Europe,Netherlands,Retail,Small,Partner,2022-06-01,active
CUS001360,AMX Client 1360,India,India,Manufacturing,Small,Partner,2022-01-26,active
CUS001361,AMX Client 1361,Europe,United Kingdom,Healthcare,Small,Paid Search,2023-04-04,active
CUS001362,AMX Client 1362,North America,Canada,Healthcare,Medium,Organic,2022-05-30,active
CUS001363,AMX Client 1363,Europe,France,Finance,Medium,Partner,2022-03-21,inactive
CUS001364,AMX Client 1364,India,India,Retail,Small,Partner,2024-01-07,active
CUS001365,AMX Client 1365,North America,Canada,Retail,Enterprise,Partner,2022-07-05,active
CUS001366,AMX Client 1366,North America,United States,Technology,Small,Direct,2023-12-08,active
CUS001367,AMX Client 1367,India,India,Healthcare,Small,Direct,2024-04-12,active
CUS001368,AMX Client 1368,India,India,Finance,Small,Organic,2024-02-07,active
CUS001369,AMX Client 1369,India,India,Retail,Medium,Paid Search,2024-08-14,active
CUS001370,AMX Client 1370,North America,United States,Retail,Medium,Partner,2023-05-17,active
CUS001371,AMX Client 1371,India,India,Technology,Enterprise,Partner,2022-09-19,active
CUS001372,AMX Client 1372,APAC,Singapore,Manufacturing,Small,Organic,2022-07-25,inactive
CUS001373,AMX Client 1373,North America,United States,Finance,Enterprise,Direct,2020-12-27,active
CUS001374,AMX Client 1374,Europe,Netherlands,Healthcare,Medium,Partner,2024-01-02,active
CUS001375,AMX Client 1375,APAC,Australia,Healthcare,Small,Direct,2023-05-09,active
CUS001376,AMX Client 1376,India,India,Technology,Small,Organic,2024-03-22,active
CUS001377,AMX Client 1377,Europe,United Kingdom,Finance,Small,Direct,2023-05-23,active
CUS001378,AMX Client 1378,APAC,Singapore,Retail,Enterprise,Organic,2022-04-28,active
CUS001379,AMX Client 1379,Europe,United Kingdom,Manufacturing,Small,Organic,2021-06-05,active
CUS001380,AMX Client 1380,North America,United States,Healthcare,Small,Paid Search,2024-10-06,active
CUS001381,AMX Client 1381,North America,Canada,Retail,Medium,Paid Search,2023-07-19,inactive
CUS001382,AMX Client 1382,India,India,Manufacturing,Enterprise,Referral,2024-03-24,active
CUS001383,AMX Client 1383,North America,Canada,Retail,Medium,Paid Search,2022-10-30,active
CUS001384,AMX Client 1384,APAC,Australia,Manufacturing,Medium,Partner,2022-06-20,active
CUS001385,AMX Client 1385,APAC,Japan,Healthcare,Small,Direct,2020-03-01,active
CUS001386,AMX Client 1386,India,India,Technology,Enterprise,Direct,2020-05-02,active
CUS001387,AMX Client 1387,Europe,Germany,Finance,Small,Partner,2023-06-02,active
CUS001388,AMX Client 1388,North America,United States,Technology,Small,Direct,2021-01-31,active
CUS001389,AMX Client 1389,APAC,Japan,Finance,Enterprise,Partner,2020-05-24,active
CUS001390,AMX Client 1390,India,India,Technology,Small,Paid Search,2023-10-03,active
CUS001391,AMX Client 1391,APAC,Singapore,Technology,Small,Paid Search,2022-12-31,active
CUS001392,AMX Client 1392,Europe,Netherlands,Technology,Medium,Partner,2020-07-15,active
CUS001393,AMX Client 1393,India,India,Healthcare,Small,Organic,2022-06-01,active
CUS001394,AMX Client 1394,India,India,Retail,Small,Direct,2022-04-09,active
CUS001395,AMX Client 1395,Europe,Netherlands,Retail,Medium,Organic,2020-01-07,active
CUS001396,AMX Client 1396,India,India,Healthcare,Medium,Organic,2022-12-04,active
CUS001397,AMX Client 1397,North America,United States,Manufacturing,Medium,Partner,2021-12-01,active
CUS001398,AMX Client 1398,APAC,Singapore,Retail,Small,Partner,2024-03-31,active
CUS001399,AMX Client 1399,North America,Canada,Retail,Medium,Referral,2020-07-23,active
CUS001400,AMX Client 1400,North America,Canada,Healthcare,Medium,Organic,2024-02-05,active
CUS001401,AMX Client 1401,North America,United States,Retail,Small,Organic,2020-01-12,active
CUS001402,AMX Client 1402,India,India,Retail,Small,Direct,2023-09-11,active
CUS001403,AMX Client 1403,APAC,Japan,Finance,Small,Direct,2023-10-14,active
CUS001404,AMX Client 1404,North America,United States,Technology,Medium,Partner,2021-12-20,active
CUS001405,AMX Client 1405,India,India,Technology,Small,Referral,2021-05-10,active
CUS001406,AMX Client 1406,India,India,Healthcare,Medium,Direct,2020-09-08,active
CUS001407,AMX Client 1407,APAC,Japan,Manufacturing,Enterprise,Partner,2021-08-23,active
CUS001408,AMX Client 1408,India,India,Retail,Small,Referral,2023-03-28,inactive
CUS001409,AMX Client 1409,APAC,Australia,Technology,Medium,Organic,2023-07-04,active
CUS001410,AMX Client 1410,Europe,Germany,Healthcare,Small,Partner,2020-11-16,active
CUS001411,AMX Client 1411,Europe,Germany,Manufacturing,Small,Organic,2020-01-20,active
CUS001412,AMX Client 1412,APAC,Singapore,Retail,Medium,Organic,2022-09-18,active
CUS001413,AMX Client 1413,APAC,Singapore,Technology,Small,Referral,2022-10-22,active
CUS001414,AMX Client 1414,APAC,Singapore,Technology,Enterprise,Direct,2024-09-27,active
CUS001415,AMX Client 1415,India,India,Retail,Medium,Paid Search,2023-09-06,active
CUS001416,AMX Client 1416,Europe,Netherlands,Manufacturing,Small,Partner,2022-08-29,active
CUS001417,AMX Client 1417,North America,United States,Technology,Small,Paid Search,2022-11-11,active
CUS001418,AMX Client 1418,North America,United States,Healthcare,Small,Paid Search,2023-02-14,active
CUS001419,AMX Client 1419,APAC,Japan,Healthcare,Enterprise,Paid Search,2022-03-08,active
CUS001420,AMX Client 1420,APAC,Japan,Technology,Medium,Paid Search,2023-04-11,active
CUS001421,AMX Client 1421,Europe,United Kingdom,Finance,Small,Paid Search,2020-12-11,active
CUS001422,AMX Client 1422,North America,United States,Technology,Medium,Direct,2024-01-06,active
CUS001423,AMX Client 1423,North America,United States,Retail,Medium,Direct,2024-03-01,active
CUS001424,AMX Client 1424,North America,Canada,Technology,Medium,Partner,2022-02-07,active
CUS001425,AMX Client 1425,North America,Canada,Manufacturing,Small,Organic,2022-03-17,active
CUS001426,AMX Client 1426,North America,Canada,Technology,Small,Partner,2022-05-28,active
CUS001427,AMX Client 1427,India,India,Healthcare,Small,Paid Search,2023-12-14,active
CUS001428,AMX Client 1428,India,India,Healthcare,Small,Paid Search,2020-11-06,active
CUS001429,AMX Client 1429,Europe,United Kingdom,Technology,Small,Referral,2021-08-26,active
CUS001430,AMX Client 1430,North America,United States,Finance,Small,Partner,2022-12-21,active
CUS001431,AMX Client 1431,APAC,Singapore,Healthcare,Small,Paid Search,2023-05-09,active
CUS001432,AMX Client 1432,Europe,France,Technology,Small,Paid Search,2021-06-06,active
CUS001433,AMX Client 1433,India,India,Retail,Small,Referral,2020-07-25,active
CUS001434,AMX Client 1434,India,India,Finance,Enterprise,Paid Search,2022-06-15,active
CUS001435,AMX Client 1435,India,India,Technology,Medium,Partner,2023-02-01,active
CUS001436,AMX Client 1436,APAC,Japan,Retail,Small,Direct,2023-09-15,active
CUS001437,AMX Client 1437,India,India,Retail,Small,Referral,2020-01-06,active
CUS001438,AMX Client 1438,North America,Canada,Finance,Small,Paid Search,2020-02-01,active
CUS001439,AMX Client 1439,APAC,Singapore,Manufacturing,Enterprise,Paid Search,2021-11-13,active
CUS001440,AMX Client 1440,APAC,Australia,Technology,Medium,Paid Search,2022-09-22,inactive
CUS001441,AMX Client 1441,India,India,Retail,Small,Paid Search,2020-01-07,active
CUS001442,AMX Client 1442,India,India,Technology,Enterprise,Paid Search,2020-11-02,active
CUS001443,AMX Client 1443,India,India,Healthcare,Medium,Referral,2022-01-09,active
CUS001444,AMX Client 1444,India,India,Retail,Medium,Referral,2021-05-08,active
CUS001445,AMX Client 1445,India,India,Healthcare,Small,Partner,2023-06-08,active
CUS001446,AMX Client 1446,North America,Canada,Technology,Small,Direct,2020-03-02,active
CUS001447,AMX Client 1447,APAC,Australia,Retail,Medium,Direct,2024-04-17,active
CUS001448,AMX Client 1448,North America,Canada,Technology,Small,Organic,2020-10-26,active
CUS001449,AMX Client 1449,Europe,France,Finance,Medium,Paid Search,2022-02-17,active
CUS001450,AMX Client 1450,India,India,Manufacturing,Medium,Paid Search,2024-10-08,active
CUS001451,AMX Client 1451,Europe,Germany,Healthcare,Small,Partner,2023-03-16,active
CUS001452,AMX Client 1452,Europe,France,Technology,Small,Partner,2024-10-29,active
CUS001453,AMX Client 1453,APAC,Singapore,Finance,Small,Organic,2020-02-04,active
CUS001454,AMX Client 1454,APAC,Australia,Manufacturing,Small,Paid Search,2023-06-25,active
CUS001455,AMX Client 1455,North America,United States,Technology,Medium,Organic,2020-05-13,active
CUS001456,AMX Client 1456,India,India,Healthcare,Medium,Direct,2022-12-16,active
CUS001457,AMX Client 1457,India,India,Finance,Small,Partner,2021-07-29,active
CUS001458,AMX Client 1458,North America,Canada,Retail,Medium,Organic,2023-10-04,active
CUS001459,AMX Client 1459,APAC,Australia,Manufacturing,Small,Organic,2020-08-07,active
CUS001460,AMX Client 1460,North America,United States,Healthcare,Medium,Paid Search,2024-05-02,active
CUS001461,AMX Client 1461,Europe,Netherlands,Finance,Small,Referral,2022-04-29,active
CUS001462,AMX Client 1462,North America,United States,Technology,Medium,Direct,2022-07-06,active
CUS001463,AMX Client 1463,India,India,Finance,Medium,Direct,2022-10-05,inactive
CUS001464,AMX Client 1464,North America,Canada,Retail,Small,Partner,2020-03-03,active
CUS001465,AMX Client 1465,Europe,France,Technology,Medium,Partner,2021-07-02,active
CUS001466,AMX Client 1466,Europe,Netherlands,Manufacturing,Enterprise,Partner,2023-06-06,active
CUS001467,AMX Client 1467,North America,Canada,Technology,Small,Direct,2024-08-23,active
CUS001468,AMX Client 1468,India,India,Retail,Medium,Direct,2024-10-04,active
CUS001469,AMX Client 1469,Europe,Germany,Manufacturing,Enterprise,Paid Search,2022-08-04,active
CUS001470,AMX Client 1470,India,India,Finance,Enterprise,Direct,2021-03-31,active
CUS001471,AMX Client 1471,APAC,Singapore,Retail,Small,Paid Search,2022-04-23,active
CUS001472,AMX Client 1472,India,India,Technology,Medium,Partner,2022-03-29,active
CUS001473,AMX Client 1473,India,India,Healthcare,Enterprise,Partner,2021-12-02,active
CUS001474,AMX Client 1474,North America,Canada,Manufacturing,Medium,Direct,2021-09-30,active
CUS001475,AMX Client 1475,North America,United States,Healthcare,Small,Direct,2024-03-13,active
CUS001476,AMX Client 1476,North America,Canada,Technology,Small,Partner,2021-11-20,active
CUS001477,AMX Client 1477,North America,United States,Finance,Medium,Paid Search,2020-02-21,active
CUS001478,AMX Client 1478,APAC,Japan,Healthcare,Small,Referral,2023-06-27,active
CUS001479,AMX Client 1479,North America,Canada,Healthcare,Small,Direct,2023-03-20,active
CUS001480,AMX Client 1480,North America,Canada,Retail,Small,Direct,2021-10-30,active
CUS001481,AMX Client 1481,North America,United States,Manufacturing,Medium,Direct,2023-01-17,active
CUS001482,AMX Client 1482,India,India,,Small,Paid Search,2024-07-19,active
CUS001483,AMX Client 1483,Europe,France,Healthcare,Enterprise,Direct,2024-06-20,active
CUS001484,AMX Client 1484,India,India,Retail,Medium,Direct,2023-10-26,active
CUS001485,AMX Client 1485,Europe,Germany,Healthcare,Enterprise,Referral,2022-10-27,active
CUS001486,AMX Client 1486,India,India,Retail,Enterprise,Referral,2020-02-18,active
CUS001487,AMX Client 1487,APAC,Australia,Retail,Small,Paid Search,2022-06-23,active
CUS001488,AMX Client 1488,North America,United States,Manufacturing,Medium,Direct,2023-12-16,active
CUS001489,AMX Client 1489,APAC,Singapore,Manufacturing,Small,Partner,2024-02-01,active
CUS001490,AMX Client 1490,North America,Canada,Manufacturing,Enterprise,Direct,2023-09-26,active
CUS001491,AMX Client 1491,India,India,Technology,Small,Paid Search,2024-10-08,active
CUS001492,AMX Client 1492,Europe,France,Retail,Medium,Paid Search,2022-07-01,active
CUS001493,AMX Client 1493,Europe,Germany,Healthcare,Medium,Direct,2020-07-12,active
CUS001494,AMX Client 1494,Europe,Netherlands,Manufacturing,Small,Referral,2022-05-27,active
CUS001495,AMX Client 1495,North America,Canada,Finance,Medium,Organic,2021-07-16,active
CUS001496,AMX Client 1496,Europe,France,Healthcare,Small,Paid Search,2024-01-15,active
CUS001497,AMX Client 1497,APAC,Singapore,Retail,Small,Direct,2023-10-04,active
CUS001498,AMX Client 1498,Europe,France,Finance,Small,Partner,2022-01-20,active
CUS001499,AMX Client 1499,North America,United States,Manufacturing,Small,Direct,2021-11-16,active
CUS001500,AMX Client 1500,Europe,France,Retail,Medium,Paid Search,2020-10-08,inactive
CUS001501,AMX Client 1501,Europe,United Kingdom,Healthcare,Enterprise,Direct,2020-03-17,active
CUS001502,AMX Client 1502,APAC,Australia,Finance,Small,Partner,2021-07-06,active
CUS001503,AMX Client 1503,North America,United States,Technology,Medium,Paid Search,2021-03-01,active
CUS001504,AMX Client 1504,North America,United States,Retail,Enterprise,Paid Search,2021-04-13,active
CUS001505,AMX Client 1505,Europe,Germany,Healthcare,Medium,Organic,2024-10-29,active
CUS001506,AMX Client 1506,North America,United States,Finance,Small,Paid Search,2023-04-17,active
CUS001507,AMX Client 1507,Europe,United Kingdom,Manufacturing,Enterprise,Organic,2022-08-31,active
CUS001508,AMX Client 1508,North America,Canada,Healthcare,Small,Organic,2020-11-11,active
CUS001509,AMX Client 1509,India,India,Healthcare,Medium,Partner,2024-01-25,active
CUS001510,AMX Client 1510,Europe,Germany,Manufacturing,Medium,Direct,2023-02-12,active
CUS001511,AMX Client 1511,India,India,Manufacturing,Medium,Organic,2022-06-28,active
CUS001512,AMX Client 1512,India,India,Healthcare,Small,Direct,2022-04-02,active
CUS001513,AMX Client 1513,Europe,Germany,Manufacturing,Small,Organic,2022-09-02,active
CUS001514,AMX Client 1514,Europe,United Kingdom,Healthcare,Medium,Organic,2024-01-22,active
CUS001515,AMX Client 1515,APAC,Singapore,Manufacturing,Small,Direct,2023-06-25,active
CUS001516,AMX Client 1516,India,India,Technology,Small,Paid Search,2022-05-06,active
CUS001517,AMX Client 1517,India,India,Finance,Medium,Paid Search,2023-03-25,active
CUS001518,AMX Client 1518,APAC,Australia,Manufacturing,Medium,Organic,2024-06-30,active
CUS001519,AMX Client 1519,India,India,Retail,Small,Referral,2021-07-30,active
CUS001520,AMX Client 1520,India,India,Technology,Small,Partner,2024-05-09,active
CUS001521,AMX Client 1521,India,India,Manufacturing,Enterprise,Partner,2022-12-07,active
CUS001522,AMX Client 1522,North America,Canada,Healthcare,Small,Direct,2020-11-23,active
CUS001523,AMX Client 1523,APAC,Singapore,Manufacturing,Small,Organic,2024-09-03,active
CUS001524,AMX Client 1524,Europe,Netherlands,Technology,Small,Direct,2023-04-26,active
CUS001525,AMX Client 1525,Europe,United Kingdom,Technology,Small,Paid Search,2021-11-12,active
CUS001526,AMX Client 1526,India,India,Retail,Enterprise,Partner,2021-01-14,active
CUS001527,AMX Client 1527,North America,Canada,Technology,Small,Organic,2024-06-05,active
CUS001528,AMX Client 1528,North America,United States,Retail,Small,Organic,2023-12-24,active
CUS001529,AMX Client 1529,India,India,Finance,Small,Partner,2020-03-19,active
CUS001530,AMX Client 1530,India,India,Finance,Small,Paid Search,2023-01-27,inactive
CUS001531,AMX Client 1531,North America,Canada,Healthcare,Small,Paid Search,2020-07-21,active
CUS001532,AMX Client 1532,India,India,Technology,Enterprise,Paid Search,2021-06-03,active
CUS001533,AMX Client 1533,North America,Canada,Manufacturing,Medium,Organic,2022-09-30,active
CUS001534,AMX Client 1534,Europe,Netherlands,Technology,Small,Organic,2021-03-15,active
CUS001535,AMX Client 1535,India,India,Retail,Small,Organic,2022-06-24,active
CUS001536,AMX Client 1536,North America,Canada,Manufacturing,Small,Paid Search,2022-01-28,active
CUS001537,AMX Client 1537,Europe,Netherlands,Technology,Small,Partner,2022-10-23,active
CUS001538,AMX Client 1538,Europe,France,Manufacturing,Medium,Organic,2023-11-15,active
CUS001539,AMX Client 1539,Europe,Netherlands,Finance,Small,Direct,2020-10-01,active
CUS001540,AMX Client 1540,North America,United States,Healthcare,Medium,Paid Search,2023-11-07,active
CUS001541,AMX Client 1541,Europe,France,Manufacturing,Enterprise,Direct,2021-01-27,active
CUS001542,AMX Client 1542,India,India,Finance,Small,Referral,2020-02-28,active
CUS001543,AMX Client 1543,North America,Canada,Finance,Enterprise,Direct,2022-02-27,active
CUS001544,AMX Client 1544,India,India,Manufacturing,Small,Partner,2021-06-17,active
CUS001545,AMX Client 1545,North America,United States,Technology,Small,Direct,2020-11-21,active
CUS001546,AMX Client 1546,North America,Canada,Technology,Medium,Partner,2022-01-16,active
CUS001547,AMX Client 1547,India,India,Finance,Small,Partner,2024-03-14,active
CUS001548,AMX Client 1548,Europe,France,Healthcare,Medium,Paid Search,2022-10-31,active
CUS001549,AMX Client 1549,North America,United States,Manufacturing,Medium,Direct,2023-07-09,active
CUS001550,AMX Client 1550,India,India,Retail,Small,Partner,2020-09-21,active
CUS001551,AMX Client 1551,India,India,Retail,Enterprise,Direct,2020-05-13,active
CUS001552,AMX Client 1552,North America,United States,Manufacturing,Small,Partner,2021-08-15,active
CUS001553,AMX Client 1553,North America,United States,Technology,Medium,Referral,2023-09-29,active
CUS001554,AMX Client 1554,North America,Canada,Manufacturing,Small,Partner,2024-04-12,active
CUS001555,AMX Client 1555,India,India,Finance,Small,Paid Search,2020-06-28,active
CUS001556,AMX Client 1556,Europe,France,Finance,Small,Organic,2022-04-21,inactive
CUS001557,AMX Client 1557,APAC,Australia,Manufacturing,Enterprise,Organic,2021-12-01,active
CUS001558,AMX Client 1558,North America,Canada,Healthcare,Small,Paid Search,2023-08-07,active
CUS001559,AMX Client 1559,Europe,United Kingdom,Retail,Enterprise,Direct,2020-12-28,active
CUS001560,AMX Client 1560,APAC,Japan,Finance,Small,Paid Search,2022-05-06,active
CUS001561,AMX Client 1561,APAC,Australia,Retail,Small,Organic,2024-02-09,active
CUS001562,AMX Client 1562,Europe,France,Healthcare,Small,Partner,2022-04-01,active
CUS001563,AMX Client 1563,APAC,Singapore,Technology,Small,Referral,2023-10-11,active
CUS001564,AMX Client 1564,APAC,Australia,Technology,Enterprise,Partner,2023-01-03,active
CUS001565,AMX Client 1565,Europe,France,Finance,Small,Referral,2022-11-21,active
CUS001566,AMX Client 1566,North America,Canada,,Medium,Referral,2021-04-03,active
CUS001567,AMX Client 1567,India,India,Manufacturing,Medium,Partner,2024-10-18,active
CUS001568,AMX Client 1568,India,India,Finance,Small,Partner,2021-03-17,active
CUS001569,AMX Client 1569,North America,United States,Healthcare,Medium,Paid Search,2024-07-02,active
CUS001570,AMX Client 1570,North America,United States,Manufacturing,Enterprise,Direct,2024-10-13,active
CUS001571,AMX Client 1571,North America,United States,Retail,Medium,Paid Search,2022-06-22,active
CUS001572,AMX Client 1572,North America,United States,Manufacturing,Medium,Direct,2024-03-14,active
CUS001573,AMX Client 1573,North America,United States,Manufacturing,Medium,Direct,2023-06-16,active
CUS001574,AMX Client 1574,Europe,Netherlands,Healthcare,Medium,Organic,2023-07-26,active
CUS001575,AMX Client 1575,India,India,Finance,Small,Paid Search,2020-04-30,active
CUS001576,AMX Client 1576,India,India,Finance,Medium,Paid Search,2020-08-30,inactive
CUS001577,AMX Client 1577,Europe,United Kingdom,Manufacturing,Small,Organic,2020-05-02,active
CUS001578,AMX Client 1578,APAC,Singapore,Retail,Medium,Partner,2020-02-23,active
CUS001579,AMX Client 1579,APAC,Singapore,Technology,Enterprise,Partner,2024-01-16,active
CUS001580,AMX Client 1580,APAC,Australia,Healthcare,Enterprise,Direct,2020-11-05,active
CUS001581,AMX Client 1581,APAC,Australia,Finance,Medium,Partner,2020-01-12,active
CUS001582,AMX Client 1582,North America,United States,Manufacturing,Medium,Partner,2024-07-14,active
CUS001583,AMX Client 1583,North America,United States,Manufacturing,Medium,Organic,2021-05-07,active
CUS001584,AMX Client 1584,India,India,Technology,Small,Direct,2023-12-12,active
CUS001585,AMX Client 1585,Europe,United Kingdom,Manufacturing,Small,Direct,2024-08-23,active
CUS001586,AMX Client 1586,APAC,Japan,Manufacturing,Small,Paid Search,2022-07-12,active
CUS001587,AMX Client 1587,North America,United States,Healthcare,Small,Direct,2024-06-24,active
CUS001588,AMX Client 1588,North America,United States,Finance,Enterprise,Referral,2024-09-06,active
CUS001589,AMX Client 1589,India,India,Healthcare,Enterprise,Partner,2020-09-11,active
CUS001590,AMX Client 1590,India,India,Manufacturing,Small,Direct,2020-09-15,active
CUS001591,AMX Client 1591,India,India,Manufacturing,Small,Referral,2021-10-15,active
CUS001592,AMX Client 1592,India,India,Retail,Medium,Organic,2022-09-14,inactive
CUS001593,AMX Client 1593,APAC,Australia,Healthcare,Small,Paid Search,2023-10-20,active
CUS001594,AMX Client 1594,North America,Canada,Finance,Medium,Organic,2020-11-19,active
CUS001595,AMX Client 1595,Europe,Germany,Finance,Enterprise,Partner,2020-12-07,inactive
CUS001596,AMX Client 1596,Europe,United Kingdom,Healthcare,Small,Organic,2021-06-25,active
CUS001597,AMX Client 1597,India,India,Retail,Small,Partner,2021-04-24,active
CUS001598,AMX Client 1598,India,India,Finance,Small,Organic,2024-07-18,active
CUS001599,AMX Client 1599,Europe,France,Healthcare,Small,Partner,2021-11-30,inactive
CUS001600,AMX Client 1600,India,India,Finance,Small,Partner,2024-03-13,active
CUS001601,AMX Client 1601,APAC,Singapore,Retail,Small,Direct,2020-04-08,active
CUS001602,AMX Client 1602,India,India,Finance,Small,Paid Search,2020-06-28,active
CUS001603,AMX Client 1603,Europe,Germany,Manufacturing,Small,Partner,2023-11-20,active
CUS001604,AMX Client 1604,Europe,Netherlands,Manufacturing,Small,Referral,2021-03-16,active
CUS001605,AMX Client 1605,India,India,Retail,Medium,Partner,2020-05-25,active
CUS001606,AMX Client 1606,India,India,Healthcare,Small,Organic,2022-11-15,active
CUS001607,AMX Client 1607,APAC,Japan,Technology,Enterprise,Partner,2020-09-17,active
CUS001608,AMX Client 1608,India,India,Manufacturing,Small,Paid Search,2020-04-18,active
CUS001609,AMX Client 1609,North America,United States,Finance,Small,Paid Search,2021-12-18,active
CUS001610,AMX Client 1610,North America,Canada,Manufacturing,Small,Organic,2022-08-29,active
CUS001611,AMX Client 1611,India,India,Manufacturing,Medium,Partner,2022-07-20,active
CUS001612,AMX Client 1612,Europe,France,Technology,Small,Paid Search,2022-10-29,active
CUS001613,AMX Client 1613,Europe,Netherlands,Technology,Small,Direct,2020-02-11,active
CUS001614,AMX Client 1614,North America,Canada,Healthcare,Small,Organic,2021-05-28,active
CUS001615,AMX Client 1615,Europe,Germany,Manufacturing,Enterprise,Paid Search,2021-08-29,inactive
CUS001616,AMX Client 1616,India,India,Healthcare,Small,Partner,2021-06-01,active
CUS001617,AMX Client 1617,India,India,Technology,Small,Organic,2022-09-14,active
CUS001618,AMX Client 1618,North America,United States,Healthcare,Enterprise,Paid Search,2021-02-08,active
CUS001619,AMX Client 1619,APAC,Singapore,Finance,Small,Direct,2023-01-21,active
CUS001620,AMX Client 1620,India,India,Manufacturing,Small,Partner,2024-07-10,active
CUS001621,AMX Client 1621,India,India,Manufacturing,Medium,Partner,2023-03-12,active
CUS001622,AMX Client 1622,North America,United States,Healthcare,Small,Paid Search,2021-11-17,active
CUS001623,AMX Client 1623,Europe,Netherlands,Retail,Small,Organic,2022-02-06,active
CUS001624,AMX Client 1624,India,India,Finance,Small,Organic,2022-10-30,active
CUS001625,AMX Client 1625,North America,Canada,Manufacturing,Small,Partner,2023-07-02,active
CUS001626,AMX Client 1626,Europe,Netherlands,Technology,Enterprise,Direct,2021-06-16,active
CUS001627,AMX Client 1627,North America,United States,Technology,Medium,Direct,2020-03-08,active
CUS001628,AMX Client 1628,India,India,Technology,Medium,Direct,2023-05-25,active
CUS001629,AMX Client 1629,India,India,Retail,Small,Direct,2023-03-14,active
CUS001630,AMX Client 1630,North America,United States,Technology,Medium,Direct,2020-06-28,active
CUS001631,AMX Client 1631,North America,United States,Retail,Medium,Organic,2023-01-11,active
CUS001632,AMX Client 1632,APAC,Australia,Technology,Small,Organic,2020-05-06,active
CUS001633,AMX Client 1633,Europe,United Kingdom,Manufacturing,Enterprise,Direct,2023-02-09,active
CUS001634,AMX Client 1634,Europe,France,Retail,Medium,Organic,2023-08-07,active
CUS001635,AMX Client 1635,APAC,Japan,Technology,Medium,Direct,2020-01-28,active
CUS001636,AMX Client 1636,North America,United States,Healthcare,Small,Partner,2023-07-07,active
CUS001637,AMX Client 1637,North America,Canada,Finance,Small,Referral,2020-07-31,active
CUS001638,AMX Client 1638,APAC,Australia,Finance,Medium,Organic,2021-04-12,active
CUS001639,AMX Client 1639,India,India,Healthcare,Medium,Direct,2023-05-29,active
CUS001640,AMX Client 1640,Europe,Netherlands,Manufacturing,Small,Partner,2021-09-19,active
CUS001641,AMX Client 1641,Europe,United Kingdom,Manufacturing,Small,Paid Search,2024-09-21,active
CUS001642,AMX Client 1642,India,India,Retail,Medium,Direct,2024-08-17,active
CUS001643,AMX Client 1643,North America,United States,Manufacturing,Small,Referral,2024-10-08,active
CUS001644,AMX Client 1644,India,India,Finance,Small,Organic,2020-07-03,active
CUS001645,AMX Client 1645,India,India,Manufacturing,Medium,Direct,2020-11-07,active
CUS001646,AMX Client 1646,North America,United States,Manufacturing,Small,Organic,2020-11-19,active
CUS001647,AMX Client 1647,India,India,Retail,Small,Paid Search,2022-10-30,active
CUS001648,AMX Client 1648,Europe,France,Retail,Small,Organic,2022-01-29,active
CUS001649,AMX Client 1649,APAC,Japan,Retail,Enterprise,Referral,2023-08-10,active
CUS001650,AMX Client 1650,Europe,United Kingdom,Technology,Small,Referral,2021-05-13,active
CUS001651,AMX Client 1651,India,India,Manufacturing,Medium,Direct,2020-12-18,active
CUS001652,AMX Client 1652,India,India,Healthcare,Enterprise,Direct,2023-02-20,active
CUS001653,AMX Client 1653,India,India,Manufacturing,Medium,Partner,2022-12-26,active
CUS001654,AMX Client 1654,India,India,Technology,Medium,Organic,2023-05-04,active
CUS001655,AMX Client 1655,APAC,Australia,Manufacturing,Medium,Organic,2021-07-05,active
CUS001656,AMX Client 1656,North America,Canada,Finance,Small,Partner,2022-07-18,active
CUS001657,AMX Client 1657,India,India,Manufacturing,Medium,Referral,2024-06-27,active
CUS001658,AMX Client 1658,APAC,Japan,Manufacturing,Enterprise,Partner,2022-12-15,active
CUS001659,AMX Client 1659,North America,Canada,Manufacturing,Medium,Paid Search,2024-07-04,active
CUS001660,AMX Client 1660,India,India,Manufacturing,Small,Paid Search,2022-02-04,active
CUS001661,AMX Client 1661,India,India,Technology,Small,Direct,2020-03-20,active
CUS001662,AMX Client 1662,Europe,France,Finance,Enterprise,Direct,2023-09-04,active
CUS001663,AMX Client 1663,Europe,Netherlands,Finance,Small,Direct,2022-03-24,active
CUS001664,AMX Client 1664,India,India,Retail,Medium,Referral,2020-03-15,active
CUS001665,AMX Client 1665,APAC,Japan,Manufacturing,Small,Partner,2020-09-02,active
CUS001666,AMX Client 1666,APAC,Japan,Healthcare,Medium,Paid Search,2021-07-06,active
CUS001667,AMX Client 1667,APAC,Australia,Retail,Medium,Organic,2020-12-03,active
CUS001668,AMX Client 1668,India,India,Manufacturing,Small,Organic,2023-04-23,active
CUS001669,AMX Client 1669,India,India,Technology,Small,Referral,2022-12-15,active
CUS001670,AMX Client 1670,APAC,Australia,Healthcare,Medium,Organic,2021-08-05,active
CUS001671,AMX Client 1671,North America,United States,Retail,Small,Paid Search,2020-05-29,active
CUS001672,AMX Client 1672,Europe,Netherlands,Finance,Small,Organic,2020-05-18,active
CUS001673,AMX Client 1673,Europe,Germany,Healthcare,Small,Direct,2024-07-27,active
CUS001674,AMX Client 1674,India,India,Manufacturing,Small,Direct,2021-09-01,inactive
CUS001675,AMX Client 1675,Europe,Netherlands,Manufacturing,Medium,Direct,2020-07-08,active
CUS001676,AMX Client 1676,APAC,Australia,Manufacturing,Small,Paid Search,2023-06-10,active
CUS001677,AMX Client 1677,Europe,United Kingdom,Manufacturing,Small,Partner,2024-03-16,active
CUS001678,AMX Client 1678,North America,United States,Retail,Enterprise,Organic,2020-08-03,inactive
CUS001679,AMX Client 1679,APAC,Singapore,Technology,Small,Direct,2024-07-26,active
CUS001680,AMX Client 1680,North America,Canada,Manufacturing,Small,Organic,2023-07-03,active
CUS001681,AMX Client 1681,Europe,Germany,Retail,Medium,Paid Search,2021-03-21,active
CUS001682,AMX Client 1682,Europe,Germany,Healthcare,Enterprise,Organic,2023-10-01,inactive
CUS001683,AMX Client 1683,Europe,United Kingdom,Technology,Medium,Referral,2022-01-11,active
CUS001684,AMX Client 1684,India,India,Manufacturing,Medium,Direct,2023-01-26,active
CUS001685,AMX Client 1685,India,India,Manufacturing,Small,Direct,2020-08-12,active
CUS001686,AMX Client 1686,India,India,Manufacturing,Small,Organic,2021-03-07,active
CUS001687,AMX Client 1687,North America,United States,Technology,Enterprise,Partner,2023-09-27,active
CUS001688,AMX Client 1688,North America,Canada,Manufacturing,Enterprise,Paid Search,2023-11-23,active
CUS001689,AMX Client 1689,North America,Canada,Healthcare,Medium,Paid Search,2020-01-20,active
CUS001690,AMX Client 1690,North America,United States,Technology,Small,Direct,2021-01-13,active
CUS001691,AMX Client 1691,Europe,Netherlands,Retail,Small,Referral,2022-12-08,active
CUS001692,AMX Client 1692,APAC,Australia,Retail,Small,Direct,2024-05-18,active
CUS001693,AMX Client 1693,India,India,Healthcare,Enterprise,Paid Search,2023-04-05,active
CUS001694,AMX Client 1694,Europe,Germany,Technology,Medium,Partner,2023-06-01,active
CUS001695,AMX Client 1695,Europe,Germany,Retail,Small,Paid Search,2021-11-17,active
CUS001696,AMX Client 1696,North America,Canada,Healthcare,Small,Direct,2020-04-06,active
CUS001697,AMX Client 1697,India,India,Healthcare,Small,Referral,2023-09-14,active
CUS001698,AMX Client 1698,Europe,Netherlands,Healthcare,Small,Referral,2023-11-12,active
CUS001699,AMX Client 1699,APAC,Australia,Healthcare,Medium,Organic,2022-02-21,active
CUS001700,AMX Client 1700,Europe,Germany,Healthcare,Medium,Organic,2022-06-13,active
CUS001701,AMX Client 1701,APAC,Japan,Technology,Small,Organic,2021-02-19,active
CUS001702,AMX Client 1702,APAC,Australia,Healthcare,Medium,Organic,2022-03-10,inactive
CUS001703,AMX Client 1703,North America,United States,Finance,Enterprise,Organic,2021-03-03,active
CUS001704,AMX Client 1704,Europe,Germany,Retail,Small,Organic,2022-01-12,active
CUS001705,AMX Client 1705,North America,Canada,Retail,Small,Paid Search,2020-08-24,active
CUS001706,AMX Client 1706,APAC,Singapore,Manufacturing,Small,Organic,2022-12-07,active
CUS001707,AMX Client 1707,India,India,Finance,Small,Direct,2021-03-13,active
CUS001708,AMX Client 1708,North America,United States,Finance,Medium,Referral,2023-07-03,active
CUS001709,AMX Client 1709,APAC,Australia,Healthcare,Medium,Direct,2022-07-03,active
CUS001710,AMX Client 1710,India,India,Healthcare,Small,Direct,2024-05-01,active
CUS001711,AMX Client 1711,Europe,United Kingdom,Finance,Small,Referral,2021-01-25,active
CUS001712,AMX Client 1712,North America,Canada,Finance,Enterprise,Direct,2021-04-27,active
CUS001713,AMX Client 1713,APAC,Japan,Manufacturing,Small,Direct,2021-03-05,active
CUS001714,AMX Client 1714,APAC,Singapore,Manufacturing,Medium,Organic,2023-01-18,inactive
CUS001715,AMX Client 1715,North America,United States,Technology,Medium,Paid Search,2020-07-07,active
CUS001716,AMX Client 1716,Europe,Netherlands,Finance,Medium,Direct,2023-04-27,inactive
CUS001717,AMX Client 1717,North America,United States,Healthcare,Medium,Organic,2023-12-17,active
CUS001718,AMX Client 1718,Europe,Netherlands,Technology,Medium,Direct,2023-04-06,active
CUS001719,AMX Client 1719,Europe,United Kingdom,Technology,Medium,Organic,2020-08-25,active
CUS001720,AMX Client 1720,Europe,Netherlands,Technology,Small,Partner,2022-05-20,active
CUS001721,AMX Client 1721,India,India,Retail,Small,Direct,2022-07-31,active
CUS001722,AMX Client 1722,India,India,Retail,Small,Referral,2021-11-21,inactive
CUS001723,AMX Client 1723,Europe,Germany,Finance,Small,Organic,2022-04-03,active
CUS001724,AMX Client 1724,North America,United States,Technology,Small,Paid Search,2023-09-08,active
CUS001725,AMX Client 1725,North America,Canada,Healthcare,Small,Referral,2024-01-13,active
CUS001726,AMX Client 1726,India,India,Manufacturing,Small,Referral,2021-06-13,active
CUS001727,AMX Client 1727,North America,United States,Finance,Small,Paid Search,2021-08-05,active
CUS001728,AMX Client 1728,APAC,Australia,Healthcare,Small,Partner,2021-01-02,active
CUS001729,AMX Client 1729,India,India,Healthcare,Medium,Paid Search,2021-12-10,active
CUS001730,AMX Client 1730,North America,Canada,Retail,Medium,Organic,2022-08-21,active
CUS001731,AMX Client 1731,APAC,Japan,Retail,Medium,Partner,2023-06-14,active
CUS001732,AMX Client 1732,India,India,Technology,Medium,Partner,2021-04-17,active
CUS001733,AMX Client 1733,Europe,Germany,Manufacturing,Enterprise,Partner,2021-01-17,active
CUS001734,AMX Client 1734,India,India,Manufacturing,Medium,Organic,2020-02-28,active
CUS001735,AMX Client 1735,APAC,Japan,Healthcare,Small,Paid Search,2020-06-14,active
CUS001736,AMX Client 1736,Europe,Germany,Manufacturing,Enterprise,Organic,2020-04-01,active
CUS001737,AMX Client 1737,APAC,Australia,Healthcare,Small,Partner,2021-01-01,active
CUS001738,AMX Client 1738,India,India,Healthcare,Medium,Direct,2023-05-12,inactive
CUS001739,AMX Client 1739,North America,United States,Manufacturing,Medium,Paid Search,2023-09-29,active
CUS001740,AMX Client 1740,Europe,Netherlands,Technology,Small,Partner,2024-09-14,active
CUS001741,AMX Client 1741,India,India,Finance,Medium,Organic,2022-08-20,active
CUS001742,AMX Client 1742,India,India,Finance,Small,Paid Search,2022-03-13,active
CUS001743,AMX Client 1743,India,India,Healthcare,Small,Paid Search,2024-05-07,active
CUS001744,AMX Client 1744,APAC,Australia,Finance,Small,Organic,2020-09-16,active
CUS001745,AMX Client 1745,Europe,United Kingdom,Finance,Small,Organic,2023-01-18,active
CUS001746,AMX Client 1746,Europe,Netherlands,Retail,Small,Direct,2023-12-15,active
CUS001747,AMX Client 1747,Europe,Germany,Healthcare,Medium,Referral,2022-06-06,inactive
CUS001748,AMX Client 1748,North America,United States,Retail,Medium,Organic,2021-04-06,active
CUS001749,AMX Client 1749,North America,United States,Technology,Small,Paid Search,2023-01-01,active
CUS001750,AMX Client 1750,North America,Canada,Healthcare,Medium,Direct,2024-10-24,active
CUS001751,AMX Client 1751,Europe,United Kingdom,Retail,Small,Organic,2021-02-20,active
CUS001752,AMX Client 1752,India,India,Technology,Small,Partner,2022-09-21,active
CUS001753,AMX Client 1753,APAC,Japan,Healthcare,Medium,Organic,2020-03-30,active
CUS001754,AMX Client 1754,Europe,United Kingdom,Finance,Enterprise,Paid Search,2021-02-14,active
CUS001755,AMX Client 1755,North America,Canada,Retail,Small,Paid Search,2023-09-16,active
CUS001756,AMX Client 1756,North America,United States,Manufacturing,Small,Partner,2022-05-25,inactive
CUS001757,AMX Client 1757,India,India,Finance,Medium,Referral,2020-12-17,active
CUS001758,AMX Client 1758,APAC,Australia,Manufacturing,Enterprise,Direct,2021-08-15,active
CUS001759,AMX Client 1759,APAC,Japan,Retail,Small,Organic,2020-08-01,active
CUS001760,AMX Client 1760,APAC,Australia,Manufacturing,Small,Direct,2023-10-08,active
CUS001761,AMX Client 1761,North America,Canada,Manufacturing,Small,Partner,2024-07-23,active
CUS001762,AMX Client 1762,India,India,Manufacturing,Medium,Referral,2020-07-05,active
CUS001763,AMX Client 1763,India,India,Finance,Enterprise,Direct,2021-02-24,active
CUS001764,AMX Client 1764,India,India,Healthcare,Medium,Referral,2024-02-22,active
CUS001765,AMX Client 1765,India,India,Finance,Small,Partner,2024-03-31,active
CUS001766,AMX Client 1766,India,India,Manufacturing,Medium,Paid Search,2023-09-17,active
CUS001767,AMX Client 1767,APAC,Singapore,Manufacturing,Medium,Direct,2023-06-16,active
CUS001768,AMX Client 1768,India,India,Healthcare,Small,Organic,2024-03-01,active
CUS001769,AMX Client 1769,India,India,Manufacturing,Medium,Referral,2021-10-21,active
CUS001770,AMX Client 1770,Europe,Netherlands,Retail,Small,Organic,2024-04-29,active
CUS001771,AMX Client 1771,North America,United States,Technology,Small,Partner,2024-04-14,active
CUS001772,AMX Client 1772,Europe,France,Manufacturing,Medium,Paid Search,2021-02-09,active
CUS001773,AMX Client 1773,Europe,Netherlands,Retail,Small,Paid Search,2020-05-08,active
CUS001774,AMX Client 1774,APAC,Australia,Technology,Enterprise,Direct,2022-07-09,active
CUS001775,AMX Client 1775,Europe,France,Technology,Small,Paid Search,2023-09-01,active
CUS001776,AMX Client 1776,North America,United States,Healthcare,Small,Paid Search,2024-02-09,active
CUS001777,AMX Client 1777,Europe,Germany,Manufacturing,Small,Paid Search,2020-09-08,active
CUS001778,AMX Client 1778,North America,Canada,Healthcare,Medium,Partner,2021-10-28,active
CUS001779,AMX Client 1779,North America,United States,Retail,Small,Partner,2023-09-18,active
CUS001780,AMX Client 1780,North America,United States,Finance,Medium,Referral,2020-04-16,active
CUS001781,AMX Client 1781,India,India,Retail,Small,Organic,2023-06-30,active
CUS001782,AMX Client 1782,Europe,Netherlands,Finance,Small,Organic,2021-05-30,active
CUS001783,AMX Client 1783,India,India,Finance,Medium,Referral,2020-02-09,active
CUS001784,AMX Client 1784,India,India,Technology,Small,Direct,2021-03-03,active
CUS001785,AMX Client 1785,India,India,Retail,Medium,Partner,2023-08-03,active
CUS001786,AMX Client 1786,APAC,Japan,Finance,Small,Paid Search,2024-03-16,active
CUS001787,AMX Client 1787,North America,Canada,Technology,Small,Paid Search,2020-05-23,active
CUS001788,AMX Client 1788,Europe,Netherlands,Finance,Medium,Referral,2022-03-30,active
CUS001789,AMX Client 1789,APAC,Japan,Healthcare,Medium,Organic,2020-12-21,active
CUS001790,AMX Client 1790,India,India,Retail,Medium,Partner,2023-04-22,active
CUS001791,AMX Client 1791,Europe,United Kingdom,Retail,Small,Partner,2023-10-10,active
CUS001792,AMX Client 1792,North America,Canada,Retail,Small,Direct,2024-08-26,active
CUS001793,AMX Client 1793,India,India,Retail,Medium,Referral,2021-09-18,active
CUS001794,AMX Client 1794,Europe,France,Retail,Medium,Direct,2021-06-12,inactive
CUS001795,AMX Client 1795,APAC,Japan,Manufacturing,Medium,Organic,2021-07-01,active
CUS001796,AMX Client 1796,India,India,Healthcare,Medium,Partner,2023-09-06,active
CUS001797,AMX Client 1797,North America,Canada,Technology,Medium,Direct,2022-02-25,active
CUS001798,AMX Client 1798,India,India,Manufacturing,Small,Partner,2020-02-10,active
CUS001799,AMX Client 1799,North America,United States,Technology,Medium,Organic,2024-07-31,active
CUS001800,AMX Client 1800,Europe,France,Technology,Small,Direct,2020-07-02,active
CUS001801,AMX Client 1801,Europe,Netherlands,Retail,Small,Referral,2024-06-27,active
CUS001802,AMX Client 1802,Europe,United Kingdom,Finance,Medium,Referral,2020-10-12,active
CUS001803,AMX Client 1803,India,India,Healthcare,Small,Direct,2022-08-08,active
CUS001804,AMX Client 1804,Europe,France,Healthcare,Small,Paid Search,2021-07-05,active
CUS001805,AMX Client 1805,Europe,France,Technology,Enterprise,Partner,2023-04-27,active
CUS001806,AMX Client 1806,Europe,Germany,Retail,Medium,Direct,2021-12-12,active
CUS001807,AMX Client 1807,India,India,Healthcare,Medium,Partner,2021-10-10,active
CUS001808,AMX Client 1808,North America,Canada,Healthcare,Enterprise,Paid Search,2022-04-22,active
CUS001809,AMX Client 1809,North America,United States,Retail,Small,Paid Search,2024-09-10,active
CUS001810,AMX Client 1810,India,India,Healthcare,Medium,Direct,2021-03-09,active
CUS001811,AMX Client 1811,India,India,Retail,Small,Paid Search,2021-01-23,active
CUS001812,AMX Client 1812,North America,United States,Finance,Small,Paid Search,2020-04-26,inactive
CUS001813,AMX Client 1813,Europe,Netherlands,Retail,Small,Paid Search,2023-07-28,active
CUS001814,AMX Client 1814,India,India,Healthcare,Small,Organic,2023-04-11,active
CUS001815,AMX Client 1815,Europe,France,Technology,Small,Paid Search,2022-12-11,active
CUS001816,AMX Client 1816,North America,United States,Healthcare,Small,Organic,2020-02-11,active
CUS001817,AMX Client 1817,Europe,United Kingdom,Finance,Medium,Direct,2023-10-28,active
CUS001818,AMX Client 1818,North America,Canada,Technology,Small,Paid Search,2023-11-30,active
CUS001819,AMX Client 1819,North America,Canada,Healthcare,Small,Partner,2024-07-26,active
CUS001820,AMX Client 1820,Europe,United Kingdom,Finance,Enterprise,Paid Search,2024-06-28,active
CUS001821,AMX Client 1821,APAC,Singapore,Retail,Medium,Paid Search,2021-04-09,active
CUS001822,AMX Client 1822,North America,United States,Healthcare,Enterprise,Partner,2023-06-08,active
CUS001823,AMX Client 1823,North America,United States,Retail,Small,Direct,2021-12-12,active
CUS001824,AMX Client 1824,Europe,United Kingdom,Healthcare,Small,Paid Search,2022-11-18,active
CUS001825,AMX Client 1825,Europe,Germany,Manufacturing,Medium,Paid Search,2021-08-10,active
CUS001826,AMX Client 1826,India,India,Healthcare,Medium,Paid Search,2023-03-06,active
CUS001827,AMX Client 1827,North America,Canada,Technology,Small,Organic,2024-08-09,active
CUS001828,AMX Client 1828,North America,Canada,Finance,Enterprise,Direct,2023-02-25,active
CUS001829,AMX Client 1829,APAC,Singapore,Retail,Medium,Partner,2024-06-14,active
CUS001830,AMX Client 1830,North America,Canada,Retail,Medium,Paid Search,2024-07-03,active
CUS001831,AMX Client 1831,North America,Canada,Finance,Small,Partner,2020-07-28,active
CUS001832,AMX Client 1832,APAC,Singapore,Technology,Medium,Paid Search,2024-08-29,active
CUS001833,AMX Client 1833,North America,Canada,Technology,Small,Partner,2023-12-16,active
CUS001834,AMX Client 1834,India,India,Technology,Enterprise,Direct,2022-01-23,active
CUS001835,AMX Client 1835,India,India,Manufacturing,Small,Organic,2022-11-25,active
CUS001836,AMX Client 1836,India,India,Finance,Small,Organic,2022-12-25,active
CUS001837,AMX Client 1837,India,India,Manufacturing,Small,Organic,2023-10-20,active
CUS001838,AMX Client 1838,North America,United States,Finance,Medium,Partner,2023-11-18,active
CUS001839,AMX Client 1839,Europe,France,Finance,Enterprise,Paid Search,2020-06-29,inactive
CUS001840,AMX Client 1840,Europe,Netherlands,Retail,Enterprise,Organic,2020-01-02,active
CUS001841,AMX Client 1841,India,India,Manufacturing,Medium,Paid Search,2021-03-11,active
CUS001842,AMX Client 1842,North America,Canada,Retail,Enterprise,Organic,2022-07-19,inactive
CUS001843,AMX Client 1843,India,India,Technology,Medium,Partner,2024-02-08,active
CUS001844,AMX Client 1844,APAC,Australia,Finance,Small,Paid Search,2023-02-26,active
CUS001845,AMX Client 1845,India,India,Manufacturing,Medium,Organic,2020-08-27,active
CUS001846,AMX Client 1846,Europe,France,Technology,Small,Organic,2023-06-20,active
CUS001847,AMX Client 1847,North America,United States,Manufacturing,Small,Organic,2022-04-06,active
CUS001848,AMX Client 1848,Europe,Germany,Manufacturing,Small,Direct,2021-10-13,active
CUS001849,AMX Client 1849,North America,Canada,Finance,Small,Referral,2023-09-24,active
CUS001850,AMX Client 1850,Europe,United Kingdom,Retail,Enterprise,Partner,2021-06-06,active
CUS001851,AMX Client 1851,India,India,Retail,Enterprise,Direct,2022-12-28,active
CUS001852,AMX Client 1852,APAC,Singapore,Healthcare,Small,Paid Search,2020-11-17,active
CUS001853,AMX Client 1853,North America,Canada,Healthcare,Medium,Direct,2021-11-04,active
CUS001854,AMX Client 1854,Europe,France,Technology,Small,Referral,2022-09-12,active
CUS001855,AMX Client 1855,APAC,Australia,Finance,Small,Organic,2023-01-05,active
CUS001856,AMX Client 1856,APAC,Singapore,Manufacturing,Small,Partner,2024-06-11,active
CUS001857,AMX Client 1857,India,India,Finance,Small,Direct,2021-05-27,active
CUS001858,AMX Client 1858,India,India,Finance,Small,Direct,2024-05-01,active
CUS001859,AMX Client 1859,India,India,Healthcare,Small,Direct,2023-12-13,active
CUS001860,AMX Client 1860,India,India,Technology,Small,Direct,2021-09-27,active
CUS001861,AMX Client 1861,North America,United States,Technology,Small,Partner,2020-09-04,active
CUS001862,AMX Client 1862,APAC,Japan,Healthcare,Enterprise,Partner,2021-03-31,inactive
CUS001863,AMX Client 1863,APAC,Australia,Technology,Small,Organic,2023-03-07,active
CUS001864,AMX Client 1864,North America,Canada,Manufacturing,Small,Direct,2023-10-25,active
CUS001865,AMX Client 1865,Europe,Germany,Finance,Medium,Direct,2022-12-17,active
CUS001866,AMX Client 1866,APAC,Australia,Technology,Small,Direct,2023-07-04,active
CUS001867,AMX Client 1867,APAC,Singapore,Healthcare,Small,Direct,2020-06-28,active
CUS001868,AMX Client 1868,India,India,Technology,Small,Partner,2022-06-11,active
CUS001869,AMX Client 1869,North America,Canada,Finance,Medium,Direct,2024-03-23,active
CUS001870,AMX Client 1870,Europe,Germany,Finance,Medium,Partner,2021-11-18,active
CUS001871,AMX Client 1871,North America,Canada,Retail,Medium,Referral,2024-05-06,active
CUS001872,AMX Client 1872,North America,United States,Retail,Medium,Partner,2020-08-06,active
CUS001873,AMX Client 1873,APAC,Japan,Technology,Small,Direct,2024-09-24,active
CUS001874,AMX Client 1874,APAC,Australia,Finance,Small,Paid Search,2023-10-18,active
CUS001875,AMX Client 1875,APAC,Australia,Technology,Small,Organic,2023-01-10,inactive
CUS001876,AMX Client 1876,Europe,Germany,Technology,Small,Direct,2022-12-26,active
CUS001877,AMX Client 1877,India,India,Healthcare,Small,Paid Search,2024-07-11,active
CUS001878,AMX Client 1878,North America,United States,Retail,Small,Paid Search,2021-10-27,active
CUS001879,AMX Client 1879,North America,United States,Technology,Medium,Referral,2020-10-18,inactive
CUS001880,AMX Client 1880,North America,Canada,Finance,Small,Referral,2024-06-10,active
CUS001881,AMX Client 1881,North America,Canada,Healthcare,Small,Organic,2020-06-30,active
CUS001882,AMX Client 1882,Europe,United Kingdom,Finance,Medium,Paid Search,2023-03-10,active
CUS001883,AMX Client 1883,North America,United States,Retail,Small,Partner,2021-04-14,active
CUS001884,AMX Client 1884,Europe,United Kingdom,Healthcare,Medium,Referral,2024-06-29,active
CUS001885,AMX Client 1885,North America,Canada,Healthcare,Enterprise,Organic,2024-09-15,active
CUS001886,AMX Client 1886,North America,United States,Healthcare,Enterprise,Partner,2022-04-17,active
CUS001887,AMX Client 1887,India,India,Finance,Small,Direct,2022-07-30,active
CUS001888,AMX Client 1888,India,India,Retail,Small,Organic,2022-03-13,active
CUS001889,AMX Client 1889,APAC,Australia,Manufacturing,Medium,Organic,2022-01-20,active
CUS001890,AMX Client 1890,North America,Canada,Manufacturing,Medium,Paid Search,2024-07-13,active
CUS001891,AMX Client 1891,India,India,Technology,Medium,Direct,2021-05-22,active
CUS001892,AMX Client 1892,Europe,United Kingdom,Manufacturing,Small,Paid Search,2024-08-21,active
CUS001893,AMX Client 1893,North America,United States,Manufacturing,Small,Direct,2023-02-22,active
CUS001894,AMX Client 1894,India,India,Manufacturing,Small,Organic,2024-08-23,active
CUS001895,AMX Client 1895,North America,United States,Finance,Small,Partner,2022-12-16,active
CUS001896,AMX Client 1896,India,India,Retail,Small,Partner,2023-12-17,active
CUS001897,AMX Client 1897,Europe,Germany,Technology,Enterprise,Organic,2022-05-15,active
CUS001898,AMX Client 1898,India,India,Technology,Small,Direct,2022-03-27,active
CUS001899,AMX Client 1899,India,India,Retail,Medium,Direct,2021-03-30,active
CUS001900,AMX Client 1900,India,India,Finance,Enterprise,Paid Search,2021-01-06,active
CUS001901,AMX Client 1901,North America,United States,Finance,Small,Direct,2020-03-07,active
CUS001902,AMX Client 1902,India,India,Finance,Medium,Paid Search,2021-11-08,active
CUS001903,AMX Client 1903,APAC,Australia,Retail,Medium,Paid Search,2024-10-10,active
CUS001904,AMX Client 1904,India,India,Technology,Small,Direct,2024-07-15,active
CUS001905,AMX Client 1905,Europe,France,Manufacturing,Small,Referral,2023-05-03,active
CUS001906,AMX Client 1906,North America,United States,Healthcare,Medium,Paid Search,2021-10-04,active
CUS001907,AMX Client 1907,North America,Canada,Healthcare,Medium,Paid Search,2022-07-07,active
CUS001908,AMX Client 1908,India,India,Manufacturing,Medium,Paid Search,2023-08-29,active
CUS001909,AMX Client 1909,Europe,Germany,Healthcare,Enterprise,Organic,2020-01-04,active
CUS001910,AMX Client 1910,APAC,Singapore,Finance,Small,Referral,2024-06-18,active
CUS001911,AMX Client 1911,India,India,Manufacturing,Medium,Direct,2024-03-17,active
CUS001912,AMX Client 1912,India,India,Retail,Medium,Direct,2024-09-09,active
CUS001913,AMX Client 1913,APAC,Australia,Retail,Medium,Paid Search,2020-06-15,active
CUS001914,AMX Client 1914,North America,Canada,Retail,Medium,Partner,2024-07-31,active
CUS001915,AMX Client 1915,India,India,Technology,Medium,Organic,2022-12-19,active
CUS001916,AMX Client 1916,India,India,Manufacturing,Enterprise,Partner,2022-09-07,active
CUS001917,AMX Client 1917,Europe,United Kingdom,Manufacturing,Small,Partner,2020-11-13,active
CUS001918,AMX Client 1918,Europe,Netherlands,Healthcare,Medium,Referral,2022-05-18,active
CUS001919,AMX Client 1919,Europe,Netherlands,Finance,Small,Direct,2021-10-03,inactive
CUS001920,AMX Client 1920,APAC,Singapore,Manufacturing,Medium,Direct,2024-10-10,active
CUS001921,AMX Client 1921,North America,United States,Technology,Medium,Paid Search,2021-08-22,active
CUS001922,AMX Client 1922,North America,United States,Finance,Medium,Paid Search,2021-01-20,active
CUS001923,AMX Client 1923,North America,Canada,Technology,Small,Paid Search,2024-07-29,active
CUS001924,AMX Client 1924,North America,United States,Finance,Small,Direct,2020-11-27,active
CUS001925,AMX Client 1925,India,India,Finance,Small,Referral,2024-05-16,active
CUS001926,AMX Client 1926,India,India,Healthcare,Small,Organic,2024-08-27,active
CUS001927,AMX Client 1927,North America,United States,Finance,Small,Paid Search,2021-06-26,active
CUS001928,AMX Client 1928,Europe,France,Manufacturing,Enterprise,Direct,2023-05-02,active
CUS001929,AMX Client 1929,India,India,Finance,Small,Partner,2023-11-08,inactive
CUS001930,AMX Client 1930,North America,United States,Retail,Enterprise,Organic,2022-08-05,active
CUS001931,AMX Client 1931,Europe,United Kingdom,Retail,Small,Organic,2023-05-15,active
CUS001932,AMX Client 1932,Europe,United Kingdom,Manufacturing,Medium,Direct,2020-08-21,active
CUS001933,AMX Client 1933,Europe,United Kingdom,Healthcare,Medium,Organic,2022-06-30,active
CUS001934,AMX Client 1934,Europe,France,Manufacturing,Medium,Paid Search,2022-06-25,active
CUS001935,AMX Client 1935,Europe,Netherlands,Manufacturing,Medium,Partner,2022-09-27,active
CUS001936,AMX Client 1936,India,India,Technology,Medium,Organic,2024-07-25,active
CUS001937,AMX Client 1937,North America,United States,Technology,Enterprise,Partner,2023-12-27,active
CUS001938,AMX Client 1938,Europe,Germany,Retail,Medium,Referral,2022-11-30,active
CUS001939,AMX Client 1939,India,India,Technology,Small,Organic,2021-12-13,inactive
CUS001940,AMX Client 1940,India,India,Retail,Small,Organic,2021-12-15,active
CUS001941,AMX Client 1941,India,India,Retail,Medium,Referral,2020-02-05,active
CUS001942,AMX Client 1942,North America,United States,Finance,Small,Paid Search,2022-08-31,active
CUS001943,AMX Client 1943,North America,Canada,Technology,Medium,Partner,2021-03-21,active
CUS001944,AMX Client 1944,India,India,Manufacturing,Medium,Organic,2024-04-13,active
CUS001945,AMX Client 1945,Europe,Netherlands,Finance,Small,Referral,2023-09-28,inactive
CUS001946,AMX Client 1946,APAC,Australia,Manufacturing,Medium,Direct,2024-05-31,active
CUS001947,AMX Client 1947,India,India,Healthcare,Medium,Organic,2024-10-24,active
CUS001948,AMX Client 1948,APAC,Australia,Healthcare,Medium,Direct,2021-12-07,active
CUS001949,AMX Client 1949,India,India,Healthcare,Medium,Paid Search,2022-01-26,active
CUS001950,AMX Client 1950,APAC,Singapore,Finance,Enterprise,Organic,2022-12-09,active
CUS001951,AMX Client 1951,APAC,Japan,Finance,Medium,Referral,2022-01-30,active
CUS001952,AMX Client 1952,India,India,Manufacturing,Enterprise,Paid Search,2021-05-08,active
CUS001953,AMX Client 1953,Europe,United Kingdom,Healthcare,Small,Direct,2023-06-02,active
CUS001954,AMX Client 1954,APAC,Singapore,Finance,Medium,Organic,2022-03-07,active
CUS001955,AMX Client 1955,APAC,Japan,Healthcare,Medium,Referral,2024-07-21,active
CUS001956,AMX Client 1956,APAC,Singapore,Finance,Small,Direct,2021-01-23,active
CUS001957,AMX Client 1957,North America,United States,Manufacturing,Small,Direct,2022-02-22,active
CUS001958,AMX Client 1958,India,India,Retail,Medium,Paid Search,2022-07-27,active
CUS001959,AMX Client 1959,APAC,Australia,Finance,Small,Organic,2024-05-22,active
CUS001960,AMX Client 1960,Europe,United Kingdom,Healthcare,Enterprise,Direct,2022-10-18,active
CUS001961,AMX Client 1961,Europe,Germany,Healthcare,Small,Partner,2020-05-01,active
CUS001962,AMX Client 1962,North America,Canada,Finance,Small,Partner,2021-08-19,active
CUS001963,AMX Client 1963,North America,United States,Healthcare,Medium,Paid Search,2024-04-13,active
CUS001964,AMX Client 1964,India,India,Finance,Small,Organic,2021-04-25,active
CUS001965,AMX Client 1965,Europe,Netherlands,Finance,Small,Organic,2021-08-24,active
CUS001966,AMX Client 1966,India,India,Manufacturing,Medium,Paid Search,2020-09-23,active
CUS001967,AMX Client 1967,Europe,United Kingdom,Healthcare,Medium,Partner,2023-06-24,active
CUS001968,AMX Client 1968,APAC,Australia,Technology,Small,Paid Search,2020-09-03,active
CUS001969,AMX Client 1969,North America,United States,Healthcare,Medium,Partner,2021-10-11,active
CUS001970,AMX Client 1970,North America,Canada,Finance,Medium,Partner,2023-06-10,active
CUS001971,AMX Client 1971,North America,Canada,Finance,Medium,Organic,2024-04-30,active
CUS001972,AMX Client 1972,APAC,Japan,Retail,Small,Paid Search,2021-01-26,active
CUS001973,AMX Client 1973,Europe,Germany,Retail,Small,Referral,2021-08-09,active
CUS001974,AMX Client 1974,North America,United States,Manufacturing,Enterprise,Partner,2020-07-27,active
CUS001975,AMX Client 1975,India,India,Retail,Medium,Direct,2022-02-12,active
CUS001976,AMX Client 1976,India,India,Finance,Small,Organic,2024-10-30,active
CUS001977,AMX Client 1977,North America,Canada,Healthcare,Medium,Organic,2021-06-21,active
CUS001978,AMX Client 1978,APAC,Japan,Retail,Small,Direct,2021-04-04,active
CUS001979,AMX Client 1979,Europe,United Kingdom,Technology,Medium,Referral,2021-12-06,active
CUS001980,AMX Client 1980,India,India,Healthcare,Medium,Paid Search,2024-05-01,active
CUS001981,AMX Client 1981,APAC,Singapore,Retail,Enterprise,Organic,2022-08-24,active
CUS001982,AMX Client 1982,North America,United States,Retail,Enterprise,Organic,2022-12-11,active
CUS001983,AMX Client 1983,APAC,Australia,Technology,Small,Direct,2023-10-10,active
CUS001984,AMX Client 1984,India,India,Retail,Medium,Organic,2023-06-16,active
CUS001985,AMX Client 1985,Europe,Germany,Healthcare,Small,Organic,2022-11-23,active
CUS001986,AMX Client 1986,APAC,Japan,Healthcare,Medium,Referral,2022-09-17,active
CUS001987,AMX Client 1987,India,India,Healthcare,Medium,Organic,2022-07-30,active
CUS001988,AMX Client 1988,Europe,France,Manufacturing,Small,Direct,2020-11-15,active
CUS001989,AMX Client 1989,APAC,Japan,Retail,Small,Direct,2022-01-01,active
CUS001990,AMX Client 1990,India,India,Retail,Small,Direct,2024-02-04,active
CUS001991,AMX Client 1991,India,India,Retail,Small,Referral,2020-03-10,active
CUS001992,AMX Client 1992,Europe,Netherlands,Finance,Small,Paid Search,2024-01-02,active
CUS001993,AMX Client 1993,North America,United States,Finance,Enterprise,Paid Search,2022-09-26,active
CUS001994,AMX Client 1994,India,India,Healthcare,Small,Paid Search,2021-09-09,active
CUS001995,AMX Client 1995,North America,Canada,Finance,Medium,Direct,2020-07-20,active
CUS001996,AMX Client 1996,Europe,Germany,Healthcare,Medium,Paid Search,2023-09-10,active
CUS001997,AMX Client 1997,India,India,Healthcare,Medium,Paid Search,2020-01-02,active
CUS001998,AMX Client 1998,North America,United States,Manufacturing,Small,Direct,2022-08-17,active
CUS001999,AMX Client 1999,APAC,Singapore,Technology,Enterprise,Organic,2020-10-13,active
CUS002000,AMX Client 2000,North America,United States,Finance,Medium,Paid Search,2024-05-24,active
CUS002001,AMX Client 2001,APAC,Japan,Healthcare,Medium,Referral,2020-11-17,inactive
CUS002002,AMX Client 2002,North America,Canada,Retail,Enterprise,Direct,2023-11-18,active
CUS002003,AMX Client 2003,APAC,Singapore,Healthcare,Medium,Referral,2022-10-10,active
CUS002004,AMX Client 2004,Europe,United Kingdom,Healthcare,Medium,Referral,2020-03-13,inactive
CUS002005,AMX Client 2005,India,India,Manufacturing,Enterprise,Referral,2023-06-25,active
CUS002006,AMX Client 2006,APAC,Australia,Finance,Small,Direct,2024-04-01,active
CUS002007,AMX Client 2007,North America,Canada,Finance,Medium,Direct,2021-01-26,active
CUS002008,AMX Client 2008,India,India,Retail,Small,Paid Search,2024-09-06,active
CUS002009,AMX Client 2009,India,India,Retail,Small,Partner,2023-11-10,active
CUS002010,AMX Client 2010,Europe,France,Manufacturing,Medium,Direct,2023-08-03,active
CUS002011,AMX Client 2011,India,India,Technology,Small,Paid Search,2021-08-16,active
CUS002012,AMX Client 2012,India,India,Finance,Enterprise,Direct,2020-07-30,active
CUS002013,AMX Client 2013,India,India,Manufacturing,Small,Organic,2022-01-28,active
CUS002014,AMX Client 2014,North America,United States,Healthcare,Medium,Referral,2023-11-26,active
CUS002015,AMX Client 2015,North America,Canada,Healthcare,Small,Organic,2022-11-02,active
CUS002016,AMX Client 2016,North America,United States,Finance,Enterprise,Referral,2023-02-17,active
CUS002017,AMX Client 2017,India,India,Healthcare,Small,Partner,2023-10-11,active
CUS002018,AMX Client 2018,India,India,Finance,Small,Partner,2021-08-21,active
CUS002019,AMX Client 2019,Europe,Germany,Healthcare,Small,Direct,2020-03-06,active
CUS002020,AMX Client 2020,North America,United States,Technology,Medium,Partner,2024-04-10,active
CUS002021,AMX Client 2021,Europe,Netherlands,Finance,Enterprise,Partner,2022-12-19,active
CUS002022,AMX Client 2022,India,India,Healthcare,Enterprise,Paid Search,2022-09-25,active
CUS002023,AMX Client 2023,India,India,Healthcare,Small,Referral,2022-10-09,inactive
CUS002024,AMX Client 2024,India,India,Manufacturing,Small,Direct,2024-02-15,active
CUS002025,AMX Client 2025,North America,United States,Manufacturing,Small,Direct,2023-09-20,active
CUS002026,AMX Client 2026,North America,Canada,Technology,Medium,Organic,2023-03-29,active
CUS002027,AMX Client 2027,Europe,Netherlands,Technology,Medium,Organic,2023-10-13,active
CUS002028,AMX Client 2028,North America,United States,Finance,Small,Partner,2021-05-24,active
CUS002029,AMX Client 2029,North America,Canada,Manufacturing,Medium,Partner,2023-06-10,active
CUS002030,AMX Client 2030,Europe,France,Retail,Enterprise,Direct,2024-09-17,active
CUS002031,AMX Client 2031,India,India,Manufacturing,Small,Organic,2021-02-18,active
CUS002032,AMX Client 2032,North America,Canada,Technology,Small,Direct,2022-10-05,active
CUS002033,AMX Client 2033,North America,United States,Manufacturing,Small,Paid Search,2023-04-18,active
CUS002034,AMX Client 2034,North America,Canada,Technology,Small,Partner,2022-07-01,active
CUS002035,AMX Client 2035,India,India,Manufacturing,Small,Organic,2024-09-06,active
CUS002036,AMX Client 2036,Europe,Netherlands,Manufacturing,Medium,Organic,2021-12-13,active
CUS002037,AMX Client 2037,APAC,Australia,Finance,Small,Direct,2021-01-19,inactive
CUS002038,AMX Client 2038,India,India,Finance,Medium,Referral,2020-08-28,inactive
CUS002039,AMX Client 2039,Europe,France,Retail,Enterprise,Paid Search,2024-02-08,active
CUS002040,AMX Client 2040,Europe,Germany,Healthcare,Enterprise,Referral,2023-04-26,active
CUS002041,AMX Client 2041,India,India,Technology,Medium,Organic,2022-10-17,active
CUS002042,AMX Client 2042,Europe,France,Finance,Small,Organic,2022-01-30,active
CUS002043,AMX Client 2043,Europe,Germany,Healthcare,Small,Direct,2021-12-24,active
CUS002044,AMX Client 2044,APAC,Singapore,Manufacturing,Small,Organic,2024-07-08,active
CUS002045,AMX Client 2045,APAC,Japan,Technology,Enterprise,Organic,2023-04-16,active
CUS002046,AMX Client 2046,India,India,Manufacturing,Enterprise,Partner,2024-08-31,active
CUS002047,AMX Client 2047,North America,United States,Manufacturing,Small,Direct,2023-11-16,active
CUS002048,AMX Client 2048,North America,United States,Manufacturing,Small,Partner,2023-09-17,active
CUS002049,AMX Client 2049,India,India,Finance,Small,Direct,2022-09-04,active
CUS002050,AMX Client 2050,North America,Canada,Healthcare,Small,Partner,2021-03-04,active
CUS002051,AMX Client 2051,APAC,Japan,Technology,Enterprise,Organic,2023-02-28,active
CUS002052,AMX Client 2052,India,India,Technology,Small,Referral,2023-06-18,active
CUS002053,AMX Client 2053,North America,Canada,Technology,Small,Direct,2022-07-10,active
CUS002054,AMX Client 2054,APAC,Australia,Retail,Small,Direct,2020-02-06,active
CUS002055,AMX Client 2055,North America,United States,Healthcare,Small,Partner,2024-08-22,active
CUS002056,AMX Client 2056,North America,Canada,Technology,Small,Direct,2023-12-30,active
CUS002057,AMX Client 2057,APAC,Australia,Technology,Enterprise,Paid Search,2021-09-13,active
CUS002058,AMX Client 2058,North America,Canada,Finance,Small,Direct,2022-05-21,active
CUS002059,AMX Client 2059,India,India,Technology,Medium,Referral,2020-08-05,active
CUS002060,AMX Client 2060,India,India,Manufacturing,Small,Paid Search,2024-07-12,active
CUS002061,AMX Client 2061,APAC,Australia,Technology,Small,Organic,2021-02-11,active
CUS002062,AMX Client 2062,India,India,Finance,Small,Referral,2021-10-29,active
CUS002063,AMX Client 2063,North America,Canada,Finance,Small,Organic,2022-01-26,active
CUS002064,AMX Client 2064,India,India,Finance,Small,Referral,2021-04-09,active
CUS002065,AMX Client 2065,North America,Canada,Manufacturing,Small,Partner,2023-01-25,inactive
CUS002066,AMX Client 2066,APAC,Japan,Finance,Medium,Referral,2024-10-23,active
CUS002067,AMX Client 2067,North America,United States,,Medium,Direct,2024-02-19,active
CUS002068,AMX Client 2068,APAC,Australia,Retail,Enterprise,Partner,2022-07-26,active
CUS002069,AMX Client 2069,India,India,Finance,Small,Referral,2020-08-19,active
CUS002070,AMX Client 2070,North America,United States,Retail,Medium,Partner,2024-03-04,active
CUS002071,AMX Client 2071,APAC,Singapore,Technology,Medium,Direct,2021-03-29,active
CUS002072,AMX Client 2072,North America,Canada,Retail,Small,Direct,2024-05-27,active
CUS002073,AMX Client 2073,India,India,Technology,Small,Direct,2021-11-29,active
CUS002074,AMX Client 2074,APAC,Australia,Retail,Medium,Partner,2022-07-04,inactive
CUS002075,AMX Client 2075,North America,United States,Finance,Medium,Organic,2022-02-10,active
CUS002076,AMX Client 2076,North America,United States,Finance,Small,Organic,2022-03-15,active
CUS002077,AMX Client 2077,APAC,Japan,Technology,Small,Paid Search,2020-10-18,active
CUS002078,AMX Client 2078,India,India,Manufacturing,Enterprise,Direct,2022-09-03,active
CUS002079,AMX Client 2079,North America,Canada,Technology,Small,Paid Search,2021-12-12,inactive
CUS002080,AMX Client 2080,India,India,Technology,Enterprise,Organic,2024-02-06,active
CUS002081,AMX Client 2081,North America,Canada,Technology,Medium,Paid Search,2022-04-22,active
CUS002082,AMX Client 2082,India,India,Manufacturing,Medium,Paid Search,2024-08-30,active
CUS002083,AMX Client 2083,Europe,France,Finance,Medium,Referral,2021-06-07,active
CUS002084,AMX Client 2084,India,India,Retail,Small,Direct,2021-08-02,active
CUS002085,AMX Client 2085,Europe,United Kingdom,Healthcare,Medium,Organic,2020-03-05,active
CUS002086,AMX Client 2086,India,India,Technology,Medium,Referral,2023-07-28,active
CUS002087,AMX Client 2087,North America,United States,Technology,Medium,Paid Search,2020-05-09,active
CUS002088,AMX Client 2088,North America,United States,Technology,Small,Direct,2021-05-18,active
CUS002089,AMX Client 2089,Europe,France,Healthcare,Small,Organic,2024-05-27,active
CUS002090,AMX Client 2090,North America,Canada,Manufacturing,Small,Paid Search,2022-12-14,active
CUS002091,AMX Client 2091,North America,United States,Healthcare,Small,Partner,2022-09-13,active
CUS002092,AMX Client 2092,APAC,Japan,Manufacturing,Medium,Organic,2023-11-22,active
CUS002093,AMX Client 2093,North America,Canada,Manufacturing,Medium,Paid Search,2023-09-24,inactive
CUS002094,AMX Client 2094,India,India,Finance,Medium,Organic,2024-04-14,active
CUS002095,AMX Client 2095,APAC,Japan,Technology,Medium,Direct,2023-03-20,active
CUS002096,AMX Client 2096,North America,Canada,Technology,Small,Organic,2022-03-03,active
CUS002097,AMX Client 2097,India,India,Healthcare,Small,Organic,2020-08-18,inactive
CUS002098,AMX Client 2098,North America,United States,Healthcare,Small,Partner,2021-10-14,active
CUS002099,AMX Client 2099,India,India,Manufacturing,Small,Paid Search,2023-05-30,active
CUS002100,AMX Client 2100,India,India,Retail,Small,Organic,2021-03-23,active
CUS002101,AMX Client 2101,Europe,France,Manufacturing,Small,Referral,2023-03-30,active
CUS002102,AMX Client 2102,India,India,Manufacturing,Small,Paid Search,2020-08-23,active
CUS002103,AMX Client 2103,Europe,Germany,Manufacturing,Medium,Paid Search,2020-04-16,active
CUS002104,AMX Client 2104,APAC,Japan,Manufacturing,Small,Organic,2021-10-06,active
CUS002105,AMX Client 2105,Europe,Netherlands,Technology,Small,Direct,2021-02-09,active
CUS002106,AMX Client 2106,Europe,United Kingdom,Healthcare,Small,Paid Search,2024-03-19,active
CUS002107,AMX Client 2107,Europe,France,Manufacturing,Medium,Direct,2021-10-30,active
CUS002108,AMX Client 2108,APAC,Singapore,Finance,Medium,Organic,2022-01-09,active
CUS002109,AMX Client 2109,North America,United States,Manufacturing,Small,Direct,2021-12-13,active
CUS002110,AMX Client 2110,India,India,Finance,Small,Organic,2021-07-14,active
CUS002111,AMX Client 2111,North America,Canada,Finance,Enterprise,Paid Search,2024-06-08,active
CUS002112,AMX Client 2112,North America,United States,Healthcare,Medium,Partner,2023-07-29,active
CUS002113,AMX Client 2113,India,India,Technology,Medium,Partner,2020-10-07,inactive
CUS002114,AMX Client 2114,Europe,United Kingdom,Retail,Medium,Direct,2021-01-15,inactive
CUS002115,AMX Client 2115,India,India,Manufacturing,Medium,Partner,2020-05-23,active
CUS002116,AMX Client 2116,APAC,Australia,Technology,Enterprise,Organic,2021-03-28,active
CUS002117,AMX Client 2117,India,India,Technology,Small,Paid Search,2023-03-05,active
CUS002118,AMX Client 2118,India,India,Manufacturing,Medium,Referral,2024-07-10,active
CUS002119,AMX Client 2119,India,India,Healthcare,Small,Referral,2022-04-30,active
CUS002120,AMX Client 2120,India,India,Retail,Medium,Direct,2020-05-24,active
CUS002121,AMX Client 2121,India,India,Retail,Small,Partner,2020-03-24,active
CUS002122,AMX Client 2122,India,India,,Small,Organic,2022-01-02,active
CUS002123,AMX Client 2123,India,India,Healthcare,Enterprise,Organic,2021-04-12,active
CUS002124,AMX Client 2124,India,India,Manufacturing,Enterprise,Paid Search,2022-10-15,active
CUS002125,AMX Client 2125,North America,United States,Technology,Small,Paid Search,2020-07-27,active
CUS002126,AMX Client 2126,North America,Canada,Retail,Enterprise,Organic,2021-02-10,active
CUS002127,AMX Client 2127,North America,United States,Healthcare,Small,Organic,2022-09-08,active
CUS002128,AMX Client 2128,North America,United States,Technology,Small,Referral,2021-05-11,active
CUS002129,AMX Client 2129,India,India,Retail,Enterprise,Direct,2021-10-06,active
CUS002130,AMX Client 2130,India,India,Technology,Small,Paid Search,2021-01-26,active
CUS002131,AMX Client 2131,India,India,Manufacturing,Small,Paid Search,2020-03-31,active
CUS002132,AMX Client 2132,Europe,Germany,Healthcare,Medium,Direct,2021-09-01,active
CUS002133,AMX Client 2133,APAC,Japan,Technology,Small,Referral,2021-08-05,active
CUS002134,AMX Client 2134,APAC,Japan,Retail,Small,Paid Search,2024-05-05,active
CUS002135,AMX Client 2135,North America,United States,Technology,Small,Paid Search,2024-04-25,active
CUS002136,AMX Client 2136,North America,United States,Manufacturing,Medium,Direct,2022-02-01,active
CUS002137,AMX Client 2137,North America,Canada,Technology,Small,Direct,2021-05-23,active
CUS002138,AMX Client 2138,Europe,Germany,Healthcare,Small,Paid Search,2022-01-07,active
CUS002139,AMX Client 2139,Europe,France,Technology,Medium,Direct,2022-12-09,active
CUS002140,AMX Client 2140,APAC,Japan,Technology,Small,Direct,2021-11-13,active
CUS002141,AMX Client 2141,APAC,Singapore,Manufacturing,Small,Partner,2023-08-28,active
CUS002142,AMX Client 2142,North America,Canada,Finance,Medium,Direct,2024-08-29,active
CUS002143,AMX Client 2143,Europe,United Kingdom,Technology,Medium,Paid Search,2021-12-13,active
CUS002144,AMX Client 2144,Europe,United Kingdom,Healthcare,Small,Organic,2020-07-26,active
CUS002145,AMX Client 2145,North America,Canada,Finance,Enterprise,Direct,2020-08-01,active
CUS002146,AMX Client 2146,APAC,Japan,Retail,Medium,Organic,2024-03-19,active
CUS002147,AMX Client 2147,India,India,Manufacturing,Small,Direct,2022-01-04,active
CUS002148,AMX Client 2148,APAC,Australia,Healthcare,Medium,Direct,2021-07-31,inactive
CUS002149,AMX Client 2149,Europe,United Kingdom,Finance,Medium,Organic,2022-12-29,active
CUS002150,AMX Client 2150,India,India,Finance,Medium,Organic,2024-08-16,active
CUS002151,AMX Client 2151,Europe,United Kingdom,Finance,Medium,Partner,2022-01-19,active
CUS002152,AMX Client 2152,India,India,Healthcare,Medium,Organic,2021-07-10,active
CUS002153,AMX Client 2153,Europe,Netherlands,Healthcare,Enterprise,Partner,2024-03-03,active
CUS002154,AMX Client 2154,Europe,France,Retail,Medium,Organic,2020-05-26,active
CUS002155,AMX Client 2155,Europe,United Kingdom,Finance,Medium,Partner,2024-01-30,active
CUS002156,AMX Client 2156,APAC,Australia,Technology,Medium,Paid Search,2022-07-07,active
CUS002157,AMX Client 2157,India,India,Manufacturing,Enterprise,Organic,2020-02-05,active
CUS002158,AMX Client 2158,India,India,Healthcare,Enterprise,Direct,2021-02-06,active
CUS002159,AMX Client 2159,North America,United States,Healthcare,Small,Paid Search,2023-04-14,active
CUS002160,AMX Client 2160,India,India,Technology,Small,Paid Search,2023-08-22,active
CUS002161,AMX Client 2161,North America,United States,Finance,Medium,Direct,2020-12-11,active
CUS002162,AMX Client 2162,India,India,Finance,Small,Organic,2023-03-06,active
CUS002163,AMX Client 2163,North America,United States,Retail,Medium,Paid Search,2024-10-13,active
CUS002164,AMX Client 2164,North America,Canada,Healthcare,Medium,Direct,2023-04-27,active
CUS002165,AMX Client 2165,APAC,Japan,Manufacturing,Enterprise,Referral,2023-05-25,active
CUS002166,AMX Client 2166,India,India,Retail,Small,Partner,2020-12-07,active
CUS002167,AMX Client 2167,APAC,Singapore,Finance,Medium,Paid Search,2023-01-30,active
CUS002168,AMX Client 2168,North America,United States,Retail,Small,Referral,2023-06-05,active
CUS002169,AMX Client 2169,North America,United States,Healthcare,Medium,Referral,2020-07-14,active
CUS002170,AMX Client 2170,North America,United States,Finance,Small,Organic,2021-07-03,active
CUS002171,AMX Client 2171,North America,United States,Retail,Small,Paid Search,2024-04-07,active
CUS002172,AMX Client 2172,India,India,Healthcare,Medium,Partner,2024-10-29,active
CUS002173,AMX Client 2173,North America,Canada,Retail,Medium,Partner,2020-11-01,active
CUS002174,AMX Client 2174,India,India,Retail,Medium,Paid Search,2023-07-16,active
CUS002175,AMX Client 2175,North America,United States,Healthcare,Small,Partner,2022-06-04,active
CUS002176,AMX Client 2176,North America,United States,Finance,Small,Paid Search,2022-11-08,active
CUS002177,AMX Client 2177,North America,Canada,Technology,Small,Direct,2022-06-21,active
CUS002178,AMX Client 2178,Europe,Netherlands,Healthcare,Enterprise,Direct,2024-03-11,active
CUS002179,AMX Client 2179,India,India,Retail,Enterprise,Direct,2022-02-25,active
CUS002180,AMX Client 2180,APAC,Singapore,Finance,Small,Organic,2022-11-06,active
CUS002181,AMX Client 2181,Europe,Germany,Technology,Small,Direct,2023-03-27,active
CUS002182,AMX Client 2182,APAC,Australia,Manufacturing,Small,Partner,2022-09-03,inactive
CUS002183,AMX Client 2183,Europe,United Kingdom,Healthcare,Medium,Referral,2024-04-02,active
CUS002184,AMX Client 2184,India,India,Finance,Small,Paid Search,2021-02-23,active
CUS002185,AMX Client 2185,North America,Canada,Healthcare,Small,Paid Search,2024-08-01,active
CUS002186,AMX Client 2186,India,India,Retail,Small,Direct,2023-04-12,active
CUS002187,AMX Client 2187,Europe,United Kingdom,Finance,Small,Partner,2024-08-22,active
CUS002188,AMX Client 2188,North America,Canada,Finance,Small,Paid Search,2021-10-23,active
CUS002189,AMX Client 2189,India,India,Technology,Small,Direct,2022-04-25,active
CUS002190,AMX Client 2190,APAC,Australia,Manufacturing,Medium,Organic,2020-03-17,active
CUS002191,AMX Client 2191,India,India,Manufacturing,Medium,Referral,2024-06-19,active
CUS002192,AMX Client 2192,North America,Canada,Manufacturing,Small,Direct,2023-12-12,active
CUS002193,AMX Client 2193,Europe,United Kingdom,Finance,Medium,Referral,2021-06-07,active
CUS002194,AMX Client 2194,India,India,Manufacturing,Small,Direct,2020-04-01,active
CUS002195,AMX Client 2195,Europe,United Kingdom,Finance,Medium,Direct,2023-05-15,active
CUS002196,AMX Client 2196,Europe,France,Manufacturing,Enterprise,Direct,2023-04-02,active
CUS002197,AMX Client 2197,India,India,Technology,Small,Referral,2022-07-20,active
CUS002198,AMX Client 2198,North America,Canada,Finance,Enterprise,Organic,2020-10-03,active
CUS002199,AMX Client 2199,India,India,Retail,Medium,Paid Search,2024-06-09,active
CUS002200,AMX Client 2200,Europe,France,Manufacturing,Medium,Partner,2022-02-02,active
CUS002201,AMX Client 2201,India,India,Finance,Small,Referral,2023-07-03,active
CUS002202,AMX Client 2202,APAC,Japan,Retail,Small,Organic,2024-02-26,active
CUS002203,AMX Client 2203,APAC,Australia,Manufacturing,Small,Organic,2022-08-26,active
CUS002204,AMX Client 2204,India,India,Retail,Enterprise,Paid Search,2020-06-15,active
CUS002205,AMX Client 2205,North America,United States,Healthcare,Medium,Paid Search,2024-04-16,active
CUS002206,AMX Client 2206,North America,United States,Retail,Small,Paid Search,2023-03-24,active
CUS002207,AMX Client 2207,Europe,Netherlands,Technology,Medium,Direct,2024-04-28,active
CUS002208,AMX Client 2208,North America,Canada,Finance,Small,Paid Search,2022-12-17,inactive
CUS002209,AMX Client 2209,India,India,Retail,Small,Partner,2024-05-21,active
CUS002210,AMX Client 2210,India,India,Technology,Medium,Referral,2024-03-12,active
CUS002211,AMX Client 2211,APAC,Japan,Finance,Small,Partner,2021-01-15,inactive
CUS002212,AMX Client 2212,North America,United States,Manufacturing,Medium,Direct,2020-11-01,active
CUS002213,AMX Client 2213,APAC,Australia,Technology,Medium,Partner,2020-10-09,active
CUS002214,AMX Client 2214,North America,Canada,Finance,Medium,Organic,2023-11-13,active
CUS002215,AMX Client 2215,APAC,Australia,Healthcare,Medium,Partner,2021-02-28,active
CUS002216,AMX Client 2216,India,India,Retail,Small,Paid Search,2022-03-05,active
CUS002217,AMX Client 2217,India,India,Finance,Medium,Paid Search,2023-10-23,inactive
CUS002218,AMX Client 2218,APAC,Japan,Technology,Medium,Direct,2022-01-26,active
CUS002219,AMX Client 2219,APAC,Japan,Manufacturing,Small,Organic,2020-04-19,inactive
CUS002220,AMX Client 2220,North America,United States,Retail,Small,Paid Search,2021-09-30,active
CUS002221,AMX Client 2221,North America,United States,Retail,Small,Referral,2020-06-16,active
CUS002222,AMX Client 2222,North America,Canada,Technology,Small,Partner,2021-11-11,active
CUS002223,AMX Client 2223,North America,Canada,Finance,Medium,Referral,2023-07-25,active
CUS002224,AMX Client 2224,India,India,Technology,Small,Direct,2022-07-07,active
CUS002225,AMX Client 2225,APAC,Japan,Manufacturing,Medium,Paid Search,2023-04-06,active
CUS002226,AMX Client 2226,India,India,Healthcare,Small,Paid Search,2020-07-07,active
CUS002227,AMX Client 2227,Europe,France,Retail,Small,Organic,2023-08-17,active
CUS002228,AMX Client 2228,India,India,Healthcare,Small,Direct,2022-01-20,active
CUS002229,AMX Client 2229,India,India,Technology,Small,Paid Search,2021-05-21,active
CUS002230,AMX Client 2230,Europe,France,Manufacturing,Enterprise,Partner,2023-02-25,active
CUS002231,AMX Client 2231,North America,Canada,Retail,Small,Direct,2020-08-26,active
CUS002232,AMX Client 2232,Europe,Netherlands,Retail,Small,Direct,2022-05-29,active
CUS002233,AMX Client 2233,India,India,Manufacturing,Small,Paid Search,2022-01-15,inactive
CUS002234,AMX Client 2234,APAC,Singapore,Technology,Small,Direct,2020-10-19,active
CUS002235,AMX Client 2235,Europe,Germany,Retail,Medium,Organic,2024-08-08,active
CUS002236,AMX Client 2236,APAC,Australia,Technology,Medium,Referral,2021-10-03,active
CUS002237,AMX Client 2237,India,India,Retail,Small,Paid Search,2020-03-12,active
CUS002238,AMX Client 2238,North America,Canada,Finance,Medium,Organic,2022-02-21,active
CUS002239,AMX Client 2239,North America,United States,Retail,Small,Organic,2024-09-03,active
CUS002240,AMX Client 2240,North America,United States,Healthcare,Medium,Direct,2023-03-27,active
CUS002241,AMX Client 2241,India,India,Finance,Medium,Organic,2023-01-29,active
CUS002242,AMX Client 2242,India,India,Technology,Small,Direct,2024-05-09,active
CUS002243,AMX Client 2243,North America,United States,Technology,Medium,Direct,2020-05-28,active
CUS002244,AMX Client 2244,India,India,Healthcare,Medium,Direct,2022-08-29,active
CUS002245,AMX Client 2245,North America,United States,Retail,Small,Organic,2021-07-20,active
CUS002246,AMX Client 2246,India,India,Manufacturing,Enterprise,Direct,2023-04-09,active
CUS002247,AMX Client 2247,India,India,Manufacturing,Enterprise,Direct,2024-02-14,active
CUS002248,AMX Client 2248,Europe,Germany,Technology,Small,Paid Search,2020-05-16,active
CUS002249,AMX Client 2249,North America,Canada,Healthcare,Medium,Direct,2020-10-06,active
CUS002250,AMX Client 2250,North America,United States,Technology,Medium,Paid Search,2024-08-12,active
CUS002251,AMX Client 2251,North America,United States,Technology,Medium,Partner,2022-05-18,active
CUS002252,AMX Client 2252,Europe,Germany,Healthcare,Small,Organic,2021-07-10,active
CUS002253,AMX Client 2253,North America,Canada,Retail,Enterprise,Direct,2020-09-25,active
CUS002254,AMX Client 2254,North America,Canada,Manufacturing,Medium,Direct,2021-09-17,active
CUS002255,AMX Client 2255,APAC,Australia,Technology,Medium,Paid Search,2020-01-09,active
CUS002256,AMX Client 2256,North America,United States,Retail,Small,Organic,2021-01-28,active
CUS002257,AMX Client 2257,APAC,Japan,Finance,Small,Direct,2020-11-19,active
CUS002258,AMX Client 2258,Europe,United Kingdom,Manufacturing,Enterprise,Partner,2020-05-29,active
CUS002259,AMX Client 2259,India,India,Healthcare,Medium,Organic,2024-09-07,active
CUS002260,AMX Client 2260,North America,Canada,Healthcare,Small,Direct,2023-10-27,active
CUS002261,AMX Client 2261,Europe,Netherlands,Finance,Enterprise,Organic,2024-07-18,active
CUS002262,AMX Client 2262,APAC,Australia,Manufacturing,Medium,Organic,2021-02-28,active
CUS002263,AMX Client 2263,North America,Canada,Manufacturing,Medium,Organic,2021-05-24,active
CUS002264,AMX Client 2264,India,India,Healthcare,Small,Paid Search,2021-05-14,active
CUS002265,AMX Client 2265,North America,Canada,Retail,Medium,Partner,2022-09-13,active
CUS002266,AMX Client 2266,India,India,Manufacturing,Small,Referral,2020-11-17,active
CUS002267,AMX Client 2267,Europe,France,Healthcare,Small,Organic,2021-02-19,active
CUS002268,AMX Client 2268,North America,Canada,Technology,Medium,Organic,2024-09-17,active
CUS002269,AMX Client 2269,Europe,France,Manufacturing,Enterprise,Organic,2021-09-13,active
CUS002270,AMX Client 2270,APAC,Australia,Technology,Small,Organic,2023-10-11,active
CUS002271,AMX Client 2271,Europe,Germany,Healthcare,Enterprise,Direct,2021-02-08,active
CUS002272,AMX Client 2272,Europe,France,Finance,Enterprise,Referral,2024-06-30,active
CUS002273,AMX Client 2273,Europe,Germany,Manufacturing,Small,Referral,2023-05-10,active
CUS002274,AMX Client 2274,APAC,Singapore,Healthcare,Small,Partner,2024-03-01,active
CUS002275,AMX Client 2275,APAC,Singapore,Manufacturing,Medium,Organic,2022-06-30,active
CUS002276,AMX Client 2276,India,India,Healthcare,Medium,Paid Search,2024-05-19,active
CUS002277,AMX Client 2277,North America,United States,Retail,Small,Referral,2021-10-02,active
CUS002278,AMX Client 2278,India,India,Manufacturing,Medium,Organic,2022-04-25,active
CUS002279,AMX Client 2279,APAC,Japan,Finance,Medium,Direct,2020-04-18,active
CUS002280,AMX Client 2280,Europe,Germany,Retail,Medium,Paid Search,2020-10-28,active
CUS002281,AMX Client 2281,North America,Canada,Finance,Medium,Direct,2023-09-23,active
CUS002282,AMX Client 2282,India,India,Technology,Small,Paid Search,2021-07-31,active
CUS002283,AMX Client 2283,North America,United States,Manufacturing,Small,Organic,2020-06-29,active
CUS002284,AMX Client 2284,Europe,Germany,Retail,Small,Organic,2021-05-31,active
CUS002285,AMX Client 2285,India,India,Technology,Enterprise,Direct,2021-09-15,active
CUS002286,AMX Client 2286,India,India,Manufacturing,Enterprise,Organic,2023-06-20,active
CUS002287,AMX Client 2287,APAC,Singapore,Manufacturing,Medium,Organic,2020-06-08,active
CUS002288,AMX Client 2288,Europe,Netherlands,Healthcare,Small,Partner,2020-02-15,active
CUS002289,AMX Client 2289,India,India,Finance,Medium,Direct,2023-07-02,active
CUS002290,AMX Client 2290,India,India,Manufacturing,Small,Direct,2020-09-07,active
CUS002291,AMX Client 2291,APAC,Australia,Healthcare,Small,Paid Search,2022-01-11,active
CUS002292,AMX Client 2292,Europe,Germany,Finance,Small,Organic,2023-04-20,active
CUS002293,AMX Client 2293,Europe,France,Finance,Medium,Paid Search,2022-06-27,active
CUS002294,AMX Client 2294,North America,Canada,Manufacturing,Small,Organic,2020-08-05,active
CUS002295,AMX Client 2295,India,India,Manufacturing,Medium,Paid Search,2023-06-29,active
CUS002296,AMX Client 2296,India,India,Healthcare,Enterprise,Organic,2020-03-26,inactive
CUS002297,AMX Client 2297,Europe,France,Technology,Medium,Direct,2021-02-14,inactive
CUS002298,AMX Client 2298,India,India,Finance,Small,Direct,2020-07-11,active
CUS002299,AMX Client 2299,India,India,Finance,Enterprise,Direct,2022-06-24,active
CUS002300,AMX Client 2300,Europe,Germany,Retail,Medium,Paid Search,2023-05-04,active
CUS002301,AMX Client 2301,APAC,Japan,Manufacturing,Small,Paid Search,2023-02-21,active
CUS002302,AMX Client 2302,Europe,Netherlands,Manufacturing,Medium,Paid Search,2020-09-03,inactive
CUS002303,AMX Client 2303,North America,Canada,Finance,Enterprise,Paid Search,2021-08-29,active
CUS002304,AMX Client 2304,North America,United States,Technology,Small,Paid Search,2020-09-15,active
CUS002305,AMX Client 2305,North America,Canada,Finance,Medium,Referral,2021-08-28,active
CUS002306,AMX Client 2306,North America,United States,Finance,Small,Organic,2021-02-10,active
CUS002307,AMX Client 2307,North America,Canada,Manufacturing,Small,Partner,2023-07-31,active
CUS002308,AMX Client 2308,North America,Canada,Technology,Medium,Direct,2023-08-19,active
CUS002309,AMX Client 2309,Europe,United Kingdom,Manufacturing,Small,Organic,2023-12-16,inactive
CUS002310,AMX Client 2310,APAC,Singapore,Healthcare,Small,Paid Search,2020-12-19,inactive
CUS002311,AMX Client 2311,APAC,Japan,Technology,Small,Organic,2020-01-24,active
CUS002312,AMX Client 2312,India,India,Healthcare,Small,Partner,2020-03-03,active
CUS002313,AMX Client 2313,North America,Canada,Retail,Small,Paid Search,2024-01-29,active
CUS002314,AMX Client 2314,India,India,Technology,Medium,Organic,2024-05-18,active
CUS002315,AMX Client 2315,North America,United States,Finance,Small,Partner,2021-01-08,active
CUS002316,AMX Client 2316,India,India,Finance,Small,Paid Search,2024-03-27,active
CUS002317,AMX Client 2317,India,India,Finance,Enterprise,Organic,2022-07-24,active
CUS002318,AMX Client 2318,Europe,France,Retail,Enterprise,Partner,2020-11-22,active
CUS002319,AMX Client 2319,North America,United States,Healthcare,Small,Partner,2021-07-06,active
CUS002320,AMX Client 2320,APAC,Australia,Technology,Small,Organic,2021-04-13,active
CUS002321,AMX Client 2321,India,India,Technology,Small,Organic,2023-09-10,active
CUS002322,AMX Client 2322,India,India,Healthcare,Small,Direct,2020-11-28,active
CUS002323,AMX Client 2323,North America,United States,Retail,Small,Organic,2020-11-19,active
CUS002324,AMX Client 2324,India,India,Finance,Enterprise,Paid Search,2023-06-24,active
CUS002325,AMX Client 2325,India,India,Finance,Medium,Direct,2021-06-17,active
CUS002326,AMX Client 2326,APAC,Japan,Technology,Small,Organic,2021-03-17,inactive
CUS002327,AMX Client 2327,India,India,Manufacturing,Enterprise,Organic,2023-11-27,active
CUS002328,AMX Client 2328,India,India,Manufacturing,Small,Partner,2024-07-02,active
CUS002329,AMX Client 2329,North America,Canada,Retail,Small,Partner,2022-09-07,active
CUS002330,AMX Client 2330,North America,United States,Finance,Small,Partner,2024-01-01,inactive
CUS002331,AMX Client 2331,North America,Canada,Finance,Small,Organic,2024-01-25,active
CUS002332,AMX Client 2332,North America,United States,Finance,Enterprise,Paid Search,2022-11-05,active
CUS002333,AMX Client 2333,Europe,United Kingdom,Manufacturing,Small,Organic,2024-01-05,active
CUS002334,AMX Client 2334,India,India,Technology,Medium,Referral,2020-01-16,active
CUS002335,AMX Client 2335,North America,Canada,Manufacturing,Small,Partner,2020-03-03,active
CUS002336,AMX Client 2336,Europe,Netherlands,Finance,Enterprise,Paid Search,2024-04-09,active
CUS002337,AMX Client 2337,APAC,Australia,Finance,Medium,Organic,2020-09-05,active
CUS002338,AMX Client 2338,North America,United States,Manufacturing,Small,Paid Search,2023-07-09,active
CUS002339,AMX Client 2339,North America,United States,Manufacturing,Small,Referral,2022-01-11,inactive
CUS002340,AMX Client 2340,India,India,Manufacturing,Enterprise,Organic,2023-10-23,active
CUS002341,AMX Client 2341,India,India,Finance,Medium,Organic,2023-03-20,active
CUS002342,AMX Client 2342,India,India,Retail,Small,Referral,2020-05-06,active
CUS002343,AMX Client 2343,Europe,Germany,Finance,Enterprise,Referral,2021-08-17,active
CUS002344,AMX Client 2344,India,India,Technology,Small,Referral,2023-06-05,active
CUS002345,AMX Client 2345,Europe,Netherlands,Finance,Small,Direct,2024-06-15,active
CUS002346,AMX Client 2346,India,India,Technology,Medium,Direct,2023-11-21,active
CUS002347,AMX Client 2347,APAC,Singapore,Technology,Small,Organic,2024-04-24,active
CUS002348,AMX Client 2348,Europe,Netherlands,Retail,Small,Paid Search,2024-08-16,active
CUS002349,AMX Client 2349,India,India,Healthcare,Small,Direct,2024-04-28,active
CUS002350,AMX Client 2350,India,India,Finance,Small,Partner,2022-10-22,active
CUS002351,AMX Client 2351,India,India,Retail,Small,Organic,2021-08-16,active
CUS002352,AMX Client 2352,APAC,Singapore,Healthcare,Small,Direct,2022-06-16,active
CUS002353,AMX Client 2353,India,India,Manufacturing,Enterprise,Paid Search,2023-11-06,active
CUS002354,AMX Client 2354,North America,United States,Retail,Medium,Direct,2022-01-21,active
CUS002355,AMX Client 2355,North America,Canada,Finance,Small,Paid Search,2024-01-07,active
CUS002356,AMX Client 2356,Europe,France,Healthcare,Small,Partner,2023-05-23,active
CUS002357,AMX Client 2357,North America,United States,Technology,Medium,Organic,2021-01-04,active
CUS002358,AMX Client 2358,North America,United States,Technology,Small,Organic,2024-06-14,active
CUS002359,AMX Client 2359,APAC,Singapore,Finance,Small,Partner,2024-02-03,active
CUS002360,AMX Client 2360,India,India,Finance,Medium,Organic,2022-11-25,active
CUS002361,AMX Client 2361,Europe,Netherlands,Technology,Small,Paid Search,2020-12-08,active
CUS002362,AMX Client 2362,India,India,Technology,Medium,Organic,2021-02-05,active
CUS002363,AMX Client 2363,North America,United States,Manufacturing,Enterprise,Direct,2024-01-22,active
CUS002364,AMX Client 2364,APAC,Singapore,Healthcare,Medium,Paid Search,2020-02-01,active
CUS002365,AMX Client 2365,Europe,Netherlands,Healthcare,Small,Direct,2022-05-04,active
CUS002366,AMX Client 2366,Europe,France,Technology,Small,Organic,2022-12-29,active
CUS002367,AMX Client 2367,India,India,Healthcare,Small,Organic,2021-02-14,active
CUS002368,AMX Client 2368,North America,Canada,Finance,Medium,Organic,2024-03-06,active
CUS002369,AMX Client 2369,North America,United States,Healthcare,Enterprise,Direct,2022-07-11,active
CUS002370,AMX Client 2370,North America,Canada,Retail,Enterprise,Partner,2020-04-26,active
CUS002371,AMX Client 2371,North America,United States,Finance,Small,Direct,2021-07-19,active
CUS002372,AMX Client 2372,North America,Canada,Finance,Medium,Partner,2021-12-03,active
CUS002373,AMX Client 2373,North America,United States,Technology,Medium,Organic,2021-01-28,active
CUS002374,AMX Client 2374,India,India,Manufacturing,Medium,Organic,2024-07-18,active
CUS002375,AMX Client 2375,North America,Canada,Retail,Medium,Direct,2021-09-28,active
CUS002376,AMX Client 2376,India,India,Healthcare,Small,Direct,2022-06-04,active
CUS002377,AMX Client 2377,APAC,Australia,Manufacturing,Small,Paid Search,2022-08-03,active
CUS002378,AMX Client 2378,Europe,Germany,Technology,Enterprise,Organic,2021-01-24,inactive
CUS002379,AMX Client 2379,India,India,Finance,Small,Paid Search,2022-09-29,active
CUS002380,AMX Client 2380,Europe,Netherlands,Technology,Small,Direct,2021-09-16,active
CUS002381,AMX Client 2381,APAC,Singapore,Technology,Small,Direct,2020-01-19,active
CUS002382,AMX Client 2382,India,India,Manufacturing,Small,Partner,2021-12-21,active
CUS002383,AMX Client 2383,India,India,Healthcare,Enterprise,Organic,2022-10-28,active
CUS002384,AMX Client 2384,India,India,Retail,Small,Organic,2020-07-26,active
CUS002385,AMX Client 2385,India,India,Finance,Small,Direct,2023-10-08,active
CUS002386,AMX Client 2386,Europe,Netherlands,Retail,Medium,Direct,2023-03-12,active
CUS002387,AMX Client 2387,APAC,Australia,Retail,Medium,Paid Search,2021-07-01,active
CUS002388,AMX Client 2388,India,India,Finance,Small,Partner,2022-11-11,active
CUS002389,AMX Client 2389,Europe,France,Technology,Small,Paid Search,2021-06-20,active
CUS002390,AMX Client 2390,India,India,Retail,Small,Partner,2023-02-17,active
CUS002391,AMX Client 2391,Europe,Germany,Retail,Small,Partner,2020-09-28,active
CUS002392,AMX Client 2392,Europe,Netherlands,Healthcare,Small,Direct,2022-12-14,active
CUS002393,AMX Client 2393,North America,United States,Finance,Small,Referral,2020-04-07,active
CUS002394,AMX Client 2394,India,India,Technology,Medium,Direct,2020-01-30,active
CUS002395,AMX Client 2395,Europe,Germany,Manufacturing,Enterprise,Direct,2021-03-25,active
CUS002396,AMX Client 2396,APAC,Australia,Retail,Enterprise,Paid Search,2020-11-04,active
CUS002397,AMX Client 2397,India,India,Healthcare,Small,Direct,2022-05-16,active
CUS002398,AMX Client 2398,India,India,Technology,Small,Partner,2020-10-19,active
CUS002399,AMX Client 2399,India,India,Technology,Enterprise,Partner,2021-03-07,active
CUS002400,AMX Client 2400,North America,United States,Technology,Medium,Paid Search,2020-06-21,active
CUS002401,AMX Client 2401,Europe,Germany,Healthcare,Medium,Partner,2024-04-15,active
CUS002402,AMX Client 2402,Europe,United Kingdom,,Small,Paid Search,2023-07-22,active
CUS002403,AMX Client 2403,Europe,Germany,Healthcare,Small,Paid Search,2021-01-19,active
CUS002404,AMX Client 2404,APAC,Australia,Manufacturing,Small,Organic,2020-07-31,active
CUS002405,AMX Client 2405,Europe,Germany,Healthcare,Medium,Direct,2024-02-10,active
CUS002406,AMX Client 2406,India,India,Manufacturing,Small,Paid Search,2023-03-26,active
CUS002407,AMX Client 2407,North America,Canada,Manufacturing,Enterprise,Paid Search,2024-04-13,active
CUS002408,AMX Client 2408,India,India,Healthcare,Medium,Paid Search,2020-11-11,active
CUS002409,AMX Client 2409,North America,United States,Manufacturing,Medium,Direct,2021-09-25,active
CUS002410,AMX Client 2410,APAC,Japan,Healthcare,Small,Paid Search,2020-07-27,active
CUS002411,AMX Client 2411,Europe,Netherlands,Finance,Medium,Paid Search,2022-01-17,active
CUS002412,AMX Client 2412,APAC,Singapore,Technology,Medium,Referral,2020-10-14,active
CUS002413,AMX Client 2413,North America,Canada,Finance,Small,Partner,2020-01-08,inactive
CUS002414,AMX Client 2414,North America,United States,Retail,Medium,Paid Search,2022-06-16,active
CUS002415,AMX Client 2415,North America,United States,Finance,Medium,Paid Search,2024-09-25,active
CUS002416,AMX Client 2416,India,India,Technology,Medium,Referral,2023-02-13,active
CUS002417,AMX Client 2417,India,India,Retail,Small,Paid Search,2023-08-29,inactive
CUS002418,AMX Client 2418,North America,Canada,Retail,Enterprise,Paid Search,2023-12-04,active
CUS002419,AMX Client 2419,India,India,Manufacturing,Small,Partner,2024-09-12,active
CUS002420,AMX Client 2420,APAC,Singapore,Manufacturing,Small,Direct,2020-08-15,active
CUS002421,AMX Client 2421,India,India,Healthcare,Small,Partner,2021-03-18,active
CUS002422,AMX Client 2422,India,India,Manufacturing,Small,Paid Search,2022-12-24,active
CUS002423,AMX Client 2423,Europe,Germany,Finance,Small,Direct,2023-12-20,active
CUS002424,AMX Client 2424,India,India,Manufacturing,Small,Organic,2023-09-28,active
CUS002425,AMX Client 2425,APAC,Singapore,Manufacturing,Medium,Referral,2023-07-09,active
CUS002426,AMX Client 2426,Europe,United Kingdom,Technology,Small,Referral,2021-07-05,active
CUS002427,AMX Client 2427,India,India,Healthcare,Enterprise,Paid Search,2021-10-06,active
CUS002428,AMX Client 2428,Europe,United Kingdom,Retail,Small,Paid Search,2020-05-20,active
CUS002429,AMX Client 2429,Europe,Netherlands,Finance,Medium,Direct,2021-07-08,active
CUS002430,AMX Client 2430,Europe,United Kingdom,Retail,Enterprise,Organic,2020-10-02,active
CUS002431,AMX Client 2431,Europe,Netherlands,Manufacturing,Medium,Organic,2024-07-14,active
CUS002432,AMX Client 2432,Europe,United Kingdom,Manufacturing,Medium,Paid Search,2020-06-10,active
CUS002433,AMX Client 2433,North America,Canada,Finance,Medium,Partner,2021-10-03,active
CUS002434,AMX Client 2434,North America,Canada,Retail,Small,Direct,2024-04-15,active
CUS002435,AMX Client 2435,Europe,France,Retail,Small,Paid Search,2024-08-15,active
CUS002436,AMX Client 2436,APAC,Japan,Healthcare,Small,Organic,2021-10-27,active
CUS002437,AMX Client 2437,North America,United States,Retail,Small,Paid Search,2022-04-01,inactive
CUS002438,AMX Client 2438,Europe,Netherlands,Finance,Small,Organic,2022-07-13,active
CUS002439,AMX Client 2439,North America,United States,Manufacturing,Small,Paid Search,2023-12-23,active
CUS002440,AMX Client 2440,Europe,France,Finance,Enterprise,Organic,2023-09-19,active
CUS002441,AMX Client 2441,APAC,Japan,Finance,Enterprise,Paid Search,2022-07-14,active
CUS002442,AMX Client 2442,India,India,Finance,Medium,Paid Search,2021-10-18,active
CUS002443,AMX Client 2443,India,India,Finance,Medium,Partner,2021-10-19,active
CUS002444,AMX Client 2444,North America,Canada,Retail,Small,Partner,2023-02-20,active
CUS002445,AMX Client 2445,North America,United States,Healthcare,Small,Referral,2024-01-15,active
CUS002446,AMX Client 2446,North America,Canada,Technology,Medium,Direct,2020-05-15,active
CUS002447,AMX Client 2447,India,India,Manufacturing,Medium,Paid Search,2023-09-19,active
CUS002448,AMX Client 2448,North America,Canada,Finance,Small,Direct,2022-04-29,active
CUS002449,AMX Client 2449,North America,Canada,Technology,Small,Paid Search,2020-09-13,active
CUS002450,AMX Client 2450,North America,Canada,Healthcare,Small,Direct,2020-06-19,inactive
CUS002451,AMX Client 2451,Europe,France,Finance,Small,Organic,2021-08-18,active
CUS002452,AMX Client 2452,Europe,Netherlands,Healthcare,Small,Organic,2021-03-14,active
CUS002453,AMX Client 2453,Europe,France,Manufacturing,Small,Direct,2020-07-02,active
CUS002454,AMX Client 2454,Europe,United Kingdom,Healthcare,Medium,Organic,2021-06-02,active
CUS002455,AMX Client 2455,Europe,Netherlands,Healthcare,Enterprise,Referral,2024-01-12,active
CUS002456,AMX Client 2456,North America,United States,Retail,Medium,Paid Search,2023-06-21,inactive
CUS002457,AMX Client 2457,Europe,France,Finance,Medium,Referral,2021-01-04,active
CUS002458,AMX Client 2458,India,India,Healthcare,Medium,Paid Search,2023-04-05,active
CUS002459,AMX Client 2459,India,India,Finance,Small,Organic,2022-03-08,active
CUS002460,AMX Client 2460,North America,United States,Manufacturing,Medium,Organic,2023-08-12,active
CUS002461,AMX Client 2461,APAC,Singapore,Retail,Small,Referral,2021-03-12,active
CUS002462,AMX Client 2462,Europe,Germany,Retail,Medium,Organic,2020-04-19,active
CUS002463,AMX Client 2463,India,India,Healthcare,Small,Partner,2021-07-06,active
CUS002464,AMX Client 2464,Europe,United Kingdom,Technology,Enterprise,Paid Search,2024-10-21,active
CUS002465,AMX Client 2465,India,India,Retail,Enterprise,Referral,2022-09-08,active
CUS002466,AMX Client 2466,Europe,Germany,Healthcare,Small,Organic,2020-04-06,active
CUS002467,AMX Client 2467,Europe,Germany,Healthcare,Small,Direct,2024-09-18,inactive
CUS002468,AMX Client 2468,Europe,Germany,Finance,Small,Organic,2023-12-29,inactive
CUS002469,AMX Client 2469,Europe,United Kingdom,Technology,Medium,Paid Search,2022-08-18,active
CUS002470,AMX Client 2470,North America,Canada,Technology,Medium,Partner,2023-07-31,active
CUS002471,AMX Client 2471,North America,United States,Manufacturing,Small,Paid Search,2020-11-22,active
CUS002472,AMX Client 2472,APAC,Japan,Finance,Medium,Organic,2022-11-11,active
CUS002473,AMX Client 2473,Europe,United Kingdom,Technology,Small,Partner,2024-05-31,active
CUS002474,AMX Client 2474,North America,United States,Retail,Small,Organic,2022-02-14,active
CUS002475,AMX Client 2475,North America,United States,Manufacturing,Small,Partner,2020-03-09,active
CUS002476,AMX Client 2476,India,India,,Medium,Paid Search,2023-08-30,active
CUS002477,AMX Client 2477,India,India,Technology,Small,Direct,2023-07-13,active
CUS002478,AMX Client 2478,India,India,Technology,Small,Paid Search,2023-07-30,active
CUS002479,AMX Client 2479,North America,United States,Technology,Small,Partner,2023-02-19,active
CUS002480,AMX Client 2480,APAC,Japan,Finance,Enterprise,Referral,2020-08-30,active
CUS002481,AMX Client 2481,North America,Canada,Technology,Small,Paid Search,2020-07-21,active
CUS002482,AMX Client 2482,India,India,Healthcare,Enterprise,Direct,2023-10-31,active
CUS002483,AMX Client 2483,India,India,Finance,Medium,Referral,2024-02-19,active
CUS002484,AMX Client 2484,North America,United States,Retail,Medium,Organic,2020-05-18,active
CUS002485,AMX Client 2485,Europe,Netherlands,Retail,Small,Organic,2022-10-23,active
CUS002486,AMX Client 2486,North America,United States,Healthcare,Medium,Referral,2022-06-02,active
CUS002487,AMX Client 2487,Europe,Netherlands,Healthcare,Small,Referral,2021-09-10,active
CUS002488,AMX Client 2488,Europe,Germany,Retail,Small,Paid Search,2023-02-13,active
CUS002489,AMX Client 2489,India,India,Manufacturing,Small,Referral,2024-06-02,active
CUS002490,AMX Client 2490,Europe,Germany,Technology,Small,Partner,2023-12-22,active
CUS002491,AMX Client 2491,APAC,Singapore,Retail,Enterprise,Direct,2020-09-27,active
CUS002492,AMX Client 2492,North America,United States,Finance,Enterprise,Direct,2022-03-28,active
CUS002493,AMX Client 2493,India,India,Retail,Medium,Partner,2024-07-10,active
CUS002494,AMX Client 2494,APAC,Japan,Technology,Small,Organic,2021-02-22,active
CUS002495,AMX Client 2495,APAC,Australia,Finance,Enterprise,Partner,2024-02-17,active
CUS002496,AMX Client 2496,North America,Canada,Manufacturing,Medium,Organic,2022-05-16,active
CUS002497,AMX Client 2497,North America,Canada,Manufacturing,Small,Direct,2022-07-09,active
CUS002498,AMX Client 2498,India,India,Retail,Small,Partner,2021-03-17,active
CUS002499,AMX Client 2499,Europe,United Kingdom,Technology,Medium,Paid Search,2024-06-11,active
CUS002500,AMX Client 2500,North America,Canada,Healthcare,Small,Direct,2022-07-22,active
CUS002501,AMX Client 2501,India,India,Finance,Small,Paid Search,2022-10-12,active
CUS002502,AMX Client 2502,Europe,France,Finance,Medium,Paid Search,2022-03-27,active
CUS002503,AMX Client 2503,APAC,Japan,Technology,Small,Organic,2020-06-06,active
CUS002504,AMX Client 2504,Europe,United Kingdom,Finance,Small,Referral,2023-10-10,active
CUS002505,AMX Client 2505,India,India,Finance,Medium,Referral,2021-08-03,active
CUS002506,AMX Client 2506,India,India,Technology,Medium,Direct,2021-02-27,active
CUS002507,AMX Client 2507,APAC,Japan,Retail,Enterprise,Paid Search,2023-10-13,active
CUS002508,AMX Client 2508,APAC,Japan,Manufacturing,Medium,Direct,2020-12-19,active
CUS002509,AMX Client 2509,North America,United States,Technology,Medium,Partner,2023-04-20,active
CUS002510,AMX Client 2510,Europe,Netherlands,Technology,Medium,Organic,2022-04-17,inactive
CUS002511,AMX Client 2511,North America,Canada,Technology,Medium,Paid Search,2023-11-13,active
CUS002512,AMX Client 2512,North America,Canada,Retail,Medium,Paid Search,2020-03-30,inactive
CUS002513,AMX Client 2513,India,India,Manufacturing,Small,Paid Search,2023-09-29,active
CUS002514,AMX Client 2514,India,India,Finance,Medium,Paid Search,2021-02-09,active
CUS002515,AMX Client 2515,India,India,Technology,Medium,Organic,2024-03-17,active
CUS002516,AMX Client 2516,Europe,Netherlands,Technology,Small,Direct,2021-09-16,active
CUS002517,AMX Client 2517,India,India,Healthcare,Enterprise,Direct,2020-01-13,active
CUS002518,AMX Client 2518,India,India,Finance,Medium,Organic,2022-05-11,active
CUS002519,AMX Client 2519,North America,United States,Finance,Small,Paid Search,2020-04-06,active
CUS002520,AMX Client 2520,India,India,Finance,Small,Direct,2021-04-20,active
CUS002521,AMX Client 2521,India,India,Manufacturing,Small,Organic,2023-06-19,active
CUS002522,AMX Client 2522,North America,Canada,Finance,Small,Partner,2022-09-17,active
CUS002523,AMX Client 2523,North America,Canada,Healthcare,Small,Organic,2023-06-05,active
CUS002524,AMX Client 2524,Europe,United Kingdom,Healthcare,Small,Partner,2024-03-31,active
CUS002525,AMX Client 2525,APAC,Japan,Technology,Small,Direct,2022-04-06,active
CUS002526,AMX Client 2526,India,India,Finance,Small,Direct,2022-08-18,active
CUS002527,AMX Client 2527,APAC,Australia,Manufacturing,Medium,Partner,2020-04-12,active
CUS002528,AMX Client 2528,APAC,Japan,Manufacturing,Medium,Organic,2021-05-21,active
CUS002529,AMX Client 2529,Europe,United Kingdom,Retail,Small,Referral,2023-07-02,active
CUS002530,AMX Client 2530,Europe,Germany,Technology,Small,Direct,2020-04-19,active
CUS002531,AMX Client 2531,Europe,Germany,Finance,Small,Organic,2021-09-26,active
CUS002532,AMX Client 2532,Europe,Germany,Manufacturing,Small,Organic,2020-08-29,active
CUS002533,AMX Client 2533,Europe,France,Healthcare,Small,Organic,2024-02-23,active
CUS002534,AMX Client 2534,India,India,Technology,Small,Partner,2022-09-18,active
CUS002535,AMX Client 2535,APAC,Singapore,Healthcare,Small,Direct,2023-02-12,active
CUS002536,AMX Client 2536,North America,Canada,Technology,Enterprise,Referral,2023-04-22,active
CUS002537,AMX Client 2537,Europe,United Kingdom,Finance,Small,Referral,2021-01-31,active
CUS002538,AMX Client 2538,North America,United States,Retail,Medium,Organic,2020-03-28,active
CUS002539,AMX Client 2539,India,India,Finance,Small,Organic,2021-12-03,active
CUS002540,AMX Client 2540,North America,Canada,,Small,Direct,2020-11-23,active
CUS002541,AMX Client 2541,North America,United States,Technology,Enterprise,Direct,2021-07-22,active
CUS002542,AMX Client 2542,North America,United States,Manufacturing,Small,Direct,2021-07-17,active
CUS002543,AMX Client 2543,North America,Canada,Retail,Medium,Paid Search,2023-10-13,active
CUS002544,AMX Client 2544,India,India,Finance,Enterprise,Direct,2021-07-18,active
CUS002545,AMX Client 2545,North America,United States,Manufacturing,Medium,Direct,2020-09-24,active
CUS002546,AMX Client 2546,North America,Canada,Retail,Small,Direct,2024-08-19,active
CUS002547,AMX Client 2547,APAC,Japan,Retail,Medium,Direct,2020-03-27,active
CUS002548,AMX Client 2548,India,India,Technology,Small,Partner,2020-12-25,active
CUS002549,AMX Client 2549,North America,Canada,Manufacturing,Small,Organic,2021-09-05,active
CUS002550,AMX Client 2550,India,India,Manufacturing,Small,Organic,2020-04-20,active
CUS002551,AMX Client 2551,North America,United States,Technology,Enterprise,Organic,2024-05-07,active
CUS002552,AMX Client 2552,North America,United States,Manufacturing,Medium,Organic,2021-09-15,active
CUS002553,AMX Client 2553,Europe,Netherlands,Healthcare,Small,Paid Search,2023-10-13,active
CUS002554,AMX Client 2554,APAC,Japan,Retail,Small,Partner,2020-08-25,active
CUS002555,AMX Client 2555,India,India,Manufacturing,Medium,Direct,2022-07-10,active
CUS002556,AMX Client 2556,Europe,Netherlands,Retail,Enterprise,Paid Search,2020-08-11,active
CUS002557,AMX Client 2557,India,India,Healthcare,Small,Paid Search,2021-02-13,active
CUS002558,AMX Client 2558,India,India,Technology,Small,Organic,2021-12-20,active
CUS002559,AMX Client 2559,North America,United States,Technology,Enterprise,Partner,2024-03-03,active
CUS002560,AMX Client 2560,India,India,Retail,Enterprise,Direct,2021-06-25,active
CUS002561,AMX Client 2561,Europe,Netherlands,Finance,Enterprise,Direct,2023-08-25,active
CUS002562,AMX Client 2562,Europe,France,Manufacturing,Small,Paid Search,2020-06-10,active
CUS002563,AMX Client 2563,Europe,Netherlands,Technology,Small,Organic,2021-03-20,active
CUS002564,AMX Client 2564,North America,Canada,Healthcare,Small,Direct,2022-12-03,active
CUS002565,AMX Client 2565,Europe,United Kingdom,Healthcare,Small,Direct,2022-04-06,active
CUS002566,AMX Client 2566,North America,United States,Manufacturing,Enterprise,Partner,2022-06-05,active
CUS002567,AMX Client 2567,India,India,Manufacturing,Small,Partner,2023-04-12,active
CUS002568,AMX Client 2568,India,India,Manufacturing,Medium,Organic,2020-05-16,active
CUS002569,AMX Client 2569,Europe,United Kingdom,Finance,Enterprise,Partner,2023-05-13,active
CUS002570,AMX Client 2570,APAC,Australia,Healthcare,Enterprise,Referral,2024-03-03,active
CUS002571,AMX Client 2571,India,India,Technology,Medium,Paid Search,2023-09-14,active
CUS002572,AMX Client 2572,North America,Canada,Retail,Enterprise,Referral,2021-05-17,active
CUS002573,AMX Client 2573,Europe,United Kingdom,Finance,Small,Paid Search,2021-09-11,active
CUS002574,AMX Client 2574,Europe,United Kingdom,Finance,Small,Referral,2024-08-24,active
CUS002575,AMX Client 2575,North America,United States,Retail,Small,Referral,2023-10-27,active
CUS002576,AMX Client 2576,Europe,Germany,Technology,Enterprise,Partner,2024-07-03,active
CUS002577,AMX Client 2577,Europe,United Kingdom,Retail,Enterprise,Direct,2024-06-01,active
CUS002578,AMX Client 2578,APAC,Australia,Retail,Small,Direct,2022-02-05,active
CUS002579,AMX Client 2579,India,India,Finance,Small,Organic,2020-08-16,active
CUS002580,AMX Client 2580,APAC,Japan,Retail,Small,Paid Search,2021-02-07,active
CUS002581,AMX Client 2581,India,India,Healthcare,Small,Direct,2021-06-03,active
CUS002582,AMX Client 2582,Europe,United Kingdom,Healthcare,Medium,Paid Search,2024-01-14,active
CUS002583,AMX Client 2583,India,India,Technology,Small,Paid Search,2021-05-02,active
CUS002584,AMX Client 2584,India,India,Retail,Medium,Organic,2021-09-30,active
CUS002585,AMX Client 2585,India,India,Healthcare,Medium,Organic,2024-02-12,active
CUS002586,AMX Client 2586,North America,United States,Healthcare,Small,Direct,2020-10-15,active
CUS002587,AMX Client 2587,North America,United States,Retail,Small,Organic,2023-03-17,active
CUS002588,AMX Client 2588,India,India,Technology,Enterprise,Direct,2022-09-01,active
CUS002589,AMX Client 2589,North America,United States,Technology,Medium,Organic,2024-10-04,active
CUS002590,AMX Client 2590,North America,United States,Finance,Small,Partner,2022-05-14,active
CUS002591,AMX Client 2591,Europe,United Kingdom,Healthcare,Small,Direct,2022-07-09,active
CUS002592,AMX Client 2592,APAC,Australia,Healthcare,Enterprise,Organic,2024-02-10,active
CUS002593,AMX Client 2593,Europe,United Kingdom,Healthcare,Medium,Organic,2024-10-17,active
CUS002594,AMX Client 2594,India,India,Finance,Medium,Partner,2023-07-11,active
CUS002595,AMX Client 2595,India,India,Retail,Medium,Referral,2023-05-17,active
CUS002596,AMX Client 2596,APAC,Japan,Technology,Enterprise,Direct,2024-03-27,active
CUS002597,AMX Client 2597,India,India,,Small,Referral,2024-09-26,active
CUS002598,AMX Client 2598,North America,United States,Finance,Medium,Direct,2023-07-21,active
CUS002599,AMX Client 2599,APAC,Singapore,,Small,Direct,2021-05-31,active
CUS002600,AMX Client 2600,APAC,Singapore,Retail,Medium,Referral,2023-02-08,active
CUS002601,AMX Client 2601,North America,United States,Finance,Enterprise,Paid Search,2021-02-21,active
CUS002602,AMX Client 2602,Europe,France,Technology,Enterprise,Organic,2022-06-02,active
CUS002603,AMX Client 2603,North America,United States,Manufacturing,Small,Paid Search,2022-02-23,inactive
CUS002604,AMX Client 2604,Europe,Germany,Technology,Medium,Partner,2024-10-10,active
CUS002605,AMX Client 2605,India,India,Manufacturing,Enterprise,Paid Search,2022-09-05,active
CUS002606,AMX Client 2606,India,India,Technology,Enterprise,Direct,2024-08-20,active
CUS002607,AMX Client 2607,Europe,France,Technology,Medium,Paid Search,2023-11-28,inactive
CUS002608,AMX Client 2608,India,India,Manufacturing,Small,Referral,2024-02-08,active
CUS002609,AMX Client 2609,Europe,Germany,Manufacturing,Small,Paid Search,2020-10-25,active
CUS002610,AMX Client 2610,North America,United States,Manufacturing,Enterprise,Paid Search,2023-10-01,active
CUS002611,AMX Client 2611,APAC,Australia,Healthcare,Medium,Organic,2021-03-20,active
CUS002612,AMX Client 2612,Europe,United Kingdom,Retail,Medium,Organic,2022-10-16,active
CUS002613,AMX Client 2613,North America,Canada,Technology,Medium,Partner,2022-05-08,active
CUS002614,AMX Client 2614,Europe,Netherlands,Retail,Small,Paid Search,2021-04-03,active
CUS002615,AMX Client 2615,India,India,Retail,Small,Organic,2024-10-05,active
CUS002616,AMX Client 2616,North America,United States,Healthcare,Medium,Organic,2024-03-26,active
CUS002617,AMX Client 2617,India,India,Technology,Small,Paid Search,2022-10-11,active
CUS002618,AMX Client 2618,APAC,Singapore,Technology,Medium,Direct,2020-01-20,active
CUS002619,AMX Client 2619,Europe,United Kingdom,Retail,Medium,Paid Search,2020-11-19,active
CUS002620,AMX Client 2620,APAC,Japan,Manufacturing,Medium,Paid Search,2021-02-05,active
CUS002621,AMX Client 2621,APAC,Japan,Manufacturing,Small,Direct,2024-09-12,active
CUS002622,AMX Client 2622,APAC,Singapore,Retail,Medium,Direct,2021-12-13,active
CUS002623,AMX Client 2623,India,India,Finance,Small,Paid Search,2020-03-23,inactive
CUS002624,AMX Client 2624,APAC,Australia,Retail,Small,Direct,2022-11-01,active
CUS002625,AMX Client 2625,North America,United States,Retail,Small,Referral,2024-08-05,active
CUS002626,AMX Client 2626,North America,Canada,Healthcare,Small,Direct,2022-09-17,active
CUS002627,AMX Client 2627,North America,United States,Finance,Enterprise,Direct,2022-02-23,active
CUS002628,AMX Client 2628,North America,United States,Finance,Enterprise,Direct,2020-11-06,active
CUS002629,AMX Client 2629,India,India,Retail,Small,Paid Search,2024-03-31,active
CUS002630,AMX Client 2630,India,India,Manufacturing,Medium,Organic,2020-07-04,active
CUS002631,AMX Client 2631,India,India,Manufacturing,Small,Paid Search,2024-07-06,active
CUS002632,AMX Client 2632,North America,Canada,Healthcare,Medium,Referral,2021-01-27,active
CUS002633,AMX Client 2633,APAC,Japan,Finance,Enterprise,Organic,2020-09-01,active
CUS002634,AMX Client 2634,Europe,Germany,Retail,Medium,Direct,2021-09-07,active
CUS002635,AMX Client 2635,North America,Canada,Retail,Small,Direct,2020-01-09,active
CUS002636,AMX Client 2636,North America,United States,Manufacturing,Small,Paid Search,2020-01-25,inactive
CUS002637,AMX Client 2637,North America,United States,Finance,Small,Direct,2020-11-25,active
CUS002638,AMX Client 2638,India,India,Manufacturing,Enterprise,Referral,2023-05-07,active
CUS002639,AMX Client 2639,Europe,France,Healthcare,Medium,Referral,2023-12-09,active
CUS002640,AMX Client 2640,India,India,Healthcare,Small,Organic,2021-03-13,active
CUS002641,AMX Client 2641,Europe,France,Healthcare,Small,Organic,2023-02-12,active
CUS002642,AMX Client 2642,Europe,Germany,Healthcare,Enterprise,Referral,2021-09-12,active
CUS002643,AMX Client 2643,North America,Canada,Healthcare,Small,Paid Search,2022-02-03,active
CUS002644,AMX Client 2644,APAC,Japan,Healthcare,Medium,Paid Search,2021-08-14,active
CUS002645,AMX Client 2645,India,India,Finance,Medium,Organic,2024-04-23,active
CUS002646,AMX Client 2646,APAC,Singapore,Retail,Small,Organic,2022-06-22,active
CUS002647,AMX Client 2647,Europe,Netherlands,Retail,Small,Partner,2022-06-13,active
CUS002648,AMX Client 2648,Europe,United Kingdom,Manufacturing,Small,Referral,2024-02-27,active
CUS002649,AMX Client 2649,Europe,France,Healthcare,Small,Organic,2023-03-06,active
CUS002650,AMX Client 2650,APAC,Australia,Manufacturing,Medium,Paid Search,2020-09-20,active
CUS002651,AMX Client 2651,APAC,Australia,Healthcare,Medium,Direct,2020-11-29,active
CUS002652,AMX Client 2652,North America,United States,Retail,Small,Paid Search,2021-08-24,active
CUS002653,AMX Client 2653,Europe,Germany,Retail,Medium,Partner,2020-06-21,active
CUS002654,AMX Client 2654,Europe,United Kingdom,Healthcare,Small,Paid Search,2023-05-07,active
CUS002655,AMX Client 2655,North America,Canada,Manufacturing,Small,Direct,2022-05-24,active
CUS002656,AMX Client 2656,APAC,Singapore,Finance,Medium,Referral,2020-03-19,active
CUS002657,AMX Client 2657,North America,United States,Finance,Medium,Organic,2021-12-08,active
CUS002658,AMX Client 2658,North America,United States,Finance,Medium,Organic,2024-01-05,active
CUS002659,AMX Client 2659,India,India,Technology,Small,Partner,2024-05-20,active
CUS002660,AMX Client 2660,India,India,Healthcare,Medium,Partner,2024-08-25,active
CUS002661,AMX Client 2661,APAC,Singapore,Manufacturing,Small,Partner,2024-06-17,active
CUS002662,AMX Client 2662,North America,United States,Healthcare,Enterprise,Direct,2022-12-09,active
CUS002663,AMX Client 2663,North America,Canada,Technology,Medium,Organic,2024-06-25,active
CUS002664,AMX Client 2664,India,India,Finance,Enterprise,Organic,2024-08-16,active
CUS002665,AMX Client 2665,North America,United States,Manufacturing,Small,Partner,2023-01-26,active
CUS002666,AMX Client 2666,Europe,Netherlands,Technology,Small,Paid Search,2021-12-30,active
CUS002667,AMX Client 2667,APAC,Japan,Healthcare,Medium,Partner,2024-09-02,active
CUS002668,AMX Client 2668,India,India,Retail,Small,Direct,2022-01-02,active
CUS002669,AMX Client 2669,North America,United States,Manufacturing,Medium,Paid Search,2020-10-20,active
CUS002670,AMX Client 2670,North America,Canada,Retail,Small,Organic,2020-07-06,active
CUS002671,AMX Client 2671,Europe,Germany,Retail,Enterprise,Organic,2022-09-29,active
CUS002672,AMX Client 2672,North America,Canada,Healthcare,Small,Referral,2020-03-03,active
CUS002673,AMX Client 2673,North America,Canada,Manufacturing,Enterprise,Paid Search,2020-07-28,active
CUS002674,AMX Client 2674,North America,Canada,Retail,Small,Organic,2021-03-07,active
CUS002675,AMX Client 2675,North America,Canada,Healthcare,Small,Organic,2022-07-24,active
CUS002676,AMX Client 2676,North America,United States,Manufacturing,Medium,Paid Search,2022-04-24,active
CUS002677,AMX Client 2677,North America,United States,Retail,Small,Paid Search,2022-06-21,active
CUS002678,AMX Client 2678,Europe,France,Healthcare,Enterprise,Direct,2022-06-15,active
CUS002679,AMX Client 2679,Europe,Germany,Finance,Enterprise,Organic,2024-10-21,active
CUS002680,AMX Client 2680,North America,Canada,Finance,Enterprise,Paid Search,2021-01-19,active
CUS002681,AMX Client 2681,Europe,Germany,Technology,Enterprise,Paid Search,2022-04-17,active
CUS002682,AMX Client 2682,APAC,Singapore,Healthcare,Medium,Direct,2022-12-18,active
CUS002683,AMX Client 2683,India,India,Finance,Small,Organic,2021-04-28,active
CUS002684,AMX Client 2684,North America,United States,Manufacturing,Enterprise,Organic,2020-11-16,active
CUS002685,AMX Client 2685,India,India,Manufacturing,Small,Partner,2020-03-23,active
CUS002686,AMX Client 2686,Europe,France,Manufacturing,Medium,Paid Search,2021-07-30,active
CUS002687,AMX Client 2687,India,India,Finance,Small,Organic,2021-03-24,active
CUS002688,AMX Client 2688,Europe,United Kingdom,Healthcare,Medium,Partner,2020-12-11,active
CUS002689,AMX Client 2689,India,India,Healthcare,Small,Partner,2021-04-24,active
CUS002690,AMX Client 2690,North America,United States,Retail,Small,Paid Search,2023-05-15,active
CUS002691,AMX Client 2691,APAC,Japan,Retail,Small,Paid Search,2024-01-01,active
CUS002692,AMX Client 2692,North America,United States,Retail,Small,Paid Search,2022-07-01,active
CUS002693,AMX Client 2693,APAC,Singapore,Finance,Small,Referral,2020-04-27,active
CUS002694,AMX Client 2694,APAC,Singapore,,Small,Referral,2023-07-23,active
CUS002695,AMX Client 2695,APAC,Australia,Manufacturing,Small,Organic,2020-09-25,inactive
CUS002696,AMX Client 2696,India,India,Finance,Medium,Direct,2020-04-11,active
CUS002697,AMX Client 2697,Europe,United Kingdom,Technology,Small,Paid Search,2022-09-30,active
CUS002698,AMX Client 2698,India,India,Technology,Medium,Organic,2022-01-21,active
CUS002699,AMX Client 2699,North America,Canada,Retail,Small,Partner,2021-07-04,active
CUS002700,AMX Client 2700,APAC,Singapore,Finance,Medium,Referral,2024-09-03,active
CUS002701,AMX Client 2701,Europe,Germany,Retail,Small,Partner,2020-06-10,active
CUS002702,AMX Client 2702,North America,United States,Manufacturing,Medium,Referral,2020-04-04,inactive
CUS002703,AMX Client 2703,North America,United States,Technology,Medium,Organic,2022-11-03,active
CUS002704,AMX Client 2704,Europe,United Kingdom,Technology,Medium,Direct,2022-01-08,active
CUS002705,AMX Client 2705,Europe,Netherlands,Finance,Small,Paid Search,2023-11-16,active
CUS002706,AMX Client 2706,North America,Canada,Retail,Small,Paid Search,2020-03-12,active
CUS002707,AMX Client 2707,APAC,Singapore,Healthcare,Small,Organic,2022-01-10,active
CUS002708,AMX Client 2708,India,India,Technology,Small,Organic,2020-09-15,active
CUS002709,AMX Client 2709,India,India,Technology,Small,Direct,2020-03-13,active
CUS002710,AMX Client 2710,Europe,United Kingdom,Technology,Medium,Direct,2022-03-27,active
CUS002711,AMX Client 2711,APAC,Japan,Manufacturing,Small,Direct,2023-07-21,inactive
CUS002712,AMX Client 2712,India,India,Technology,Medium,Direct,2020-10-05,active
CUS002713,AMX Client 2713,India,India,Healthcare,Small,Partner,2024-01-27,active
CUS002714,AMX Client 2714,India,India,Retail,Small,Organic,2022-07-05,active
CUS002715,AMX Client 2715,APAC,Australia,Technology,Small,Direct,2022-04-28,active
CUS002716,AMX Client 2716,India,India,Retail,Small,Organic,2024-06-17,active
CUS002717,AMX Client 2717,North America,United States,Finance,Medium,Partner,2021-08-04,active
CUS002718,AMX Client 2718,APAC,Singapore,,Medium,Partner,2020-12-19,active
CUS002719,AMX Client 2719,India,India,Technology,Medium,Referral,2023-10-20,active
CUS002720,AMX Client 2720,North America,United States,Healthcare,Small,Referral,2020-07-08,active
CUS002721,AMX Client 2721,North America,Canada,Healthcare,Small,Paid Search,2024-03-20,active
CUS002722,AMX Client 2722,Europe,France,Technology,Enterprise,Direct,2023-12-28,active
CUS002723,AMX Client 2723,North America,United States,Retail,Small,Paid Search,2024-09-21,active
CUS002724,AMX Client 2724,North America,United States,Healthcare,Small,Direct,2022-03-23,active
CUS002725,AMX Client 2725,India,India,Technology,Enterprise,Organic,2023-01-03,active
CUS002726,AMX Client 2726,Europe,Germany,Healthcare,Small,Referral,2024-04-07,active
CUS002727,AMX Client 2727,Europe,France,Retail,Small,Partner,2020-08-20,active
CUS002728,AMX Client 2728,India,India,Finance,Small,Referral,2021-06-24,active
CUS002729,AMX Client 2729,North America,United States,Retail,Medium,Paid Search,2022-04-13,active
CUS002730,AMX Client 2730,APAC,Singapore,Healthcare,Small,Partner,2023-01-13,active
CUS002731,AMX Client 2731,India,India,Healthcare,Medium,Direct,2023-04-14,active
CUS002732,AMX Client 2732,India,India,,Small,Paid Search,2024-06-18,active
CUS002733,AMX Client 2733,North America,Canada,Technology,Small,Organic,2022-05-14,active
CUS002734,AMX Client 2734,North America,Canada,Healthcare,Small,Direct,2020-10-30,active
CUS002735,AMX Client 2735,India,India,Technology,Medium,Direct,2020-12-01,active
CUS002736,AMX Client 2736,North America,United States,Healthcare,Small,Referral,2023-11-15,active
CUS002737,AMX Client 2737,India,India,Finance,Medium,Direct,2022-03-25,active
CUS002738,AMX Client 2738,North America,United States,Technology,Small,Referral,2023-01-20,active
CUS002739,AMX Client 2739,Europe,United Kingdom,Healthcare,Small,Paid Search,2022-09-21,active
CUS002740,AMX Client 2740,North America,Canada,Retail,Small,Partner,2023-12-06,active
CUS002741,AMX Client 2741,India,India,Healthcare,Small,Partner,2021-01-20,active
CUS002742,AMX Client 2742,APAC,Japan,Finance,Small,Paid Search,2020-10-28,inactive
CUS002743,AMX Client 2743,India,India,Finance,Medium,Organic,2023-07-19,active
CUS002744,AMX Client 2744,Europe,France,Healthcare,Enterprise,Direct,2022-02-05,inactive
CUS002745,AMX Client 2745,North America,United States,Finance,Medium,Direct,2023-12-11,active
CUS002746,AMX Client 2746,Europe,Germany,Manufacturing,Medium,Paid Search,2020-08-15,active
CUS002747,AMX Client 2747,India,India,Healthcare,Medium,Paid Search,2021-04-25,active
CUS002748,AMX Client 2748,India,India,Manufacturing,Medium,Organic,2024-08-22,active
CUS002749,AMX Client 2749,North America,United States,Technology,Small,Direct,2024-01-29,active
CUS002750,AMX Client 2750,India,India,Retail,Medium,Organic,2020-04-20,active
CUS002751,AMX Client 2751,India,India,Retail,Enterprise,Paid Search,2023-12-13,active
CUS002752,AMX Client 2752,Europe,United Kingdom,Manufacturing,Small,Direct,2020-04-25,active
CUS002753,AMX Client 2753,Europe,United Kingdom,Retail,Enterprise,Referral,2020-07-31,active
CUS002754,AMX Client 2754,India,India,Manufacturing,Medium,Paid Search,2024-05-05,active
CUS002755,AMX Client 2755,APAC,Australia,Finance,Small,Partner,2020-08-10,active
CUS002756,AMX Client 2756,Europe,Germany,Manufacturing,Enterprise,Referral,2021-06-15,inactive
CUS002757,AMX Client 2757,APAC,Australia,Retail,Small,Paid Search,2020-08-27,inactive
CUS002758,AMX Client 2758,Europe,France,Manufacturing,Small,Paid Search,2022-11-20,active
CUS002759,AMX Client 2759,Europe,Germany,Finance,Small,Direct,2020-04-10,active
CUS002760,AMX Client 2760,North America,United States,Finance,Medium,Referral,2021-05-22,active
CUS002761,AMX Client 2761,Europe,France,Retail,Small,Organic,2021-07-30,active
CUS002762,AMX Client 2762,APAC,Singapore,Retail,Enterprise,Paid Search,2023-02-19,inactive
CUS002763,AMX Client 2763,India,India,Technology,Small,Partner,2022-05-26,active
CUS002764,AMX Client 2764,North America,United States,Healthcare,Small,Partner,2020-12-05,active
CUS002765,AMX Client 2765,India,India,Retail,Medium,Referral,2022-03-30,active
CUS002766,AMX Client 2766,APAC,Japan,Technology,Small,Organic,2022-03-21,active
CUS002767,AMX Client 2767,North America,United States,Retail,Medium,Direct,2021-09-16,active
CUS002768,AMX Client 2768,Europe,United Kingdom,Healthcare,Small,Paid Search,2022-07-31,active
CUS002769,AMX Client 2769,APAC,Japan,Technology,Enterprise,Direct,2021-07-29,active
CUS002770,AMX Client 2770,APAC,Australia,Manufacturing,Medium,Referral,2021-08-12,active
CUS002771,AMX Client 2771,India,India,Healthcare,Small,Referral,2023-10-15,active
CUS002772,AMX Client 2772,Europe,United Kingdom,Finance,Small,Direct,2021-03-20,active
CUS002773,AMX Client 2773,APAC,Japan,Healthcare,Small,Organic,2021-08-04,inactive
CUS002774,AMX Client 2774,India,India,Manufacturing,Enterprise,Referral,2020-09-04,active
CUS002775,AMX Client 2775,Europe,United Kingdom,Manufacturing,Medium,Referral,2023-05-17,active
CUS002776,AMX Client 2776,North America,Canada,Healthcare,Small,Organic,2023-06-01,active
CUS002777,AMX Client 2777,Europe,France,Finance,Small,Paid Search,2023-04-12,active
CUS002778,AMX Client 2778,North America,Canada,Technology,Enterprise,Organic,2020-10-24,active
CUS002779,AMX Client 2779,India,India,Finance,Small,Direct,2022-03-08,active
CUS002780,AMX Client 2780,India,India,Manufacturing,Medium,Organic,2021-05-30,active
CUS002781,AMX Client 2781,India,India,Finance,Medium,Partner,2023-09-10,active
CUS002782,AMX Client 2782,India,India,Finance,Small,Partner,2021-08-17,active
CUS002783,AMX Client 2783,Europe,France,Manufacturing,Small,Partner,2022-01-04,active
CUS002784,AMX Client 2784,North America,Canada,Finance,Small,Paid Search,2022-03-13,active
CUS002785,AMX Client 2785,India,India,Retail,Small,Direct,2023-09-05,active
CUS002786,AMX Client 2786,Europe,United Kingdom,Finance,Enterprise,Partner,2023-05-25,active
CUS002787,AMX Client 2787,Europe,Netherlands,Finance,Medium,Direct,2023-12-19,active
CUS002788,AMX Client 2788,North America,United States,Retail,Medium,Direct,2022-01-25,active
CUS002789,AMX Client 2789,APAC,Singapore,Healthcare,Medium,Referral,2023-12-18,active
CUS002790,AMX Client 2790,North America,United States,Finance,Small,Organic,2024-03-18,active
CUS002791,AMX Client 2791,Europe,Germany,Technology,Medium,Direct,2022-07-14,active
CUS002792,AMX Client 2792,India,India,Healthcare,Small,Referral,2023-04-15,active
CUS002793,AMX Client 2793,Europe,France,Retail,Small,Direct,2024-05-25,active
CUS002794,AMX Client 2794,APAC,Singapore,Healthcare,Small,Organic,2024-01-20,active
CUS002795,AMX Client 2795,APAC,Australia,Retail,Medium,Paid Search,2021-05-03,active
CUS002796,AMX Client 2796,North America,United States,Healthcare,Medium,Paid Search,2023-06-19,active
CUS002797,AMX Client 2797,Europe,France,Healthcare,Small,Direct,2022-02-26,active
CUS002798,AMX Client 2798,North America,Canada,Healthcare,Enterprise,Paid Search,2020-09-19,active
CUS002799,AMX Client 2799,Europe,Netherlands,Healthcare,Small,Organic,2021-10-18,active
CUS002800,AMX Client 2800,Europe,United Kingdom,Retail,Small,Paid Search,2024-09-23,active
CUS002801,AMX Client 2801,APAC,Japan,Finance,Small,Partner,2024-08-18,active
CUS002802,AMX Client 2802,North America,United States,Retail,Medium,Paid Search,2023-10-21,active
CUS002803,AMX Client 2803,India,India,Healthcare,Small,Organic,2024-10-14,active
CUS002804,AMX Client 2804,Europe,Germany,Retail,Small,Paid Search,2022-10-08,active
CUS002805,AMX Client 2805,India,India,Retail,Small,Referral,2023-08-30,active
CUS002806,AMX Client 2806,India,India,Finance,Medium,Paid Search,2020-10-18,active
CUS002807,AMX Client 2807,North America,Canada,Technology,Medium,Paid Search,2021-06-11,active
CUS002808,AMX Client 2808,Europe,United Kingdom,Retail,Small,Partner,2020-10-31,active
CUS002809,AMX Client 2809,India,India,Manufacturing,Enterprise,Direct,2024-07-13,active
CUS002810,AMX Client 2810,India,India,Healthcare,Small,Organic,2022-12-20,active
CUS002811,AMX Client 2811,India,India,Healthcare,Small,Direct,2024-07-04,active
CUS002812,AMX Client 2812,APAC,Japan,Healthcare,Medium,Paid Search,2022-01-05,active
CUS002813,AMX Client 2813,Europe,Germany,Manufacturing,Medium,Paid Search,2021-12-13,active
CUS002814,AMX Client 2814,India,India,Finance,Small,Organic,2023-04-08,active
CUS002815,AMX Client 2815,India,India,Healthcare,Medium,Direct,2022-09-29,active
CUS002816,AMX Client 2816,North America,Canada,Technology,Small,Referral,2021-10-19,active
CUS002817,AMX Client 2817,India,India,Finance,Medium,Organic,2021-07-14,active
CUS002818,AMX Client 2818,Europe,United Kingdom,Technology,Medium,Organic,2022-06-24,active
CUS002819,AMX Client 2819,North America,Canada,Retail,Enterprise,Organic,2020-05-13,active
CUS002820,AMX Client 2820,APAC,Australia,Technology,Small,Direct,2020-11-27,active
CUS002821,AMX Client 2821,India,India,Finance,Medium,Paid Search,2020-03-18,active
CUS002822,AMX Client 2822,Europe,France,Technology,Medium,Direct,2020-10-01,active
CUS002823,AMX Client 2823,India,India,Technology,Small,Organic,2020-12-16,active
CUS002824,AMX Client 2824,APAC,Japan,Retail,Small,Direct,2020-05-13,active
CUS002825,AMX Client 2825,APAC,Singapore,Retail,Enterprise,Direct,2020-04-07,active
CUS002826,AMX Client 2826,Europe,Germany,Retail,Small,Direct,2023-12-18,active
CUS002827,AMX Client 2827,North America,Canada,Finance,Medium,Direct,2020-11-18,inactive
CUS002828,AMX Client 2828,India,India,Retail,Small,Referral,2022-09-07,active
CUS002829,AMX Client 2829,Europe,United Kingdom,Technology,Medium,Paid Search,2020-06-23,inactive
CUS002830,AMX Client 2830,Europe,United Kingdom,Retail,Small,Direct,2024-07-30,active
CUS002831,AMX Client 2831,India,India,Manufacturing,Enterprise,Direct,2021-02-26,inactive
CUS002832,AMX Client 2832,North America,Canada,Technology,Medium,Paid Search,2023-08-16,inactive
CUS002833,AMX Client 2833,North America,United States,Technology,Small,Direct,2023-02-06,active
CUS002834,AMX Client 2834,Europe,Netherlands,Healthcare,Medium,Organic,2023-09-19,active
CUS002835,AMX Client 2835,Europe,Netherlands,Retail,Medium,Direct,2023-01-16,active
CUS002836,AMX Client 2836,Europe,United Kingdom,Finance,Small,Organic,2022-06-17,active
CUS002837,AMX Client 2837,Europe,United Kingdom,Healthcare,Small,Referral,2023-09-25,active
CUS002838,AMX Client 2838,India,India,Finance,Medium,Direct,2023-12-11,active
CUS002839,AMX Client 2839,North America,Canada,Healthcare,Medium,Referral,2021-11-01,active
CUS002840,AMX Client 2840,India,India,Retail,Small,Paid Search,2024-07-21,active
CUS002841,AMX Client 2841,Europe,France,Technology,Enterprise,Referral,2024-10-09,active
CUS002842,AMX Client 2842,North America,Canada,Healthcare,Small,Paid Search,2023-06-28,active
CUS002843,AMX Client 2843,North America,Canada,Healthcare,Small,Paid Search,2024-06-28,active
CUS002844,AMX Client 2844,India,India,Finance,Medium,Organic,2020-07-05,active
CUS002845,AMX Client 2845,India,India,Healthcare,Small,Paid Search,2022-08-12,active
CUS002846,AMX Client 2846,North America,United States,Healthcare,Small,Direct,2023-02-23,active
CUS002847,AMX Client 2847,India,India,Manufacturing,Small,Paid Search,2024-06-26,active
CUS002848,AMX Client 2848,India,India,Manufacturing,Small,Organic,2020-07-31,active
CUS002849,AMX Client 2849,Europe,Germany,Finance,Small,Direct,2023-11-24,active
CUS002850,AMX Client 2850,North America,Canada,Manufacturing,Medium,Partner,2020-05-16,active
CUS002851,AMX Client 2851,North America,Canada,Technology,Medium,Direct,2021-09-24,active
CUS002852,AMX Client 2852,North America,United States,Finance,Medium,Partner,2023-05-08,active
CUS002853,AMX Client 2853,Europe,Germany,Healthcare,Medium,Direct,2021-05-28,active
CUS002854,AMX Client 2854,North America,United States,Retail,Small,Partner,2024-01-14,active
CUS002855,AMX Client 2855,Europe,France,Finance,Small,Partner,2024-07-01,active
CUS002856,AMX Client 2856,APAC,Australia,Technology,Medium,Organic,2020-10-07,active
CUS002857,AMX Client 2857,Europe,Germany,Healthcare,Small,Direct,2021-03-31,active
CUS002858,AMX Client 2858,North America,United States,Manufacturing,Small,Direct,2020-05-10,active
CUS002859,AMX Client 2859,Europe,Netherlands,Healthcare,Medium,Partner,2023-06-08,inactive
CUS002860,AMX Client 2860,North America,Canada,Retail,Medium,Organic,2024-04-14,active
CUS002861,AMX Client 2861,North America,Canada,Healthcare,Medium,Direct,2022-11-28,active
CUS002862,AMX Client 2862,North America,Canada,Finance,Small,Referral,2020-08-21,active
CUS002863,AMX Client 2863,North America,Canada,Manufacturing,Small,Partner,2020-11-02,inactive
CUS002864,AMX Client 2864,India,India,Technology,Small,Partner,2020-03-02,active
CUS002865,AMX Client 2865,North America,United States,Retail,Medium,Organic,2022-05-15,active
CUS002866,AMX Client 2866,India,India,Finance,Small,Paid Search,2023-06-27,active
CUS002867,AMX Client 2867,North America,Canada,Manufacturing,Small,Organic,2020-09-21,active
CUS002868,AMX Client 2868,North America,Canada,Finance,Small,Direct,2024-02-06,active
CUS002869,AMX Client 2869,APAC,Japan,Healthcare,Medium,Organic,2021-03-22,active
CUS002870,AMX Client 2870,India,India,Technology,Medium,Organic,2022-06-27,active
CUS002871,AMX Client 2871,Europe,United Kingdom,Technology,Small,Organic,2023-03-25,active
CUS002872,AMX Client 2872,North America,United States,Retail,Small,Referral,2022-08-11,active
CUS002873,AMX Client 2873,India,India,Healthcare,Small,Referral,2022-04-23,active
CUS002874,AMX Client 2874,India,India,Finance,Small,Organic,2021-08-17,active
CUS002875,AMX Client 2875,India,India,Healthcare,Medium,Direct,2022-01-29,active
CUS002876,AMX Client 2876,India,India,Retail,Small,Organic,2021-02-25,active
CUS002877,AMX Client 2877,India,India,Manufacturing,Medium,Referral,2021-06-04,active
CUS002878,AMX Client 2878,North America,United States,Finance,Medium,Referral,2023-08-26,active
CUS002879,AMX Client 2879,North America,United States,Finance,Enterprise,Direct,2024-04-07,active
CUS002880,AMX Client 2880,India,India,Manufacturing,Enterprise,Direct,2024-02-08,active
CUS002881,AMX Client 2881,India,India,Finance,Small,Direct,2021-08-07,active
CUS002882,AMX Client 2882,India,India,Finance,Small,Paid Search,2021-07-21,active
CUS002883,AMX Client 2883,North America,Canada,Manufacturing,Small,Organic,2020-04-12,active
CUS002884,AMX Client 2884,North America,United States,Manufacturing,Medium,Partner,2021-04-28,active
CUS002885,AMX Client 2885,North America,United States,Technology,Small,Partner,2022-10-31,active
CUS002886,AMX Client 2886,India,India,Manufacturing,Small,Partner,2021-04-17,active
CUS002887,AMX Client 2887,India,India,Healthcare,Small,Referral,2023-07-19,active
CUS002888,AMX Client 2888,APAC,Australia,Finance,Small,Partner,2020-03-30,inactive
CUS002889,AMX Client 2889,India,India,Retail,Medium,Direct,2021-12-28,active
CUS002890,AMX Client 2890,India,India,Finance,Medium,Paid Search,2021-05-11,active
CUS002891,AMX Client 2891,India,India,Technology,Medium,Organic,2022-05-22,active
CUS002892,AMX Client 2892,APAC,Japan,Technology,Enterprise,Paid Search,2020-02-15,active
CUS002893,AMX Client 2893,Europe,Germany,Technology,Small,Paid Search,2022-01-09,active
CUS002894,AMX Client 2894,Europe,Germany,Retail,Small,Direct,2023-10-24,active
CUS002895,AMX Client 2895,APAC,Singapore,Manufacturing,Small,Direct,2024-02-22,active
CUS002896,AMX Client 2896,India,India,Retail,Medium,Direct,2021-03-27,active
CUS002897,AMX Client 2897,APAC,Japan,Technology,Medium,Paid Search,2022-01-27,active
CUS002898,AMX Client 2898,India,India,Retail,Small,Referral,2023-05-03,active
CUS002899,AMX Client 2899,Europe,Germany,Healthcare,Enterprise,Partner,2022-03-29,active
CUS002900,AMX Client 2900,North America,United States,Manufacturing,Small,Paid Search,2022-08-17,inactive
CUS002901,AMX Client 2901,North America,Canada,Healthcare,Small,Paid Search,2021-08-26,active
CUS002902,AMX Client 2902,APAC,Australia,Finance,Medium,Referral,2024-01-18,active
CUS002903,AMX Client 2903,India,India,Healthcare,Enterprise,Organic,2023-01-20,active
CUS002904,AMX Client 2904,APAC,Australia,,Medium,Direct,2024-08-23,active
CUS002905,AMX Client 2905,North America,Canada,Retail,Enterprise,Paid Search,2023-10-09,active
CUS002906,AMX Client 2906,Europe,Germany,Retail,Small,Paid Search,2021-10-10,active
CUS002907,AMX Client 2907,APAC,Australia,Technology,Medium,Paid Search,2021-08-01,active
CUS002908,AMX Client 2908,India,India,Technology,Medium,Paid Search,2020-06-05,active
CUS002909,AMX Client 2909,APAC,Australia,Manufacturing,Small,Partner,2023-01-04,active
CUS002910,AMX Client 2910,North America,United States,Finance,Small,Paid Search,2023-08-16,active
CUS002911,AMX Client 2911,Europe,United Kingdom,Technology,Enterprise,Partner,2021-09-17,active
CUS002912,AMX Client 2912,India,India,Retail,Small,Organic,2020-02-07,active
CUS002913,AMX Client 2913,North America,Canada,Finance,Small,Direct,2023-12-28,active
CUS002914,AMX Client 2914,Europe,Germany,Manufacturing,Enterprise,Direct,2021-01-28,active
CUS002915,AMX Client 2915,North America,United States,Manufacturing,Enterprise,Direct,2022-10-25,active
CUS002916,AMX Client 2916,India,India,Manufacturing,Enterprise,Paid Search,2020-04-04,active
CUS002917,AMX Client 2917,India,India,Finance,Enterprise,Referral,2020-04-20,active
CUS002918,AMX Client 2918,APAC,Australia,Manufacturing,Small,Partner,2024-05-05,active
CUS002919,AMX Client 2919,India,India,Finance,Enterprise,Organic,2023-04-02,active
CUS002920,AMX Client 2920,Europe,United Kingdom,Finance,Small,Direct,2020-01-10,active
CUS002921,AMX Client 2921,APAC,Singapore,Manufacturing,Medium,Partner,2020-06-26,active
CUS002922,AMX Client 2922,India,India,Healthcare,Small,Partner,2022-05-20,active
CUS002923,AMX Client 2923,India,India,Technology,Medium,Organic,2023-04-16,active
CUS002924,AMX Client 2924,Europe,Germany,Manufacturing,Medium,Referral,2022-01-18,active
CUS002925,AMX Client 2925,India,India,Technology,Medium,Organic,2024-03-21,active
CUS002926,AMX Client 2926,North America,Canada,Healthcare,Small,Paid Search,2023-02-26,active
CUS002927,AMX Client 2927,Europe,France,Retail,Small,Paid Search,2022-12-20,active
CUS002928,AMX Client 2928,North America,Canada,Technology,Small,Direct,2021-05-26,active
CUS002929,AMX Client 2929,North America,Canada,Healthcare,Small,Partner,2023-04-19,active
CUS002930,AMX Client 2930,Europe,Netherlands,Healthcare,Medium,Direct,2024-03-22,inactive
CUS002931,AMX Client 2931,Europe,Netherlands,Manufacturing,Small,Organic,2020-03-27,active
CUS002932,AMX Client 2932,India,India,Healthcare,Medium,Referral,2023-07-20,active
CUS002933,AMX Client 2933,North America,United States,Healthcare,Small,Organic,2024-04-02,active
CUS002934,AMX Client 2934,APAC,Australia,Manufacturing,Small,Organic,2022-02-02,active
CUS002935,AMX Client 2935,Europe,France,Manufacturing,Medium,Direct,2023-09-14,active
CUS002936,AMX Client 2936,North America,United States,Retail,Small,Partner,2021-09-24,active
CUS002937,AMX Client 2937,North America,Canada,Technology,Small,Referral,2020-12-06,active
CUS002938,AMX Client 2938,India,India,Finance,Small,Partner,2023-12-11,active
CUS002939,AMX Client 2939,India,India,Healthcare,Small,Paid Search,2021-07-03,active
CUS002940,AMX Client 2940,India,India,Technology,Medium,Direct,2023-08-29,active
CUS002941,AMX Client 2941,APAC,Singapore,Technology,Small,Direct,2021-07-10,active
CUS002942,AMX Client 2942,India,India,Finance,Small,Partner,2021-12-05,inactive
CUS002943,AMX Client 2943,Europe,Netherlands,Manufacturing,Medium,Referral,2023-04-24,active
CUS002944,AMX Client 2944,India,India,Finance,Small,Direct,2021-08-25,active
CUS002945,AMX Client 2945,India,India,Manufacturing,Medium,Paid Search,2023-11-27,active
CUS002946,AMX Client 2946,North America,United States,Manufacturing,Small,Direct,2020-03-09,active
CUS002947,AMX Client 2947,North America,Canada,Finance,Enterprise,Organic,2020-01-21,inactive
CUS002948,AMX Client 2948,Europe,France,Finance,Small,Organic,2020-05-24,active
CUS002949,AMX Client 2949,APAC,Australia,Manufacturing,Small,Organic,2021-03-28,inactive
CUS002950,AMX Client 2950,APAC,Singapore,Healthcare,Enterprise,Partner,2020-04-05,active
CUS002951,AMX Client 2951,India,India,Healthcare,Medium,Direct,2021-11-03,active
CUS002952,AMX Client 2952,Europe,United Kingdom,Manufacturing,Medium,Referral,2020-02-13,active
CUS002953,AMX Client 2953,India,India,Technology,Enterprise,Organic,2023-08-28,active
CUS002954,AMX Client 2954,APAC,Australia,Finance,Small,Direct,2020-09-26,active
CUS002955,AMX Client 2955,North America,Canada,Healthcare,Medium,Partner,2024-09-12,active
CUS002956,AMX Client 2956,North America,Canada,Technology,Medium,Direct,2024-02-22,active
CUS002957,AMX Client 2957,India,India,,Small,Organic,2023-05-11,active
CUS002958,AMX Client 2958,India,India,Retail,Small,Organic,2023-11-10,active
CUS002959,AMX Client 2959,India,India,Finance,Small,Direct,2023-09-30,active
CUS002960,AMX Client 2960,APAC,Singapore,Finance,Enterprise,Organic,2024-02-02,active
CUS002961,AMX Client 2961,Europe,Netherlands,Technology,Small,Organic,2022-09-07,active
CUS002962,AMX Client 2962,APAC,Australia,Retail,Small,Referral,2023-01-06,active
CUS002963,AMX Client 2963,India,India,Manufacturing,Medium,Paid Search,2022-04-08,active
CUS002964,AMX Client 2964,Europe,United Kingdom,Technology,Medium,Organic,2023-01-07,active
CUS002965,AMX Client 2965,India,India,Retail,Small,Paid Search,2021-11-04,active
CUS002966,AMX Client 2966,North America,United States,Healthcare,Medium,Partner,2020-08-06,active
CUS002967,AMX Client 2967,North America,United States,Retail,Small,Paid Search,2024-07-02,active
CUS002968,AMX Client 2968,India,India,Healthcare,Medium,Direct,2023-05-19,active
CUS002969,AMX Client 2969,North America,Canada,Healthcare,Small,Direct,2023-05-29,active
CUS002970,AMX Client 2970,India,India,Manufacturing,Small,Organic,2021-05-09,active
CUS002971,AMX Client 2971,North America,Canada,Healthcare,Medium,Direct,2023-09-23,active
CUS002972,AMX Client 2972,Europe,United Kingdom,Healthcare,Small,Paid Search,2022-07-06,active
CUS002973,AMX Client 2973,India,India,Finance,Medium,Organic,2020-05-15,active
CUS002974,AMX Client 2974,APAC,Australia,Technology,Small,Direct,2024-08-13,active
CUS002975,AMX Client 2975,North America,United States,Technology,Medium,Partner,2024-10-17,active
CUS002976,AMX Client 2976,Europe,Germany,Technology,Enterprise,Organic,2024-03-17,active
CUS002977,AMX Client 2977,Europe,United Kingdom,Manufacturing,Medium,Paid Search,2022-04-18,active
CUS002978,AMX Client 2978,Europe,France,Technology,Enterprise,Paid Search,2021-02-15,active
CUS002979,AMX Client 2979,Europe,United Kingdom,Retail,Enterprise,Partner,2020-01-20,active
CUS002980,AMX Client 2980,APAC,Japan,Healthcare,Small,Paid Search,2023-07-24,active
CUS002981,AMX Client 2981,Europe,United Kingdom,Healthcare,Small,Partner,2024-04-22,active
CUS002982,AMX Client 2982,India,India,Technology,Enterprise,Direct,2020-07-02,active
CUS002983,AMX Client 2983,India,India,Manufacturing,Enterprise,Organic,2023-04-23,active
CUS002984,AMX Client 2984,Europe,Germany,Retail,Enterprise,Direct,2020-02-17,active
CUS002985,AMX Client 2985,India,India,Technology,Medium,Direct,2023-10-03,active
CUS002986,AMX Client 2986,India,India,Technology,Small,Partner,2020-02-19,active
CUS002987,AMX Client 2987,India,India,Manufacturing,Enterprise,Paid Search,2024-09-18,active
CUS002988,AMX Client 2988,North America,Canada,Manufacturing,Enterprise,Referral,2020-10-27,active
CUS002989,AMX Client 2989,India,India,Healthcare,Medium,Referral,2021-12-07,active
CUS002990,AMX Client 2990,Europe,Netherlands,Finance,Enterprise,Partner,2023-05-12,active
CUS002991,AMX Client 2991,Europe,United Kingdom,Manufacturing,Medium,Organic,2024-02-03,active
CUS002992,AMX Client 2992,Europe,United Kingdom,Finance,Enterprise,Paid Search,2021-10-03,active
CUS002993,AMX Client 2993,North America,Canada,Finance,Small,Partner,2024-09-27,active
CUS002994,AMX Client 2994,North America,Canada,Healthcare,Enterprise,Partner,2020-01-29,active
CUS002995,AMX Client 2995,North America,United States,Finance,Small,Direct,2022-04-12,active
CUS002996,AMX Client 2996,North America,United States,Retail,Small,Organic,2024-10-10,active
CUS002997,AMX Client 2997,Europe,United Kingdom,Healthcare,Small,Organic,2021-04-29,inactive
CUS002998,AMX Client 2998,India,India,Technology,Small,Partner,2022-07-30,active
CUS002999,AMX Client 2999,APAC,Singapore,Manufacturing,Small,Direct,2022-02-24,active
CUS003000,AMX Client 3000,India,India,Technology,Enterprise,Paid Search,2021-11-26,active
CUS003001,AMX Client 3001,Europe,France,Manufacturing,Medium,Organic,2023-09-17,active
CUS003002,AMX Client 3002,Europe,United Kingdom,Finance,Enterprise,Direct,2022-07-05,active
CUS003003,AMX Client 3003,India,India,Retail,Small,Partner,2023-06-14,active
CUS003004,AMX Client 3004,Europe,France,Finance,Small,Referral,2022-07-07,active
CUS003005,AMX Client 3005,India,India,Retail,Medium,Organic,2024-10-27,active
CUS003006,AMX Client 3006,Europe,Netherlands,Technology,Medium,Organic,2022-04-10,active
CUS003007,AMX Client 3007,North America,United States,Technology,Medium,Organic,2023-11-06,active
CUS003008,AMX Client 3008,India,India,Retail,Medium,Referral,2022-12-18,active
CUS003009,AMX Client 3009,India,India,Healthcare,Medium,Partner,2023-11-16,active
CUS003010,AMX Client 3010,Europe,Netherlands,Manufacturing,Medium,Partner,2024-04-13,active
CUS003011,AMX Client 3011,India,India,Manufacturing,Enterprise,Partner,2021-02-04,active
CUS003012,AMX Client 3012,APAC,Japan,Manufacturing,Medium,Paid Search,2021-06-16,active
CUS003013,AMX Client 3013,Europe,Germany,Healthcare,Medium,Direct,2021-06-16,inactive
CUS003014,AMX Client 3014,Europe,United Kingdom,Healthcare,Small,Direct,2022-05-09,active
CUS003015,AMX Client 3015,India,India,Finance,Small,Direct,2022-05-18,active
CUS003016,AMX Client 3016,Europe,Germany,Manufacturing,Small,Organic,2020-01-07,active
CUS003017,AMX Client 3017,APAC,Singapore,Manufacturing,Medium,Organic,2024-04-30,active
CUS003018,AMX Client 3018,India,India,Retail,Medium,Partner,2024-02-27,active
CUS003019,AMX Client 3019,North America,United States,Technology,Small,Partner,2022-11-27,inactive
CUS003020,AMX Client 3020,India,India,Technology,Medium,Paid Search,2021-06-24,active
CUS003021,AMX Client 3021,North America,Canada,Retail,Small,Direct,2023-12-30,active
CUS003022,AMX Client 3022,Europe,United Kingdom,Healthcare,Small,Paid Search,2021-04-24,inactive
CUS003023,AMX Client 3023,North America,United States,Retail,Enterprise,Direct,2021-06-24,active
CUS003024,AMX Client 3024,North America,Canada,Manufacturing,Small,Referral,2024-10-27,active
CUS003025,AMX Client 3025,North America,United States,Retail,Small,Partner,2024-06-19,active
CUS003026,AMX Client 3026,India,India,Healthcare,Small,Organic,2022-10-29,active
CUS003027,AMX Client 3027,India,India,Healthcare,Small,Direct,2020-10-25,active
CUS003028,AMX Client 3028,APAC,Singapore,Manufacturing,Medium,Partner,2020-08-05,active
CUS003029,AMX Client 3029,Europe,Germany,Healthcare,Enterprise,Paid Search,2024-08-29,active
CUS003030,AMX Client 3030,North America,Canada,Retail,Medium,Organic,2021-04-13,active
CUS003031,AMX Client 3031,Europe,Netherlands,Technology,Medium,Paid Search,2023-04-18,active
CUS003032,AMX Client 3032,India,India,Healthcare,Small,Organic,2021-09-15,active
CUS003033,AMX Client 3033,India,India,Technology,Medium,Organic,2022-05-27,active
CUS003034,AMX Client 3034,India,India,Finance,Small,Paid Search,2024-10-07,active
CUS003035,AMX Client 3035,APAC,Japan,Retail,Small,Organic,2022-11-13,active
CUS003036,AMX Client 3036,Europe,Netherlands,Technology,Enterprise,Referral,2022-01-30,inactive
CUS003037,AMX Client 3037,Europe,United Kingdom,Healthcare,Small,Partner,2022-01-04,active
CUS003038,AMX Client 3038,India,India,Finance,Small,Partner,2021-02-10,active
CUS003039,AMX Client 3039,India,India,Retail,Small,Paid Search,2022-09-09,active
CUS003040,AMX Client 3040,Europe,Germany,Finance,Medium,Direct,2022-10-03,active
CUS003041,AMX Client 3041,North America,Canada,Finance,Small,Direct,2020-06-16,active
CUS003042,AMX Client 3042,APAC,Singapore,Finance,Small,Direct,2021-12-15,active
CUS003043,AMX Client 3043,Europe,Netherlands,Technology,Medium,Organic,2023-02-12,active
CUS003044,AMX Client 3044,North America,Canada,Technology,Small,Organic,2020-04-07,active
CUS003045,AMX Client 3045,Europe,Netherlands,Healthcare,Enterprise,Direct,2024-09-20,active
CUS003046,AMX Client 3046,APAC,Singapore,Technology,Small,Direct,2024-02-29,active
CUS003047,AMX Client 3047,North America,Canada,Retail,Medium,Partner,2023-01-29,active
CUS003048,AMX Client 3048,Europe,United Kingdom,Technology,Enterprise,Partner,2020-01-28,active
CUS003049,AMX Client 3049,APAC,Singapore,Retail,Medium,Direct,2022-07-03,active
CUS003050,AMX Client 3050,India,India,Healthcare,Medium,Direct,2024-05-05,active
CUS003051,AMX Client 3051,APAC,Australia,Retail,Small,Paid Search,2020-02-10,active
CUS003052,AMX Client 3052,India,India,Healthcare,Medium,Paid Search,2023-10-30,active
CUS003053,AMX Client 3053,Europe,United Kingdom,Finance,Enterprise,Partner,2024-01-22,active
CUS003054,AMX Client 3054,Europe,Germany,Retail,Medium,Partner,2020-05-13,active
CUS003055,AMX Client 3055,Europe,Netherlands,Finance,Enterprise,Direct,2021-02-10,active
CUS003056,AMX Client 3056,North America,United States,Retail,Medium,Partner,2023-07-01,active
CUS003057,AMX Client 3057,Europe,Germany,Technology,Medium,Partner,2024-05-28,active
CUS003058,AMX Client 3058,India,India,Finance,Small,Referral,2023-09-23,active
CUS003059,AMX Client 3059,India,India,Healthcare,Medium,Paid Search,2022-07-17,active
CUS003060,AMX Client 3060,India,India,Healthcare,Enterprise,Organic,2022-11-29,active
CUS003061,AMX Client 3061,Europe,Germany,Finance,Medium,Direct,2022-07-15,active
CUS003062,AMX Client 3062,North America,Canada,Finance,Small,Organic,2022-10-17,active
CUS003063,AMX Client 3063,India,India,Finance,Medium,Referral,2023-09-22,active
CUS003064,AMX Client 3064,APAC,Japan,,Medium,Direct,2020-03-28,active
CUS003065,AMX Client 3065,North America,Canada,Manufacturing,Enterprise,Paid Search,2021-01-04,active
CUS003066,AMX Client 3066,North America,United States,Healthcare,Small,Direct,2020-04-15,active
CUS003067,AMX Client 3067,North America,United States,Finance,Small,Paid Search,2023-11-07,active
CUS003068,AMX Client 3068,India,India,Retail,Small,Direct,2023-07-08,active
CUS003069,AMX Client 3069,Europe,United Kingdom,Retail,Small,Organic,2020-04-03,active
CUS003070,AMX Client 3070,North America,United States,Retail,Enterprise,Direct,2020-07-05,active
CUS003071,AMX Client 3071,India,India,Finance,Small,Organic,2021-04-12,active
CUS003072,AMX Client 3072,APAC,Singapore,Manufacturing,Medium,Organic,2021-03-03,active
CUS003073,AMX Client 3073,Europe,Germany,Finance,Small,Organic,2022-07-06,inactive
CUS003074,AMX Client 3074,Europe,Netherlands,Retail,Small,Paid Search,2022-05-30,active
CUS003075,AMX Client 3075,APAC,Japan,Technology,Enterprise,Direct,2021-09-23,active
CUS003076,AMX Client 3076,APAC,Singapore,Retail,Small,Paid Search,2020-10-16,active
CUS003077,AMX Client 3077,North America,United States,Manufacturing,Small,Direct,2023-02-20,active
CUS003078,AMX Client 3078,Europe,United Kingdom,Manufacturing,Small,Paid Search,2023-10-26,active
CUS003079,AMX Client 3079,Europe,United Kingdom,Retail,Enterprise,Direct,2023-02-04,active
CUS003080,AMX Client 3080,India,India,Technology,Enterprise,Organic,2023-11-26,active
CUS003081,AMX Client 3081,India,India,Healthcare,Small,Partner,2024-06-02,active
CUS003082,AMX Client 3082,India,India,Healthcare,Medium,Referral,2024-01-27,active
CUS003083,AMX Client 3083,Europe,Germany,Manufacturing,Small,Organic,2023-02-24,inactive
CUS003084,AMX Client 3084,Europe,Netherlands,Retail,Medium,Direct,2020-03-28,active
CUS003085,AMX Client 3085,Europe,United Kingdom,Technology,Small,Paid Search,2021-08-13,active
CUS003086,AMX Client 3086,North America,Canada,Manufacturing,Medium,Direct,2022-01-25,active
CUS003087,AMX Client 3087,India,India,Healthcare,Enterprise,Partner,2023-06-12,active
CUS003088,AMX Client 3088,North America,United States,Manufacturing,Small,Partner,2024-02-04,active
CUS003089,AMX Client 3089,North America,Canada,Technology,Small,Paid Search,2023-02-04,active
CUS003090,AMX Client 3090,APAC,Japan,Retail,Small,Referral,2021-10-03,active
CUS003091,AMX Client 3091,APAC,Japan,Retail,Small,Referral,2023-10-23,active
CUS003092,AMX Client 3092,APAC,Japan,Finance,Small,Direct,2023-05-13,inactive
CUS003093,AMX Client 3093,APAC,Australia,Manufacturing,Small,Direct,2023-11-10,active
CUS003094,AMX Client 3094,APAC,Singapore,Technology,Enterprise,Paid Search,2022-11-06,inactive
CUS003095,AMX Client 3095,North America,Canada,Technology,Small,Partner,2023-02-16,active
CUS003096,AMX Client 3096,India,India,,Enterprise,Organic,2021-09-05,active
CUS003097,AMX Client 3097,India,India,Manufacturing,Small,Referral,2021-12-07,active
CUS003098,AMX Client 3098,North America,Canada,Technology,Medium,Direct,2021-05-03,active
CUS003099,AMX Client 3099,India,India,Retail,Small,Partner,2021-03-29,active
CUS003100,AMX Client 3100,India,India,Technology,Enterprise,Paid Search,2023-02-26,active
CUS003101,AMX Client 3101,APAC,Japan,Finance,Small,Organic,2021-11-08,inactive
CUS003102,AMX Client 3102,India,India,Retail,Small,Referral,2020-08-23,inactive
CUS003103,AMX Client 3103,APAC,Australia,Technology,Medium,Organic,2020-03-02,active
CUS003104,AMX Client 3104,Europe,Germany,Finance,Medium,Partner,2024-02-27,active
CUS003105,AMX Client 3105,Europe,United Kingdom,Retail,Medium,Paid Search,2022-02-07,active
CUS003106,AMX Client 3106,Europe,Germany,Technology,Small,Paid Search,2022-10-14,active
CUS003107,AMX Client 3107,North America,United States,Retail,Small,Referral,2024-05-16,active
CUS003108,AMX Client 3108,Europe,Germany,Healthcare,Medium,Organic,2020-07-15,active
CUS003109,AMX Client 3109,India,India,Finance,Medium,Organic,2024-07-13,active
CUS003110,AMX Client 3110,APAC,Japan,Technology,Medium,Partner,2023-05-27,active
CUS003111,AMX Client 3111,North America,Canada,Retail,Small,Partner,2023-02-04,active
CUS003112,AMX Client 3112,India,India,Healthcare,Small,Referral,2022-01-31,inactive
CUS003113,AMX Client 3113,Europe,United Kingdom,Technology,Enterprise,Referral,2023-06-01,active
CUS003114,AMX Client 3114,Europe,France,Finance,Medium,Organic,2020-12-26,active
CUS003115,AMX Client 3115,North America,Canada,Manufacturing,Small,Referral,2021-06-17,active
CUS003116,AMX Client 3116,Europe,France,Finance,Enterprise,Partner,2024-08-24,active
CUS003117,AMX Client 3117,India,India,Finance,Medium,Paid Search,2021-05-02,active
CUS003118,AMX Client 3118,Europe,Netherlands,Healthcare,Small,Organic,2023-06-24,inactive
CUS003119,AMX Client 3119,India,India,Retail,Small,Paid Search,2024-06-30,active
CUS003120,AMX Client 3120,India,India,Finance,Medium,Paid Search,2022-11-13,active
CUS003121,AMX Client 3121,India,India,Healthcare,Small,Organic,2021-06-09,active
CUS003122,AMX Client 3122,North America,Canada,Technology,Medium,Paid Search,2024-02-08,active
CUS003123,AMX Client 3123,North America,United States,Healthcare,Medium,Partner,2023-12-30,active
CUS003124,AMX Client 3124,North America,United States,Finance,Small,Paid Search,2022-08-18,active
CUS003125,AMX Client 3125,India,India,Manufacturing,Enterprise,Direct,2020-07-21,active
CUS003126,AMX Client 3126,India,India,Healthcare,Small,Direct,2022-02-18,active
CUS003127,AMX Client 3127,North America,United States,Manufacturing,Small,Paid Search,2022-02-01,inactive
CUS003128,AMX Client 3128,India,India,Technology,Medium,Paid Search,2020-11-30,active
CUS003129,AMX Client 3129,Europe,Netherlands,Technology,Medium,Referral,2021-12-11,active
CUS003130,AMX Client 3130,APAC,Japan,Manufacturing,Small,Partner,2020-09-27,active
CUS003131,AMX Client 3131,North America,Canada,Finance,Medium,Direct,2023-05-08,active
CUS003132,AMX Client 3132,APAC,Singapore,Manufacturing,Enterprise,Organic,2022-02-01,active
CUS003133,AMX Client 3133,India,India,Healthcare,Medium,Referral,2023-07-14,active
CUS003134,AMX Client 3134,India,India,Retail,Medium,Referral,2022-03-16,active
CUS003135,AMX Client 3135,Europe,France,Technology,Small,Paid Search,2023-06-14,active
CUS003136,AMX Client 3136,Europe,Netherlands,Technology,Small,Organic,2023-07-19,active
CUS003137,AMX Client 3137,APAC,Singapore,Healthcare,Medium,Paid Search,2020-10-09,active
CUS003138,AMX Client 3138,India,India,Technology,Small,Direct,2022-02-19,active
CUS003139,AMX Client 3139,Europe,France,Technology,Medium,Referral,2023-08-17,inactive
CUS003140,AMX Client 3140,North America,Canada,Finance,Small,Organic,2022-11-13,active
CUS003141,AMX Client 3141,North America,Canada,,Small,Partner,2021-01-26,active
CUS003142,AMX Client 3142,India,India,Healthcare,Small,Organic,2024-01-10,active
CUS003143,AMX Client 3143,APAC,Australia,Healthcare,Small,Paid Search,2020-12-19,active
CUS003144,AMX Client 3144,India,India,Healthcare,Small,Direct,2024-10-20,active
CUS003145,AMX Client 3145,Europe,Netherlands,Retail,Medium,Direct,2023-06-02,active
CUS003146,AMX Client 3146,Europe,United Kingdom,Finance,Medium,Paid Search,2021-07-23,active
CUS003147,AMX Client 3147,Europe,France,Retail,Small,Referral,2020-12-09,active
CUS003148,AMX Client 3148,Europe,Netherlands,Retail,Small,Organic,2024-05-11,active
CUS003149,AMX Client 3149,APAC,Japan,Manufacturing,Medium,Direct,2022-07-13,active
CUS003150,AMX Client 3150,India,India,Manufacturing,Small,Organic,2023-11-24,active
CUS003151,AMX Client 3151,India,India,Healthcare,Small,Direct,2024-01-08,active
CUS003152,AMX Client 3152,Europe,Germany,Manufacturing,Medium,Partner,2020-04-30,active
CUS003153,AMX Client 3153,North America,Canada,Manufacturing,Medium,Direct,2023-04-22,active
CUS003154,AMX Client 3154,India,India,Healthcare,Enterprise,Organic,2021-08-13,active
CUS003155,AMX Client 3155,India,India,Manufacturing,Medium,Partner,2024-05-22,active
CUS003156,AMX Client 3156,North America,United States,Technology,Enterprise,Direct,2021-01-21,active
CUS003157,AMX Client 3157,India,India,Technology,Enterprise,Partner,2020-02-29,active
CUS003158,AMX Client 3158,India,India,Retail,Small,Organic,2023-03-19,active
CUS003159,AMX Client 3159,APAC,Australia,Technology,Small,Partner,2022-09-01,active
CUS003160,AMX Client 3160,North America,Canada,Finance,Small,Direct,2022-09-07,active
CUS003161,AMX Client 3161,APAC,Australia,Technology,Small,Organic,2021-04-10,active
CUS003162,AMX Client 3162,APAC,Australia,Manufacturing,Medium,Paid Search,2022-05-23,active
CUS003163,AMX Client 3163,India,India,Healthcare,Small,Paid Search,2024-08-29,active
CUS003164,AMX Client 3164,Europe,France,Technology,Small,Organic,2023-09-10,active
CUS003165,AMX Client 3165,Europe,France,Healthcare,Small,Paid Search,2024-10-05,active
CUS003166,AMX Client 3166,Europe,Netherlands,Healthcare,Medium,Paid Search,2021-08-11,active
CUS003167,AMX Client 3167,India,India,Finance,Medium,Paid Search,2024-03-16,active
CUS003168,AMX Client 3168,India,India,Manufacturing,Enterprise,Organic,2021-11-06,active
CUS003169,AMX Client 3169,India,India,Manufacturing,Small,Direct,2024-07-10,active
CUS003170,AMX Client 3170,Europe,France,Manufacturing,Small,Partner,2024-03-08,active
CUS003171,AMX Client 3171,APAC,Singapore,Technology,Enterprise,Partner,2020-10-17,active
CUS003172,AMX Client 3172,Europe,United Kingdom,Retail,Medium,Partner,2024-09-12,active
CUS003173,AMX Client 3173,Europe,Netherlands,Healthcare,Medium,Referral,2022-12-08,active
CUS003174,AMX Client 3174,APAC,Australia,Retail,Medium,Direct,2023-10-03,active
CUS003175,AMX Client 3175,Europe,United Kingdom,Retail,Small,Organic,2022-10-19,active
CUS003176,AMX Client 3176,India,India,Finance,Enterprise,Referral,2021-01-18,active
CUS003177,AMX Client 3177,APAC,Singapore,Retail,Medium,Organic,2024-10-05,active
CUS003178,AMX Client 3178,North America,United States,Healthcare,Medium,Direct,2020-07-17,active
CUS003179,AMX Client 3179,India,India,Technology,Medium,Referral,2023-11-29,active
CUS003180,AMX Client 3180,North America,United States,Healthcare,Small,Partner,2021-01-04,active
CUS003181,AMX Client 3181,APAC,Japan,Healthcare,Small,Direct,2023-10-19,active
CUS003182,AMX Client 3182,India,India,Technology,Medium,Organic,2022-01-16,active
CUS003183,AMX Client 3183,North America,Canada,Healthcare,Small,Direct,2021-02-21,active
CUS003184,AMX Client 3184,India,India,Retail,Small,Paid Search,2021-02-22,active
CUS003185,AMX Client 3185,India,India,Finance,Small,Direct,2021-07-18,active
CUS003186,AMX Client 3186,India,India,Retail,Enterprise,Paid Search,2024-05-10,active
CUS003187,AMX Client 3187,Europe,France,Retail,Small,Direct,2023-09-20,active
CUS003188,AMX Client 3188,APAC,Singapore,Finance,Small,Referral,2023-03-30,active
CUS003189,AMX Client 3189,India,India,Healthcare,Medium,Direct,2023-01-17,active
CUS003190,AMX Client 3190,India,India,Healthcare,Medium,Referral,2022-01-05,active
CUS003191,AMX Client 3191,India,India,Finance,Medium,Direct,2024-05-11,active
CUS003192,AMX Client 3192,India,India,Retail,Enterprise,Referral,2021-04-28,active
CUS003193,AMX Client 3193,North America,Canada,Healthcare,Small,Paid Search,2024-07-23,active
CUS003194,AMX Client 3194,Europe,Netherlands,Retail,Enterprise,Organic,2021-11-03,active
CUS003195,AMX Client 3195,Europe,Netherlands,Retail,Enterprise,Direct,2021-08-25,active
CUS003196,AMX Client 3196,North America,United States,Manufacturing,Small,Organic,2022-04-20,active
CUS003197,AMX Client 3197,North America,Canada,Manufacturing,Medium,Organic,2023-08-14,active
CUS003198,AMX Client 3198,India,India,Finance,Small,Organic,2023-06-14,active
CUS003199,AMX Client 3199,India,India,Healthcare,Small,Organic,2023-09-16,active
CUS003200,AMX Client 3200,APAC,Singapore,Manufacturing,Small,Referral,2020-06-06,active
CUS003201,AMX Client 3201,Europe,Netherlands,Technology,Small,Referral,2020-10-11,active
CUS003202,AMX Client 3202,APAC,Japan,Retail,Enterprise,Organic,2024-02-08,active
CUS003203,AMX Client 3203,APAC,Singapore,Healthcare,Small,Direct,2024-09-28,active
CUS003204,AMX Client 3204,Europe,Germany,Technology,Medium,Direct,2020-08-13,active
CUS003205,AMX Client 3205,APAC,Singapore,Finance,Small,Paid Search,2024-05-15,active
CUS003206,AMX Client 3206,North America,Canada,Healthcare,Small,Referral,2021-04-08,active
CUS003207,AMX Client 3207,India,India,Manufacturing,Small,Organic,2024-09-25,active
CUS003208,AMX Client 3208,India,India,Manufacturing,Small,Direct,2024-10-20,active
CUS003209,AMX Client 3209,India,India,Healthcare,Medium,Partner,2023-01-29,active
CUS003210,AMX Client 3210,India,India,Technology,Enterprise,Partner,2020-12-01,active
CUS003211,AMX Client 3211,North America,United States,Technology,Small,Referral,2023-10-24,inactive
CUS003212,AMX Client 3212,Europe,France,Manufacturing,Enterprise,Paid Search,2020-06-27,active
CUS003213,AMX Client 3213,Europe,Netherlands,Healthcare,Medium,Direct,2021-08-13,active
CUS003214,AMX Client 3214,Europe,Netherlands,Technology,Medium,Partner,2023-02-01,active
CUS003215,AMX Client 3215,India,India,Technology,Small,Direct,2020-04-29,active
CUS003216,AMX Client 3216,Europe,United Kingdom,Technology,Small,Organic,2021-11-25,active
CUS003217,AMX Client 3217,North America,United States,Manufacturing,Enterprise,Paid Search,2023-11-08,active
CUS003218,AMX Client 3218,India,India,Healthcare,Medium,Direct,2020-06-11,active
CUS003219,AMX Client 3219,India,India,Manufacturing,Small,Partner,2021-10-09,active
CUS003220,AMX Client 3220,North America,Canada,Technology,Medium,Referral,2020-01-07,active
CUS003221,AMX Client 3221,India,India,Healthcare,Small,Paid Search,2023-03-08,active
CUS003222,AMX Client 3222,Europe,United Kingdom,Manufacturing,Medium,Organic,2020-05-19,inactive
CUS003223,AMX Client 3223,Europe,Germany,Retail,Small,Organic,2021-05-11,active
CUS003224,AMX Client 3224,Europe,Netherlands,Healthcare,Enterprise,Referral,2022-07-12,active
CUS003225,AMX Client 3225,India,India,Healthcare,Small,Paid Search,2021-01-13,active
CUS003226,AMX Client 3226,Europe,Germany,Technology,Small,Referral,2021-02-11,active
CUS003227,AMX Client 3227,Europe,United Kingdom,Retail,Medium,Direct,2024-01-14,active
CUS003228,AMX Client 3228,India,India,Finance,Small,Direct,2023-10-05,active
CUS003229,AMX Client 3229,Europe,Netherlands,Technology,Enterprise,Direct,2020-05-22,active
CUS003230,AMX Client 3230,North America,Canada,Retail,Medium,Paid Search,2024-02-23,active
CUS003231,AMX Client 3231,North America,United States,Manufacturing,Small,Paid Search,2022-04-06,active
CUS003232,AMX Client 3232,India,India,Technology,Small,Direct,2020-09-12,active
CUS003233,AMX Client 3233,North America,Canada,Finance,Enterprise,Referral,2024-05-20,active
CUS003234,AMX Client 3234,India,India,Healthcare,Medium,Referral,2021-08-18,active
CUS003235,AMX Client 3235,India,India,Finance,Enterprise,Direct,2021-07-29,active
CUS003236,AMX Client 3236,India,India,Technology,Small,Organic,2020-09-15,active
CUS003237,AMX Client 3237,APAC,Australia,Technology,Enterprise,Paid Search,2024-04-14,active
CUS003238,AMX Client 3238,India,India,Technology,Medium,Direct,2021-05-21,active
CUS003239,AMX Client 3239,North America,Canada,Manufacturing,Medium,Paid Search,2022-11-12,active
CUS003240,AMX Client 3240,North America,Canada,Retail,Small,Direct,2021-02-26,active
CUS003241,AMX Client 3241,APAC,Japan,Manufacturing,Small,Referral,2024-04-30,active
CUS003242,AMX Client 3242,North America,United States,Healthcare,Enterprise,Paid Search,2023-10-21,active
CUS003243,AMX Client 3243,APAC,Japan,Finance,Enterprise,Referral,2022-06-07,active
CUS003244,AMX Client 3244,India,India,Manufacturing,Small,Paid Search,2021-09-02,active
CUS003245,AMX Client 3245,India,India,Finance,Enterprise,Direct,2023-03-02,inactive
CUS003246,AMX Client 3246,North America,Canada,Technology,Small,Partner,2022-05-25,active
CUS003247,AMX Client 3247,North America,United States,Manufacturing,Small,Paid Search,2024-07-19,active
CUS003248,AMX Client 3248,Europe,Germany,Retail,Small,Partner,2023-04-05,active
CUS003249,AMX Client 3249,APAC,Australia,Retail,Small,Paid Search,2020-02-18,active
CUS003250,AMX Client 3250,North America,Canada,Retail,Small,Partner,2023-12-23,active
CUS003251,AMX Client 3251,APAC,Japan,Manufacturing,Small,Direct,2020-12-06,active
CUS003252,AMX Client 3252,North America,Canada,Finance,Small,Organic,2021-06-15,active
CUS003253,AMX Client 3253,India,India,Manufacturing,Medium,Paid Search,2022-02-09,active
CUS003254,AMX Client 3254,North America,United States,Manufacturing,Medium,Organic,2021-01-04,active
CUS003255,AMX Client 3255,India,India,Healthcare,Medium,Organic,2024-07-22,active
CUS003256,AMX Client 3256,Europe,United Kingdom,Technology,Small,Organic,2024-09-23,active
CUS003257,AMX Client 3257,India,India,Technology,Medium,Paid Search,2020-10-01,active
CUS003258,AMX Client 3258,North America,Canada,Technology,Small,Organic,2021-07-19,active
CUS003259,AMX Client 3259,North America,Canada,Healthcare,Medium,Organic,2021-10-16,active
CUS003260,AMX Client 3260,India,India,Finance,Medium,Organic,2023-03-31,active
CUS003261,AMX Client 3261,India,India,Manufacturing,Small,Organic,2022-11-21,active
CUS003262,AMX Client 3262,Europe,Germany,Technology,Small,Direct,2023-04-12,active
CUS003263,AMX Client 3263,India,India,Finance,Medium,Paid Search,2020-02-24,active
CUS003264,AMX Client 3264,North America,Canada,Finance,Enterprise,Direct,2022-06-26,active
CUS003265,AMX Client 3265,North America,United States,Manufacturing,Medium,Paid Search,2021-01-07,inactive
CUS003266,AMX Client 3266,India,India,Technology,Enterprise,Paid Search,2021-02-07,active
CUS003267,AMX Client 3267,India,India,Retail,Enterprise,Organic,2023-09-30,active
CUS003268,AMX Client 3268,Europe,Germany,Manufacturing,Small,Paid Search,2020-09-06,active
CUS003269,AMX Client 3269,APAC,Japan,Manufacturing,Medium,Paid Search,2020-02-25,active
CUS003270,AMX Client 3270,India,India,Manufacturing,Small,Direct,2022-05-10,active
CUS003271,AMX Client 3271,APAC,Singapore,Healthcare,Small,Paid Search,2023-07-23,active
CUS003272,AMX Client 3272,Europe,Netherlands,Technology,Small,Referral,2022-06-21,active
CUS003273,AMX Client 3273,Europe,Netherlands,Technology,Enterprise,Direct,2020-10-11,inactive
CUS003274,AMX Client 3274,Europe,United Kingdom,Retail,Medium,Direct,2023-09-27,active
CUS003275,AMX Client 3275,Europe,Germany,Retail,Small,Organic,2021-11-05,active
CUS003276,AMX Client 3276,Europe,Netherlands,Retail,Small,Partner,2023-06-07,active
CUS003277,AMX Client 3277,North America,United States,Technology,Small,Organic,2020-12-22,inactive
CUS003278,AMX Client 3278,North America,United States,Healthcare,Medium,Organic,2024-05-29,active
CUS003279,AMX Client 3279,North America,United States,Finance,Enterprise,Paid Search,2021-05-15,active
CUS003280,AMX Client 3280,India,India,Technology,Small,Direct,2024-09-10,active
CUS003281,AMX Client 3281,Europe,United Kingdom,Manufacturing,Small,Organic,2021-10-28,active
CUS003282,AMX Client 3282,India,India,Finance,Medium,Paid Search,2023-07-09,active
CUS003283,AMX Client 3283,India,India,Finance,Small,Partner,2022-06-05,active
CUS003284,AMX Client 3284,India,India,Retail,Small,Organic,2020-05-15,active
CUS003285,AMX Client 3285,India,India,Manufacturing,Small,Direct,2020-06-22,active
CUS003286,AMX Client 3286,Europe,United Kingdom,Manufacturing,Small,Direct,2021-12-16,active
CUS003287,AMX Client 3287,Europe,Germany,Technology,Small,Organic,2020-12-06,active
CUS003288,AMX Client 3288,North America,United States,Healthcare,Enterprise,Partner,2022-12-11,active
CUS003289,AMX Client 3289,India,India,Healthcare,Small,Paid Search,2020-08-31,active
CUS003290,AMX Client 3290,North America,Canada,Manufacturing,Small,Organic,2022-11-08,active
CUS003291,AMX Client 3291,North America,Canada,Manufacturing,Medium,Referral,2020-12-27,inactive
CUS003292,AMX Client 3292,Europe,United Kingdom,Healthcare,Enterprise,Paid Search,2020-11-16,active
CUS003293,AMX Client 3293,North America,United States,Healthcare,Small,Direct,2021-10-10,active
CUS003294,AMX Client 3294,North America,United States,Finance,Small,Direct,2022-10-26,active
CUS003295,AMX Client 3295,North America,United States,Manufacturing,Medium,Paid Search,2021-12-06,active
CUS003296,AMX Client 3296,APAC,Japan,Manufacturing,Small,Partner,2021-09-09,active
CUS003297,AMX Client 3297,Europe,United Kingdom,Manufacturing,Medium,Partner,2021-08-23,active
CUS003298,AMX Client 3298,North America,United States,Manufacturing,Small,Direct,2021-08-21,active
CUS003299,AMX Client 3299,North America,United States,Healthcare,Small,Paid Search,2021-12-13,active
CUS003300,AMX Client 3300,India,India,Manufacturing,Small,Partner,2024-01-12,active
CUS003301,AMX Client 3301,APAC,Singapore,Healthcare,Medium,Direct,2022-10-17,active
CUS003302,AMX Client 3302,North America,United States,Finance,Small,Organic,2022-01-15,active
CUS003303,AMX Client 3303,India,India,Technology,Small,Paid Search,2023-08-16,active
CUS003304,AMX Client 3304,APAC,Singapore,Manufacturing,Small,Partner,2022-07-20,active
CUS003305,AMX Client 3305,Europe,United Kingdom,Retail,Medium,Paid Search,2024-08-03,active
CUS003306,AMX Client 3306,India,India,Manufacturing,Small,Organic,2022-09-21,active
CUS003307,AMX Client 3307,India,India,Finance,Medium,Partner,2021-01-16,active
CUS003308,AMX Client 3308,India,India,Finance,Medium,Partner,2022-09-21,inactive
CUS003309,AMX Client 3309,Europe,Netherlands,Manufacturing,Small,Direct,2023-09-28,active
CUS003310,AMX Client 3310,India,India,Retail,Enterprise,Partner,2021-01-11,active
CUS003311,AMX Client 3311,APAC,Japan,Healthcare,Enterprise,Referral,2020-12-23,active
CUS003312,AMX Client 3312,APAC,Australia,Finance,Small,Direct,2022-11-24,active
CUS003313,AMX Client 3313,North America,Canada,Healthcare,Small,Referral,2024-04-11,active
CUS003314,AMX Client 3314,Europe,Netherlands,Retail,Small,Direct,2021-08-13,active
CUS003315,AMX Client 3315,India,India,Manufacturing,Small,Partner,2022-06-14,active
CUS003316,AMX Client 3316,India,India,Retail,Medium,Organic,2023-03-02,active
CUS003317,AMX Client 3317,Europe,Netherlands,Technology,Enterprise,Paid Search,2023-03-17,active
CUS003318,AMX Client 3318,India,India,Healthcare,Enterprise,Direct,2020-09-14,active
CUS003319,AMX Client 3319,India,India,Manufacturing,Small,Direct,2021-11-28,active
CUS003320,AMX Client 3320,North America,United States,Manufacturing,Small,Organic,2024-10-21,active
CUS003321,AMX Client 3321,India,India,Technology,Small,Partner,2024-04-18,active
CUS003322,AMX Client 3322,North America,Canada,Manufacturing,Medium,Organic,2023-09-25,active
CUS003323,AMX Client 3323,Europe,Germany,Finance,Small,Paid Search,2020-02-12,active
CUS003324,AMX Client 3324,Europe,France,Manufacturing,Enterprise,Direct,2022-01-06,active
CUS003325,AMX Client 3325,Europe,Netherlands,Healthcare,Enterprise,Paid Search,2020-03-31,inactive
CUS003326,AMX Client 3326,APAC,Australia,Manufacturing,Small,Direct,2021-06-16,active
CUS003327,AMX Client 3327,North America,United States,Finance,Medium,Referral,2024-03-07,active
CUS003328,AMX Client 3328,APAC,Singapore,Healthcare,Medium,Referral,2021-11-15,active
CUS003329,AMX Client 3329,North America,United States,Healthcare,Medium,Paid Search,2020-10-24,active
CUS003330,AMX Client 3330,India,India,Technology,Small,Referral,2023-06-27,active
CUS003331,AMX Client 3331,APAC,Singapore,Healthcare,Small,Paid Search,2023-09-02,active
CUS003332,AMX Client 3332,India,India,Technology,Medium,Direct,2023-03-03,active
CUS003333,AMX Client 3333,India,India,Manufacturing,Small,Direct,2023-11-29,active
CUS003334,AMX Client 3334,India,India,Technology,Medium,Direct,2023-05-24,active
CUS003335,AMX Client 3335,North America,United States,Technology,Small,Organic,2023-01-25,inactive
CUS003336,AMX Client 3336,North America,Canada,Retail,Medium,Organic,2024-04-18,active
CUS003337,AMX Client 3337,North America,United States,Technology,Medium,Organic,2021-07-26,active
CUS003338,AMX Client 3338,APAC,Australia,Technology,Small,Paid Search,2022-03-16,active
CUS003339,AMX Client 3339,India,India,Technology,Small,Organic,2022-09-21,active
CUS003340,AMX Client 3340,North America,United States,Finance,Medium,Direct,2023-03-28,active
CUS003341,AMX Client 3341,North America,Canada,Retail,Small,Direct,2022-04-21,active
CUS003342,AMX Client 3342,Europe,Netherlands,Technology,Medium,Referral,2022-02-18,active
CUS003343,AMX Client 3343,India,India,Technology,Medium,Partner,2020-10-18,active
CUS003344,AMX Client 3344,India,India,Healthcare,Small,Partner,2023-01-31,active
CUS003345,AMX Client 3345,North America,United States,Finance,Medium,Direct,2020-08-06,inactive
CUS003346,AMX Client 3346,Europe,Germany,Healthcare,Small,Referral,2022-04-18,active
CUS003347,AMX Client 3347,Europe,Netherlands,Manufacturing,Medium,Direct,2021-12-23,active
CUS003348,AMX Client 3348,North America,Canada,Technology,Small,Organic,2023-10-03,active
CUS003349,AMX Client 3349,Europe,Germany,Manufacturing,Small,Direct,2022-04-21,active
CUS003350,AMX Client 3350,North America,United States,Healthcare,Small,Direct,2020-01-10,active
CUS003351,AMX Client 3351,India,India,Manufacturing,Enterprise,Paid Search,2022-06-12,active
CUS003352,AMX Client 3352,India,India,Retail,Enterprise,Organic,2021-01-15,active
CUS003353,AMX Client 3353,India,India,Technology,Medium,Paid Search,2021-11-02,active
CUS003354,AMX Client 3354,North America,Canada,Manufacturing,Small,Direct,2021-06-07,active
CUS003355,AMX Client 3355,North America,Canada,Retail,Medium,Referral,2020-10-21,active
CUS003356,AMX Client 3356,North America,United States,Technology,Medium,Organic,2024-07-27,active
CUS003357,AMX Client 3357,North America,Canada,Technology,Medium,Referral,2021-03-23,active
CUS003358,AMX Client 3358,North America,Canada,Finance,Small,Direct,2022-06-14,active
CUS003359,AMX Client 3359,Europe,Netherlands,Finance,Enterprise,Partner,2024-01-02,active
CUS003360,AMX Client 3360,Europe,United Kingdom,Retail,Small,Partner,2021-10-05,active
CUS003361,AMX Client 3361,North America,United States,Retail,Small,Paid Search,2024-07-13,active
CUS003362,AMX Client 3362,North America,Canada,Manufacturing,Enterprise,Paid Search,2021-12-15,active
CUS003363,AMX Client 3363,North America,Canada,Manufacturing,Small,Organic,2024-07-30,active
CUS003364,AMX Client 3364,Europe,France,Healthcare,Small,Direct,2022-03-08,active
CUS003365,AMX Client 3365,North America,United States,Healthcare,Medium,Direct,2020-01-26,active
CUS003366,AMX Client 3366,North America,Canada,Manufacturing,Enterprise,Direct,2024-03-12,active
CUS003367,AMX Client 3367,Europe,France,Finance,Small,Paid Search,2024-03-05,active
CUS003368,AMX Client 3368,Europe,France,Retail,Medium,Partner,2024-08-26,active
CUS003369,AMX Client 3369,India,India,Healthcare,Small,Direct,2020-08-06,active
CUS003370,AMX Client 3370,North America,Canada,Finance,Small,Partner,2024-01-30,active
CUS003371,AMX Client 3371,APAC,Australia,Manufacturing,Small,Direct,2021-08-26,active
CUS003372,AMX Client 3372,India,India,Finance,Medium,Referral,2024-01-26,active
CUS003373,AMX Client 3373,APAC,Australia,Technology,Small,Partner,2024-08-28,active
CUS003374,AMX Client 3374,India,India,Finance,Small,Referral,2020-12-17,active
CUS003375,AMX Client 3375,North America,United States,Manufacturing,Medium,Paid Search,2021-10-17,active
CUS003376,AMX Client 3376,North America,Canada,Finance,Medium,Organic,2021-04-19,active
CUS003377,AMX Client 3377,India,India,Finance,Medium,Organic,2021-06-21,active
CUS003378,AMX Client 3378,APAC,Australia,Manufacturing,Medium,Paid Search,2022-11-18,active
CUS003379,AMX Client 3379,North America,Canada,Technology,Small,Paid Search,2021-12-29,active
CUS003380,AMX Client 3380,APAC,Singapore,Technology,Small,Direct,2023-03-04,inactive
CUS003381,AMX Client 3381,India,India,Manufacturing,Small,Referral,2023-04-05,active
CUS003382,AMX Client 3382,APAC,Japan,Finance,Medium,Partner,2020-12-23,active
CUS003383,AMX Client 3383,APAC,Australia,Technology,Small,Partner,2020-03-18,active
CUS003384,AMX Client 3384,North America,United States,Retail,Small,Partner,2023-08-10,active
CUS003385,AMX Client 3385,India,India,Healthcare,Small,Paid Search,2020-11-16,active
CUS003386,AMX Client 3386,Europe,United Kingdom,Healthcare,Small,Partner,2020-12-19,active
CUS003387,AMX Client 3387,North America,United States,Technology,Enterprise,Partner,2022-11-27,active
CUS003388,AMX Client 3388,APAC,Singapore,Finance,Medium,Direct,2021-04-09,inactive
CUS003389,AMX Client 3389,North America,Canada,Healthcare,Small,Partner,2020-12-01,active
CUS003390,AMX Client 3390,India,India,Healthcare,Medium,Direct,2021-06-25,inactive
CUS003391,AMX Client 3391,India,India,Healthcare,Medium,Paid Search,2022-07-11,active
CUS003392,AMX Client 3392,Europe,Netherlands,Finance,Small,Partner,2024-02-03,active
CUS003393,AMX Client 3393,APAC,Japan,Manufacturing,Small,Referral,2024-10-12,active
CUS003394,AMX Client 3394,India,India,Technology,Medium,Paid Search,2023-07-16,active
CUS003395,AMX Client 3395,Europe,France,Manufacturing,Small,Paid Search,2024-05-06,active
CUS003396,AMX Client 3396,APAC,Australia,Manufacturing,Medium,Referral,2022-07-26,active
CUS003397,AMX Client 3397,India,India,Healthcare,Medium,Direct,2021-12-22,active
CUS003398,AMX Client 3398,India,India,Retail,Medium,Organic,2023-12-18,active
CUS003399,AMX Client 3399,Europe,France,Finance,Enterprise,Direct,2021-06-18,active
CUS003400,AMX Client 3400,Europe,Germany,Retail,Medium,Direct,2023-12-06,active
CUS003401,AMX Client 3401,India,India,Technology,Small,Partner,2024-10-28,active
CUS003402,AMX Client 3402,Europe,United Kingdom,Finance,Small,Paid Search,2021-11-19,active
CUS003403,AMX Client 3403,North America,Canada,Healthcare,Medium,Paid Search,2023-01-23,active
CUS003404,AMX Client 3404,APAC,Japan,Retail,Medium,Partner,2023-10-12,active
CUS003405,AMX Client 3405,APAC,Singapore,Retail,Enterprise,Paid Search,2023-10-15,active
CUS003406,AMX Client 3406,Europe,United Kingdom,Retail,Medium,Direct,2020-12-30,active
CUS003407,AMX Client 3407,North America,United States,Technology,Small,Direct,2024-08-26,active
CUS003408,AMX Client 3408,India,India,Manufacturing,Medium,Direct,2022-06-07,active
CUS003409,AMX Client 3409,North America,United States,Manufacturing,Enterprise,Organic,2020-03-14,active
CUS003410,AMX Client 3410,India,India,Finance,Medium,Organic,2020-07-27,active
CUS003411,AMX Client 3411,Europe,United Kingdom,Finance,Medium,Partner,2023-07-08,active
CUS003412,AMX Client 3412,India,India,Healthcare,Small,Direct,2022-01-23,active
CUS003413,AMX Client 3413,North America,United States,Technology,Medium,Organic,2020-07-09,active
CUS003414,AMX Client 3414,India,India,Technology,Small,Paid Search,2022-07-07,active
CUS003415,AMX Client 3415,India,India,Manufacturing,Small,Direct,2022-11-24,active
CUS003416,AMX Client 3416,India,India,Technology,Medium,Paid Search,2020-05-21,inactive
CUS003417,AMX Client 3417,Europe,United Kingdom,Retail,Enterprise,Organic,2021-09-10,active
CUS003418,AMX Client 3418,Europe,Germany,Manufacturing,Enterprise,Organic,2022-03-27,active
CUS003419,AMX Client 3419,India,India,Healthcare,Small,Direct,2023-10-10,active
CUS003420,AMX Client 3420,APAC,Japan,Finance,Small,Referral,2023-02-24,active
CUS003421,AMX Client 3421,APAC,Singapore,Technology,Small,Organic,2020-06-02,active
CUS003422,AMX Client 3422,North America,United States,Healthcare,Medium,Partner,2022-12-20,active
CUS003423,AMX Client 3423,Europe,Netherlands,Retail,Medium,Paid Search,2024-05-12,active
CUS003424,AMX Client 3424,North America,United States,Manufacturing,Enterprise,Paid Search,2020-04-05,active
CUS003425,AMX Client 3425,India,India,Healthcare,Small,Paid Search,2024-10-08,active
CUS003426,AMX Client 3426,North America,Canada,Technology,Medium,Paid Search,2020-06-17,active
CUS003427,AMX Client 3427,India,India,Finance,Medium,Direct,2023-01-04,active
CUS003428,AMX Client 3428,APAC,Australia,Healthcare,Small,Paid Search,2021-09-12,active
CUS003429,AMX Client 3429,APAC,Japan,Healthcare,Enterprise,Partner,2023-07-14,active
CUS003430,AMX Client 3430,Europe,Germany,Healthcare,Medium,Paid Search,2024-01-28,active
CUS003431,AMX Client 3431,North America,United States,Finance,Small,Partner,2024-02-13,active
CUS003432,AMX Client 3432,North America,United States,Finance,Small,Direct,2024-03-15,active
CUS003433,AMX Client 3433,APAC,Singapore,Finance,Enterprise,Partner,2023-12-12,active
CUS003434,AMX Client 3434,India,India,Healthcare,Medium,Paid Search,2021-06-30,active
CUS003435,AMX Client 3435,India,India,Technology,Medium,Organic,2022-04-01,active
CUS003436,AMX Client 3436,North America,United States,Manufacturing,Medium,Paid Search,2023-06-23,active
CUS003437,AMX Client 3437,North America,Canada,Finance,Small,Direct,2020-10-24,active
CUS003438,AMX Client 3438,North America,United States,Retail,Medium,Direct,2022-10-16,active
CUS003439,AMX Client 3439,India,India,Finance,Enterprise,Organic,2022-07-25,active
CUS003440,AMX Client 3440,Europe,France,Retail,Small,Partner,2024-10-02,active
CUS003441,AMX Client 3441,India,India,Healthcare,Medium,Paid Search,2020-03-28,active
CUS003442,AMX Client 3442,India,India,Technology,Small,Referral,2020-06-16,inactive
CUS003443,AMX Client 3443,India,India,Retail,Small,Organic,2020-02-23,active
CUS003444,AMX Client 3444,North America,Canada,Technology,Small,Partner,2022-08-25,active
CUS003445,AMX Client 3445,APAC,Singapore,Technology,Enterprise,Organic,2022-08-30,active
CUS003446,AMX Client 3446,North America,United States,Healthcare,Small,Referral,2022-11-12,active
CUS003447,AMX Client 3447,Europe,France,Retail,Small,Paid Search,2021-03-03,active
CUS003448,AMX Client 3448,Europe,United Kingdom,Healthcare,Medium,Paid Search,2021-06-27,active
CUS003449,AMX Client 3449,North America,Canada,Finance,Small,Partner,2022-01-06,inactive
CUS003450,AMX Client 3450,Europe,United Kingdom,Finance,Medium,Paid Search,2020-03-23,active
CUS003451,AMX Client 3451,Europe,United Kingdom,Retail,Enterprise,Direct,2023-08-21,active
CUS003452,AMX Client 3452,North America,United States,Technology,Small,Paid Search,2020-04-02,active
CUS003453,AMX Client 3453,India,India,Manufacturing,Small,Referral,2023-03-23,active
CUS003454,AMX Client 3454,India,India,Finance,Enterprise,Referral,2022-03-12,active
CUS003455,AMX Client 3455,APAC,Singapore,Healthcare,Small,Direct,2024-10-29,active
CUS003456,AMX Client 3456,Europe,United Kingdom,Technology,Small,Paid Search,2023-05-07,active
CUS003457,AMX Client 3457,APAC,Australia,Healthcare,Enterprise,Direct,2022-04-19,active
CUS003458,AMX Client 3458,APAC,Australia,Finance,Enterprise,Organic,2023-05-21,active
CUS003459,AMX Client 3459,India,India,Finance,Medium,Paid Search,2020-07-26,active
CUS003460,AMX Client 3460,Europe,France,Retail,Medium,Organic,2020-11-15,active
CUS003461,AMX Client 3461,North America,United States,Technology,Enterprise,Partner,2022-05-31,active
CUS003462,AMX Client 3462,Europe,United Kingdom,Technology,Medium,Paid Search,2024-02-24,active
CUS003463,AMX Client 3463,India,India,Healthcare,Medium,Paid Search,2023-12-19,active
CUS003464,AMX Client 3464,India,India,Finance,Medium,Organic,2021-10-28,active
CUS003465,AMX Client 3465,Europe,United Kingdom,Retail,Medium,Organic,2021-05-15,inactive
CUS003466,AMX Client 3466,Europe,United Kingdom,Healthcare,Small,Paid Search,2024-08-30,active
CUS003467,AMX Client 3467,Europe,Netherlands,Healthcare,Small,Partner,2022-09-25,active
CUS003468,AMX Client 3468,North America,United States,Healthcare,Small,Direct,2020-07-27,active
CUS003469,AMX Client 3469,North America,United States,Manufacturing,Medium,Organic,2021-02-01,active
CUS003470,AMX Client 3470,APAC,Australia,Healthcare,Small,Paid Search,2024-01-17,active
CUS003471,AMX Client 3471,North America,United States,Finance,Small,Partner,2024-05-05,active
CUS003472,AMX Client 3472,North America,Canada,Finance,Medium,Direct,2024-05-23,active
CUS003473,AMX Client 3473,North America,Canada,Manufacturing,Small,Referral,2020-01-13,active
CUS003474,AMX Client 3474,North America,Canada,Retail,Small,Paid Search,2023-12-23,active
CUS003475,AMX Client 3475,North America,United States,Retail,Small,Organic,2020-07-16,active
CUS003476,AMX Client 3476,North America,United States,Manufacturing,Small,Paid Search,2023-11-29,active
CUS003477,AMX Client 3477,Europe,Netherlands,Finance,Medium,Referral,2024-04-05,active
CUS003478,AMX Client 3478,APAC,Australia,Finance,Small,Organic,2021-09-30,active
CUS003479,AMX Client 3479,APAC,Singapore,Technology,Small,Direct,2020-12-07,active
CUS003480,AMX Client 3480,North America,Canada,Technology,Medium,Organic,2023-06-13,active
CUS003481,AMX Client 3481,North America,United States,Healthcare,Small,Referral,2020-04-30,active
CUS003482,AMX Client 3482,Europe,Netherlands,Retail,Small,Paid Search,2022-10-20,inactive
CUS003483,AMX Client 3483,Europe,Netherlands,Finance,Medium,Direct,2021-08-08,active
CUS003484,AMX Client 3484,North America,Canada,Finance,Medium,Referral,2022-01-19,active
CUS003485,AMX Client 3485,Europe,United Kingdom,Healthcare,Medium,Paid Search,2023-12-29,active
CUS003486,AMX Client 3486,Europe,France,Technology,Medium,Partner,2024-10-19,active
CUS003487,AMX Client 3487,Europe,United Kingdom,Healthcare,Enterprise,Referral,2021-12-11,active
CUS003488,AMX Client 3488,Europe,Netherlands,Manufacturing,Small,Paid Search,2021-05-27,active
CUS003489,AMX Client 3489,India,India,Retail,Medium,Paid Search,2024-01-13,active
CUS003490,AMX Client 3490,North America,Canada,Retail,Medium,Referral,2021-12-30,active
CUS003491,AMX Client 3491,North America,United States,Retail,Small,Direct,2020-12-18,active
CUS003492,AMX Client 3492,India,India,Technology,Enterprise,Paid Search,2024-05-13,active
CUS003493,AMX Client 3493,APAC,Japan,Healthcare,Small,Partner,2024-10-17,active
CUS003494,AMX Client 3494,Europe,France,Finance,Enterprise,Paid Search,2021-05-25,active
CUS003495,AMX Client 3495,India,India,Retail,Medium,Referral,2020-10-06,active
CUS003496,AMX Client 3496,Europe,Germany,Technology,Medium,Paid Search,2020-09-26,active
CUS003497,AMX Client 3497,Europe,United Kingdom,Manufacturing,Small,Paid Search,2022-11-23,active
CUS003498,AMX Client 3498,Europe,France,Finance,Enterprise,Paid Search,2021-07-01,active
CUS003499,AMX Client 3499,North America,United States,Technology,Medium,Partner,2023-01-05,active
CUS003500,AMX Client 3500,APAC,Singapore,Healthcare,Small,Partner,2023-09-02,active
CUS003501,AMX Client 3501,North America,United States,Manufacturing,Small,Direct,2020-01-11,active
CUS003502,AMX Client 3502,North America,Canada,Retail,Medium,Paid Search,2024-02-27,active
CUS003503,AMX Client 3503,India,India,Technology,Small,Organic,2020-02-21,active
CUS003504,AMX Client 3504,Europe,Netherlands,Manufacturing,Medium,Organic,2020-07-21,active
CUS003505,AMX Client 3505,Europe,Germany,Finance,Medium,Direct,2023-07-04,active
CUS003506,AMX Client 3506,North America,United States,Finance,Small,Organic,2023-01-02,active
CUS003507,AMX Client 3507,North America,Canada,Healthcare,Medium,Organic,2024-09-23,active
CUS003508,AMX Client 3508,Europe,United Kingdom,Finance,Small,Referral,2022-09-28,inactive
CUS003509,AMX Client 3509,Europe,United Kingdom,Technology,Enterprise,Paid Search,2022-01-06,active
CUS003510,AMX Client 3510,India,India,Healthcare,Enterprise,Organic,2023-03-27,active
CUS003511,AMX Client 3511,APAC,Australia,Finance,Small,Paid Search,2023-09-07,active
CUS003512,AMX Client 3512,Europe,France,Manufacturing,Medium,Direct,2023-03-31,active
CUS003513,AMX Client 3513,APAC,Singapore,Technology,Small,Direct,2021-10-16,inactive
CUS003514,AMX Client 3514,APAC,Singapore,Manufacturing,Enterprise,Organic,2024-08-21,active
CUS003515,AMX Client 3515,APAC,Singapore,Healthcare,Small,Paid Search,2021-06-16,inactive
CUS003516,AMX Client 3516,Europe,France,Finance,Medium,Direct,2021-09-03,active
CUS003517,AMX Client 3517,Europe,France,Retail,Enterprise,Direct,2021-05-05,active
CUS003518,AMX Client 3518,India,India,Manufacturing,Small,Organic,2021-06-13,active
CUS003519,AMX Client 3519,North America,Canada,Technology,Medium,Direct,2021-01-11,active
CUS003520,AMX Client 3520,Europe,United Kingdom,Manufacturing,Small,Organic,2022-10-23,active
CUS003521,AMX Client 3521,North America,Canada,Retail,Medium,Organic,2023-07-10,active
CUS003522,AMX Client 3522,APAC,Singapore,Manufacturing,Small,Referral,2022-01-28,active
CUS003523,AMX Client 3523,India,India,Finance,Enterprise,Partner,2024-06-17,active
CUS003524,AMX Client 3524,North America,Canada,Healthcare,Small,Direct,2022-04-16,active
CUS003525,AMX Client 3525,North America,Canada,Manufacturing,Small,Direct,2022-04-04,inactive
CUS003526,AMX Client 3526,North America,United States,Finance,Medium,Direct,2020-05-02,active
CUS003527,AMX Client 3527,India,India,Technology,Medium,Paid Search,2024-05-14,active
CUS003528,AMX Client 3528,India,India,Finance,Medium,Organic,2020-09-18,active
CUS003529,AMX Client 3529,Europe,Netherlands,Retail,Medium,Direct,2020-10-17,active
CUS003530,AMX Client 3530,North America,Canada,Healthcare,Small,Referral,2024-07-09,active
CUS003531,AMX Client 3531,India,India,Retail,Medium,Paid Search,2022-07-06,active
CUS003532,AMX Client 3532,India,India,Manufacturing,Small,Direct,2020-04-30,active
CUS003533,AMX Client 3533,North America,Canada,Retail,Small,Partner,2022-02-19,inactive
CUS003534,AMX Client 3534,India,India,Healthcare,Enterprise,Paid Search,2022-11-08,active
CUS003535,AMX Client 3535,Europe,United Kingdom,Manufacturing,Medium,Paid Search,2020-01-18,active
CUS003536,AMX Client 3536,Europe,United Kingdom,Manufacturing,Small,Referral,2023-08-25,active
CUS003537,AMX Client 3537,India,India,Finance,Small,Direct,2023-03-26,active
CUS003538,AMX Client 3538,Europe,Netherlands,Finance,Enterprise,Paid Search,2020-01-21,active
CUS003539,AMX Client 3539,India,India,Healthcare,Small,Direct,2022-12-28,active
CUS003540,AMX Client 3540,North America,Canada,Retail,Small,Partner,2021-01-28,active
CUS003541,AMX Client 3541,APAC,Australia,Retail,Small,Paid Search,2023-07-20,active
CUS003542,AMX Client 3542,North America,United States,Healthcare,Small,Paid Search,2021-10-27,active
CUS003543,AMX Client 3543,APAC,Australia,Healthcare,Small,Direct,2020-12-22,active
CUS003544,AMX Client 3544,India,India,Manufacturing,Enterprise,Direct,2022-06-14,active
CUS003545,AMX Client 3545,North America,United States,Finance,Small,Paid Search,2022-02-21,active
CUS003546,AMX Client 3546,North America,United States,Healthcare,Small,Direct,2021-08-26,active
CUS003547,AMX Client 3547,North America,Canada,Finance,Medium,Partner,2024-03-31,active
CUS003548,AMX Client 3548,APAC,Japan,Manufacturing,Medium,Direct,2023-02-20,active
CUS003549,AMX Client 3549,India,India,Technology,Medium,Direct,2022-05-10,active
CUS003550,AMX Client 3550,APAC,Australia,Healthcare,Medium,Paid Search,2021-02-03,inactive
CUS003551,AMX Client 3551,APAC,Japan,Technology,Medium,Direct,2022-10-01,active
CUS003552,AMX Client 3552,North America,United States,Manufacturing,Medium,Organic,2020-02-15,active
CUS003553,AMX Client 3553,North America,Canada,Manufacturing,Medium,Paid Search,2024-04-11,active
CUS003554,AMX Client 3554,North America,Canada,Manufacturing,Medium,Direct,2020-01-03,active
CUS003555,AMX Client 3555,India,India,Healthcare,Medium,Organic,2023-05-19,active
CUS003556,AMX Client 3556,Europe,France,Retail,Small,Partner,2021-09-02,inactive
CUS003557,AMX Client 3557,North America,United States,Finance,Medium,Paid Search,2023-06-23,active
CUS003558,AMX Client 3558,APAC,Australia,Manufacturing,Medium,Paid Search,2021-09-30,active
CUS003559,AMX Client 3559,Europe,Germany,Retail,Small,Paid Search,2020-02-16,active
CUS003560,AMX Client 3560,North America,Canada,Manufacturing,Enterprise,Partner,2024-08-02,active
CUS003561,AMX Client 3561,Europe,United Kingdom,,Small,Paid Search,2023-09-14,active
CUS003562,AMX Client 3562,North America,Canada,Healthcare,Small,Organic,2020-03-20,active
CUS003563,AMX Client 3563,APAC,Japan,Finance,Enterprise,Partner,2020-02-28,active
CUS003564,AMX Client 3564,India,India,Retail,Small,Direct,2022-07-25,active
CUS003565,AMX Client 3565,APAC,Australia,Retail,Small,Direct,2024-08-16,active
CUS003566,AMX Client 3566,Europe,France,Healthcare,Small,Partner,2022-10-17,inactive
CUS003567,AMX Client 3567,APAC,Australia,Healthcare,Enterprise,Partner,2020-01-19,active
CUS003568,AMX Client 3568,North America,Canada,Technology,Small,Referral,2023-05-19,active
CUS003569,AMX Client 3569,Europe,France,Finance,Medium,Referral,2022-01-25,active
CUS003570,AMX Client 3570,North America,Canada,Technology,Medium,Direct,2023-02-02,active
CUS003571,AMX Client 3571,Europe,France,Retail,Medium,Referral,2021-09-10,active
CUS003572,AMX Client 3572,India,India,Healthcare,Enterprise,Paid Search,2020-01-15,inactive
CUS003573,AMX Client 3573,North America,Canada,Finance,Medium,Organic,2020-02-02,inactive
CUS003574,AMX Client 3574,North America,Canada,Healthcare,Small,Referral,2023-01-20,inactive
CUS003575,AMX Client 3575,North America,Canada,Technology,Enterprise,Paid Search,2023-01-26,active
CUS003576,AMX Client 3576,North America,Canada,Manufacturing,Medium,Organic,2021-07-23,active
CUS003577,AMX Client 3577,Europe,United Kingdom,Healthcare,Small,Direct,2020-05-25,active
CUS003578,AMX Client 3578,India,India,Healthcare,Small,Direct,2023-09-26,active
CUS003579,AMX Client 3579,Europe,Netherlands,Healthcare,Medium,Referral,2020-09-24,active
CUS003580,AMX Client 3580,India,India,Finance,Small,Direct,2020-11-28,active
CUS003581,AMX Client 3581,Europe,France,Manufacturing,Medium,Direct,2022-03-09,inactive
CUS003582,AMX Client 3582,Europe,Germany,Healthcare,Small,Partner,2023-06-18,active
CUS003583,AMX Client 3583,North America,Canada,Technology,Medium,Organic,2024-10-23,active
CUS003584,AMX Client 3584,Europe,United Kingdom,Manufacturing,Small,Partner,2023-01-09,active
CUS003585,AMX Client 3585,APAC,Japan,Healthcare,Medium,Referral,2024-08-23,active
CUS003586,AMX Client 3586,Europe,France,Finance,Small,Partner,2023-02-25,active
CUS003587,AMX Client 3587,North America,Canada,Manufacturing,Small,Referral,2024-02-06,active
CUS003588,AMX Client 3588,North America,Canada,Finance,Small,Organic,2020-11-06,active
CUS003589,AMX Client 3589,Europe,France,Healthcare,Small,Organic,2020-04-09,inactive
CUS003590,AMX Client 3590,India,India,Healthcare,Medium,Direct,2023-03-27,active
CUS003591,AMX Client 3591,Europe,France,Manufacturing,Medium,Partner,2024-09-18,active
CUS003592,AMX Client 3592,North America,Canada,Retail,Small,Paid Search,2023-07-25,active
CUS003593,AMX Client 3593,Europe,Netherlands,Manufacturing,Enterprise,Paid Search,2021-08-29,active
CUS003594,AMX Client 3594,India,India,Finance,Small,Organic,2022-05-14,active
CUS003595,AMX Client 3595,India,India,Manufacturing,Small,Referral,2020-07-17,active
CUS003596,AMX Client 3596,APAC,Japan,Finance,Medium,Paid Search,2021-08-24,active
CUS003597,AMX Client 3597,APAC,Singapore,Manufacturing,Medium,Direct,2023-04-21,active
CUS003598,AMX Client 3598,APAC,Australia,Healthcare,Medium,Organic,2020-10-21,active
CUS003599,AMX Client 3599,APAC,Singapore,Healthcare,Small,Paid Search,2022-04-30,active
CUS003600,AMX Client 3600,North America,United States,Technology,Small,Paid Search,2021-05-27,active
CUS003601,AMX Client 3601,India,India,Retail,Medium,Direct,2022-05-16,active
CUS003602,AMX Client 3602,India,India,Technology,Small,Direct,2023-09-10,active
CUS003603,AMX Client 3603,North America,Canada,Manufacturing,Small,Partner,2024-04-11,active
CUS003604,AMX Client 3604,India,India,Finance,Enterprise,Partner,2021-12-24,active
CUS003605,AMX Client 3605,APAC,Japan,Manufacturing,Medium,Direct,2023-12-31,active
CUS003606,AMX Client 3606,India,India,Manufacturing,Small,Organic,2023-05-25,active
CUS003607,AMX Client 3607,India,India,Technology,Small,Organic,2024-06-15,active
CUS003608,AMX Client 3608,India,India,Healthcare,Medium,Direct,2023-07-31,active
CUS003609,AMX Client 3609,India,India,Finance,Small,Organic,2022-08-30,active
CUS003610,AMX Client 3610,India,India,Technology,Small,Direct,2023-04-05,active
CUS003611,AMX Client 3611,Europe,Netherlands,Finance,Small,Partner,2021-07-14,active
CUS003612,AMX Client 3612,North America,United States,Retail,Medium,Paid Search,2023-04-04,active
CUS003613,AMX Client 3613,Europe,Germany,Manufacturing,Medium,Referral,2023-06-05,active
CUS003614,AMX Client 3614,APAC,Japan,Healthcare,Small,Direct,2022-12-14,active
CUS003615,AMX Client 3615,Europe,United Kingdom,Finance,Small,Paid Search,2020-06-30,active
CUS003616,AMX Client 3616,Europe,United Kingdom,Finance,Medium,Referral,2022-07-04,active
CUS003617,AMX Client 3617,North America,United States,Finance,Medium,Organic,2023-06-09,active
CUS003618,AMX Client 3618,India,India,Healthcare,Medium,Referral,2020-12-15,active
CUS003619,AMX Client 3619,North America,Canada,Retail,Small,Direct,2023-10-22,active
CUS003620,AMX Client 3620,APAC,Australia,Technology,Medium,Direct,2024-01-28,active
CUS003621,AMX Client 3621,Europe,United Kingdom,Technology,Enterprise,Paid Search,2022-08-09,active
CUS003622,AMX Client 3622,India,India,Technology,Medium,Organic,2024-08-29,active
CUS003623,AMX Client 3623,North America,Canada,Manufacturing,Small,Partner,2024-02-23,active
CUS003624,AMX Client 3624,Europe,Netherlands,Retail,Medium,Direct,2022-04-03,active
CUS003625,AMX Client 3625,Europe,Germany,Retail,Small,Direct,2024-04-10,active
CUS003626,AMX Client 3626,North America,United States,Healthcare,Small,Direct,2024-07-06,active
CUS003627,AMX Client 3627,APAC,Singapore,Technology,Small,Direct,2020-07-09,active
CUS003628,AMX Client 3628,Europe,Germany,Technology,Enterprise,Referral,2024-10-28,active
CUS003629,AMX Client 3629,Europe,France,Finance,Small,Partner,2020-01-09,active
CUS003630,AMX Client 3630,India,India,Finance,Enterprise,Paid Search,2022-05-08,active
CUS003631,AMX Client 3631,India,India,Healthcare,Small,Direct,2024-07-14,active
CUS003632,AMX Client 3632,APAC,Australia,Manufacturing,Small,Partner,2023-07-03,active
CUS003633,AMX Client 3633,Europe,France,Healthcare,Small,Referral,2021-04-16,active
CUS003634,AMX Client 3634,North America,United States,Manufacturing,Medium,Direct,2023-02-10,inactive
CUS003635,AMX Client 3635,North America,Canada,Retail,Small,Partner,2021-01-14,active
CUS003636,AMX Client 3636,India,India,Finance,Small,Paid Search,2021-02-23,active
CUS003637,AMX Client 3637,Europe,United Kingdom,Finance,Small,Direct,2024-05-28,active
CUS003638,AMX Client 3638,India,India,Technology,Small,Direct,2020-03-24,active
CUS003639,AMX Client 3639,Europe,Germany,Manufacturing,Medium,Referral,2024-08-26,active
CUS003640,AMX Client 3640,North America,Canada,Healthcare,Small,Partner,2022-03-11,active
CUS003641,AMX Client 3641,India,India,Healthcare,Small,Organic,2020-04-24,active
CUS003642,AMX Client 3642,India,India,Finance,Enterprise,Direct,2023-10-22,active
CUS003643,AMX Client 3643,Europe,Germany,Healthcare,Small,Direct,2020-03-26,active
CUS003644,AMX Client 3644,India,India,Finance,Small,Organic,2021-07-28,inactive
CUS003645,AMX Client 3645,India,India,Retail,Small,Paid Search,2021-03-01,active
CUS003646,AMX Client 3646,Europe,France,Healthcare,Small,Partner,2023-10-17,active
CUS003647,AMX Client 3647,North America,United States,Manufacturing,Medium,Referral,2021-12-01,active
CUS003648,AMX Client 3648,North America,Canada,Retail,Small,Paid Search,2023-03-02,active
CUS003649,AMX Client 3649,India,India,Healthcare,Small,Organic,2020-05-07,active
CUS003650,AMX Client 3650,APAC,Japan,Retail,Medium,Organic,2023-05-13,active
CUS003651,AMX Client 3651,India,India,Retail,Small,Organic,2023-06-09,active
CUS003652,AMX Client 3652,India,India,Manufacturing,Enterprise,Paid Search,2021-05-19,active
CUS003653,AMX Client 3653,North America,Canada,Manufacturing,Enterprise,Direct,2024-04-05,active
CUS003654,AMX Client 3654,India,India,Finance,Small,Paid Search,2022-04-10,active
CUS003655,AMX Client 3655,North America,United States,Manufacturing,Small,Organic,2023-03-24,active
CUS003656,AMX Client 3656,India,India,Retail,Small,Referral,2020-11-16,active
CUS003657,AMX Client 3657,India,India,Healthcare,Small,Referral,2024-07-05,active
CUS003658,AMX Client 3658,North America,United States,Retail,Small,Direct,2021-03-11,active
CUS003659,AMX Client 3659,APAC,Australia,Healthcare,Medium,Partner,2023-01-10,active
CUS003660,AMX Client 3660,India,India,Manufacturing,Small,Organic,2020-06-07,active
CUS003661,AMX Client 3661,India,India,Retail,Small,Organic,2020-03-20,active
CUS003662,AMX Client 3662,APAC,Japan,Healthcare,Small,Paid Search,2020-08-11,active
CUS003663,AMX Client 3663,APAC,Australia,Retail,Enterprise,Direct,2024-07-22,active
CUS003664,AMX Client 3664,Europe,France,Healthcare,Enterprise,Organic,2021-01-06,active
CUS003665,AMX Client 3665,India,India,Technology,Small,Referral,2024-04-02,inactive
CUS003666,AMX Client 3666,North America,Canada,Healthcare,Medium,Referral,2022-10-21,active
CUS003667,AMX Client 3667,India,India,Retail,Small,Direct,2020-06-05,active
CUS003668,AMX Client 3668,India,India,Retail,Medium,Referral,2022-02-18,active
CUS003669,AMX Client 3669,North America,Canada,Finance,Medium,Direct,2022-04-26,active
CUS003670,AMX Client 3670,North America,United States,Healthcare,Enterprise,Organic,2021-04-16,active
CUS003671,AMX Client 3671,North America,United States,Finance,Small,Direct,2022-12-02,active
CUS003672,AMX Client 3672,Europe,Germany,Technology,Small,Organic,2024-02-29,active
CUS003673,AMX Client 3673,India,India,Manufacturing,Enterprise,Direct,2024-04-09,active
CUS003674,AMX Client 3674,North America,Canada,Retail,Small,Direct,2022-07-16,active
CUS003675,AMX Client 3675,Europe,Netherlands,Technology,Small,Partner,2024-04-26,active
CUS003676,AMX Client 3676,APAC,Singapore,Finance,Medium,Referral,2024-06-18,active
CUS003677,AMX Client 3677,North America,United States,Manufacturing,Medium,Organic,2020-06-04,active
CUS003678,AMX Client 3678,North America,United States,Finance,Medium,Paid Search,2023-01-26,active
CUS003679,AMX Client 3679,India,India,Finance,Medium,Paid Search,2023-09-27,active
CUS003680,AMX Client 3680,India,India,Retail,Medium,Partner,2020-01-28,active
CUS003681,AMX Client 3681,Europe,France,Technology,Small,Direct,2022-12-01,active
CUS003682,AMX Client 3682,India,India,Retail,Medium,Direct,2024-06-01,active
CUS003683,AMX Client 3683,North America,United States,Technology,Medium,Organic,2021-04-18,inactive
CUS003684,AMX Client 3684,North America,United States,Manufacturing,Enterprise,Referral,2024-02-23,active
CUS003685,AMX Client 3685,India,India,Retail,Small,Direct,2024-07-07,active
CUS003686,AMX Client 3686,India,India,Finance,Small,Paid Search,2023-01-26,active
CUS003687,AMX Client 3687,North America,United States,Retail,Medium,Paid Search,2023-01-16,active
CUS003688,AMX Client 3688,APAC,Japan,Technology,Small,Referral,2022-08-02,active
CUS003689,AMX Client 3689,Europe,France,Finance,Small,Partner,2021-12-23,inactive
CUS003690,AMX Client 3690,North America,Canada,Technology,Medium,Referral,2022-03-10,active
CUS003691,AMX Client 3691,India,India,Healthcare,Small,Organic,2022-07-11,active
CUS003692,AMX Client 3692,Europe,France,Manufacturing,Small,Organic,2022-05-01,active
CUS003693,AMX Client 3693,India,India,Retail,Small,Paid Search,2023-12-29,active
CUS003694,AMX Client 3694,North America,United States,Technology,Small,Direct,2023-09-20,active
CUS003695,AMX Client 3695,Europe,Germany,Technology,Medium,Paid Search,2021-09-05,active
CUS003696,AMX Client 3696,North America,Canada,Manufacturing,Small,Organic,2022-06-25,active
CUS003697,AMX Client 3697,India,India,Finance,Small,Paid Search,2021-01-15,active
CUS003698,AMX Client 3698,India,India,Finance,Small,Paid Search,2020-11-06,active
CUS003699,AMX Client 3699,India,India,Technology,Small,Organic,2021-10-13,active
CUS003700,AMX Client 3700,North America,Canada,Healthcare,Small,Direct,2020-04-12,active
CUS003701,AMX Client 3701,APAC,Japan,Technology,Small,Partner,2024-02-18,active
CUS003702,AMX Client 3702,India,India,Manufacturing,Medium,Referral,2020-08-10,active
CUS003703,AMX Client 3703,North America,Canada,Finance,Small,Organic,2021-07-30,active
CUS003704,AMX Client 3704,Europe,France,Technology,Small,Referral,2021-03-20,active
CUS003705,AMX Client 3705,India,India,Healthcare,Small,Partner,2020-12-31,active
CUS003706,AMX Client 3706,India,India,Finance,Small,Organic,2021-10-11,active
CUS003707,AMX Client 3707,North America,Canada,Healthcare,Small,Paid Search,2023-06-24,inactive
CUS003708,AMX Client 3708,Europe,United Kingdom,Technology,Small,Paid Search,2024-04-25,active
CUS003709,AMX Client 3709,North America,United States,Manufacturing,Small,Partner,2020-11-29,active
CUS003710,AMX Client 3710,Europe,United Kingdom,Finance,Small,Direct,2021-02-26,active
CUS003711,AMX Client 3711,APAC,Singapore,Healthcare,Medium,Referral,2022-04-09,active
CUS003712,AMX Client 3712,Europe,France,Manufacturing,Small,Paid Search,2021-07-18,active
CUS003713,AMX Client 3713,APAC,Japan,Retail,Medium,Organic,2023-11-13,active
CUS003714,AMX Client 3714,Europe,Germany,Finance,Medium,Organic,2021-01-28,active
CUS003715,AMX Client 3715,APAC,Australia,Finance,Small,Direct,2021-12-11,active
CUS003716,AMX Client 3716,Europe,Netherlands,Healthcare,Small,Partner,2022-08-21,active
CUS003717,AMX Client 3717,Europe,France,Technology,Small,Direct,2021-11-04,active
CUS003718,AMX Client 3718,Europe,Germany,Technology,Small,Direct,2022-12-25,active
CUS003719,AMX Client 3719,APAC,Singapore,Healthcare,Medium,Paid Search,2023-11-12,active
CUS003720,AMX Client 3720,North America,Canada,Technology,Small,Partner,2022-07-28,active
CUS003721,AMX Client 3721,Europe,Germany,Finance,Medium,Paid Search,2022-03-17,active
CUS003722,AMX Client 3722,North America,United States,Healthcare,Small,Organic,2024-08-07,active
CUS003723,AMX Client 3723,APAC,Australia,,Medium,Direct,2024-09-29,active
CUS003724,AMX Client 3724,North America,Canada,Manufacturing,Medium,Partner,2024-10-23,active
CUS003725,AMX Client 3725,Europe,Germany,Manufacturing,Small,Direct,2020-01-30,active
CUS003726,AMX Client 3726,Europe,United Kingdom,Technology,Enterprise,Paid Search,2024-01-18,active
CUS003727,AMX Client 3727,APAC,Japan,Technology,Enterprise,Referral,2024-05-06,active
CUS003728,AMX Client 3728,India,India,Manufacturing,Small,Paid Search,2023-11-23,active
CUS003729,AMX Client 3729,Europe,Germany,Technology,Small,Paid Search,2023-08-16,active
CUS003730,AMX Client 3730,Europe,France,Retail,Small,Paid Search,2021-10-08,active
CUS003731,AMX Client 3731,APAC,Singapore,Manufacturing,Small,Paid Search,2023-07-06,active
CUS003732,AMX Client 3732,APAC,Singapore,Retail,Medium,Organic,2022-10-20,active
CUS003733,AMX Client 3733,North America,Canada,Finance,Small,Paid Search,2024-01-08,inactive
CUS003734,AMX Client 3734,North America,United States,Technology,Small,Partner,2021-09-12,active
CUS003735,AMX Client 3735,India,India,Finance,Medium,Direct,2023-08-04,active
CUS003736,AMX Client 3736,APAC,Singapore,Retail,Small,Paid Search,2023-10-17,active
CUS003737,AMX Client 3737,India,India,Technology,Medium,Paid Search,2024-01-12,active
CUS003738,AMX Client 3738,Europe,France,Retail,Small,Direct,2020-10-30,active
CUS003739,AMX Client 3739,Europe,Netherlands,Retail,Medium,Referral,2024-03-05,active
CUS003740,AMX Client 3740,North America,United States,Finance,Medium,Direct,2021-01-17,active
CUS003741,AMX Client 3741,India,India,Manufacturing,Small,Paid Search,2024-07-12,active
CUS003742,AMX Client 3742,India,India,Manufacturing,Medium,Referral,2020-03-09,active
CUS003743,AMX Client 3743,APAC,Singapore,Healthcare,Small,Partner,2021-01-29,active
CUS003744,AMX Client 3744,North America,United States,Retail,Medium,Referral,2022-12-11,active
CUS003745,AMX Client 3745,India,India,Retail,Medium,Paid Search,2022-08-17,active
CUS003746,AMX Client 3746,Europe,France,Technology,Small,Paid Search,2023-04-30,inactive
CUS003747,AMX Client 3747,India,India,Finance,Medium,Referral,2021-12-13,active
CUS003748,AMX Client 3748,APAC,Japan,Technology,Enterprise,Organic,2020-01-06,inactive
CUS003749,AMX Client 3749,North America,Canada,Finance,Medium,Organic,2022-12-26,active
CUS003750,AMX Client 3750,India,India,Retail,Medium,Paid Search,2022-06-21,active
CUS003751,AMX Client 3751,India,India,Healthcare,Medium,Partner,2022-06-17,active
CUS003752,AMX Client 3752,North America,United States,Finance,Small,Partner,2021-10-27,active
CUS003753,AMX Client 3753,North America,United States,Finance,Medium,Direct,2024-04-21,active
CUS003754,AMX Client 3754,Europe,United Kingdom,Healthcare,Medium,Partner,2023-10-31,active
CUS003755,AMX Client 3755,North America,United States,Technology,Small,Paid Search,2020-11-16,active
CUS003756,AMX Client 3756,North America,United States,Technology,Small,Referral,2020-03-09,active
CUS003757,AMX Client 3757,India,India,Healthcare,Small,Referral,2020-11-16,inactive
CUS003758,AMX Client 3758,India,India,Retail,Small,Direct,2020-03-26,inactive
CUS003759,AMX Client 3759,APAC,Singapore,Manufacturing,Small,Organic,2023-06-06,active
CUS003760,AMX Client 3760,India,India,Healthcare,Small,Organic,2022-12-31,active
CUS003761,AMX Client 3761,APAC,Singapore,Manufacturing,Medium,Direct,2022-03-28,active
CUS003762,AMX Client 3762,North America,Canada,Healthcare,Small,Organic,2022-11-10,active
CUS003763,AMX Client 3763,India,India,Manufacturing,Small,Partner,2023-11-28,active
CUS003764,AMX Client 3764,India,India,Technology,Medium,Referral,2024-01-07,active
CUS003765,AMX Client 3765,India,India,Retail,Small,Partner,2022-02-06,active
CUS003766,AMX Client 3766,Europe,Germany,Manufacturing,Small,Paid Search,2022-11-11,active
CUS003767,AMX Client 3767,North America,Canada,Healthcare,Medium,Referral,2022-10-15,active
CUS003768,AMX Client 3768,North America,United States,Retail,Enterprise,Paid Search,2024-08-03,active
CUS003769,AMX Client 3769,Europe,United Kingdom,Manufacturing,Medium,Direct,2023-09-06,active
CUS003770,AMX Client 3770,Europe,France,Finance,Small,Partner,2021-07-09,active
CUS003771,AMX Client 3771,APAC,Japan,Technology,Small,Referral,2024-04-15,active
CUS003772,AMX Client 3772,APAC,Japan,Healthcare,Enterprise,Direct,2021-12-03,active
CUS003773,AMX Client 3773,Europe,France,Retail,Medium,Direct,2023-08-31,active
CUS003774,AMX Client 3774,Europe,Germany,Technology,Medium,Referral,2024-09-22,active
CUS003775,AMX Client 3775,Europe,France,Finance,Medium,Paid Search,2023-11-29,active
CUS003776,AMX Client 3776,North America,Canada,Technology,Small,Paid Search,2020-07-08,active
CUS003777,AMX Client 3777,Europe,France,Manufacturing,Small,Direct,2020-12-29,active
CUS003778,AMX Client 3778,India,India,Manufacturing,Medium,Organic,2023-11-06,active
CUS003779,AMX Client 3779,Europe,Netherlands,Manufacturing,Enterprise,Paid Search,2020-08-05,active
CUS003780,AMX Client 3780,APAC,Japan,Technology,Small,Partner,2020-01-21,active
CUS003781,AMX Client 3781,India,India,Manufacturing,Medium,Direct,2021-03-31,active
CUS003782,AMX Client 3782,Europe,Netherlands,Retail,Small,Direct,2022-05-09,active
CUS003783,AMX Client 3783,APAC,Australia,Finance,Enterprise,Organic,2020-08-14,active
CUS003784,AMX Client 3784,India,India,Healthcare,Small,Partner,2020-09-27,active
CUS003785,AMX Client 3785,North America,United States,Manufacturing,Medium,Paid Search,2021-08-21,active
CUS003786,AMX Client 3786,APAC,Japan,Retail,Small,Partner,2022-11-23,active
CUS003787,AMX Client 3787,APAC,Japan,Technology,Medium,Direct,2022-08-19,active
CUS003788,AMX Client 3788,India,India,Manufacturing,Medium,Referral,2023-11-10,active
CUS003789,AMX Client 3789,North America,United States,Technology,Small,Referral,2024-09-27,active
CUS003790,AMX Client 3790,Europe,United Kingdom,Technology,Medium,Paid Search,2020-02-28,active
CUS003791,AMX Client 3791,India,India,Healthcare,Enterprise,Referral,2023-04-30,active
CUS003792,AMX Client 3792,North America,Canada,Healthcare,Enterprise,Direct,2020-10-16,active
CUS003793,AMX Client 3793,India,India,Healthcare,Small,Organic,2021-09-28,active
CUS003794,AMX Client 3794,India,India,Manufacturing,Medium,Direct,2021-08-28,active
CUS003795,AMX Client 3795,North America,United States,Manufacturing,Medium,Organic,2023-05-22,active
CUS003796,AMX Client 3796,Europe,Netherlands,Technology,Medium,Paid Search,2021-03-27,active
CUS003797,AMX Client 3797,Europe,United Kingdom,Finance,Small,Paid Search,2024-04-28,active
CUS003798,AMX Client 3798,Europe,Netherlands,Healthcare,Medium,Direct,2021-11-07,active
CUS003799,AMX Client 3799,North America,Canada,Finance,Small,Partner,2023-12-10,active
CUS003800,AMX Client 3800,India,India,Healthcare,Small,Referral,2024-08-07,active
CUS003801,AMX Client 3801,India,India,Retail,Small,Organic,2022-06-20,active
CUS003802,AMX Client 3802,India,India,Retail,Small,Partner,2020-06-27,active
CUS003803,AMX Client 3803,North America,United States,Technology,Small,Partner,2023-05-23,active
CUS003804,AMX Client 3804,India,India,Healthcare,Small,Partner,2022-01-17,active
CUS003805,AMX Client 3805,India,India,Manufacturing,Medium,Organic,2021-08-20,active
CUS003806,AMX Client 3806,India,India,Manufacturing,Medium,Organic,2022-03-18,active
CUS003807,AMX Client 3807,Europe,United Kingdom,Finance,Small,Organic,2021-06-13,active
CUS003808,AMX Client 3808,Europe,Netherlands,Healthcare,Medium,Organic,2021-05-10,active
CUS003809,AMX Client 3809,APAC,Singapore,Technology,Enterprise,Organic,2024-10-13,active
CUS003810,AMX Client 3810,Europe,United Kingdom,Healthcare,Enterprise,Direct,2021-05-06,active
CUS003811,AMX Client 3811,North America,Canada,Retail,Medium,Direct,2022-03-20,active
CUS003812,AMX Client 3812,India,India,Manufacturing,Enterprise,Partner,2023-06-16,active
CUS003813,AMX Client 3813,North America,Canada,Healthcare,Medium,Referral,2021-01-25,active
CUS003814,AMX Client 3814,India,India,Technology,Enterprise,Paid Search,2022-12-27,active
CUS003815,AMX Client 3815,North America,United States,Manufacturing,Enterprise,Direct,2024-04-30,active
CUS003816,AMX Client 3816,North America,United States,Healthcare,Small,Organic,2023-12-06,active
CUS003817,AMX Client 3817,North America,Canada,Finance,Enterprise,Organic,2020-02-20,active
CUS003818,AMX Client 3818,India,India,Finance,Medium,Organic,2021-12-16,active
CUS003819,AMX Client 3819,Europe,France,Technology,Medium,Paid Search,2020-01-01,active
CUS003820,AMX Client 3820,APAC,Australia,Finance,Enterprise,Referral,2022-12-07,active
CUS003821,AMX Client 3821,Europe,Germany,Manufacturing,Small,Direct,2021-07-28,active
CUS003822,AMX Client 3822,Europe,United Kingdom,Manufacturing,Small,Organic,2024-04-27,active
CUS003823,AMX Client 3823,North America,United States,Retail,Medium,Organic,2020-11-05,active
CUS003824,AMX Client 3824,India,India,Finance,Medium,Organic,2024-02-12,active
CUS003825,AMX Client 3825,Europe,Netherlands,Finance,Enterprise,Direct,2021-08-27,active
CUS003826,AMX Client 3826,North America,United States,Manufacturing,Enterprise,Organic,2024-06-12,active
CUS003827,AMX Client 3827,India,India,Technology,Medium,Direct,2020-12-18,active
CUS003828,AMX Client 3828,North America,Canada,Healthcare,Enterprise,Paid Search,2021-04-20,inactive
CUS003829,AMX Client 3829,APAC,Singapore,Manufacturing,Small,Paid Search,2021-09-11,active
CUS003830,AMX Client 3830,Europe,Netherlands,Manufacturing,Enterprise,Partner,2024-10-06,active
CUS003831,AMX Client 3831,North America,United States,Healthcare,Small,Referral,2023-07-20,active
CUS003832,AMX Client 3832,Europe,Netherlands,Manufacturing,Medium,Paid Search,2023-12-12,active
CUS003833,AMX Client 3833,North America,Canada,Finance,Small,Organic,2022-09-03,active
CUS003834,AMX Client 3834,North America,United States,Manufacturing,Medium,Referral,2023-11-04,active
CUS003835,AMX Client 3835,India,India,Technology,Small,Paid Search,2023-01-12,active
CUS003836,AMX Client 3836,North America,Canada,Technology,Small,Direct,2023-03-24,active
CUS003837,AMX Client 3837,Europe,Germany,Technology,Medium,Organic,2024-01-18,active
CUS003838,AMX Client 3838,India,India,Healthcare,Medium,Organic,2024-10-02,active
CUS003839,AMX Client 3839,Europe,Netherlands,Finance,Small,Organic,2022-10-13,active
CUS003840,AMX Client 3840,India,India,Healthcare,Medium,Referral,2022-02-18,active
CUS003841,AMX Client 3841,Europe,Netherlands,Technology,Small,Organic,2023-02-27,inactive
CUS003842,AMX Client 3842,Europe,Netherlands,Healthcare,Small,Direct,2023-08-02,active
CUS003843,AMX Client 3843,Europe,France,Finance,Small,Organic,2024-10-07,active
CUS003844,AMX Client 3844,Europe,Germany,Retail,Medium,Paid Search,2023-05-19,active
CUS003845,AMX Client 3845,APAC,Singapore,Technology,Medium,Partner,2024-08-12,active
CUS003846,AMX Client 3846,North America,Canada,Manufacturing,Medium,Direct,2023-07-16,active
CUS003847,AMX Client 3847,Europe,United Kingdom,Finance,Medium,Partner,2024-08-07,active
CUS003848,AMX Client 3848,Europe,France,Healthcare,Medium,Paid Search,2023-08-20,active
CUS003849,AMX Client 3849,India,India,Retail,Medium,Direct,2024-04-11,active
CUS003850,AMX Client 3850,India,India,Retail,Enterprise,Partner,2020-12-02,active
CUS003851,AMX Client 3851,North America,Canada,Retail,Small,Direct,2024-10-18,active
CUS003852,AMX Client 3852,India,India,Technology,Small,Organic,2021-09-08,active
CUS003853,AMX Client 3853,North America,United States,Manufacturing,Small,Direct,2023-11-09,active
CUS003854,AMX Client 3854,North America,Canada,Healthcare,Medium,Direct,2021-11-23,active
CUS003855,AMX Client 3855,Europe,France,Finance,Medium,Paid Search,2022-03-19,active
CUS003856,AMX Client 3856,India,India,Technology,Small,Direct,2023-08-13,active
CUS003857,AMX Client 3857,Europe,United Kingdom,Manufacturing,Enterprise,Direct,2022-08-12,active
CUS003858,AMX Client 3858,North America,Canada,Finance,Enterprise,Organic,2023-06-18,active
CUS003859,AMX Client 3859,Europe,United Kingdom,Manufacturing,Small,Direct,2020-05-19,active
CUS003860,AMX Client 3860,India,India,Healthcare,Small,Direct,2024-01-11,active
CUS003861,AMX Client 3861,North America,Canada,Manufacturing,Small,Organic,2021-12-22,inactive
CUS003862,AMX Client 3862,India,India,Healthcare,Small,Partner,2023-10-24,active
CUS003863,AMX Client 3863,Europe,France,Technology,Enterprise,Organic,2021-05-19,active
CUS003864,AMX Client 3864,North America,Canada,Technology,Medium,Referral,2022-11-18,inactive
CUS003865,AMX Client 3865,APAC,Australia,Finance,Small,Organic,2022-11-04,active
CUS003866,AMX Client 3866,North America,United States,Retail,Small,Organic,2020-09-04,active
CUS003867,AMX Client 3867,North America,United States,Healthcare,Small,Referral,2022-04-17,active
CUS003868,AMX Client 3868,India,India,Manufacturing,Small,Organic,2023-01-27,active
CUS003869,AMX Client 3869,Europe,Netherlands,Technology,Small,Paid Search,2024-01-16,active
CUS003870,AMX Client 3870,North America,Canada,Healthcare,Medium,Organic,2024-04-15,active
CUS003871,AMX Client 3871,North America,United States,Technology,Medium,Organic,2021-11-10,active
CUS003872,AMX Client 3872,India,India,Retail,Enterprise,Referral,2023-02-09,active
CUS003873,AMX Client 3873,India,India,Technology,Small,Direct,2020-11-04,active
CUS003874,AMX Client 3874,India,India,Finance,Medium,Referral,2024-04-30,active
CUS003875,AMX Client 3875,APAC,Australia,Healthcare,Small,Organic,2024-03-13,active
CUS003876,AMX Client 3876,North America,Canada,Healthcare,Small,Organic,2024-10-30,active
CUS003877,AMX Client 3877,India,India,Manufacturing,Enterprise,Organic,2022-05-08,active
CUS003878,AMX Client 3878,APAC,Singapore,Retail,Medium,Partner,2021-09-26,active
CUS003879,AMX Client 3879,India,India,Finance,Small,Direct,2023-08-31,active
CUS003880,AMX Client 3880,North America,United States,Manufacturing,Small,Referral,2023-07-01,active
CUS003881,AMX Client 3881,Europe,Netherlands,Manufacturing,Medium,Organic,2021-01-09,active
CUS003882,AMX Client 3882,APAC,Australia,Manufacturing,Enterprise,Referral,2022-08-11,active
CUS003883,AMX Client 3883,Europe,France,Healthcare,Medium,Partner,2023-02-10,active
CUS003884,AMX Client 3884,North America,United States,Healthcare,Small,Partner,2022-03-14,active
CUS003885,AMX Client 3885,APAC,Australia,Technology,Small,Partner,2021-10-17,active
CUS003886,AMX Client 3886,India,India,Retail,Small,Direct,2021-02-27,active
CUS003887,AMX Client 3887,APAC,Singapore,Retail,Small,Organic,2021-12-27,active
CUS003888,AMX Client 3888,APAC,Japan,Finance,Medium,Referral,2021-03-10,active
CUS003889,AMX Client 3889,APAC,Australia,Technology,Medium,Referral,2021-06-14,active
CUS003890,AMX Client 3890,India,India,Finance,Small,Organic,2020-11-22,active
CUS003891,AMX Client 3891,India,India,Manufacturing,Medium,Partner,2021-10-26,active
CUS003892,AMX Client 3892,Europe,France,Manufacturing,Medium,Organic,2023-01-20,active
CUS003893,AMX Client 3893,North America,United States,Healthcare,Medium,Organic,2021-10-28,active
CUS003894,AMX Client 3894,North America,United States,Technology,Small,Paid Search,2020-09-07,active
CUS003895,AMX Client 3895,APAC,Australia,Healthcare,Small,Organic,2023-11-15,active
CUS003896,AMX Client 3896,Europe,United Kingdom,Technology,Small,Direct,2022-01-31,active
CUS003897,AMX Client 3897,North America,Canada,Healthcare,Small,Direct,2022-10-28,active
CUS003898,AMX Client 3898,North America,Canada,Technology,Small,Referral,2022-07-13,active
CUS003899,AMX Client 3899,India,India,Finance,Small,Paid Search,2022-06-13,active
CUS003900,AMX Client 3900,India,India,Technology,Small,Referral,2022-02-12,active
CUS003901,AMX Client 3901,India,India,Manufacturing,Small,Partner,2023-08-27,active
CUS003902,AMX Client 3902,Europe,Germany,Retail,Enterprise,Organic,2024-02-18,active
CUS003903,AMX Client 3903,Europe,Germany,Manufacturing,Medium,Partner,2024-05-15,active
CUS003904,AMX Client 3904,North America,Canada,,Small,Referral,2022-02-21,active
CUS003905,AMX Client 3905,North America,United States,Healthcare,Enterprise,Partner,2021-08-25,active
CUS003906,AMX Client 3906,Europe,Netherlands,Retail,Small,Paid Search,2020-05-26,inactive
CUS003907,AMX Client 3907,Europe,United Kingdom,Retail,Small,Direct,2022-02-20,inactive
CUS003908,AMX Client 3908,APAC,Australia,Manufacturing,Medium,Direct,2024-10-18,active
CUS003909,AMX Client 3909,North America,United States,Technology,Small,Direct,2021-04-04,active
CUS003910,AMX Client 3910,Europe,Netherlands,Manufacturing,Small,Organic,2024-02-01,active
CUS003911,AMX Client 3911,North America,United States,Technology,Small,Paid Search,2023-08-29,active
CUS003912,AMX Client 3912,North America,United States,Finance,Small,Referral,2023-03-11,active
CUS003913,AMX Client 3913,APAC,Japan,Technology,Medium,Organic,2022-09-25,active
CUS003914,AMX Client 3914,North America,United States,Retail,Small,Organic,2023-08-28,active
CUS003915,AMX Client 3915,North America,United States,Retail,Small,Paid Search,2020-06-22,active
CUS003916,AMX Client 3916,North America,United States,Healthcare,Small,Direct,2020-08-14,active
CUS003917,AMX Client 3917,North America,Canada,Healthcare,Medium,Paid Search,2020-12-11,inactive
CUS003918,AMX Client 3918,North America,United States,Healthcare,Small,Paid Search,2023-09-14,inactive
CUS003919,AMX Client 3919,Europe,Germany,Manufacturing,Enterprise,Organic,2022-02-02,active
CUS003920,AMX Client 3920,North America,Canada,Retail,Medium,Direct,2021-01-01,active
CUS003921,AMX Client 3921,India,India,Technology,Small,Direct,2020-03-20,active
CUS003922,AMX Client 3922,APAC,Australia,Technology,Medium,Partner,2022-05-13,active
CUS003923,AMX Client 3923,North America,Canada,Finance,Small,Referral,2021-12-05,active
CUS003924,AMX Client 3924,APAC,Japan,Healthcare,Small,Organic,2020-11-10,active
CUS003925,AMX Client 3925,India,India,Technology,Small,Organic,2020-02-11,active
CUS003926,AMX Client 3926,North America,United States,Manufacturing,Small,Organic,2023-08-24,active
CUS003927,AMX Client 3927,North America,Canada,Manufacturing,Medium,Paid Search,2023-10-08,active
CUS003928,AMX Client 3928,Europe,Netherlands,Technology,Enterprise,Partner,2021-03-10,active
CUS003929,AMX Client 3929,India,India,Healthcare,Small,Direct,2022-05-21,inactive
CUS003930,AMX Client 3930,APAC,Singapore,Retail,Small,Paid Search,2021-03-23,inactive
CUS003931,AMX Client 3931,North America,United States,Retail,Medium,Partner,2021-12-23,active
CUS003932,AMX Client 3932,North America,United States,Healthcare,Small,Partner,2020-07-11,active
CUS003933,AMX Client 3933,North America,United States,Retail,Small,Organic,2024-07-29,active
CUS003934,AMX Client 3934,India,India,,Enterprise,Direct,2023-06-26,active
CUS003935,AMX Client 3935,North America,United States,Retail,Medium,Referral,2024-05-10,active
CUS003936,AMX Client 3936,India,India,Technology,Enterprise,Paid Search,2021-06-06,inactive
CUS003937,AMX Client 3937,North America,Canada,Finance,Small,Referral,2024-03-21,active
CUS003938,AMX Client 3938,Europe,France,Manufacturing,Small,Referral,2022-07-04,inactive
CUS003939,AMX Client 3939,North America,Canada,Technology,Small,Partner,2020-12-15,active
CUS003940,AMX Client 3940,India,India,Retail,Enterprise,Partner,2021-08-09,active
CUS003941,AMX Client 3941,India,India,Finance,Small,Paid Search,2023-12-04,active
CUS003942,AMX Client 3942,India,India,Retail,Small,Direct,2023-09-30,active
CUS003943,AMX Client 3943,India,India,Finance,Small,Referral,2023-06-25,active
CUS003944,AMX Client 3944,Europe,Germany,Retail,Medium,Direct,2021-02-03,active
CUS003945,AMX Client 3945,India,India,Retail,Medium,Organic,2023-02-17,active
CUS003946,AMX Client 3946,APAC,Australia,Healthcare,Medium,Paid Search,2024-07-19,active
CUS003947,AMX Client 3947,India,India,Finance,Small,Referral,2020-03-27,active
CUS003948,AMX Client 3948,India,India,Retail,Medium,Organic,2021-07-21,active
CUS003949,AMX Client 3949,APAC,Singapore,Healthcare,Small,Organic,2020-05-21,active
CUS003950,AMX Client 3950,India,India,,Small,Partner,2020-07-02,active
CUS003951,AMX Client 3951,North America,United States,Retail,Small,Organic,2024-10-28,active
CUS003952,AMX Client 3952,APAC,Australia,Finance,Small,Paid Search,2021-02-28,active
CUS003953,AMX Client 3953,APAC,Singapore,Retail,Small,Organic,2020-11-12,active
CUS003954,AMX Client 3954,Europe,Netherlands,Retail,Enterprise,Paid Search,2020-05-10,active
CUS003955,AMX Client 3955,India,India,Manufacturing,Small,Direct,2024-09-28,active
CUS003956,AMX Client 3956,Europe,Germany,Finance,Small,Partner,2022-04-07,inactive
CUS003957,AMX Client 3957,APAC,Singapore,Finance,Medium,Referral,2023-10-29,active
CUS003958,AMX Client 3958,APAC,Japan,Healthcare,Medium,Partner,2021-03-17,active
CUS003959,AMX Client 3959,India,India,Healthcare,Small,Organic,2023-02-05,active
CUS003960,AMX Client 3960,North America,United States,Retail,Medium,Organic,2024-04-13,active
CUS003961,AMX Client 3961,North America,United States,Technology,Small,Referral,2023-03-31,active
CUS003962,AMX Client 3962,India,India,Healthcare,Small,Direct,2022-07-02,active
CUS003963,AMX Client 3963,Europe,United Kingdom,Healthcare,Medium,Partner,2021-01-06,active
CUS003964,AMX Client 3964,India,India,Manufacturing,Medium,Paid Search,2021-02-16,active
CUS003965,AMX Client 3965,North America,Canada,Retail,Small,Paid Search,2022-11-20,active
CUS003966,AMX Client 3966,India,India,Retail,Small,Organic,2022-03-07,active
CUS003967,AMX Client 3967,North America,Canada,Finance,Small,Partner,2020-03-23,inactive
CUS003968,AMX Client 3968,India,India,Retail,Small,Partner,2020-12-12,active
CUS003969,AMX Client 3969,North America,United States,Technology,Enterprise,Referral,2022-02-01,active
CUS003970,AMX Client 3970,India,India,Retail,Medium,Paid Search,2020-11-11,active
CUS003971,AMX Client 3971,APAC,Australia,Healthcare,Enterprise,Referral,2022-09-05,inactive
CUS003972,AMX Client 3972,India,India,Healthcare,Small,Referral,2021-06-14,active
CUS003973,AMX Client 3973,North America,United States,Healthcare,Medium,Organic,2021-05-29,active
CUS003974,AMX Client 3974,India,India,Manufacturing,Small,Organic,2020-07-10,active
CUS003975,AMX Client 3975,India,India,Healthcare,Small,Organic,2022-06-07,active
CUS003976,AMX Client 3976,India,India,Healthcare,Small,Paid Search,2020-11-29,active
CUS003977,AMX Client 3977,India,India,Retail,Small,Organic,2023-01-18,active
CUS003978,AMX Client 3978,India,India,Healthcare,Enterprise,Direct,2024-07-14,active
CUS003979,AMX Client 3979,North America,Canada,Healthcare,Medium,Referral,2024-05-30,active
CUS003980,AMX Client 3980,Europe,Germany,Retail,Medium,Paid Search,2023-03-23,active
CUS003981,AMX Client 3981,India,India,Retail,Medium,Paid Search,2023-11-26,active
CUS003982,AMX Client 3982,North America,Canada,Healthcare,Medium,Organic,2024-06-14,active
CUS003983,AMX Client 3983,North America,Canada,Finance,Medium,Organic,2023-04-18,active
CUS003984,AMX Client 3984,India,India,Finance,Medium,Paid Search,2021-03-29,active
CUS003985,AMX Client 3985,North America,United States,Retail,Medium,Paid Search,2022-06-03,active
CUS003986,AMX Client 3986,India,India,Healthcare,Medium,Direct,2024-02-22,active
CUS003987,AMX Client 3987,India,India,Retail,Small,Partner,2023-03-25,inactive
CUS003988,AMX Client 3988,North America,Canada,Technology,Enterprise,Paid Search,2021-10-01,active
CUS003989,AMX Client 3989,APAC,Australia,Manufacturing,Small,Referral,2020-10-24,active
CUS003990,AMX Client 3990,APAC,Japan,Retail,Small,Direct,2020-09-11,active
CUS003991,AMX Client 3991,APAC,Australia,Retail,Enterprise,Partner,2021-10-27,active
CUS003992,AMX Client 3992,North America,Canada,Manufacturing,Small,Organic,2023-11-22,active
CUS003993,AMX Client 3993,India,India,Retail,Small,Direct,2022-09-02,active
CUS003994,AMX Client 3994,North America,United States,Technology,Small,Direct,2020-04-15,active
CUS003995,AMX Client 3995,India,India,Manufacturing,Small,Organic,2024-06-09,active
CUS003996,AMX Client 3996,India,India,Finance,Enterprise,Organic,2021-12-15,active
CUS003997,AMX Client 3997,India,India,Manufacturing,Medium,Partner,2021-11-20,active
CUS003998,AMX Client 3998,North America,Canada,Retail,Small,Partner,2023-12-17,active
CUS003999,AMX Client 3999,North America,Canada,Finance,Enterprise,Referral,2021-10-27,active
CUS004000,AMX Client 4000,India,India,Finance,Medium,Organic,2022-12-25,active
CUS004001,AMX Client 4001,Europe,United Kingdom,Manufacturing,Enterprise,Paid Search,2024-06-14,active
CUS004002,AMX Client 4002,North America,Canada,Manufacturing,Small,Partner,2022-07-03,active
CUS004003,AMX Client 4003,APAC,Japan,Technology,Small,Paid Search,2022-12-20,active
CUS004004,AMX Client 4004,India,India,Manufacturing,Small,Paid Search,2021-09-16,active
CUS004005,AMX Client 4005,North America,Canada,Manufacturing,Small,Partner,2024-04-21,active
CUS004006,AMX Client 4006,India,India,Healthcare,Medium,Organic,2020-05-12,active
CUS004007,AMX Client 4007,North America,Canada,Technology,Small,Paid Search,2021-05-03,active
CUS004008,AMX Client 4008,India,India,Retail,Medium,Organic,2024-10-16,active
CUS004009,AMX Client 4009,India,India,Retail,Medium,Paid Search,2022-05-04,active
CUS004010,AMX Client 4010,Europe,Germany,Technology,Small,Partner,2020-11-04,active
CUS004011,AMX Client 4011,India,India,Manufacturing,Small,Organic,2021-12-31,active
CUS004012,AMX Client 4012,India,India,Healthcare,Medium,Referral,2021-03-26,active
CUS004013,AMX Client 4013,APAC,Japan,Technology,Enterprise,Direct,2022-07-16,active
CUS004014,AMX Client 4014,India,India,Finance,Small,Direct,2021-02-20,active
CUS004015,AMX Client 4015,North America,Canada,Manufacturing,Enterprise,Direct,2021-12-06,active
CUS004016,AMX Client 4016,North America,United States,Retail,Medium,Referral,2024-05-22,active
CUS004017,AMX Client 4017,India,India,Retail,Medium,Direct,2020-05-25,active
CUS004018,AMX Client 4018,North America,United States,Technology,Small,Direct,2023-09-10,active
CUS004019,AMX Client 4019,India,India,Technology,Medium,Paid Search,2020-05-18,active
CUS004020,AMX Client 4020,Europe,United Kingdom,Manufacturing,Medium,Paid Search,2022-03-18,active
CUS004021,AMX Client 4021,India,India,Manufacturing,Small,Organic,2023-03-26,active
CUS004022,AMX Client 4022,India,India,Technology,Enterprise,Referral,2024-08-14,active
CUS004023,AMX Client 4023,North America,United States,Retail,Enterprise,Direct,2021-03-17,active
CUS004024,AMX Client 4024,APAC,Japan,Healthcare,Small,Organic,2020-04-03,active
CUS004025,AMX Client 4025,Europe,Germany,Manufacturing,Medium,Organic,2023-08-18,active
CUS004026,AMX Client 4026,APAC,Australia,Retail,Medium,Partner,2024-04-27,active
CUS004027,AMX Client 4027,Europe,Germany,Manufacturing,Medium,Referral,2022-09-24,active
CUS004028,AMX Client 4028,Europe,Germany,Technology,Medium,Organic,2020-04-16,active
CUS004029,AMX Client 4029,North America,Canada,Technology,Small,Direct,2022-06-03,active
CUS004030,AMX Client 4030,APAC,Australia,Retail,Small,Direct,2021-11-21,active
CUS004031,AMX Client 4031,North America,United States,Finance,Small,Direct,2022-03-08,active
CUS004032,AMX Client 4032,North America,Canada,Healthcare,Enterprise,Referral,2020-04-05,active
CUS004033,AMX Client 4033,Europe,France,Finance,Small,Partner,2021-07-14,active
CUS004034,AMX Client 4034,North America,United States,Retail,Enterprise,Referral,2024-10-30,active
CUS004035,AMX Client 4035,India,India,Retail,Small,Direct,2020-03-21,active
CUS004036,AMX Client 4036,North America,United States,Manufacturing,Small,Referral,2024-06-02,active
CUS004037,AMX Client 4037,North America,Canada,Technology,Enterprise,Paid Search,2022-07-02,active
CUS004038,AMX Client 4038,APAC,Australia,Retail,Medium,Direct,2022-10-29,active
CUS004039,AMX Client 4039,North America,Canada,Finance,Small,Direct,2024-07-06,active
CUS004040,AMX Client 4040,Europe,France,,Small,Paid Search,2021-01-19,active
CUS004041,AMX Client 4041,North America,Canada,Manufacturing,Small,Direct,2024-10-04,active
CUS004042,AMX Client 4042,Europe,Netherlands,Manufacturing,Small,Partner,2021-05-03,active
CUS004043,AMX Client 4043,India,India,Technology,Small,Paid Search,2021-09-08,active
CUS004044,AMX Client 4044,APAC,Singapore,Healthcare,Medium,Referral,2022-03-04,active
CUS004045,AMX Client 4045,North America,United States,Healthcare,Small,Paid Search,2022-11-28,active
CUS004046,AMX Client 4046,India,India,Healthcare,Small,Referral,2021-07-24,active
CUS004047,AMX Client 4047,India,India,Retail,Small,Organic,2023-11-01,active
CUS004048,AMX Client 4048,India,India,Finance,Small,Paid Search,2020-02-07,active
CUS004049,AMX Client 4049,North America,Canada,Technology,Enterprise,Partner,2023-03-23,active
CUS004050,AMX Client 4050,Europe,Netherlands,Technology,Small,Paid Search,2023-03-04,active
CUS004051,AMX Client 4051,APAC,Australia,Technology,Small,Paid Search,2022-08-02,active
CUS004052,AMX Client 4052,Europe,France,Retail,Medium,Organic,2022-12-19,active
CUS004053,AMX Client 4053,North America,United States,Technology,Enterprise,Referral,2023-08-13,active
CUS004054,AMX Client 4054,North America,Canada,Healthcare,Medium,Organic,2024-05-16,active
CUS004055,AMX Client 4055,Europe,Germany,,Medium,Organic,2021-01-20,active
CUS004056,AMX Client 4056,APAC,Japan,Finance,Enterprise,Organic,2022-04-22,active
CUS004057,AMX Client 4057,India,India,Technology,Medium,Partner,2022-09-19,active
CUS004058,AMX Client 4058,APAC,Australia,Retail,Enterprise,Partner,2021-08-31,active
CUS004059,AMX Client 4059,North America,United States,Manufacturing,Small,Referral,2024-09-15,active
CUS004060,AMX Client 4060,Europe,France,Finance,Medium,Partner,2022-06-22,active
CUS004061,AMX Client 4061,APAC,Australia,Manufacturing,Enterprise,Paid Search,2022-11-12,active
CUS004062,AMX Client 4062,Europe,United Kingdom,Finance,Enterprise,Organic,2020-12-09,active
CUS004063,AMX Client 4063,India,India,Technology,Small,Referral,2022-01-04,active
CUS004064,AMX Client 4064,North America,United States,Healthcare,Medium,Paid Search,2023-01-09,active
CUS004065,AMX Client 4065,India,India,Manufacturing,Small,Direct,2022-01-26,active
CUS004066,AMX Client 4066,Europe,Netherlands,Manufacturing,Medium,Partner,2023-09-21,active
CUS004067,AMX Client 4067,India,India,Manufacturing,Small,Paid Search,2020-08-29,active
CUS004068,AMX Client 4068,Europe,Germany,Technology,Medium,Direct,2020-09-28,active
CUS004069,AMX Client 4069,APAC,Singapore,Technology,Medium,Organic,2021-08-21,active
CUS004070,AMX Client 4070,India,India,Retail,Small,Partner,2021-07-16,active
CUS004071,AMX Client 4071,North America,Canada,Manufacturing,Small,Direct,2023-12-11,active
CUS004072,AMX Client 4072,Europe,Netherlands,Manufacturing,Small,Referral,2024-03-12,active
CUS004073,AMX Client 4073,North America,United States,Finance,Medium,Referral,2022-04-13,active
CUS004074,AMX Client 4074,India,India,Finance,Medium,Paid Search,2022-06-11,active
CUS004075,AMX Client 4075,India,India,Healthcare,Medium,Direct,2021-06-03,active
CUS004076,AMX Client 4076,North America,Canada,Manufacturing,Small,Referral,2022-07-28,active
CUS004077,AMX Client 4077,Europe,Netherlands,Technology,Medium,Organic,2023-06-01,active
CUS004078,AMX Client 4078,North America,United States,Manufacturing,Medium,Referral,2023-06-29,active
CUS004079,AMX Client 4079,India,India,Manufacturing,Small,Direct,2024-09-07,active
CUS004080,AMX Client 4080,North America,United States,Technology,Small,Direct,2022-10-17,inactive
CUS004081,AMX Client 4081,North America,Canada,Manufacturing,Small,Paid Search,2021-08-24,active
CUS004082,AMX Client 4082,India,India,Healthcare,Small,Referral,2020-05-02,active
CUS004083,AMX Client 4083,Europe,France,Manufacturing,Small,Direct,2023-04-29,active
CUS004084,AMX Client 4084,North America,United States,Finance,Small,Partner,2023-11-20,active
CUS004085,AMX Client 4085,North America,United States,Manufacturing,Small,Organic,2022-09-02,active
CUS004086,AMX Client 4086,APAC,Japan,Technology,Small,Referral,2024-06-17,active
CUS004087,AMX Client 4087,North America,Canada,Technology,Small,Paid Search,2021-07-13,active
CUS004088,AMX Client 4088,Europe,Netherlands,Retail,Medium,Referral,2020-04-04,active
CUS004089,AMX Client 4089,India,India,Healthcare,Medium,Paid Search,2023-01-23,active
CUS004090,AMX Client 4090,India,India,Technology,Small,Referral,2020-08-02,active
CUS004091,AMX Client 4091,India,India,Finance,Medium,Organic,2020-05-28,active
CUS004092,AMX Client 4092,Europe,Germany,Finance,Medium,Direct,2023-05-24,active
CUS004093,AMX Client 4093,Europe,France,Technology,Small,Paid Search,2022-02-06,active
CUS004094,AMX Client 4094,India,India,Technology,Small,Organic,2022-12-03,active
CUS004095,AMX Client 4095,India,India,Technology,Small,Organic,2023-08-13,active
CUS004096,AMX Client 4096,North America,United States,Manufacturing,Medium,Partner,2021-11-06,active
CUS004097,AMX Client 4097,Europe,Germany,Manufacturing,Small,Paid Search,2022-12-15,active
CUS004098,AMX Client 4098,Europe,France,Healthcare,Small,Paid Search,2022-08-10,active
CUS004099,AMX Client 4099,Europe,Netherlands,Healthcare,Medium,Partner,2022-10-21,inactive
CUS004100,AMX Client 4100,APAC,Japan,Technology,Enterprise,Referral,2023-05-27,active
CUS004101,AMX Client 4101,India,India,Technology,Small,Partner,2021-11-02,active
CUS004102,AMX Client 4102,Europe,France,Finance,Medium,Direct,2022-06-09,active
CUS004103,AMX Client 4103,North America,United States,Manufacturing,Small,Direct,2022-11-09,active
CUS004104,AMX Client 4104,North America,Canada,Retail,Medium,Organic,2020-09-04,inactive
CUS004105,AMX Client 4105,APAC,Japan,Manufacturing,Medium,Direct,2021-01-08,active
CUS004106,AMX Client 4106,India,India,Finance,Medium,Paid Search,2020-06-06,active
CUS004107,AMX Client 4107,Europe,Germany,Finance,Small,Paid Search,2020-12-15,active
CUS004108,AMX Client 4108,Europe,France,Manufacturing,Small,Organic,2022-02-14,active
CUS004109,AMX Client 4109,APAC,Singapore,Retail,Medium,Referral,2024-07-13,active
CUS004110,AMX Client 4110,North America,United States,Healthcare,Small,Referral,2024-06-17,active
CUS004111,AMX Client 4111,North America,Canada,Healthcare,Enterprise,Organic,2023-09-09,inactive
CUS004112,AMX Client 4112,Europe,Germany,Healthcare,Small,Direct,2022-09-12,active
CUS004113,AMX Client 4113,Europe,France,Healthcare,Small,Direct,2020-12-23,active
CUS004114,AMX Client 4114,North America,Canada,Manufacturing,Small,Organic,2021-09-24,active
CUS004115,AMX Client 4115,Europe,Netherlands,Retail,Small,Partner,2023-09-15,inactive
CUS004116,AMX Client 4116,India,India,Finance,Medium,Paid Search,2024-05-23,active
CUS004117,AMX Client 4117,North America,Canada,Retail,Small,Paid Search,2024-08-26,active
CUS004118,AMX Client 4118,APAC,Australia,Finance,Medium,Organic,2021-11-17,active
CUS004119,AMX Client 4119,North America,United States,Technology,Medium,Direct,2022-05-09,active
CUS004120,AMX Client 4120,North America,Canada,Finance,Enterprise,Partner,2022-06-18,active
CUS004121,AMX Client 4121,APAC,Japan,Retail,Medium,Partner,2020-04-09,active
CUS004122,AMX Client 4122,Europe,Germany,Retail,Enterprise,Paid Search,2020-07-24,active
CUS004123,AMX Client 4123,APAC,Australia,,Enterprise,Paid Search,2020-03-20,active
CUS004124,AMX Client 4124,North America,Canada,Healthcare,Small,Organic,2023-07-26,active
CUS004125,AMX Client 4125,APAC,Australia,Finance,Enterprise,Paid Search,2021-01-31,active
CUS004126,AMX Client 4126,India,India,Healthcare,Enterprise,Organic,2023-05-21,active
CUS004127,AMX Client 4127,North America,United States,Finance,Small,Direct,2021-10-24,inactive
CUS004128,AMX Client 4128,North America,United States,Manufacturing,Medium,Direct,2023-11-03,active
CUS004129,AMX Client 4129,Europe,Netherlands,Healthcare,Small,Direct,2020-07-23,active
CUS004130,AMX Client 4130,APAC,Australia,Retail,Medium,Direct,2021-07-28,active
CUS004131,AMX Client 4131,Europe,Germany,Retail,Small,Partner,2020-12-27,active
CUS004132,AMX Client 4132,Europe,France,Healthcare,Medium,Paid Search,2022-02-09,active
CUS004133,AMX Client 4133,North America,Canada,Retail,Small,Direct,2022-09-19,active
CUS004134,AMX Client 4134,North America,Canada,Manufacturing,Medium,Direct,2020-10-24,active
CUS004135,AMX Client 4135,North America,Canada,Technology,Small,Direct,2023-03-23,active
CUS004136,AMX Client 4136,India,India,Manufacturing,Medium,Partner,2024-08-30,active
CUS004137,AMX Client 4137,North America,Canada,Manufacturing,Small,Direct,2020-03-17,active
CUS004138,AMX Client 4138,APAC,Japan,Finance,Medium,Direct,2020-06-01,active
CUS004139,AMX Client 4139,Europe,Germany,Finance,Small,Partner,2024-08-08,active
CUS004140,AMX Client 4140,Europe,Germany,Manufacturing,Small,Referral,2023-02-20,active
CUS004141,AMX Client 4141,North America,Canada,Retail,Small,Partner,2024-06-12,active
CUS004142,AMX Client 4142,North America,Canada,Healthcare,Enterprise,Direct,2023-05-30,active
CUS004143,AMX Client 4143,India,India,Technology,Small,Organic,2023-06-20,active
CUS004144,AMX Client 4144,North America,Canada,Retail,Medium,Direct,2020-10-05,active
CUS004145,AMX Client 4145,North America,United States,Healthcare,Small,Organic,2022-06-22,active
CUS004146,AMX Client 4146,India,India,Manufacturing,Medium,Partner,2021-10-07,active
CUS004147,AMX Client 4147,India,India,Retail,Small,Referral,2024-01-12,active
CUS004148,AMX Client 4148,Europe,United Kingdom,Technology,Small,Referral,2020-03-17,active
CUS004149,AMX Client 4149,North America,United States,Retail,Small,Paid Search,2020-02-02,inactive
CUS004150,AMX Client 4150,North America,United States,Healthcare,Small,Direct,2022-09-09,active
CUS004151,AMX Client 4151,India,India,Manufacturing,Small,Organic,2024-09-09,active
CUS004152,AMX Client 4152,North America,Canada,Manufacturing,Small,Partner,2024-10-23,active
CUS004153,AMX Client 4153,North America,Canada,Healthcare,Medium,Paid Search,2022-11-14,active
CUS004154,AMX Client 4154,North America,Canada,Technology,Enterprise,Direct,2022-01-29,active
CUS004155,AMX Client 4155,North America,Canada,Retail,Small,Paid Search,2021-04-26,inactive
CUS004156,AMX Client 4156,India,India,Retail,Enterprise,Partner,2024-10-14,active
CUS004157,AMX Client 4157,APAC,Singapore,Retail,Small,Organic,2020-11-19,active
CUS004158,AMX Client 4158,India,India,Manufacturing,Small,Partner,2020-08-10,active
CUS004159,AMX Client 4159,North America,Canada,Manufacturing,Small,Partner,2022-06-16,active
CUS004160,AMX Client 4160,India,India,Finance,Small,Paid Search,2021-11-24,inactive
CUS004161,AMX Client 4161,North America,Canada,Manufacturing,Small,Organic,2022-05-25,active
CUS004162,AMX Client 4162,India,India,Manufacturing,Enterprise,Direct,2024-05-11,active
CUS004163,AMX Client 4163,APAC,Japan,Healthcare,Medium,Direct,2021-04-21,active
CUS004164,AMX Client 4164,North America,United States,Finance,Medium,Paid Search,2024-03-28,active
CUS004165,AMX Client 4165,Europe,United Kingdom,Healthcare,Small,Organic,2021-01-08,active
CUS004166,AMX Client 4166,India,India,Retail,Small,Organic,2021-07-25,active
CUS004167,AMX Client 4167,India,India,Manufacturing,Medium,Organic,2020-01-08,active
CUS004168,AMX Client 4168,North America,Canada,Healthcare,Small,Organic,2023-04-13,active
CUS004169,AMX Client 4169,North America,United States,Manufacturing,Small,Organic,2024-02-25,active
CUS004170,AMX Client 4170,North America,Canada,Retail,Small,Direct,2024-04-13,active
CUS004171,AMX Client 4171,APAC,Japan,Technology,Small,Organic,2020-10-22,active
CUS004172,AMX Client 4172,Europe,Netherlands,,Medium,Organic,2023-09-16,active
CUS004173,AMX Client 4173,APAC,Australia,Manufacturing,Small,Direct,2020-09-06,active
CUS004174,AMX Client 4174,India,India,Healthcare,Small,Paid Search,2023-01-14,active
CUS004175,AMX Client 4175,Europe,Netherlands,Healthcare,Enterprise,Direct,2023-05-25,active
CUS004176,AMX Client 4176,North America,Canada,Healthcare,Enterprise,Direct,2020-09-26,active
CUS004177,AMX Client 4177,Europe,Netherlands,Retail,Small,Paid Search,2020-07-14,active
CUS004178,AMX Client 4178,APAC,Australia,Technology,Small,Paid Search,2020-05-08,active
CUS004179,AMX Client 4179,Europe,France,Retail,Medium,Direct,2023-06-04,active
CUS004180,AMX Client 4180,APAC,Japan,Technology,Small,Paid Search,2022-12-21,active
CUS004181,AMX Client 4181,Europe,United Kingdom,Finance,Small,Direct,2020-07-29,active
CUS004182,AMX Client 4182,India,India,Healthcare,Small,Paid Search,2022-06-02,active
CUS004183,AMX Client 4183,Europe,United Kingdom,Manufacturing,Small,Organic,2023-11-06,active
CUS004184,AMX Client 4184,North America,United States,Finance,Enterprise,Paid Search,2021-02-24,active
CUS004185,AMX Client 4185,APAC,Australia,Healthcare,Medium,Partner,2022-12-05,active
CUS004186,AMX Client 4186,Europe,Netherlands,Finance,Enterprise,Partner,2021-06-01,active
CUS004187,AMX Client 4187,India,India,Finance,Medium,Paid Search,2021-04-05,active
CUS004188,AMX Client 4188,India,India,Manufacturing,Medium,Direct,2021-11-23,active
CUS004189,AMX Client 4189,India,India,Healthcare,Medium,Direct,2021-09-14,active
CUS004190,AMX Client 4190,North America,Canada,Technology,Medium,Partner,2022-05-25,active
CUS004191,AMX Client 4191,India,India,Technology,Small,Organic,2020-12-28,active
CUS004192,AMX Client 4192,Europe,United Kingdom,Technology,Small,Direct,2021-11-20,active
CUS004193,AMX Client 4193,North America,United States,Retail,Medium,Organic,2023-01-04,active
CUS004194,AMX Client 4194,Europe,Netherlands,Technology,Small,Partner,2021-11-14,active
CUS004195,AMX Client 4195,India,India,Retail,Small,Organic,2023-03-05,active
CUS004196,AMX Client 4196,North America,Canada,Retail,Small,Referral,2020-07-23,active
CUS004197,AMX Client 4197,India,India,Healthcare,Medium,Organic,2020-08-31,inactive
CUS004198,AMX Client 4198,APAC,Singapore,Finance,Small,Organic,2024-03-08,active
CUS004199,AMX Client 4199,India,India,Technology,Small,Organic,2022-03-26,active
CUS004200,AMX Client 4200,India,India,Technology,Small,Direct,2022-12-11,active
CUS004201,AMX Client 4201,India,India,Technology,Small,Paid Search,2023-07-30,active
CUS004202,AMX Client 4202,Europe,France,Technology,Enterprise,Referral,2020-09-15,active
CUS004203,AMX Client 4203,India,India,Finance,Small,Paid Search,2024-09-13,active
CUS004204,AMX Client 4204,Europe,Netherlands,Manufacturing,Small,Referral,2022-01-18,active
CUS004205,AMX Client 4205,Europe,Germany,Healthcare,Small,Organic,2024-04-20,active
CUS004206,AMX Client 4206,Europe,Germany,Finance,Medium,Organic,2022-01-05,active
CUS004207,AMX Client 4207,India,India,Manufacturing,Medium,Direct,2021-12-17,active
CUS004208,AMX Client 4208,India,India,Healthcare,Small,Referral,2022-11-26,active
CUS004209,AMX Client 4209,North America,Canada,Healthcare,Small,Organic,2020-12-03,active
CUS004210,AMX Client 4210,India,India,Manufacturing,Medium,Partner,2022-12-11,active
CUS004211,AMX Client 4211,Europe,Netherlands,Healthcare,Enterprise,Paid Search,2024-10-02,active
CUS004212,AMX Client 4212,North America,Canada,Manufacturing,Small,Organic,2023-02-13,active
CUS004213,AMX Client 4213,North America,Canada,Finance,Small,Referral,2020-05-03,active
CUS004214,AMX Client 4214,India,India,Manufacturing,Small,Paid Search,2023-05-17,inactive
CUS004215,AMX Client 4215,North America,Canada,Technology,Small,Referral,2020-02-28,active
CUS004216,AMX Client 4216,India,India,Finance,Medium,Organic,2020-07-01,active
CUS004217,AMX Client 4217,Europe,Germany,Manufacturing,Enterprise,Organic,2021-05-17,active
CUS004218,AMX Client 4218,India,India,Technology,Enterprise,Paid Search,2021-06-22,active
CUS004219,AMX Client 4219,APAC,Australia,Retail,Medium,Direct,2020-01-07,active
CUS004220,AMX Client 4220,Europe,France,Finance,Small,Direct,2020-01-31,active
CUS004221,AMX Client 4221,India,India,Technology,Enterprise,Referral,2023-10-25,active
CUS004222,AMX Client 4222,India,India,Finance,Small,Referral,2022-03-13,inactive
CUS004223,AMX Client 4223,North America,United States,Retail,Small,Referral,2020-12-18,active
CUS004224,AMX Client 4224,India,India,Healthcare,Medium,Direct,2022-01-28,active
CUS004225,AMX Client 4225,India,India,Healthcare,Small,Partner,2023-05-08,active
CUS004226,AMX Client 4226,APAC,Singapore,Technology,Medium,Referral,2023-07-20,active
CUS004227,AMX Client 4227,Europe,United Kingdom,Finance,Enterprise,Direct,2021-05-23,active
CUS004228,AMX Client 4228,India,India,Technology,Medium,Organic,2020-10-22,active
CUS004229,AMX Client 4229,North America,Canada,Technology,Medium,Partner,2024-08-21,active
CUS004230,AMX Client 4230,India,India,Finance,Small,Referral,2023-01-20,active
CUS004231,AMX Client 4231,APAC,Japan,Healthcare,Small,Organic,2024-10-01,active
CUS004232,AMX Client 4232,India,India,Finance,Medium,Partner,2021-06-25,active
CUS004233,AMX Client 4233,Europe,Netherlands,Technology,Medium,Organic,2020-07-15,active
CUS004234,AMX Client 4234,Europe,United Kingdom,Finance,Enterprise,Direct,2021-11-05,active
CUS004235,AMX Client 4235,India,India,Retail,Small,Paid Search,2021-08-01,active
CUS004236,AMX Client 4236,India,India,Finance,Small,Organic,2023-06-24,active
CUS004237,AMX Client 4237,North America,United States,Manufacturing,Small,Organic,2023-06-18,active
CUS004238,AMX Client 4238,APAC,Singapore,Retail,Medium,Organic,2020-05-06,active
CUS004239,AMX Client 4239,North America,United States,Manufacturing,Medium,Partner,2022-11-03,active
CUS004240,AMX Client 4240,Europe,Germany,Technology,Enterprise,Direct,2021-08-28,active
CUS004241,AMX Client 4241,Europe,Germany,Finance,Small,Referral,2022-12-21,active
CUS004242,AMX Client 4242,Europe,Netherlands,Technology,Small,Partner,2021-11-22,active
CUS004243,AMX Client 4243,North America,United States,Technology,Small,Organic,2022-08-07,active
CUS004244,AMX Client 4244,North America,Canada,Manufacturing,Small,Partner,2023-06-18,active
CUS004245,AMX Client 4245,Europe,Netherlands,Retail,Small,Referral,2021-06-02,active
CUS004246,AMX Client 4246,India,India,Healthcare,Medium,Paid Search,2020-12-17,active
CUS004247,AMX Client 4247,APAC,Singapore,Finance,Small,Direct,2023-05-31,active
CUS004248,AMX Client 4248,India,India,Technology,Small,Organic,2024-07-31,active
CUS004249,AMX Client 4249,India,India,Manufacturing,Medium,Organic,2022-02-23,active
CUS004250,AMX Client 4250,Europe,Germany,Healthcare,Medium,Paid Search,2024-10-28,active
CUS004251,AMX Client 4251,North America,United States,Healthcare,Small,Referral,2020-11-22,active
CUS004252,AMX Client 4252,India,India,Retail,Small,Paid Search,2023-12-17,active
CUS004253,AMX Client 4253,India,India,Retail,Medium,Paid Search,2024-10-11,active
CUS004254,AMX Client 4254,North America,Canada,Retail,Medium,Organic,2021-06-13,inactive
CUS004255,AMX Client 4255,APAC,Japan,Healthcare,Medium,Partner,2020-09-18,active
CUS004256,AMX Client 4256,India,India,Finance,Small,Organic,2023-03-18,active
CUS004257,AMX Client 4257,India,India,Finance,Medium,Paid Search,2024-03-15,active
CUS004258,AMX Client 4258,North America,Canada,Finance,Enterprise,Direct,2020-05-26,active
CUS004259,AMX Client 4259,APAC,Singapore,Retail,Small,Organic,2023-02-05,active
CUS004260,AMX Client 4260,India,India,Manufacturing,Small,Direct,2024-03-18,active
CUS004261,AMX Client 4261,APAC,Japan,Manufacturing,Enterprise,Direct,2020-02-26,active
CUS004262,AMX Client 4262,APAC,Japan,Retail,Small,Referral,2022-06-30,active
CUS004263,AMX Client 4263,India,India,Finance,Medium,Direct,2020-05-15,active
CUS004264,AMX Client 4264,Europe,France,Manufacturing,Enterprise,Paid Search,2020-11-07,active
CUS004265,AMX Client 4265,Europe,United Kingdom,Finance,Small,Partner,2022-05-08,active
CUS004266,AMX Client 4266,North America,United States,Finance,Medium,Paid Search,2021-08-01,active
CUS004267,AMX Client 4267,North America,United States,Manufacturing,Small,Referral,2020-05-30,active
CUS004268,AMX Client 4268,Europe,Netherlands,Finance,Enterprise,Paid Search,2023-11-15,active
CUS004269,AMX Client 4269,Europe,Germany,Retail,Enterprise,Paid Search,2020-12-24,active
CUS004270,AMX Client 4270,Europe,France,Manufacturing,Enterprise,Partner,2024-03-16,active
CUS004271,AMX Client 4271,APAC,Singapore,Finance,Small,Partner,2020-11-08,active
CUS004272,AMX Client 4272,North America,Canada,Healthcare,Medium,Paid Search,2022-07-06,active
CUS004273,AMX Client 4273,Europe,Netherlands,Technology,Enterprise,Paid Search,2023-07-07,active
CUS004274,AMX Client 4274,APAC,Australia,Manufacturing,Medium,Paid Search,2022-04-28,active
CUS004275,AMX Client 4275,India,India,Retail,Medium,Paid Search,2022-01-06,active
CUS004276,AMX Client 4276,India,India,Healthcare,Small,Direct,2023-08-18,active
CUS004277,AMX Client 4277,North America,United States,Retail,Enterprise,Partner,2020-01-21,active
CUS004278,AMX Client 4278,APAC,Singapore,Retail,Small,Referral,2023-12-30,active
CUS004279,AMX Client 4279,India,India,Retail,Small,Organic,2023-05-03,active
CUS004280,AMX Client 4280,Europe,United Kingdom,Technology,Enterprise,Paid Search,2023-09-12,inactive
CUS004281,AMX Client 4281,India,India,Finance,Enterprise,Organic,2022-01-13,active
CUS004282,AMX Client 4282,North America,Canada,Finance,Enterprise,Referral,2021-11-09,active
CUS004283,AMX Client 4283,Europe,Netherlands,Finance,Small,Paid Search,2022-10-07,active
CUS004284,AMX Client 4284,India,India,Finance,Small,Partner,2023-02-07,active
CUS004285,AMX Client 4285,APAC,Japan,Healthcare,Small,Referral,2024-06-21,active
CUS004286,AMX Client 4286,India,India,Manufacturing,Small,Partner,2024-02-23,active
CUS004287,AMX Client 4287,APAC,Australia,Manufacturing,Enterprise,Organic,2020-04-05,active
CUS004288,AMX Client 4288,India,India,Manufacturing,Medium,Paid Search,2020-09-25,active
CUS004289,AMX Client 4289,APAC,Singapore,Healthcare,Small,Partner,2024-07-29,active
CUS004290,AMX Client 4290,Europe,United Kingdom,Retail,Small,Partner,2021-11-16,active
CUS004291,AMX Client 4291,India,India,Healthcare,Small,Paid Search,2022-10-21,active
CUS004292,AMX Client 4292,India,India,Technology,Enterprise,Referral,2020-04-09,active
CUS004293,AMX Client 4293,India,India,Manufacturing,Medium,Direct,2020-07-03,active
CUS004294,AMX Client 4294,North America,Canada,Retail,Small,Paid Search,2021-12-23,active
CUS004295,AMX Client 4295,Europe,Germany,Technology,Small,Organic,2023-06-20,active
CUS004296,AMX Client 4296,North America,United States,Retail,Small,Partner,2023-09-25,active
CUS004297,AMX Client 4297,North America,United States,Finance,Small,Paid Search,2024-04-29,active
CUS004298,AMX Client 4298,North America,Canada,Finance,Enterprise,Organic,2020-12-13,active
CUS004299,AMX Client 4299,North America,Canada,Technology,Medium,Paid Search,2020-12-22,active
CUS004300,AMX Client 4300,Europe,Germany,Technology,Small,Paid Search,2022-08-14,active
CUS004301,AMX Client 4301,North America,Canada,Finance,Medium,Referral,2022-08-23,inactive
CUS004302,AMX Client 4302,Europe,Germany,Finance,Small,Paid Search,2020-03-05,active
CUS004303,AMX Client 4303,APAC,Japan,Manufacturing,Small,Direct,2022-02-28,active
CUS004304,AMX Client 4304,North America,United States,Finance,Medium,Paid Search,2024-05-04,active
CUS004305,AMX Client 4305,India,India,Finance,Small,Organic,2020-10-16,active
CUS004306,AMX Client 4306,India,India,Manufacturing,Small,Direct,2023-12-19,active
CUS004307,AMX Client 4307,North America,Canada,,Medium,Organic,2022-02-28,active
CUS004308,AMX Client 4308,North America,United States,Technology,Enterprise,Paid Search,2022-07-15,active
CUS004309,AMX Client 4309,APAC,Japan,Technology,Small,Direct,2023-02-07,inactive
CUS004310,AMX Client 4310,Europe,Germany,Technology,Medium,Organic,2023-05-31,active
CUS004311,AMX Client 4311,North America,United States,Retail,Small,Organic,2023-01-30,active
CUS004312,AMX Client 4312,Europe,United Kingdom,Retail,Medium,Partner,2020-07-02,active
CUS004313,AMX Client 4313,India,India,Finance,Small,Referral,2021-06-05,inactive
CUS004314,AMX Client 4314,Europe,Germany,Technology,Medium,Direct,2024-02-01,active
CUS004315,AMX Client 4315,India,India,Finance,Small,Paid Search,2020-03-11,active
CUS004316,AMX Client 4316,Europe,Germany,Healthcare,Enterprise,Paid Search,2023-06-17,active
CUS004317,AMX Client 4317,APAC,Singapore,Finance,Enterprise,Organic,2022-07-08,active
CUS004318,AMX Client 4318,Europe,France,Technology,Small,Organic,2020-07-30,active
CUS004319,AMX Client 4319,APAC,Japan,Healthcare,Medium,Direct,2020-08-04,active
CUS004320,AMX Client 4320,North America,Canada,Healthcare,Small,Direct,2024-09-27,active
CUS004321,AMX Client 4321,Europe,Germany,Retail,Medium,Organic,2020-02-24,active
CUS004322,AMX Client 4322,North America,Canada,Manufacturing,Small,Direct,2020-02-09,active
CUS004323,AMX Client 4323,Europe,Netherlands,Manufacturing,Small,Paid Search,2020-01-30,active
CUS004324,AMX Client 4324,India,India,Technology,Medium,Organic,2023-01-14,active
CUS004325,AMX Client 4325,India,India,Manufacturing,Small,Direct,2024-06-24,inactive
CUS004326,AMX Client 4326,North America,United States,Technology,Medium,Partner,2020-10-30,active
CUS004327,AMX Client 4327,India,India,Retail,Medium,Paid Search,2023-11-06,active
CUS004328,AMX Client 4328,Europe,United Kingdom,Manufacturing,Small,Partner,2023-06-24,active
CUS004329,AMX Client 4329,APAC,Singapore,Manufacturing,Small,Paid Search,2021-02-09,active
CUS004330,AMX Client 4330,APAC,Japan,Technology,Medium,Direct,2020-05-04,active
CUS004331,AMX Client 4331,India,India,Technology,Medium,Referral,2022-05-11,active
CUS004332,AMX Client 4332,APAC,Japan,Finance,Small,Organic,2020-05-23,active
CUS004333,AMX Client 4333,India,India,Finance,Small,Organic,2020-07-19,active
CUS004334,AMX Client 4334,North America,United States,Finance,Medium,Organic,2022-04-03,active
CUS004335,AMX Client 4335,APAC,Japan,Retail,Medium,Partner,2023-12-11,active
CUS004336,AMX Client 4336,India,India,Finance,Medium,Paid Search,2024-10-21,active
CUS004337,AMX Client 4337,India,India,Retail,Small,Direct,2023-01-13,active
CUS004338,AMX Client 4338,India,India,Manufacturing,Medium,Direct,2021-05-03,active
CUS004339,AMX Client 4339,North America,Canada,Retail,Medium,Direct,2021-08-02,active
CUS004340,AMX Client 4340,Europe,Netherlands,Finance,Small,Organic,2022-12-17,active
CUS004341,AMX Client 4341,India,India,Retail,Small,Referral,2020-11-01,active
CUS004342,AMX Client 4342,India,India,Healthcare,Small,Direct,2022-07-04,active
CUS004343,AMX Client 4343,North America,Canada,Manufacturing,Medium,Paid Search,2023-09-19,active
CUS004344,AMX Client 4344,India,India,Manufacturing,Small,Paid Search,2024-01-27,active
CUS004345,AMX Client 4345,Europe,Netherlands,Finance,Medium,Direct,2020-04-14,active
CUS004346,AMX Client 4346,APAC,Australia,Manufacturing,Medium,Direct,2021-05-24,active
CUS004347,AMX Client 4347,Europe,France,Manufacturing,Small,Partner,2021-03-25,active
CUS004348,AMX Client 4348,APAC,Singapore,Technology,Medium,Direct,2022-09-07,active
CUS004349,AMX Client 4349,North America,Canada,Retail,Medium,Paid Search,2020-11-23,active
CUS004350,AMX Client 4350,Europe,Germany,Technology,Small,Organic,2024-08-05,active
CUS004351,AMX Client 4351,India,India,Retail,Medium,Partner,2024-06-07,active
CUS004352,AMX Client 4352,India,India,Technology,Small,Paid Search,2021-08-10,active
CUS004353,AMX Client 4353,Europe,Germany,Finance,Small,Partner,2021-12-19,active
CUS004354,AMX Client 4354,India,India,Retail,Medium,Referral,2022-02-14,active
CUS004355,AMX Client 4355,APAC,Australia,Finance,Medium,Organic,2020-03-16,active
CUS004356,AMX Client 4356,Europe,Netherlands,Technology,Small,Partner,2024-04-18,active
CUS004357,AMX Client 4357,APAC,Japan,Finance,Enterprise,Organic,2023-10-08,active
CUS004358,AMX Client 4358,North America,Canada,Retail,Medium,Partner,2021-08-10,active
CUS004359,AMX Client 4359,North America,Canada,Healthcare,Medium,Referral,2022-08-24,active
CUS004360,AMX Client 4360,Europe,Netherlands,Technology,Small,Organic,2021-11-03,active
CUS004361,AMX Client 4361,India,India,Retail,Small,Referral,2021-02-06,active
CUS004362,AMX Client 4362,North America,Canada,Technology,Small,Referral,2021-06-21,active
CUS004363,AMX Client 4363,Europe,Germany,Technology,Medium,Organic,2020-07-08,active
CUS004364,AMX Client 4364,APAC,Japan,Technology,Small,Paid Search,2023-11-30,active
CUS004365,AMX Client 4365,Europe,Germany,Healthcare,Medium,Organic,2023-03-02,active
CUS004366,AMX Client 4366,India,India,Manufacturing,Small,Direct,2024-07-01,active
CUS004367,AMX Client 4367,North America,Canada,Healthcare,Medium,Referral,2020-01-12,active
CUS004368,AMX Client 4368,North America,United States,Finance,Medium,Organic,2023-01-19,active
CUS004369,AMX Client 4369,India,India,Manufacturing,Medium,Referral,2022-09-16,active
CUS004370,AMX Client 4370,North America,United States,Retail,Medium,Organic,2023-01-06,active
CUS004371,AMX Client 4371,India,India,Retail,Enterprise,Direct,2024-10-13,active
CUS004372,AMX Client 4372,India,India,Healthcare,Small,Partner,2021-11-19,active
CUS004373,AMX Client 4373,North America,United States,Healthcare,Medium,Direct,2020-09-06,active
CUS004374,AMX Client 4374,India,India,Retail,Enterprise,Direct,2020-01-23,active
CUS004375,AMX Client 4375,Europe,Germany,Retail,Medium,Paid Search,2022-05-18,active
CUS004376,AMX Client 4376,India,India,Finance,Small,Direct,2020-11-03,active
CUS004377,AMX Client 4377,Europe,Netherlands,Healthcare,Enterprise,Referral,2020-09-06,active
CUS004378,AMX Client 4378,India,India,Healthcare,Small,Organic,2020-09-17,active
CUS004379,AMX Client 4379,APAC,Japan,Retail,Small,Organic,2021-05-04,active
CUS004380,AMX Client 4380,India,India,Healthcare,Small,Partner,2020-07-23,active
CUS004381,AMX Client 4381,North America,Canada,Technology,Small,Direct,2022-05-08,active
CUS004382,AMX Client 4382,North America,United States,Retail,Small,Organic,2023-03-01,active
CUS004383,AMX Client 4383,India,India,Manufacturing,Small,Partner,2021-05-25,active
CUS004384,AMX Client 4384,North America,United States,Healthcare,Enterprise,Organic,2020-08-28,active
CUS004385,AMX Client 4385,APAC,Singapore,Healthcare,Small,Organic,2022-10-07,active
CUS004386,AMX Client 4386,APAC,Japan,Manufacturing,Small,Direct,2020-05-31,active
CUS004387,AMX Client 4387,North America,Canada,Healthcare,Enterprise,Organic,2023-07-26,active
CUS004388,AMX Client 4388,India,India,Healthcare,Medium,Partner,2021-11-06,active
CUS004389,AMX Client 4389,Europe,Germany,,Small,Direct,2021-12-24,active
CUS004390,AMX Client 4390,North America,United States,Manufacturing,Small,Paid Search,2021-03-15,active
CUS004391,AMX Client 4391,India,India,Healthcare,Medium,Direct,2021-05-14,inactive
CUS004392,AMX Client 4392,Europe,France,Retail,Medium,Partner,2020-09-14,active
CUS004393,AMX Client 4393,North America,Canada,Technology,Medium,Organic,2022-09-12,active
CUS004394,AMX Client 4394,Europe,Germany,Manufacturing,Small,Organic,2020-09-15,active
CUS004395,AMX Client 4395,North America,United States,Finance,Medium,Referral,2023-04-16,inactive
CUS004396,AMX Client 4396,North America,Canada,Finance,Medium,Paid Search,2021-03-28,active
CUS004397,AMX Client 4397,India,India,Technology,Medium,Paid Search,2022-09-25,active
CUS004398,AMX Client 4398,Europe,Netherlands,Finance,Enterprise,Organic,2022-08-06,active
CUS004399,AMX Client 4399,India,India,Technology,Medium,Organic,2023-01-23,active
CUS004400,AMX Client 4400,Europe,France,Technology,Medium,Direct,2023-08-31,active
CUS004401,AMX Client 4401,Europe,France,Technology,Medium,Paid Search,2022-09-17,active
CUS004402,AMX Client 4402,Europe,France,Finance,Medium,Organic,2024-02-15,active
CUS004403,AMX Client 4403,India,India,Healthcare,Medium,Partner,2021-04-02,active
CUS004404,AMX Client 4404,India,India,Manufacturing,Small,Organic,2023-08-20,active
CUS004405,AMX Client 4405,North America,United States,Finance,Medium,Paid Search,2021-08-28,active
CUS004406,AMX Client 4406,Europe,Netherlands,Retail,Medium,Organic,2023-01-14,active
CUS004407,AMX Client 4407,APAC,Singapore,Manufacturing,Small,Direct,2022-05-18,active
CUS004408,AMX Client 4408,North America,United States,Healthcare,Small,Referral,2024-05-21,active
CUS004409,AMX Client 4409,APAC,Australia,Manufacturing,Medium,Direct,2021-04-23,active
CUS004410,AMX Client 4410,India,India,Retail,Medium,Referral,2022-07-06,active
CUS004411,AMX Client 4411,North America,Canada,Technology,Small,Organic,2020-10-17,active
CUS004412,AMX Client 4412,India,India,Technology,Small,Referral,2023-01-23,active
CUS004413,AMX Client 4413,Europe,United Kingdom,Healthcare,Small,Referral,2020-03-06,active
CUS004414,AMX Client 4414,India,India,Technology,Enterprise,Partner,2021-12-27,active
CUS004415,AMX Client 4415,India,India,Retail,Enterprise,Paid Search,2020-01-18,active
CUS004416,AMX Client 4416,Europe,United Kingdom,Finance,Medium,Direct,2021-08-01,active
CUS004417,AMX Client 4417,North America,Canada,Manufacturing,Small,Direct,2022-05-04,active
CUS004418,AMX Client 4418,India,India,Manufacturing,Medium,Partner,2021-08-08,active
CUS004419,AMX Client 4419,India,India,Retail,Medium,Organic,2021-11-12,active
CUS004420,AMX Client 4420,North America,United States,Retail,Enterprise,Direct,2020-09-18,active
CUS004421,AMX Client 4421,North America,Canada,Finance,Small,Organic,2023-06-16,active
CUS004422,AMX Client 4422,India,India,Healthcare,Small,Referral,2023-11-07,inactive
CUS004423,AMX Client 4423,Europe,France,Finance,Medium,Paid Search,2022-03-14,active
CUS004424,AMX Client 4424,India,India,Healthcare,Small,Direct,2020-04-07,active
CUS004425,AMX Client 4425,Europe,France,Manufacturing,Medium,Organic,2020-04-20,active
CUS004426,AMX Client 4426,North America,Canada,Technology,Medium,Direct,2023-04-06,active
CUS004427,AMX Client 4427,India,India,Finance,Small,Partner,2024-06-28,active
CUS004428,AMX Client 4428,India,India,Finance,Small,Referral,2024-03-06,active
CUS004429,AMX Client 4429,India,India,Manufacturing,Medium,Referral,2021-12-17,active
CUS004430,AMX Client 4430,India,India,Healthcare,Medium,Direct,2022-05-28,active
CUS004431,AMX Client 4431,North America,Canada,Technology,Small,Direct,2020-10-15,active
CUS004432,AMX Client 4432,APAC,Japan,Finance,Small,Partner,2020-05-03,active
CUS004433,AMX Client 4433,Europe,Netherlands,Healthcare,Medium,Organic,2023-09-14,active
CUS004434,AMX Client 4434,North America,United States,Manufacturing,Small,Direct,2022-01-26,active
CUS004435,AMX Client 4435,North America,United States,Retail,Medium,Direct,2022-05-27,active
CUS004436,AMX Client 4436,North America,Canada,Technology,Medium,Organic,2021-08-29,active
CUS004437,AMX Client 4437,Europe,Germany,Technology,Small,Direct,2021-07-07,active
CUS004438,AMX Client 4438,India,India,Technology,Medium,Paid Search,2024-10-06,active
CUS004439,AMX Client 4439,India,India,Technology,Small,Paid Search,2023-12-12,active
CUS004440,AMX Client 4440,North America,United States,Retail,Small,Organic,2023-05-05,active
CUS004441,AMX Client 4441,India,India,Finance,Medium,Organic,2021-11-18,active
CUS004442,AMX Client 4442,North America,United States,Finance,Enterprise,Paid Search,2023-06-27,active
CUS004443,AMX Client 4443,APAC,Australia,Healthcare,Medium,Direct,2021-08-22,active
CUS004444,AMX Client 4444,APAC,Australia,Retail,Small,Referral,2022-06-29,active
CUS004445,AMX Client 4445,India,India,Healthcare,Medium,Direct,2020-09-13,active
CUS004446,AMX Client 4446,North America,Canada,Retail,Small,Referral,2023-06-06,active
CUS004447,AMX Client 4447,North America,Canada,Finance,Medium,Direct,2020-04-16,active
CUS004448,AMX Client 4448,North America,Canada,Manufacturing,Medium,Paid Search,2023-06-30,active
CUS004449,AMX Client 4449,North America,Canada,Retail,Small,Direct,2022-12-02,active
CUS004450,AMX Client 4450,India,India,Manufacturing,Small,Paid Search,2020-04-27,active
CUS004451,AMX Client 4451,APAC,Japan,Technology,Enterprise,Organic,2022-06-12,active
CUS004452,AMX Client 4452,APAC,Japan,Manufacturing,Small,Direct,2021-01-28,inactive
CUS004453,AMX Client 4453,Europe,Netherlands,Healthcare,Medium,Paid Search,2022-04-20,active
CUS004454,AMX Client 4454,Europe,Germany,Finance,Medium,Direct,2020-01-23,active
CUS004455,AMX Client 4455,North America,United States,Healthcare,Medium,Organic,2023-06-28,active
CUS004456,AMX Client 4456,North America,United States,Healthcare,Small,Partner,2022-06-19,active
CUS004457,AMX Client 4457,India,India,Manufacturing,Small,Paid Search,2021-10-01,active
CUS004458,AMX Client 4458,North America,Canada,Finance,Small,Paid Search,2024-03-26,active
CUS004459,AMX Client 4459,India,India,Manufacturing,Medium,Organic,2023-02-12,active
CUS004460,AMX Client 4460,Europe,France,,Enterprise,Paid Search,2022-12-12,inactive
CUS004461,AMX Client 4461,North America,Canada,Finance,Enterprise,Referral,2020-09-16,active
CUS004462,AMX Client 4462,North America,Canada,Finance,Small,Paid Search,2022-06-02,active
CUS004463,AMX Client 4463,North America,United States,Finance,Small,Partner,2023-05-22,active
CUS004464,AMX Client 4464,APAC,Singapore,Retail,Small,Organic,2024-06-23,active
CUS004465,AMX Client 4465,India,India,Manufacturing,Enterprise,Direct,2022-12-03,active
CUS004466,AMX Client 4466,India,India,Manufacturing,Small,Organic,2020-10-31,active
CUS004467,AMX Client 4467,India,India,Technology,Small,Direct,2023-04-12,active
CUS004468,AMX Client 4468,Europe,United Kingdom,Technology,Medium,Paid Search,2020-05-11,active
CUS004469,AMX Client 4469,APAC,Japan,Technology,Medium,Organic,2021-07-06,inactive
CUS004470,AMX Client 4470,India,India,Healthcare,Small,Organic,2024-06-07,active
CUS004471,AMX Client 4471,APAC,Singapore,Finance,Medium,Direct,2023-11-16,active
CUS004472,AMX Client 4472,India,India,,Small,Direct,2024-05-13,active
CUS004473,AMX Client 4473,Europe,Germany,Healthcare,Small,Paid Search,2021-09-14,active
CUS004474,AMX Client 4474,India,India,Technology,Small,Organic,2023-04-21,active
CUS004475,AMX Client 4475,North America,Canada,Healthcare,Small,Referral,2023-05-21,active
CUS004476,AMX Client 4476,Europe,Germany,Healthcare,Enterprise,Organic,2021-03-10,active
CUS004477,AMX Client 4477,North America,Canada,Manufacturing,Medium,Direct,2024-07-22,active
CUS004478,AMX Client 4478,India,India,Healthcare,Medium,Paid Search,2024-09-08,active
CUS004479,AMX Client 4479,Europe,France,Finance,Small,Paid Search,2020-07-13,inactive
CUS004480,AMX Client 4480,APAC,Japan,Manufacturing,Medium,Direct,2023-09-13,active
CUS004481,AMX Client 4481,North America,United States,Finance,Enterprise,Paid Search,2022-03-01,active
CUS004482,AMX Client 4482,Europe,Germany,Manufacturing,Small,Direct,2023-04-05,active
CUS004483,AMX Client 4483,Europe,United Kingdom,Finance,Enterprise,Partner,2022-09-06,active
CUS004484,AMX Client 4484,India,India,Manufacturing,Medium,Direct,2021-01-28,active
CUS004485,AMX Client 4485,APAC,Singapore,Healthcare,Medium,Organic,2020-06-18,active
CUS004486,AMX Client 4486,India,India,Retail,Small,Paid Search,2022-06-25,active
CUS004487,AMX Client 4487,Europe,Netherlands,Finance,Medium,Direct,2024-01-18,active
CUS004488,AMX Client 4488,India,India,Technology,Small,Paid Search,2023-12-23,active
CUS004489,AMX Client 4489,India,India,Manufacturing,Enterprise,Paid Search,2021-04-30,active
CUS004490,AMX Client 4490,North America,Canada,Manufacturing,Enterprise,Partner,2024-02-28,active
CUS004491,AMX Client 4491,North America,United States,Retail,Small,Direct,2021-09-20,active
CUS004492,AMX Client 4492,APAC,Australia,Manufacturing,Enterprise,Partner,2022-09-18,active
CUS004493,AMX Client 4493,APAC,Singapore,Healthcare,Enterprise,Direct,2021-07-26,active
CUS004494,AMX Client 4494,India,India,Finance,Medium,Referral,2022-07-12,active
CUS004495,AMX Client 4495,India,India,Manufacturing,Small,Paid Search,2022-07-23,active
CUS004496,AMX Client 4496,North America,United States,Healthcare,Small,Direct,2023-05-17,active
CUS004497,AMX Client 4497,North America,Canada,Retail,Small,Organic,2022-04-13,active
CUS004498,AMX Client 4498,North America,United States,Technology,Small,Partner,2022-07-21,active
CUS004499,AMX Client 4499,APAC,Australia,Healthcare,Enterprise,Direct,2023-02-24,active
CUS004500,AMX Client 4500,Europe,United Kingdom,Finance,Small,Partner,2022-01-07,active
CUS004501,AMX Client 4501,India,India,Finance,Medium,Direct,2022-07-15,active
CUS004502,AMX Client 4502,North America,Canada,Healthcare,Medium,Direct,2020-05-30,active
CUS004503,AMX Client 4503,Europe,United Kingdom,Manufacturing,Medium,Partner,2024-03-16,active
CUS004504,AMX Client 4504,North America,United States,Technology,Small,Partner,2020-08-10,active
CUS004505,AMX Client 4505,India,India,Manufacturing,Medium,Organic,2024-03-21,active
CUS004506,AMX Client 4506,North America,Canada,Finance,Medium,Organic,2023-09-04,active
CUS004507,AMX Client 4507,North America,Canada,Retail,Medium,Partner,2024-07-31,active
CUS004508,AMX Client 4508,India,India,Manufacturing,Small,Organic,2020-02-13,active
CUS004509,AMX Client 4509,Europe,Germany,Finance,Medium,Partner,2021-01-18,active
CUS004510,AMX Client 4510,North America,Canada,Finance,Small,Referral,2020-04-02,active
CUS004511,AMX Client 4511,North America,United States,Manufacturing,Medium,Direct,2022-01-07,active
CUS004512,AMX Client 4512,North America,United States,Finance,Small,Organic,2024-05-16,active
CUS004513,AMX Client 4513,APAC,Australia,Manufacturing,Small,Direct,2023-09-15,active
CUS004514,AMX Client 4514,India,India,Finance,Medium,Partner,2023-05-28,active
CUS004515,AMX Client 4515,India,India,Healthcare,Small,Organic,2024-02-07,active
CUS004516,AMX Client 4516,North America,United States,Retail,Enterprise,Paid Search,2020-01-08,active
CUS004517,AMX Client 4517,North America,Canada,Manufacturing,Enterprise,Referral,2023-10-23,active
CUS004518,AMX Client 4518,India,India,Retail,Small,Organic,2021-07-05,active
CUS004519,AMX Client 4519,Europe,Germany,Retail,Small,Partner,2023-05-05,active
CUS004520,AMX Client 4520,India,India,Retail,Small,Paid Search,2023-09-10,active
CUS004521,AMX Client 4521,India,India,Finance,Enterprise,Direct,2023-04-26,active
CUS004522,AMX Client 4522,North America,Canada,Retail,Medium,Organic,2022-01-07,active
CUS004523,AMX Client 4523,Europe,United Kingdom,Retail,Small,Paid Search,2022-12-16,active
CUS004524,AMX Client 4524,APAC,Australia,Healthcare,Small,Partner,2022-04-07,active
CUS004525,AMX Client 4525,Europe,France,Technology,Small,Organic,2023-01-14,active
CUS004526,AMX Client 4526,North America,Canada,Retail,Medium,Direct,2022-03-21,active
CUS004527,AMX Client 4527,Europe,Germany,Retail,Small,Direct,2021-11-26,active
CUS004528,AMX Client 4528,Europe,France,Healthcare,Small,Referral,2020-12-22,active
CUS004529,AMX Client 4529,India,India,Healthcare,Medium,Direct,2021-11-15,active
CUS004530,AMX Client 4530,North America,United States,Retail,Small,Partner,2023-06-27,active
CUS004531,AMX Client 4531,Europe,France,Technology,Medium,Organic,2024-03-16,active
CUS004532,AMX Client 4532,North America,Canada,Finance,Medium,Partner,2020-06-30,active
CUS004533,AMX Client 4533,Europe,Germany,Finance,Enterprise,Direct,2020-11-18,active
CUS004534,AMX Client 4534,North America,United States,Finance,Small,Direct,2022-06-14,active
CUS004535,AMX Client 4535,North America,Canada,Healthcare,Enterprise,Organic,2023-05-25,active
CUS004536,AMX Client 4536,India,India,Retail,Small,Organic,2020-10-27,active
CUS004537,AMX Client 4537,Europe,Netherlands,Healthcare,Enterprise,Paid Search,2021-07-27,active
CUS004538,AMX Client 4538,APAC,Australia,Technology,Small,Partner,2020-03-23,active
CUS004539,AMX Client 4539,India,India,Manufacturing,Medium,Referral,2020-04-02,active
CUS004540,AMX Client 4540,North America,United States,Retail,Small,Partner,2020-09-09,active
CUS004541,AMX Client 4541,India,India,Finance,Enterprise,Partner,2023-07-11,active
CUS004542,AMX Client 4542,India,India,Finance,Enterprise,Referral,2024-03-15,active
CUS004543,AMX Client 4543,APAC,Australia,Manufacturing,Small,Paid Search,2022-05-30,active
CUS004544,AMX Client 4544,North America,Canada,Healthcare,Medium,Partner,2020-11-07,active
CUS004545,AMX Client 4545,North America,United States,Technology,Medium,Partner,2024-06-15,active
CUS004546,AMX Client 4546,India,India,Manufacturing,Small,Paid Search,2021-05-06,active
CUS004547,AMX Client 4547,APAC,Australia,Technology,Medium,Direct,2020-09-30,active
CUS004548,AMX Client 4548,India,India,Finance,Medium,Partner,2020-08-31,active
CUS004549,AMX Client 4549,Europe,Germany,Healthcare,Medium,Organic,2021-09-15,inactive
CUS004550,AMX Client 4550,India,India,Retail,Small,Paid Search,2023-07-22,active
CUS004551,AMX Client 4551,India,India,Retail,Enterprise,Organic,2021-12-02,active
CUS004552,AMX Client 4552,Europe,France,Manufacturing,Small,Organic,2022-02-25,active
CUS004553,AMX Client 4553,India,India,Healthcare,Medium,Referral,2021-08-23,active
CUS004554,AMX Client 4554,Europe,Germany,Manufacturing,Small,Direct,2024-07-24,active
CUS004555,AMX Client 4555,India,India,Finance,Small,Paid Search,2023-04-22,active
CUS004556,AMX Client 4556,Europe,Germany,Manufacturing,Small,Direct,2023-03-19,active
CUS004557,AMX Client 4557,Europe,France,Finance,Small,Paid Search,2022-02-11,active
CUS004558,AMX Client 4558,Europe,France,Manufacturing,Medium,Organic,2022-07-27,active
CUS004559,AMX Client 4559,India,India,Retail,Medium,Partner,2024-04-11,active
CUS004560,AMX Client 4560,Europe,Germany,Retail,Medium,Organic,2023-03-05,active
CUS004561,AMX Client 4561,APAC,Singapore,Technology,Medium,Referral,2023-12-08,active
CUS004562,AMX Client 4562,India,India,Manufacturing,Small,Organic,2020-03-12,active
CUS004563,AMX Client 4563,India,India,Finance,Small,Direct,2024-02-27,active
CUS004564,AMX Client 4564,Europe,United Kingdom,Retail,Medium,Direct,2024-08-05,active
CUS004565,AMX Client 4565,India,India,Technology,Medium,Organic,2023-03-25,active
CUS004566,AMX Client 4566,Europe,France,Manufacturing,Medium,Paid Search,2024-08-16,active
CUS004567,AMX Client 4567,Europe,Germany,Finance,Small,Partner,2022-09-29,active
CUS004568,AMX Client 4568,India,India,Healthcare,Medium,Direct,2021-05-02,active
CUS004569,AMX Client 4569,North America,Canada,Healthcare,Small,Paid Search,2022-12-06,active
CUS004570,AMX Client 4570,North America,United States,Retail,Medium,Partner,2023-01-14,active
CUS004571,AMX Client 4571,North America,Canada,Technology,Small,Direct,2020-09-12,active
CUS004572,AMX Client 4572,APAC,Japan,Finance,Medium,Partner,2020-12-22,active
CUS004573,AMX Client 4573,India,India,Healthcare,Small,Organic,2021-05-29,active
CUS004574,AMX Client 4574,North America,United States,Retail,Medium,Referral,2022-08-24,active
CUS004575,AMX Client 4575,APAC,Singapore,Retail,Small,Organic,2020-09-18,active
CUS004576,AMX Client 4576,India,India,Finance,Medium,Direct,2023-09-23,active
CUS004577,AMX Client 4577,Europe,France,Retail,Small,Paid Search,2020-07-12,active
CUS004578,AMX Client 4578,India,India,Technology,Medium,Partner,2024-07-17,active
CUS004579,AMX Client 4579,North America,United States,Retail,Small,Referral,2023-04-08,active
CUS004580,AMX Client 4580,India,India,Technology,Small,Partner,2021-08-22,active
CUS004581,AMX Client 4581,Europe,United Kingdom,Healthcare,Medium,Referral,2021-10-19,active
CUS004582,AMX Client 4582,Europe,United Kingdom,Retail,Small,Referral,2023-05-09,active
CUS004583,AMX Client 4583,APAC,Australia,Manufacturing,Small,Paid Search,2020-06-05,inactive
CUS004584,AMX Client 4584,APAC,Australia,Retail,Medium,Direct,2023-06-19,active
CUS004585,AMX Client 4585,Europe,Germany,Technology,Medium,Paid Search,2022-09-02,active
CUS004586,AMX Client 4586,Europe,United Kingdom,Finance,Enterprise,Paid Search,2021-01-25,inactive
CUS004587,AMX Client 4587,North America,United States,Manufacturing,Small,Partner,2024-05-03,active
CUS004588,AMX Client 4588,APAC,Australia,Manufacturing,Medium,Organic,2023-01-15,active
CUS004589,AMX Client 4589,Europe,Germany,Technology,Medium,Organic,2020-10-16,active
CUS004590,AMX Client 4590,APAC,Australia,Healthcare,Small,Referral,2023-03-03,active
CUS004591,AMX Client 4591,India,India,Retail,Medium,Paid Search,2021-12-27,active
CUS004592,AMX Client 4592,North America,United States,Finance,Small,Organic,2023-09-11,active
CUS004593,AMX Client 4593,Europe,Netherlands,Retail,Enterprise,Organic,2022-05-19,active
CUS004594,AMX Client 4594,India,India,Manufacturing,Medium,Direct,2024-10-31,active
CUS004595,AMX Client 4595,India,India,Technology,Small,Organic,2024-06-25,active
CUS004596,AMX Client 4596,APAC,Japan,Manufacturing,Small,Paid Search,2020-03-12,active
CUS004597,AMX Client 4597,North America,Canada,Technology,Small,Organic,2021-12-26,active
CUS004598,AMX Client 4598,India,India,Healthcare,Small,Paid Search,2020-12-23,active
CUS004599,AMX Client 4599,North America,Canada,Technology,Medium,Organic,2022-03-06,active
CUS004600,AMX Client 4600,North America,United States,Technology,Medium,Partner,2020-09-13,active
CUS004601,AMX Client 4601,Europe,France,Technology,Medium,Paid Search,2022-08-03,active
CUS004602,AMX Client 4602,APAC,Australia,Manufacturing,Small,Direct,2020-09-29,active
CUS004603,AMX Client 4603,APAC,Singapore,,Medium,Referral,2023-01-05,active
CUS004604,AMX Client 4604,Europe,Netherlands,Healthcare,Small,Referral,2022-03-13,active
CUS004605,AMX Client 4605,Europe,United Kingdom,,Small,Referral,2024-10-19,active
CUS004606,AMX Client 4606,North America,United States,Manufacturing,Enterprise,Referral,2024-03-31,active
CUS004607,AMX Client 4607,APAC,Japan,Manufacturing,Small,Organic,2022-11-25,active
CUS004608,AMX Client 4608,India,India,Retail,Medium,Organic,2022-03-03,active
CUS004609,AMX Client 4609,India,India,Manufacturing,Enterprise,Paid Search,2023-06-18,active
CUS004610,AMX Client 4610,APAC,Japan,Technology,Small,Partner,2023-03-26,active
CUS004611,AMX Client 4611,APAC,Australia,Finance,Enterprise,Paid Search,2020-09-03,active
CUS004612,AMX Client 4612,North America,Canada,Technology,Medium,Direct,2021-10-26,active
CUS004613,AMX Client 4613,Europe,Netherlands,Technology,Medium,Referral,2024-10-18,active
CUS004614,AMX Client 4614,North America,United States,Manufacturing,Small,Organic,2021-07-18,active
CUS004615,AMX Client 4615,North America,United States,Retail,Small,Paid Search,2020-01-24,active
CUS004616,AMX Client 4616,India,India,Healthcare,Small,Organic,2024-01-13,active
CUS004617,AMX Client 4617,India,India,Manufacturing,Small,Organic,2024-07-05,active
CUS004618,AMX Client 4618,North America,United States,Healthcare,Small,Referral,2023-03-03,active
CUS004619,AMX Client 4619,North America,United States,Finance,Medium,Partner,2023-01-26,active
CUS004620,AMX Client 4620,North America,Canada,Finance,Medium,Direct,2021-09-11,active
CUS004621,AMX Client 4621,India,India,Technology,Small,Direct,2021-09-26,active
CUS004622,AMX Client 4622,APAC,Australia,Manufacturing,Medium,Organic,2024-06-02,active
CUS004623,AMX Client 4623,Europe,Netherlands,Manufacturing,Enterprise,Organic,2024-02-24,active
CUS004624,AMX Client 4624,APAC,Australia,Retail,Medium,Organic,2022-05-30,inactive
CUS004625,AMX Client 4625,India,India,Retail,Medium,Direct,2021-07-06,active
CUS004626,AMX Client 4626,Europe,Netherlands,Manufacturing,Medium,Direct,2020-11-28,inactive
CUS004627,AMX Client 4627,APAC,Singapore,Finance,Small,Referral,2020-01-20,active
CUS004628,AMX Client 4628,North America,United States,Retail,Small,Paid Search,2022-05-03,active
CUS004629,AMX Client 4629,India,India,Manufacturing,Enterprise,Direct,2022-09-05,active
CUS004630,AMX Client 4630,India,India,Finance,Medium,Direct,2023-04-06,active
CUS004631,AMX Client 4631,India,India,Manufacturing,Medium,Direct,2023-11-22,active
CUS004632,AMX Client 4632,North America,United States,Technology,Enterprise,Paid Search,2021-10-10,active
CUS004633,AMX Client 4633,North America,Canada,Retail,Small,Paid Search,2020-10-21,active
CUS004634,AMX Client 4634,India,India,Retail,Small,Organic,2024-01-30,active
CUS004635,AMX Client 4635,Europe,France,Finance,Medium,Organic,2023-09-08,active
CUS004636,AMX Client 4636,India,India,Manufacturing,Small,Paid Search,2022-07-30,active
CUS004637,AMX Client 4637,North America,United States,Retail,Medium,Partner,2020-03-10,active
CUS004638,AMX Client 4638,Europe,United Kingdom,Manufacturing,Medium,Partner,2022-04-06,active
CUS004639,AMX Client 4639,India,India,Finance,Medium,Organic,2022-12-29,active
CUS004640,AMX Client 4640,India,India,Finance,Small,Referral,2024-02-25,active
CUS004641,AMX Client 4641,India,India,Retail,Medium,Organic,2022-06-16,active
CUS004642,AMX Client 4642,India,India,Retail,Small,Organic,2022-03-28,active
CUS004643,AMX Client 4643,North America,United States,Finance,Enterprise,Paid Search,2021-11-02,active
CUS004644,AMX Client 4644,India,India,Finance,Small,Direct,2022-01-01,active
CUS004645,AMX Client 4645,India,India,Healthcare,Enterprise,Partner,2020-01-29,active
CUS004646,AMX Client 4646,APAC,Singapore,Finance,Small,Organic,2020-07-02,inactive
CUS004647,AMX Client 4647,APAC,Japan,Healthcare,Small,Referral,2023-08-28,active
CUS004648,AMX Client 4648,India,India,Retail,Small,Direct,2021-10-02,active
CUS004649,AMX Client 4649,North America,Canada,Manufacturing,Small,Organic,2024-02-11,active
CUS004650,AMX Client 4650,North America,Canada,Finance,Small,Referral,2021-12-02,active
CUS004651,AMX Client 4651,APAC,Singapore,Manufacturing,Medium,Paid Search,2024-10-26,active
CUS004652,AMX Client 4652,Europe,Germany,Retail,Medium,Organic,2020-11-14,active
CUS004653,AMX Client 4653,India,India,Technology,Small,Partner,2020-11-28,active
CUS004654,AMX Client 4654,India,India,Healthcare,Medium,Direct,2022-11-04,active
CUS004655,AMX Client 4655,North America,Canada,Finance,Enterprise,Partner,2023-11-18,active
CUS004656,AMX Client 4656,APAC,Australia,Technology,Medium,Partner,2020-09-11,active
CUS004657,AMX Client 4657,APAC,Australia,Retail,Small,Paid Search,2022-06-07,active
CUS004658,AMX Client 4658,India,India,Healthcare,Small,Paid Search,2021-01-30,inactive
CUS004659,AMX Client 4659,North America,United States,Finance,Enterprise,Paid Search,2023-07-25,active
CUS004660,AMX Client 4660,India,India,Healthcare,Small,Direct,2022-09-17,active
CUS004661,AMX Client 4661,Europe,United Kingdom,Technology,Small,Partner,2023-03-01,active
CUS004662,AMX Client 4662,APAC,Australia,Technology,Medium,Paid Search,2021-04-20,active
CUS004663,AMX Client 4663,North America,United States,Healthcare,Small,Direct,2021-05-25,active
CUS004664,AMX Client 4664,India,India,Technology,Medium,Direct,2023-02-03,active
CUS004665,AMX Client 4665,North America,United States,Finance,Small,Partner,2021-09-15,active
CUS004666,AMX Client 4666,North America,Canada,Retail,Medium,Direct,2023-05-04,active
CUS004667,AMX Client 4667,Europe,Netherlands,Technology,Enterprise,Direct,2020-09-28,active
CUS004668,AMX Client 4668,North America,Canada,Manufacturing,Enterprise,Partner,2021-06-16,active
CUS004669,AMX Client 4669,APAC,Singapore,Retail,Enterprise,Referral,2020-06-28,active
CUS004670,AMX Client 4670,India,India,Finance,Enterprise,Direct,2020-06-03,active
CUS004671,AMX Client 4671,India,India,Manufacturing,Small,Organic,2021-04-08,active
CUS004672,AMX Client 4672,North America,Canada,Retail,Enterprise,Organic,2022-05-14,active
CUS004673,AMX Client 4673,India,India,Healthcare,Enterprise,Organic,2020-09-12,active
CUS004674,AMX Client 4674,India,India,Technology,Medium,Organic,2020-06-13,active
CUS004675,AMX Client 4675,Europe,France,Technology,Small,Direct,2024-03-29,active
CUS004676,AMX Client 4676,India,India,Technology,Small,Direct,2022-06-28,active
CUS004677,AMX Client 4677,India,India,Retail,Medium,Organic,2023-06-17,active
CUS004678,AMX Client 4678,India,India,Manufacturing,Medium,Referral,2023-07-06,inactive
CUS004679,AMX Client 4679,India,India,Manufacturing,Small,Partner,2020-06-28,active
CUS004680,AMX Client 4680,APAC,Singapore,Retail,Small,Organic,2022-12-31,active
CUS004681,AMX Client 4681,APAC,Singapore,Technology,Medium,Referral,2024-02-28,active
CUS004682,AMX Client 4682,India,India,Healthcare,Small,Paid Search,2022-03-02,active
CUS004683,AMX Client 4683,Europe,Netherlands,Healthcare,Enterprise,Paid Search,2024-03-02,active
CUS004684,AMX Client 4684,Europe,Germany,Retail,Small,Organic,2024-07-28,active
CUS004685,AMX Client 4685,APAC,Singapore,Healthcare,Small,Referral,2022-08-22,active
CUS004686,AMX Client 4686,North America,United States,Retail,Small,Organic,2020-06-28,active
CUS004687,AMX Client 4687,India,India,Healthcare,Enterprise,Organic,2022-12-26,active
CUS004688,AMX Client 4688,North America,United States,Retail,Enterprise,Paid Search,2024-04-03,active
CUS004689,AMX Client 4689,APAC,Australia,Technology,Small,Partner,2022-10-20,inactive
CUS004690,AMX Client 4690,Europe,Germany,Technology,Small,Referral,2023-11-14,active
CUS004691,AMX Client 4691,North America,Canada,Manufacturing,Small,Referral,2022-08-03,active
CUS004692,AMX Client 4692,India,India,Retail,Small,Organic,2022-01-11,active
CUS004693,AMX Client 4693,Europe,Germany,Finance,Medium,Direct,2024-07-27,active
CUS004694,AMX Client 4694,APAC,Australia,Finance,Small,Paid Search,2020-09-26,inactive
CUS004695,AMX Client 4695,North America,United States,Technology,Medium,Partner,2022-03-01,active
CUS004696,AMX Client 4696,Europe,Netherlands,Manufacturing,Small,Organic,2020-10-02,active
CUS004697,AMX Client 4697,North America,Canada,Technology,Small,Direct,2023-03-02,active
CUS004698,AMX Client 4698,North America,United States,Finance,Small,Paid Search,2024-06-15,active
CUS004699,AMX Client 4699,North America,United States,Retail,Small,Referral,2024-10-28,active
CUS004700,AMX Client 4700,Europe,France,Finance,Small,Direct,2021-02-16,active
CUS004701,AMX Client 4701,APAC,Australia,Technology,Small,Paid Search,2023-07-08,active
CUS004702,AMX Client 4702,North America,Canada,Finance,Small,Paid Search,2024-03-23,active
CUS004703,AMX Client 4703,North America,United States,Healthcare,Enterprise,Direct,2024-01-12,active
CUS004704,AMX Client 4704,North America,United States,Finance,Small,Direct,2022-06-07,active
CUS004705,AMX Client 4705,India,India,Manufacturing,Small,Partner,2020-11-04,active
CUS004706,AMX Client 4706,India,India,Finance,Small,Paid Search,2022-03-26,active
CUS004707,AMX Client 4707,India,India,Technology,Medium,Organic,2023-10-02,active
CUS004708,AMX Client 4708,North America,United States,Technology,Enterprise,Direct,2022-12-30,active
CUS004709,AMX Client 4709,India,India,Manufacturing,Medium,Partner,2021-11-16,active
CUS004710,AMX Client 4710,North America,Canada,Retail,Medium,Organic,2021-01-14,active
CUS004711,AMX Client 4711,Europe,United Kingdom,,Medium,Direct,2023-02-25,active
CUS004712,AMX Client 4712,India,India,Healthcare,Small,Organic,2022-01-26,active
CUS004713,AMX Client 4713,Europe,Netherlands,Technology,Enterprise,Direct,2022-04-13,active
CUS004714,AMX Client 4714,APAC,Singapore,Finance,Medium,Paid Search,2024-07-15,active
CUS004715,AMX Client 4715,North America,Canada,Healthcare,Small,Paid Search,2020-01-17,active
CUS004716,AMX Client 4716,India,India,,Small,Paid Search,2021-02-24,active
CUS004717,AMX Client 4717,North America,Canada,Manufacturing,Small,Direct,2024-06-12,active
CUS004718,AMX Client 4718,Europe,France,Technology,Small,Organic,2024-06-15,active
CUS004719,AMX Client 4719,North America,United States,Healthcare,Medium,Paid Search,2021-06-18,active
CUS004720,AMX Client 4720,India,India,Manufacturing,Small,Organic,2024-10-21,active
CUS004721,AMX Client 4721,North America,Canada,Retail,Medium,Direct,2021-01-08,active
CUS004722,AMX Client 4722,North America,Canada,Manufacturing,Enterprise,Direct,2020-04-01,active
CUS004723,AMX Client 4723,India,India,Manufacturing,Small,Organic,2021-06-26,active
CUS004724,AMX Client 4724,Europe,Germany,Healthcare,Small,Organic,2022-07-27,active
CUS004725,AMX Client 4725,India,India,Healthcare,Medium,Referral,2020-01-11,active
CUS004726,AMX Client 4726,North America,United States,Finance,Medium,Paid Search,2020-10-30,active
CUS004727,AMX Client 4727,Europe,France,Finance,Small,Paid Search,2023-10-28,active
CUS004728,AMX Client 4728,India,India,Manufacturing,Small,Referral,2023-01-02,active
CUS004729,AMX Client 4729,Europe,Germany,Finance,Medium,Paid Search,2022-12-04,active
CUS004730,AMX Client 4730,North America,Canada,Retail,Enterprise,Direct,2024-10-13,active
CUS004731,AMX Client 4731,North America,United States,Retail,Small,Direct,2021-02-07,active
CUS004732,AMX Client 4732,APAC,Singapore,Finance,Small,Paid Search,2024-05-02,active
CUS004733,AMX Client 4733,North America,Canada,Finance,Enterprise,Partner,2021-09-19,active
CUS004734,AMX Client 4734,India,India,Retail,Small,Referral,2024-06-21,active
CUS004735,AMX Client 4735,APAC,Japan,,Small,Direct,2023-10-15,active
CUS004736,AMX Client 4736,Europe,Germany,,Medium,Direct,2021-01-11,inactive
CUS004737,AMX Client 4737,Europe,France,Technology,Small,Paid Search,2021-01-04,active
CUS004738,AMX Client 4738,India,India,Finance,Small,Paid Search,2022-08-15,active
CUS004739,AMX Client 4739,India,India,Manufacturing,Medium,Paid Search,2022-06-06,active
CUS004740,AMX Client 4740,Europe,United Kingdom,Retail,Medium,Direct,2021-02-18,active
CUS004741,AMX Client 4741,India,India,Healthcare,Small,Partner,2021-04-04,active
CUS004742,AMX Client 4742,India,India,Healthcare,Small,Organic,2024-05-07,active
CUS004743,AMX Client 4743,Europe,United Kingdom,Finance,Medium,Referral,2023-08-24,active
CUS004744,AMX Client 4744,India,India,Healthcare,Medium,Direct,2020-12-03,active
CUS004745,AMX Client 4745,India,India,Finance,Medium,Organic,2023-07-04,active
CUS004746,AMX Client 4746,India,India,Healthcare,Medium,Direct,2020-09-28,active
CUS004747,AMX Client 4747,North America,Canada,Technology,Medium,Paid Search,2022-02-24,active
CUS004748,AMX Client 4748,Europe,France,Healthcare,Enterprise,Direct,2020-01-22,active
CUS004749,AMX Client 4749,APAC,Singapore,Technology,Medium,Referral,2023-02-20,active
CUS004750,AMX Client 4750,India,India,Manufacturing,Small,Direct,2020-11-17,active
CUS004751,AMX Client 4751,India,India,Healthcare,Enterprise,Paid Search,2021-02-20,active
CUS004752,AMX Client 4752,North America,Canada,,Enterprise,Paid Search,2020-12-01,active
CUS004753,AMX Client 4753,North America,United States,Technology,Small,Partner,2020-11-19,active
CUS004754,AMX Client 4754,North America,Canada,Technology,Small,Partner,2020-05-16,active
CUS004755,AMX Client 4755,APAC,Japan,Manufacturing,Medium,Organic,2022-09-06,active
CUS004756,AMX Client 4756,North America,Canada,Retail,Small,Organic,2024-03-12,active
CUS004757,AMX Client 4757,North America,United States,Finance,Medium,Paid Search,2021-06-16,active
CUS004758,AMX Client 4758,APAC,Australia,Finance,Medium,Organic,2023-10-09,active
CUS004759,AMX Client 4759,India,India,Technology,Small,Direct,2022-08-17,active
CUS004760,AMX Client 4760,APAC,Singapore,Finance,Small,Referral,2021-03-25,active
CUS004761,AMX Client 4761,North America,Canada,Manufacturing,Enterprise,Direct,2020-04-18,active
CUS004762,AMX Client 4762,North America,Canada,Retail,Small,Organic,2023-10-15,active
CUS004763,AMX Client 4763,APAC,Australia,Finance,Medium,Referral,2020-02-10,active
CUS004764,AMX Client 4764,North America,United States,Technology,Small,Referral,2022-01-15,active
CUS004765,AMX Client 4765,North America,Canada,Finance,Small,Direct,2020-03-01,active
CUS004766,AMX Client 4766,India,India,Finance,Medium,Direct,2023-10-01,active
CUS004767,AMX Client 4767,Europe,France,Technology,Small,Organic,2024-10-14,active
CUS004768,AMX Client 4768,North America,United States,Healthcare,Medium,Partner,2021-07-24,active
CUS004769,AMX Client 4769,India,India,Healthcare,Medium,Paid Search,2021-07-07,active
CUS004770,AMX Client 4770,Europe,Germany,Manufacturing,Small,Organic,2022-09-24,active
CUS004771,AMX Client 4771,Europe,Germany,Finance,Small,Partner,2022-06-05,inactive
CUS004772,AMX Client 4772,North America,United States,Finance,Medium,Partner,2021-11-04,active
CUS004773,AMX Client 4773,India,India,Manufacturing,Medium,Paid Search,2021-10-08,active
CUS004774,AMX Client 4774,North America,Canada,Finance,Medium,Paid Search,2020-11-27,active
CUS004775,AMX Client 4775,India,India,Healthcare,Medium,Partner,2021-03-18,active
CUS004776,AMX Client 4776,India,India,Healthcare,Small,Direct,2022-10-31,active
CUS004777,AMX Client 4777,North America,Canada,Manufacturing,Small,Partner,2023-07-20,active
CUS004778,AMX Client 4778,India,India,Finance,Medium,Organic,2023-08-18,active
CUS004779,AMX Client 4779,India,India,Healthcare,Medium,Paid Search,2022-07-01,active
CUS004780,AMX Client 4780,Europe,United Kingdom,Technology,Medium,Referral,2023-08-22,active
CUS004781,AMX Client 4781,North America,Canada,Healthcare,Small,Referral,2022-11-11,active
CUS004782,AMX Client 4782,APAC,Australia,Technology,Small,Organic,2021-09-21,active
CUS004783,AMX Client 4783,APAC,Japan,Healthcare,Medium,Referral,2021-09-16,active
CUS004784,AMX Client 4784,North America,Canada,Finance,Small,Partner,2022-07-05,active
CUS004785,AMX Client 4785,APAC,Australia,Retail,Small,Organic,2021-06-27,active
CUS004786,AMX Client 4786,APAC,Japan,Technology,Medium,Organic,2023-09-10,active
CUS004787,AMX Client 4787,North America,Canada,Healthcare,Small,Paid Search,2020-11-23,active
CUS004788,AMX Client 4788,Europe,Netherlands,Retail,Small,Paid Search,2020-04-06,active
CUS004789,AMX Client 4789,India,India,Healthcare,Small,Partner,2022-05-17,active
CUS004790,AMX Client 4790,Europe,Germany,Finance,Enterprise,Referral,2020-05-06,active
CUS004791,AMX Client 4791,North America,Canada,Technology,Small,Referral,2020-12-04,active
CUS004792,AMX Client 4792,India,India,Retail,Small,Referral,2021-10-26,active
CUS004793,AMX Client 4793,India,India,Healthcare,Small,Organic,2020-01-08,active
CUS004794,AMX Client 4794,APAC,Japan,Healthcare,Small,Referral,2021-01-29,inactive
CUS004795,AMX Client 4795,North America,Canada,Finance,Small,Paid Search,2022-08-20,active
CUS004796,AMX Client 4796,India,India,Healthcare,Medium,Organic,2021-10-23,active
CUS004797,AMX Client 4797,India,India,Retail,Small,Organic,2024-05-01,active
CUS004798,AMX Client 4798,North America,United States,Finance,Small,Paid Search,2020-06-14,active
CUS004799,AMX Client 4799,APAC,Australia,Technology,Small,Paid Search,2023-06-25,active
CUS004800,AMX Client 4800,Europe,France,Finance,Small,Organic,2022-11-11,active
CUS004801,AMX Client 4801,North America,Canada,Technology,Small,Referral,2023-02-11,active
CUS004802,AMX Client 4802,India,India,Healthcare,Medium,Direct,2023-04-01,active
CUS004803,AMX Client 4803,India,India,Technology,Medium,Organic,2020-04-02,inactive
CUS004804,AMX Client 4804,North America,Canada,Technology,Medium,Partner,2023-10-30,active
CUS004805,AMX Client 4805,Europe,Netherlands,Technology,Small,Organic,2021-08-08,active
CUS004806,AMX Client 4806,Europe,France,Finance,Enterprise,Partner,2023-02-22,active
CUS004807,AMX Client 4807,North America,Canada,Technology,Medium,Partner,2021-06-03,active
CUS004808,AMX Client 4808,Europe,Netherlands,Healthcare,Small,Partner,2021-12-01,active
CUS004809,AMX Client 4809,North America,United States,Technology,Small,Direct,2023-05-21,active
CUS004810,AMX Client 4810,North America,Canada,Manufacturing,Medium,Direct,2024-07-09,active
CUS004811,AMX Client 4811,North America,United States,Retail,Small,Paid Search,2024-03-30,active
CUS004812,AMX Client 4812,Europe,Netherlands,Technology,Small,Partner,2023-07-06,active
CUS004813,AMX Client 4813,North America,Canada,Retail,Medium,Direct,2022-08-09,active
CUS004814,AMX Client 4814,APAC,Australia,Technology,Small,Direct,2022-07-20,active
CUS004815,AMX Client 4815,North America,Canada,Manufacturing,Enterprise,Direct,2024-09-01,active
CUS004816,AMX Client 4816,India,India,Retail,Small,Direct,2020-12-31,active
CUS004817,AMX Client 4817,India,India,Manufacturing,Small,Referral,2024-08-11,active
CUS004818,AMX Client 4818,North America,United States,Finance,Small,Organic,2023-02-20,active
CUS004819,AMX Client 4819,North America,Canada,Technology,Small,Partner,2022-12-24,active
CUS004820,AMX Client 4820,North America,Canada,Finance,Enterprise,Organic,2022-11-10,active
CUS004821,AMX Client 4821,Europe,Netherlands,Retail,Medium,Direct,2023-12-05,active
CUS004822,AMX Client 4822,India,India,Healthcare,Enterprise,Paid Search,2023-04-21,active
CUS004823,AMX Client 4823,Europe,United Kingdom,Retail,Medium,Referral,2020-06-16,active
CUS004824,AMX Client 4824,Europe,Netherlands,Manufacturing,Small,Direct,2023-10-11,active
CUS004825,AMX Client 4825,North America,United States,Finance,Small,Direct,2023-07-10,active
CUS004826,AMX Client 4826,North America,United States,Finance,Small,Organic,2024-06-03,active
CUS004827,AMX Client 4827,India,India,Retail,Enterprise,Direct,2024-07-11,active
CUS004828,AMX Client 4828,North America,Canada,Technology,Small,Direct,2024-08-03,active
CUS004829,AMX Client 4829,Europe,France,Healthcare,Small,Paid Search,2020-03-16,active
CUS004830,AMX Client 4830,APAC,Australia,Technology,Small,Organic,2023-01-17,active
CUS004831,AMX Client 4831,Europe,France,Healthcare,Medium,Direct,2024-07-08,active
CUS004832,AMX Client 4832,India,India,Finance,Small,Paid Search,2024-09-01,active
CUS004833,AMX Client 4833,Europe,Netherlands,Finance,Medium,Direct,2022-08-28,active
CUS004834,AMX Client 4834,Europe,United Kingdom,Healthcare,Medium,Partner,2024-05-28,active
CUS004835,AMX Client 4835,North America,United States,Healthcare,Medium,Paid Search,2024-04-03,active
CUS004836,AMX Client 4836,Europe,Germany,Manufacturing,Small,Organic,2020-01-05,active
CUS004837,AMX Client 4837,India,India,Finance,Small,Organic,2024-04-11,active
CUS004838,AMX Client 4838,India,India,Manufacturing,Small,Paid Search,2023-01-31,active
CUS004839,AMX Client 4839,India,India,Manufacturing,Enterprise,Organic,2022-10-10,active
CUS004840,AMX Client 4840,India,India,Manufacturing,Enterprise,Referral,2020-11-11,active
CUS004841,AMX Client 4841,APAC,Japan,Manufacturing,Medium,Organic,2024-06-10,active
CUS004842,AMX Client 4842,North America,Canada,Healthcare,Small,Partner,2021-06-05,active
CUS004843,AMX Client 4843,India,India,Finance,Small,Paid Search,2022-01-07,active
CUS004844,AMX Client 4844,North America,Canada,Healthcare,Medium,Partner,2021-06-09,active
CUS004845,AMX Client 4845,North America,Canada,Healthcare,Small,Paid Search,2024-09-08,active
CUS004846,AMX Client 4846,North America,Canada,Finance,Medium,Partner,2022-05-03,active
CUS004847,AMX Client 4847,India,India,Manufacturing,Medium,Organic,2020-07-20,active
CUS004848,AMX Client 4848,Europe,Germany,Healthcare,Small,Paid Search,2020-01-20,active
CUS004849,AMX Client 4849,India,India,Retail,Small,Organic,2024-09-26,active
CUS004850,AMX Client 4850,Europe,Germany,Manufacturing,Small,Direct,2021-02-20,active
CUS004851,AMX Client 4851,India,India,Technology,Small,Organic,2023-09-23,active
CUS004852,AMX Client 4852,Europe,United Kingdom,Healthcare,Medium,Paid Search,2020-02-21,inactive
CUS004853,AMX Client 4853,Europe,United Kingdom,Healthcare,Small,Referral,2024-05-02,active
CUS004854,AMX Client 4854,India,India,Technology,Small,Organic,2023-02-22,active
CUS004855,AMX Client 4855,India,India,Retail,Small,Direct,2021-01-31,active
CUS004856,AMX Client 4856,APAC,Australia,Retail,Small,Partner,2024-04-19,inactive
CUS004857,AMX Client 4857,North America,Canada,Finance,Medium,Organic,2021-06-09,active
CUS004858,AMX Client 4858,Europe,Netherlands,Manufacturing,Medium,Direct,2024-10-28,active
CUS004859,AMX Client 4859,India,India,Healthcare,Small,Paid Search,2022-11-24,active
CUS004860,AMX Client 4860,India,India,Finance,Small,Organic,2022-03-03,active
CUS004861,AMX Client 4861,North America,United States,Retail,Small,Partner,2020-04-13,active
CUS004862,AMX Client 4862,APAC,Australia,Technology,Small,Partner,2021-04-04,active
CUS004863,AMX Client 4863,India,India,Technology,Small,Direct,2020-04-12,active
CUS004864,AMX Client 4864,Europe,Netherlands,Healthcare,Enterprise,Organic,2024-02-15,active
CUS004865,AMX Client 4865,Europe,Germany,Manufacturing,Small,Organic,2020-06-25,inactive
CUS004866,AMX Client 4866,India,India,Finance,Small,Partner,2020-07-18,active
CUS004867,AMX Client 4867,India,India,Finance,Small,Organic,2020-08-07,active
CUS004868,AMX Client 4868,India,India,Healthcare,Medium,Partner,2024-09-16,active
CUS004869,AMX Client 4869,North America,United States,Retail,Small,Organic,2024-09-10,active
CUS004870,AMX Client 4870,Europe,Netherlands,Technology,Enterprise,Referral,2023-06-16,active
CUS004871,AMX Client 4871,North America,Canada,Healthcare,Small,Partner,2020-05-10,active
CUS004872,AMX Client 4872,India,India,Finance,Medium,Partner,2022-06-08,active
CUS004873,AMX Client 4873,Europe,United Kingdom,Technology,Medium,Paid Search,2024-08-01,active
CUS004874,AMX Client 4874,North America,United States,Retail,Small,Partner,2020-06-19,inactive
CUS004875,AMX Client 4875,North America,United States,Healthcare,Small,Organic,2023-11-02,active
CUS004876,AMX Client 4876,North America,United States,Retail,Small,Paid Search,2020-02-02,active
CUS004877,AMX Client 4877,India,India,Healthcare,Medium,Organic,2023-11-20,active
CUS004878,AMX Client 4878,Europe,Germany,Finance,Enterprise,Referral,2022-08-19,active
CUS004879,AMX Client 4879,North America,Canada,Retail,Small,Organic,2024-04-17,active
CUS004880,AMX Client 4880,North America,Canada,Healthcare,Small,Organic,2021-12-31,active
CUS004881,AMX Client 4881,India,India,Retail,Small,Direct,2023-10-18,active
CUS004882,AMX Client 4882,Europe,Netherlands,Finance,Small,Direct,2024-01-28,active
CUS004883,AMX Client 4883,Europe,Netherlands,Manufacturing,Medium,Organic,2021-07-27,active
CUS004884,AMX Client 4884,North America,United States,Technology,Small,Direct,2023-02-08,active
CUS004885,AMX Client 4885,APAC,Singapore,Manufacturing,Small,Organic,2022-03-24,active
CUS004886,AMX Client 4886,APAC,Singapore,Healthcare,Enterprise,Partner,2022-02-01,inactive
CUS004887,AMX Client 4887,India,India,Technology,Medium,Direct,2023-11-13,active
CUS004888,AMX Client 4888,Europe,Netherlands,Finance,Medium,Organic,2021-02-03,active
CUS004889,AMX Client 4889,North America,United States,Finance,Small,Organic,2020-07-30,inactive
CUS004890,AMX Client 4890,APAC,Japan,Manufacturing,Enterprise,Partner,2022-04-28,active
CUS004891,AMX Client 4891,India,India,Retail,Medium,Paid Search,2023-12-22,inactive
CUS004892,AMX Client 4892,India,India,Finance,Small,Direct,2020-10-14,inactive
CUS004893,AMX Client 4893,North America,United States,Manufacturing,Small,Direct,2021-08-23,active
CUS004894,AMX Client 4894,India,India,Technology,Enterprise,Referral,2023-03-23,active
CUS004895,AMX Client 4895,Europe,Netherlands,Manufacturing,Medium,Referral,2022-04-22,active
CUS004896,AMX Client 4896,North America,Canada,Manufacturing,Medium,Partner,2022-12-05,active
CUS004897,AMX Client 4897,India,India,Finance,Medium,Partner,2022-07-21,active
CUS004898,AMX Client 4898,North America,Canada,Technology,Medium,Paid Search,2023-12-01,active
CUS004899,AMX Client 4899,APAC,Singapore,Manufacturing,Medium,Organic,2024-03-25,active
CUS004900,AMX Client 4900,Europe,Netherlands,Manufacturing,Enterprise,Direct,2022-03-04,active
CUS004901,AMX Client 4901,North America,Canada,Finance,Small,Direct,2022-02-01,active
CUS004902,AMX Client 4902,India,India,Technology,Small,Direct,2021-05-07,active
CUS004903,AMX Client 4903,India,India,Finance,Medium,Paid Search,2022-02-22,inactive
CUS004904,AMX Client 4904,APAC,Singapore,Technology,Small,Organic,2024-01-17,active
CUS004905,AMX Client 4905,Europe,United Kingdom,Healthcare,Medium,Partner,2022-06-04,active
CUS004906,AMX Client 4906,North America,United States,Retail,Medium,Direct,2023-05-05,active
CUS004907,AMX Client 4907,APAC,Singapore,Finance,Medium,Direct,2022-01-08,active
CUS004908,AMX Client 4908,India,India,Healthcare,Medium,Paid Search,2023-06-02,active
CUS004909,AMX Client 4909,Europe,Netherlands,Healthcare,Small,Referral,2023-06-12,inactive
CUS004910,AMX Client 4910,India,India,Technology,Enterprise,Organic,2022-07-21,active
CUS004911,AMX Client 4911,India,India,Retail,Small,Paid Search,2024-07-08,active
CUS004912,AMX Client 4912,North America,United States,Manufacturing,Medium,Partner,2024-03-26,active
CUS004913,AMX Client 4913,North America,Canada,Healthcare,Enterprise,Organic,2020-10-06,active
CUS004914,AMX Client 4914,APAC,Australia,Manufacturing,Small,Organic,2021-02-06,active
CUS004915,AMX Client 4915,North America,Canada,Manufacturing,Small,Direct,2024-08-13,active
CUS004916,AMX Client 4916,Europe,France,Technology,Small,Organic,2021-12-10,active
CUS004917,AMX Client 4917,Europe,Netherlands,Finance,Medium,Paid Search,2021-07-02,active
CUS004918,AMX Client 4918,Europe,Netherlands,Retail,Small,Direct,2023-11-07,active
CUS004919,AMX Client 4919,APAC,Japan,Retail,Small,Organic,2022-11-29,inactive
CUS004920,AMX Client 4920,North America,United States,Healthcare,Enterprise,Referral,2020-08-22,active
CUS004921,AMX Client 4921,North America,Canada,Healthcare,Small,Paid Search,2020-06-11,active
CUS004922,AMX Client 4922,India,India,Healthcare,Medium,Organic,2023-11-28,active
CUS004923,AMX Client 4923,India,India,Technology,Medium,Direct,2023-09-12,active
CUS004924,AMX Client 4924,APAC,Singapore,Healthcare,Small,Paid Search,2021-09-14,active
CUS004925,AMX Client 4925,North America,Canada,Healthcare,Small,Direct,2024-03-03,active
CUS004926,AMX Client 4926,North America,United States,Healthcare,Enterprise,Partner,2020-08-09,active
CUS004927,AMX Client 4927,India,India,Retail,Medium,Direct,2024-03-14,active
CUS004928,AMX Client 4928,North America,United States,Technology,Small,Organic,2020-05-19,active
CUS004929,AMX Client 4929,Europe,Netherlands,Technology,Medium,Organic,2023-01-28,active
CUS004930,AMX Client 4930,India,India,Healthcare,Small,Paid Search,2024-01-28,active
CUS004931,AMX Client 4931,Europe,Netherlands,Manufacturing,Small,Organic,2022-12-29,active
CUS004932,AMX Client 4932,Europe,United Kingdom,Manufacturing,Medium,Referral,2023-10-07,active
CUS004933,AMX Client 4933,Europe,Netherlands,Retail,Small,Organic,2021-08-30,active
CUS004934,AMX Client 4934,India,India,Retail,Small,Organic,2021-05-23,active
CUS004935,AMX Client 4935,Europe,United Kingdom,Technology,Enterprise,Direct,2021-04-14,active
CUS004936,AMX Client 4936,India,India,Retail,Small,Direct,2020-07-24,active
CUS004937,AMX Client 4937,North America,United States,Technology,Small,Organic,2021-05-04,active
CUS004938,AMX Client 4938,Europe,Netherlands,Healthcare,Small,Paid Search,2021-03-12,active
CUS004939,AMX Client 4939,Europe,United Kingdom,Healthcare,Medium,Direct,2023-08-29,active
CUS004940,AMX Client 4940,India,India,Technology,Medium,Organic,2021-01-11,active
CUS004941,AMX Client 4941,APAC,Singapore,Manufacturing,Enterprise,Partner,2020-10-20,active
CUS004942,AMX Client 4942,India,India,Healthcare,Small,Organic,2023-07-18,active
CUS004943,AMX Client 4943,Europe,Netherlands,Finance,Medium,Direct,2022-08-07,active
CUS004944,AMX Client 4944,APAC,Australia,Retail,Medium,Direct,2021-01-15,active
CUS004945,AMX Client 4945,North America,Canada,Technology,Small,Partner,2023-05-31,active
CUS004946,AMX Client 4946,Europe,Netherlands,Manufacturing,Small,Paid Search,2021-01-16,active
CUS004947,AMX Client 4947,Europe,United Kingdom,Technology,Medium,Paid Search,2023-10-19,active
CUS004948,AMX Client 4948,Europe,Netherlands,Manufacturing,Small,Direct,2020-02-26,active
CUS004949,AMX Client 4949,Europe,Germany,Healthcare,Medium,Direct,2022-11-08,inactive
CUS004950,AMX Client 4950,Europe,France,Manufacturing,Medium,Organic,2022-11-20,inactive
CUS004951,AMX Client 4951,India,India,Finance,Small,Partner,2021-10-20,active
CUS004952,AMX Client 4952,Europe,Germany,Manufacturing,Enterprise,Paid Search,2023-05-01,active
CUS004953,AMX Client 4953,India,India,Retail,Medium,Organic,2021-11-01,active
CUS004954,AMX Client 4954,APAC,Singapore,Finance,Small,Paid Search,2023-02-28,active
CUS004955,AMX Client 4955,India,India,Finance,Medium,Direct,2021-01-29,active
CUS004956,AMX Client 4956,India,India,Manufacturing,Small,Referral,2022-10-01,active
CUS004957,AMX Client 4957,APAC,Singapore,Retail,Medium,Paid Search,2023-08-28,active
CUS004958,AMX Client 4958,India,India,Retail,Small,Paid Search,2024-09-02,active
CUS004959,AMX Client 4959,North America,Canada,Healthcare,Small,Referral,2021-09-28,active
CUS004960,AMX Client 4960,Europe,Netherlands,Retail,Small,Organic,2022-04-14,active
CUS004961,AMX Client 4961,India,India,Retail,Small,Direct,2022-04-21,active
CUS004962,AMX Client 4962,India,India,Finance,Small,Organic,2024-02-28,active
CUS004963,AMX Client 4963,North America,United States,Technology,Small,Paid Search,2024-08-26,active
CUS004964,AMX Client 4964,India,India,Manufacturing,Enterprise,Paid Search,2023-02-14,active
CUS004965,AMX Client 4965,India,India,Retail,Small,Organic,2023-12-22,active
CUS004966,AMX Client 4966,India,India,Manufacturing,Small,Paid Search,2020-05-28,active
CUS004967,AMX Client 4967,North America,Canada,Retail,Small,Direct,2023-09-02,active
CUS004968,AMX Client 4968,North America,Canada,Retail,Medium,Direct,2023-12-01,inactive
CUS004969,AMX Client 4969,India,India,Retail,Small,Organic,2023-06-16,active
CUS004970,AMX Client 4970,Europe,France,Manufacturing,Medium,Organic,2022-10-29,active
CUS004971,AMX Client 4971,Europe,Netherlands,Technology,Medium,Direct,2024-05-07,active
CUS004972,AMX Client 4972,India,India,Retail,Small,Paid Search,2023-02-28,active
CUS004973,AMX Client 4973,North America,United States,,Enterprise,Organic,2024-02-03,active
CUS004974,AMX Client 4974,APAC,Australia,Manufacturing,Small,Organic,2020-11-14,active
CUS004975,AMX Client 4975,North America,United States,Retail,Medium,Direct,2023-03-21,active
CUS004976,AMX Client 4976,North America,Canada,Manufacturing,Small,Direct,2022-02-11,active
CUS004977,AMX Client 4977,North America,United States,Finance,Medium,Paid Search,2024-03-13,active
CUS004978,AMX Client 4978,India,India,Technology,Medium,Paid Search,2024-04-04,active
CUS004979,AMX Client 4979,Europe,Germany,Healthcare,Small,Direct,2024-01-30,active
CUS004980,AMX Client 4980,APAC,Japan,Technology,Small,Paid Search,2021-01-15,active
CUS004981,AMX Client 4981,APAC,Singapore,Finance,Small,Paid Search,2022-05-19,active
CUS004982,AMX Client 4982,India,India,Finance,Small,Paid Search,2020-01-01,active
CUS004983,AMX Client 4983,North America,Canada,Finance,Enterprise,Organic,2024-09-26,active
CUS004984,AMX Client 4984,India,India,Technology,Medium,Partner,2021-03-30,active
CUS004985,AMX Client 4985,North America,United States,Healthcare,Medium,Paid Search,2023-01-07,active
CUS004986,AMX Client 4986,North America,United States,Healthcare,Enterprise,Organic,2022-05-10,active
CUS004987,AMX Client 4987,Europe,France,Finance,Medium,Direct,2024-05-16,active
CUS004988,AMX Client 4988,India,India,Finance,Medium,Partner,2023-12-21,active
CUS004989,AMX Client 4989,APAC,Japan,Technology,Small,Organic,2023-10-04,active
CUS004990,AMX Client 4990,India,India,Healthcare,Small,Organic,2023-02-10,active
CUS004991,AMX Client 4991,India,India,Manufacturing,Small,Referral,2020-07-29,active
CUS004992,AMX Client 4992,APAC,Japan,Retail,Small,Partner,2024-06-11,active
CUS004993,AMX Client 4993,Europe,United Kingdom,Retail,Small,Partner,2020-04-20,inactive
CUS004994,AMX Client 4994,North America,Canada,Healthcare,Small,Referral,2022-03-15,active
CUS004995,AMX Client 4995,Europe,Germany,Manufacturing,Small,Direct,2021-11-01,active
CUS004996,AMX Client 4996,India,India,Manufacturing,Small,Direct,2021-11-21,active
CUS004997,AMX Client 4997,India,India,Technology,Small,Paid Search,2024-09-21,active
CUS004998,AMX Client 4998,North America,Canada,Retail,Small,Referral,2021-02-12,active
CUS004999,AMX Client 4999,North America,Canada,Manufacturing,Small,Paid Search,2022-10-21,active
CUS005000,AMX Client 5000,Europe,United Kingdom,Healthcare,Small,Partner,2021-01-20,active
