subscription_id,customer_id,plan_type,start_date,renewal_date,end_date,monthly_price,seats,subscription_status
SUB000001,CUS002938,Professional,2024-08-07,2025-08-07,,9864.99,77,active
SUB000002,CUS002114,Professional,2022-04-24,2023-04-24,2024-05-12,7591.51,60,cancelled
SUB000003,CUS003952,Basic,2024-01-06,2025-01-05,,591.58,12,active
SUB000004,CUS002604,Professional,2024-10-14,2025-10-14,,4460.78,35,active
SUB000005,CUS002705,Basic,2024-08-29,2025-08-29,,635.23,13,active
SUB000006,CUS002107,Professional,2023-06-04,2024-06-03,,3239.93,25,active
SUB000007,CUS003364,Basic,2024-02-29,2025-02-28,,667.34,14,active
SUB000008,CUS002667,Professional,2024-10-13,2025-10-13,,9282.86,70,active
SUB000009,CUS002352,Basic,2022-09-07,2023-09-07,,633.33,13,active
SUB000010,CUS002002,Enterprise,2024-08-07,2025-08-07,,85756.91,282,active
SUB000011,CUS002826,Professional,2024-08-24,2025-08-24,,2585.73,20,active
SUB000012,CUS000348,Enterprise,2021-03-10,2022-03-10,,52628.35,167,active
SUB000013,CUS003794,Professional,2022-05-17,2023-05-17,,3943.54,30,active
SUB000014,CUS003810,Enterprise,2023-12-21,2024-12-20,,59136.77,195,active
SUB000015,CUS001545,Basic,2022-05-21,2023-05-21,,347.46,7,active
SUB000016,CUS004842,Basic,2021-10-22,2022-10-22,,683.46,13,active
SUB000017,CUS000048,Basic,2024-10-30,2025-10-30,,293.55,6,active
SUB000018,CUS000220,Professional,2023-05-12,2024-05-11,2024-03-11,5968.04,46,cancelled
SUB000019,CUS004758,Professional,2024-03-10,2025-03-10,,8027.34,62,active
SUB000020,CUS002095,Enterprise,2024-02-11,2025-02-10,,73504.44,264,active
SUB000021,CUS002373,Professional,2022-07-30,2023-07-30,,9188.82,71,active
SUB000022,CUS002552,Basic,2022-02-07,2023-02-07,,456.69,9,active
SUB000023,CUS001415,Professional,2024-04-30,2025-04-30,,4596.35,35,active
SUB000024,CUS001938,Professional,2024-10-06,2025-10-06,,5840.37,43,active
SUB000025,CUS002590,Basic,2024-09-18,2025-09-18,,352.43,7,active
SUB000026,CUS000066,Professional,2024-05-09,2025-05-09,2024-12-13,9057.4,69,cancelled
SUB000027,CUS004502,Professional,2021-08-16,2022-08-16,,6783.67,51,active
SUB000028,CUS000434,Basic,2023-09-07,2024-09-06,,99.25,2,active
SUB000029,CUS003902,Enterprise,2024-05-09,2025-05-09,,70166.98,237,active
SUB000030,CUS003164,Basic,2023-10-01,2024-09-30,,731.69,15,active
SUB000031,CUS002923,Professional,2023-07-04,2024-07-03,,6857.95,58,active
SUB000032,CUS004247,Basic,2024-07-07,2025-07-07,,465.62,9,active
SUB000033,CUS000196,Enterprise,2024-10-01,2025-10-01,,35334.08,119,active
SUB000034,CUS004984,Professional,2024-04-06,2025-04-06,,4101.53,33,active
SUB000035,CUS004092,Basic,2023-06-25,2024-06-24,,386.97,8,active
SUB000036,CUS004466,Basic,2021-05-07,2022-05-07,,676.18,13,active
SUB000037,CUS000510,Professional,2024-05-15,2025-05-15,,4397.03,34,active
SUB000038,CUS004983,Enterprise,2024-10-05,2025-10-05,,119468.89,396,active
SUB000039,CUS003696,Basic,2023-01-05,2024-01-05,,368.04,7,active
SUB000040,CUS003413,Basic,2023-06-19,2024-06-18,,554.76,11,active
SUB000041,CUS002165,Professional,2024-09-16,2025-09-16,,9705.11,76,active
SUB000042,CUS002539,Professional,2023-02-21,2024-02-21,,6308.91,52,active
SUB000043,CUS000865,Professional,2024-05-28,2025-05-28,2024-12-29,7121.8,54,cancelled
SUB000044,CUS000422,Basic,2022-04-25,2023-04-25,,669.72,14,active
SUB000045,CUS003433,Basic,2024-09-09,2025-09-09,,651.71,13,active
SUB000046,CUS002612,Professional,2023-08-29,2024-08-28,,9916.24,77,active
SUB000047,CUS001600,Basic,2024-04-17,2025-04-17,,447.31,9,active
SUB000048,CUS004176,Enterprise,2022-12-09,2023-12-09,,98680.03,320,active
SUB000049,CUS002461,Basic,2022-04-05,2023-04-05,,460.34,10,active
SUB000050,CUS001565,Basic,2023-04-01,2024-03-31,,689.09,14,active
SUB000051,CUS002507,Enterprise,2023-12-22,2024-12-21,,64244.08,215,active
SUB000052,CUS000447,Professional,2024-04-28,2025-04-28,,7948.3,61,active
SUB000053,CUS004718,Professional,2024-06-16,2025-06-16,,1312.77,10,active
SUB000054,CUS000503,Basic,2021-04-08,2022-04-08,,541.87,11,active
SUB000055,CUS002836,Professional,2023-11-10,2024-11-09,,1386.82,11,active
SUB000056,CUS003122,Professional,2024-02-09,2025-02-08,,2601.92,21,active
SUB000057,CUS004267,Basic,2023-12-18,2024-12-17,,138.83,3,active
SUB000058,CUS003393,Basic,2024-10-31,2025-10-31,,98.41,2,active
SUB000059,CUS004818,Basic,2023-06-13,2024-06-12,,598.84,12,active
SUB000060,CUS003201,Basic,2021-03-18,2022-03-18,,677.79,14,active
SUB000061,CUS001517,Basic,2023-07-26,2024-07-25,,302.55,6,active
SUB000062,CUS003236,Basic,2021-03-02,2022-03-02,,146.41,3,active
SUB000063,CUS000840,Basic,2023-11-11,2024-11-10,,97.71,2,active
SUB000064,CUS001587,Basic,2024-10-17,2025-10-17,,372.27,8,active
SUB000065,CUS002323,Basic,2024-02-22,2025-02-21,,530.64,11,active
SUB000066,CUS004605,Professional,2024-10-31,2025-10-31,,9587.29,72,active
SUB000067,CUS004221,Enterprise,2024-08-22,2025-08-22,,38262.29,122,active
SUB000068,CUS000910,Basic,2024-05-12,2025-05-12,,194.69,4,active
SUB000069,CUS000995,Professional,2023-04-27,2024-04-26,2023-12-05,8639.48,65,cancelled
SUB000070,CUS003376,Professional,2021-10-16,2022-10-16,,8935.49,66,active
SUB000071,CUS003234,Basic,2024-02-04,2025-02-03,,710.89,15,active
SUB000072,CUS000892,Professional,2023-06-15,2024-06-14,,9782.5,75,active
SUB000073,CUS002661,Basic,2024-10-26,2025-10-26,,394.61,8,active
SUB000074,CUS000717,Professional,2023-09-03,2024-09-02,,1740.1,13,active
SUB000075,CUS003871,Professional,2023-06-26,2024-06-25,,6011.01,48,active
SUB000076,CUS000021,Enterprise,2024-03-25,2025-03-25,,81924.35,271,active
SUB000077,CUS004832,Basic,2024-10-11,2025-10-11,,485.57,10,active
SUB000078,CUS002886,Basic,2021-09-10,2022-09-10,,547.02,11,active
SUB000079,CUS002349,Professional,2024-08-20,2025-08-20,,7532.82,56,active
SUB000080,CUS004819,Professional,2023-09-14,2024-09-13,,2035.05,15,active
SUB000081,CUS004847,Professional,2021-08-16,2022-08-16,,9149.69,68,active
SUB000082,CUS005000,Professional,2022-02-05,2023-02-05,,3611.34,29,active
SUB000083,CUS000223,Basic,2024-05-20,2025-05-20,2024-11-02,192.76,4,cancelled
SUB000084,CUS003809,Professional,2024-10-25,2025-10-25,,8146.17,61,active
SUB000085,CUS002485,Professional,2022-12-04,2023-12-04,,4215.39,32,active
SUB000086,CUS000805,Basic,2023-09-09,2024-09-08,,679.69,14,active
SUB000087,CUS002720,Basic,2023-08-18,2024-08-17,,379.43,8,active
SUB000088,CUS004108,Basic,2023-07-03,2024-07-02,,634.5,15,active
SUB000089,CUS004799,Basic,2024-07-13,2025-07-13,,92.53,2,active
SUB000090,CUS001761,Basic,2024-09-24,2025-09-24,,193.9,4,active
SUB000091,CUS004025,Professional,2023-09-03,2024-09-02,2024-07-28,9321.32,73,expired
SUB000092,CUS000675,Basic,2024-08-14,2025-08-14,,596.46,12,active
SUB000093,CUS000771,Basic,2023-03-10,2024-03-09,,150.1,3,active
SUB000094,CUS004825,Basic,2024-09-24,2025-09-24,,317.25,6,active
SUB000095,CUS003647,Professional,2022-07-23,2023-07-23,,9037.75,72,active
SUB000096,CUS000589,Professional,2024-07-24,2025-07-24,,7692.19,64,active
SUB000097,CUS001714,Professional,2023-02-06,2024-02-06,2023-12-14,8861.23,71,cancelled
SUB000098,CUS000955,Basic,2022-07-31,2023-07-31,,778.13,15,active
SUB000099,CUS003756,Basic,2024-05-20,2025-05-20,,686.31,14,active
SUB000100,CUS001674,Basic,2024-06-25,2025-06-25,2024-12-26,507.36,10,cancelled
SUB000101,CUS003717,Basic,2024-09-11,2025-09-11,,96.07,2,active
SUB000102,CUS001468,Basic,2024-10-09,2025-10-09,,577.68,12,active
SUB000103,CUS000250,Basic,2024-06-02,2025-06-02,,414.54,9,active
SUB000104,CUS004026,Enterprise,2024-05-06,2025-05-06,,23643.1,80,active
SUB000105,CUS001630,Professional,2022-07-15,2023-07-15,,7871.99,61,active
SUB000106,CUS004925,Basic,2024-06-17,2025-06-17,,100.98,2,active
SUB000107,CUS000178,Basic,2024-01-15,2025-01-14,,699.47,14,active
SUB000108,CUS000775,Basic,2024-08-12,2025-08-12,,733.71,14,active
SUB000109,CUS000610,Professional,2024-06-05,2025-06-05,,9751.22,76,active
SUB000110,CUS002546,Basic,2024-08-30,2025-08-30,,543.58,11,active
SUB000111,CUS003988,Enterprise,2022-11-16,2023-11-16,,51399.92,172,active
SUB000112,CUS002111,Enterprise,2024-07-21,2025-07-21,,116690.32,400,active
SUB000113,CUS001589,Enterprise,2023-07-28,2024-07-27,2024-03-22,52165.39,172,cancelled
SUB000114,CUS003659,Professional,2023-03-03,2024-03-02,,4726.94,37,active
SUB000115,CUS002146,Professional,2024-06-20,2025-06-20,,6006.41,44,active
SUB000116,CUS004745,Enterprise,2024-04-29,2025-04-29,,24131.3,83,active
SUB000117,CUS001170,Professional,2023-11-11,2024-11-10,,9177.53,72,active
SUB000118,CUS002629,Professional,2024-08-30,2025-08-30,,1357.23,11,active
SUB000119,CUS004096,Enterprise,2022-09-14,2023-09-14,,52037.07,172,active
SUB000120,CUS002823,Basic,2022-12-29,2023-12-29,,186.89,4,active
SUB000121,CUS003462,Basic,2024-03-19,2025-03-19,,146.96,3,active
SUB000122,CUS000754,Professional,2023-09-01,2024-08-31,,2845.61,23,active
SUB000123,CUS001182,Professional,2024-10-06,2025-10-06,,8719.13,70,active
SUB000124,CUS004212,Professional,2024-07-28,2025-07-28,,8411.61,67,active
SUB000125,CUS001099,Basic,2024-01-05,2025-01-04,,100.5,2,active
SUB000126,CUS000968,Basic,2023-11-03,2024-11-02,,683.73,14,active
SUB000127,CUS000630,Basic,2024-09-11,2025-09-11,,341.53,7,active
SUB000128,CUS001151,Professional,2023-08-20,2024-08-19,2024-08-23,4209.26,32,cancelled
SUB000129,CUS004024,Professional,2023-12-05,2024-12-04,2024-11-06,2772.43,22,cancelled
SUB000130,CUS001418,Basic,2024-02-10,2025-02-09,,501.92,11,active
SUB000131,CUS003687,Professional,2023-01-30,2024-01-30,,8434.61,68,active
SUB000132,CUS004272,Professional,2024-02-23,2025-02-22,,3448.14,27,active
SUB000133,CUS002151,Professional,2024-07-15,2025-07-15,,3090.7,24,active
SUB000134,CUS002401,Professional,2024-09-17,2025-09-17,,3551.11,27,active
SUB000135,CUS003332,Basic,2024-03-11,2025-03-11,,195.0,4,active
SUB000136,CUS000432,Basic,2022-10-20,2023-10-20,,608.93,12,active
SUB000137,CUS003531,Professional,2022-07-25,2023-07-25,,9536.16,73,active
SUB000138,CUS002941,Basic,2024-05-04,2025-05-04,,326.1,7,active
SUB000139,CUS000583,Basic,2022-10-27,2023-10-27,,223.16,5,active
SUB000140,CUS000576,Basic,2024-07-18,2025-07-18,,567.27,12,active
SUB000141,CUS002268,Professional,2024-10-15,2025-10-15,,4925.65,38,active
SUB000142,CUS000491,Basic,2024-08-20,2025-08-20,,397.09,8,active
SUB000143,CUS002849,Basic,2024-04-21,2025-04-21,,585.83,12,active
SUB000144,CUS001557,Professional,2023-06-25,2024-06-24,,8549.83,66,active
SUB000145,CUS000532,Enterprise,2023-08-10,2024-08-09,,92594.6,296,active
SUB000146,CUS004119,Professional,2023-07-14,2024-07-13,,6840.35,53,active
SUB000147,CUS001052,Professional,2023-11-23,2024-11-22,,3786.81,29,active
SUB000148,CUS002719,Professional,2024-01-01,2024-12-31,,8308.7,61,active
SUB000149,CUS003263,Professional,2022-06-07,2023-06-07,,9544.92,79,active
SUB000150,CUS000509,Professional,2023-05-03,2024-05-02,,2734.38,20,active
SUB000151,CUS000055,Basic,2022-12-29,2023-12-29,,133.83,3,active
SUB000152,CUS003646,Professional,2024-04-21,2025-04-21,,3507.57,28,active
SUB000153,CUS004695,Enterprise,2023-04-13,2024-04-12,,69183.07,236,active
SUB000154,CUS001874,Professional,2024-09-21,2025-09-21,,4986.66,41,active
SUB000155,CUS004267,Enterprise,2024-01-27,2025-01-26,,111180.75,374,active
SUB000156,CUS004107,Basic,2024-05-26,2025-05-26,,391.3,8,active
SUB000157,CUS002687,Basic,2023-05-16,2024-05-15,,653.5,13,active
SUB000158,CUS000783,Professional,2024-06-23,2025-06-23,,3172.7,24,active
SUB000159,CUS002356,Basic,2024-01-05,2025-01-04,,98.6,2,active
SUB000160,CUS002044,Professional,2024-10-16,2025-10-16,,1876.7,14,active
SUB000161,CUS002610,Enterprise,2024-06-21,2025-06-21,,128108.87,419,active
SUB000162,CUS001298,Professional,2024-04-25,2025-04-25,,6631.71,52,active
SUB000163,CUS003459,Professional,2024-04-04,2025-04-04,,6865.49,53,active
SUB000164,CUS000138,Basic,2024-08-21,2025-08-21,,527.01,11,active
SUB000165,CUS001703,Enterprise,2023-03-03,2024-03-02,,36630.44,128,active
SUB000166,CUS001027,Basic,2022-05-22,2023-05-22,,99.47,2,active
SUB000167,CUS000448,Basic,2024-09-14,2025-09-14,,603.58,13,active
SUB000168,CUS000662,Basic,2022-07-02,2023-07-02,,243.39,5,active
SUB000169,CUS000753,Professional,2023-12-25,2024-12-24,,1186.24,10,active
SUB000170,CUS003016,Basic,2024-08-14,2025-08-14,,736.83,15,active
SUB000171,CUS003796,Professional,2023-10-21,2024-10-20,,5908.73,47,active
SUB000172,CUS001009,Basic,2024-07-11,2025-07-11,,549.72,11,active
SUB000173,CUS000334,Basic,2024-08-15,2025-08-15,,340.33,7,active
SUB000174,CUS001258,Professional,2024-06-17,2025-06-17,,6678.05,52,active
SUB000175,CUS000140,Professional,2024-06-08,2025-06-08,,6720.25,52,active
SUB000176,CUS001313,Enterprise,2024-06-13,2025-06-13,,103873.4,355,active
SUB000177,CUS002482,Enterprise,2024-04-23,2025-04-23,,24031.82,82,active
SUB000178,CUS003060,Enterprise,2023-01-27,2024-01-27,,102283.37,349,active
SUB000179,CUS001907,Professional,2022-10-12,2023-10-12,,8219.83,64,active
SUB000180,CUS004432,Professional,2021-10-13,2022-10-13,,6577.24,52,active
SUB000181,CUS003406,Professional,2022-02-24,2023-02-24,,4324.12,33,active
SUB000182,CUS002073,Basic,2022-10-06,2023-10-06,,505.61,11,active
SUB000183,CUS002161,Professional,2023-07-23,2024-07-22,,7456.11,61,active
SUB000184,CUS003736,Professional,2024-05-14,2025-05-14,,9901.94,72,active
SUB000185,CUS003332,Basic,2023-03-05,2024-03-04,,723.83,15,active
SUB000186,CUS003260,Basic,2024-01-25,2025-01-24,,519.86,11,active
SUB000187,CUS000098,Professional,2024-08-31,2025-08-31,,2319.93,18,active
SUB000188,CUS001571,Enterprise,2023-10-03,2024-10-02,,68160.15,222,active
SUB000189,CUS003258,Professional,2021-09-17,2022-09-17,,3297.36,25,active
SUB000190,CUS004909,Basic,2023-07-20,2024-07-19,2024-03-13,381.73,8,cancelled
SUB000191,CUS004124,Basic,2024-08-12,2025-08-12,,240.6,5,active
SUB000192,CUS000927,Professional,2022-08-29,2023-08-29,,9434.5,74,active
SUB000193,CUS003630,Enterprise,2024-10-07,2025-10-07,,118183.11,391,active
SUB000194,CUS001098,Professional,2023-09-07,2024-09-06,,1421.26,11,active
SUB000195,CUS003034,Professional,2024-10-27,2025-10-27,,4619.81,37,active
SUB000196,CUS000221,Professional,2022-04-10,2023-04-10,,7601.97,60,active
SUB000197,CUS004260,Basic,2024-07-02,2025-07-02,,679.63,14,active
SUB000198,CUS002173,Professional,2024-06-02,2025-06-02,,4749.2,35,active
SUB000199,CUS004496,Basic,2023-06-27,2024-06-26,,292.17,6,active
SUB000200,CUS003758,Basic,2022-08-27,2023-08-27,2022-12-01,328.05,6,cancelled
SUB000201,CUS004314,Enterprise,2024-03-05,2025-03-05,,34949.55,118,active
SUB000202,CUS004148,Professional,2022-05-08,2023-05-08,2024-06-17,7891.04,65,cancelled
SUB000203,CUS000780,Basic,2024-09-20,2025-09-20,,347.22,7,active
SUB000204,CUS001094,Enterprise,2023-12-04,2024-12-03,,102906.37,332,active
SUB000205,CUS004846,Basic,2023-03-03,2024-03-02,2024-02-28,697.41,14,cancelled
SUB000206,CUS002797,Basic,2023-11-03,2024-11-02,,542.71,11,active
SUB000207,CUS002092,Basic,2024-02-27,2025-02-26,,483.49,10,active
SUB000208,CUS000270,Professional,2022-11-13,2023-11-13,,5747.09,45,active
SUB000209,CUS000637,Basic,2023-07-28,2024-07-27,,135.03,3,active
SUB000210,CUS002292,Basic,2024-06-08,2025-06-08,,151.42,3,active
SUB000211,CUS002681,Professional,2022-09-30,2023-09-30,2024-02-04,4709.66,37,expired
SUB000212,CUS000517,Basic,2022-07-21,2023-07-21,,662.56,13,active
SUB000213,CUS000181,Professional,2024-03-03,2025-03-03,,7975.5,63,active
SUB000214,CUS001358,Professional,2022-06-26,2023-06-26,,5279.1,41,active
SUB000215,CUS003547,Professional,2024-10-18,2025-10-18,,3904.56,29,active
SUB000216,CUS000491,Professional,2023-06-22,2024-06-21,2024-06-29,9857.31,73,cancelled
SUB000217,CUS004257,Professional,2024-06-13,2025-06-13,,8366.28,63,active
SUB000218,CUS000717,Enterprise,2023-03-08,2024-03-07,2023-07-20,97517.06,349,expired
SUB000219,CUS001780,Professional,2024-10-01,2025-10-01,,3204.09,26,active
SUB000220,CUS002044,Professional,2024-09-25,2025-09-25,,7004.78,53,active
SUB000221,CUS003770,Basic,2023-09-23,2024-09-22,2024-09-14,621.43,13,cancelled
SUB000222,CUS000688,Professional,2024-10-15,2025-10-15,,9311.98,72,active
SUB000223,CUS003603,Basic,2024-09-24,2025-09-24,,493.56,10,active
SUB000224,CUS000297,Basic,2023-07-01,2024-06-30,,741.59,15,active
SUB000225,CUS003984,Professional,2022-04-09,2023-04-09,,9441.73,76,active
SUB000226,CUS000938,Basic,2022-08-30,2023-08-30,,609.05,12,active
SUB000227,CUS002899,Enterprise,2023-09-17,2024-09-16,,97445.86,332,active
SUB000228,CUS001428,Basic,2023-09-02,2024-09-01,2024-11-20,300.07,6,cancelled
SUB000229,CUS002632,Professional,2022-06-14,2023-06-14,2023-06-05,10117.1,79,cancelled
SUB000230,CUS002346,Basic,2024-05-04,2025-05-04,,732.12,14,active
SUB000231,CUS003994,Professional,2022-09-16,2023-09-16,,3524.04,26,active
SUB000232,CUS000879,Basic,2024-09-23,2025-09-23,,789.84,15,active
SUB000233,CUS001606,Professional,2024-06-24,2025-06-24,,8051.28,59,active
SUB000234,CUS003377,Professional,2022-12-18,2023-12-18,,5264.14,41,active
SUB000235,CUS004367,Basic,2022-12-28,2023-12-28,,721.26,15,active
SUB000236,CUS004366,Basic,2024-08-21,2025-08-21,,470.53,10,active
SUB000237,CUS003568,Professional,2023-10-26,2024-10-25,,1953.03,15,active
SUB000238,CUS003671,Professional,2024-04-05,2025-04-05,,3098.64,24,active
SUB000239,CUS004047,Basic,2024-06-13,2025-06-13,,391.41,8,active
SUB000240,CUS000338,Basic,2024-08-02,2025-08-02,,713.67,15,active
SUB000241,CUS000921,Basic,2024-08-06,2025-08-06,,347.33,7,active
SUB000242,CUS001804,Professional,2024-05-24,2025-05-24,,8909.31,70,active
SUB000243,CUS003673,Professional,2024-09-21,2025-09-21,,4819.21,38,active
SUB000244,CUS000533,Basic,2023-11-07,2024-11-06,,689.93,14,active
SUB000245,CUS002885,Basic,2024-06-18,2025-06-18,,537.53,11,active
SUB000246,CUS000748,Enterprise,2022-12-02,2023-12-02,,37213.83,131,active
SUB000247,CUS000788,Professional,2024-01-21,2025-01-20,,5394.07,43,active
SUB000248,CUS003424,Enterprise,2021-10-27,2022-10-27,,43554.05,143,active
SUB000249,CUS003532,Basic,2024-01-02,2025-01-01,,635.94,13,active
SUB000250,CUS000001,Basic,2021-01-25,2022-01-25,,456.69,10,active
SUB000251,CUS003487,Enterprise,2023-06-01,2024-05-31,,21748.22,71,active
SUB000252,CUS002321,Professional,2023-12-04,2024-12-03,,8112.94,63,active
SUB000253,CUS003360,Professional,2023-08-04,2024-08-03,,7079.76,57,active
SUB000254,CUS002987,Professional,2024-09-30,2025-09-30,,5543.11,44,active
SUB000255,CUS001580,Enterprise,2024-09-12,2025-09-12,,69167.69,230,active
SUB000256,CUS002171,Basic,2024-05-01,2025-05-01,,587.76,13,active
SUB000257,CUS004137,Basic,2024-02-26,2025-02-25,,745.82,15,active
SUB000258,CUS001441,Enterprise,2023-07-26,2024-07-25,,45470.95,147,active
SUB000259,CUS001676,Basic,2024-10-29,2025-10-29,,151.58,3,active
SUB000260,CUS000541,Enterprise,2023-11-30,2024-11-29,,37640.58,121,active
SUB000261,CUS004918,Basic,2024-07-17,2025-07-17,,381.3,8,active
SUB000262,CUS003280,Professional,2024-09-11,2025-09-11,,7084.42,53,active
SUB000263,CUS002790,Professional,2024-08-19,2025-08-19,,5339.41,41,active
SUB000264,CUS003735,Professional,2024-02-18,2025-02-17,,8891.23,71,active
SUB000265,CUS001765,Basic,2024-09-03,2025-09-03,,597.61,12,active
SUB000266,CUS002980,Professional,2024-07-23,2025-07-23,,2881.35,22,active
SUB000267,CUS002178,Enterprise,2024-07-03,2025-07-03,,120691.51,383,active
SUB000268,CUS003315,Basic,2023-04-05,2024-04-04,,561.58,11,active
SUB000269,CUS003690,Enterprise,2024-01-28,2025-01-27,,71776.19,246,active
SUB000270,CUS003445,Enterprise,2024-08-15,2025-08-15,,69892.55,231,active
SUB000271,CUS002264,Basic,2022-08-12,2023-08-12,,644.36,13,active
SUB000272,CUS001053,Professional,2024-08-21,2025-08-21,,4294.44,33,active
SUB000273,CUS003395,Basic,2024-07-24,2025-07-24,,581.73,12,active
SUB000274,CUS003724,Professional,2024-10-31,2025-10-31,,9447.65,69,active
SUB000275,CUS000516,Enterprise,2023-11-01,2024-10-31,,25153.2,86,active
SUB000276,CUS000480,Enterprise,2023-11-15,2024-11-14,,124676.86,394,active
SUB000277,CUS004906,Basic,2024-05-14,2025-05-14,,465.56,10,active
SUB000278,CUS004156,Enterprise,2024-10-28,2025-10-28,,110038.15,373,active
SUB000279,CUS001216,Basic,2024-10-15,2025-10-15,,603.73,12,active
SUB000280,CUS002435,Basic,2024-09-14,2025-09-14,,94.39,2,active
SUB000281,CUS003870,Professional,2024-09-11,2025-09-11,,2262.27,18,active
SUB000282,CUS003126,Basic,2024-01-03,2025-01-02,,599.01,12,active
SUB000283,CUS004193,Professional,2024-02-02,2025-02-01,,4605.46,38,active
SUB000284,CUS003950,Basic,2021-11-10,2022-11-10,,458.05,9,active
SUB000285,CUS002823,Professional,2022-10-14,2023-10-14,,6919.46,51,active
SUB000286,CUS002273,Basic,2023-08-28,2024-08-27,,412.87,8,active
SUB000287,CUS002110,Basic,2021-12-25,2022-12-25,2022-04-08,198.23,4,cancelled
SUB000288,CUS004572,Enterprise,2024-08-14,2025-08-14,,75397.92,256,active
SUB000289,CUS004195,Professional,2024-05-17,2025-05-17,,2802.0,22,active
SUB000290,CUS003360,Professional,2023-06-13,2024-06-12,,10163.2,78,active
SUB000291,CUS003481,Basic,2022-09-11,2023-09-11,,295.33,6,active
SUB000292,CUS003422,Professional,2023-02-06,2024-02-06,,1654.68,13,active
SUB000293,CUS001837,Basic,2024-02-29,2025-02-28,,103.43,2,active
SUB000294,CUS004965,Basic,2024-02-22,2025-02-21,2024-09-10,340.04,7,cancelled
SUB000295,CUS002866,Basic,2024-03-18,2025-03-18,,669.04,13,active
SUB000296,CUS004022,Enterprise,2024-09-19,2025-09-19,,52207.95,174,active
SUB000297,CUS000487,Enterprise,2024-10-16,2025-10-16,,23352.94,78,active
SUB000298,CUS004072,Professional,2024-09-25,2025-09-25,,2889.46,22,active
SUB000299,CUS003780,Professional,2023-04-22,2024-04-21,,7614.26,58,active
SUB000300,CUS003096,Professional,2024-07-04,2025-07-04,,1925.21,15,active
SUB000301,CUS000939,Professional,2023-10-28,2024-10-27,,8156.07,62,active
SUB000302,CUS003057,Professional,2024-06-14,2025-06-14,,1453.15,11,active
SUB000303,CUS001334,Basic,2023-05-03,2024-05-02,,518.35,10,active
SUB000304,CUS000687,Basic,2024-10-12,2025-10-12,,196.49,4,active
SUB000305,CUS004311,Professional,2024-09-25,2025-09-25,,2634.97,21,active
SUB000306,CUS002556,Enterprise,2021-06-20,2022-06-20,,38240.03,131,active
SUB000307,CUS004147,Professional,2024-09-19,2025-09-19,,3492.28,25,active
SUB000308,CUS001116,Professional,2023-07-29,2024-07-28,,2410.26,20,active
SUB000309,CUS002826,Professional,2024-03-05,2025-03-05,,4574.22,37,active
SUB000310,CUS002762,Enterprise,2024-01-15,2025-01-14,2024-05-01,117314.52,392,expired
SUB000311,CUS000469,Basic,2024-07-30,2025-07-30,,431.51,9,active
SUB000312,CUS004341,Basic,2023-10-31,2024-10-30,,403.23,8,active
SUB000313,CUS000325,Basic,2023-01-17,2024-01-17,,502.54,10,active
SUB000314,CUS002354,Professional,2023-09-15,2024-09-14,,1645.62,13,active
SUB000315,CUS002144,Professional,2022-08-05,2023-08-05,,8826.31,65,active
SUB000316,CUS001085,Basic,2024-01-08,2025-01-07,,188.43,4,active
SUB000317,CUS001974,Enterprise,2023-09-23,2024-09-22,,108066.61,371,active
SUB000318,CUS002321,Basic,2023-12-26,2024-12-25,,620.36,12,active
SUB000319,CUS004699,Basic,2024-10-29,2025-10-29,,701.42,15,active
SUB000320,CUS004298,Enterprise,2022-04-10,2023-04-10,,117723.08,389,active
SUB000321,CUS003721,Basic,2023-09-11,2024-09-10,,155.07,3,active
SUB000322,CUS001094,Enterprise,2024-04-01,2025-04-01,,94042.42,346,active
SUB000323,CUS000841,Basic,2024-10-21,2025-10-21,,629.47,13,active
SUB000324,CUS002065,Basic,2024-02-14,2025-02-13,2024-11-04,455.63,9,expired
SUB000325,CUS003560,Enterprise,2024-09-07,2025-09-07,,80855.48,273,active
SUB000326,CUS001054,Professional,2024-10-28,2025-10-28,,2843.89,22,active
SUB000327,CUS002206,Basic,2023-12-28,2024-12-27,,443.9,9,active
SUB000328,CUS003536,Basic,2023-10-27,2024-10-26,,693.51,14,active
SUB000329,CUS004209,Professional,2024-01-28,2025-01-27,,9026.03,72,active
SUB000330,CUS003894,Basic,2024-08-07,2025-08-07,,553.46,11,active
SUB000331,CUS004877,Professional,2024-02-28,2025-02-27,,4425.15,34,active
SUB000332,CUS003365,Professional,2021-11-05,2022-11-05,,6562.75,53,active
SUB000333,CUS004788,Basic,2022-05-08,2023-05-08,2023-01-26,192.81,4,cancelled
SUB000334,CUS001385,Basic,2022-04-26,2023-04-26,,652.07,14,active
SUB000335,CUS004396,Basic,2021-12-05,2022-12-05,,493.67,10,active
SUB000336,CUS004282,Professional,2021-12-16,2022-12-16,,4592.54,35,active
SUB000337,CUS001311,Basic,2024-04-20,2025-04-20,,246.82,5,active
SUB000338,CUS004808,Basic,2022-10-13,2023-10-13,,149.83,3,active
SUB000339,CUS002324,Professional,2023-09-25,2024-09-24,,10238.61,79,active
SUB000340,CUS002930,Professional,2024-05-05,2025-05-05,2024-12-25,3311.02,25,cancelled
SUB000341,CUS004600,Professional,2024-08-13,2025-08-13,,9760.11,76,active
SUB000342,CUS002373,Enterprise,2021-11-22,2022-11-22,2022-06-13,42581.87,139,cancelled
SUB000343,CUS000145,Professional,2024-05-06,2025-05-06,,2217.5,18,active
SUB000344,CUS000789,Professional,2024-02-29,2025-02-28,2024-05-07,7361.48,60,cancelled
SUB000345,CUS002273,Basic,2023-12-31,2024-12-30,,589.78,12,active
SUB000346,CUS000707,Enterprise,2024-09-08,2025-09-08,,96135.15,314,active
SUB000347,CUS000527,Professional,2021-01-24,2022-01-24,,10092.28,79,active
SUB000348,CUS001493,Professional,2023-11-09,2024-11-08,,2637.62,20,active
SUB000349,CUS002461,Enterprise,2022-09-16,2023-09-16,,73445.02,243,active
SUB000350,CUS002928,Basic,2024-03-31,2025-03-31,,682.29,15,active
SUB000351,CUS002696,Professional,2024-09-09,2025-09-09,,6137.56,44,active
SUB000352,CUS004729,Professional,2024-04-27,2025-04-27,,3329.56,27,active
SUB000353,CUS000426,Basic,2021-06-10,2022-06-10,,284.28,6,active
SUB000354,CUS004392,Enterprise,2024-09-29,2025-09-29,,37012.6,119,active
SUB000355,CUS001690,Basic,2023-12-03,2024-12-02,,539.37,11,active
SUB000356,CUS002017,Basic,2023-10-18,2024-10-17,,286.1,6,active
SUB000357,CUS000876,Basic,2024-06-29,2025-06-29,,240.97,5,active
SUB000358,CUS002767,Basic,2024-10-18,2025-10-18,,522.39,11,active
SUB000359,CUS000155,Professional,2024-06-28,2025-06-28,,7397.81,59,active
SUB000360,CUS003019,Basic,2023-09-11,2024-09-10,2024-08-08,151.06,3,cancelled
SUB000361,CUS001412,Professional,2024-09-28,2025-09-28,,5196.79,41,active
SUB000362,CUS001961,Basic,2022-10-31,2023-10-31,,94.34,2,active
SUB000363,CUS003214,Professional,2024-08-08,2025-08-08,,6780.7,54,active
SUB000364,CUS000720,Professional,2024-03-28,2025-03-28,,1539.58,12,active
SUB000365,CUS003812,Professional,2024-05-13,2025-05-13,,2135.5,17,active
SUB000366,CUS000676,Enterprise,2024-06-30,2025-06-30,,111803.67,378,active
SUB000367,CUS000729,Enterprise,2024-10-07,2025-10-07,,93516.71,309,active
SUB000368,CUS004160,Basic,2022-06-06,2023-06-06,2023-05-12,337.23,7,cancelled
SUB000369,CUS004724,Enterprise,2023-01-19,2024-01-19,,69890.72,241,active
SUB000370,CUS003213,Basic,2023-01-19,2024-01-19,,669.27,14,active
SUB000371,CUS002194,Professional,2023-11-24,2024-11-23,,7305.42,54,active
SUB000372,CUS003460,Professional,2023-12-14,2024-12-13,,7912.73,57,active
SUB000373,CUS004504,Professional,2023-05-28,2024-05-27,,8656.95,67,active
SUB000374,CUS001571,Professional,2024-07-11,2025-07-11,,6349.1,48,active
SUB000375,CUS000932,Basic,2024-08-18,2025-08-18,,94.78,2,active
SUB000376,CUS001803,Professional,2022-12-06,2023-12-06,,3284.72,26,active
SUB000377,CUS000438,Professional,2024-01-03,2025-01-02,,2620.63,20,active
SUB000378,CUS004661,Basic,2023-08-08,2024-08-07,,674.2,15,active
SUB000379,CUS003379,Basic,2023-06-21,2024-06-20,,150.98,3,active
SUB000380,CUS001629,Basic,2024-03-11,2025-03-11,,576.38,12,active
SUB000381,CUS002995,Basic,2023-04-13,2024-04-12,,282.91,6,active
SUB000382,CUS001743,Basic,2024-07-10,2025-07-10,,695.32,14,active
SUB000383,CUS001201,Basic,2022-01-29,2023-01-29,,720.63,14,active
SUB000384,CUS000080,Basic,2023-04-05,2024-04-04,,630.02,13,active
SUB000385,CUS000499,Professional,2024-10-22,2025-10-22,,8731.37,67,active
SUB000386,CUS000020,Basic,2022-10-21,2023-10-21,2023-10-19,248.89,5,cancelled
SUB000387,CUS003143,Basic,2022-10-24,2023-10-24,2023-07-30,148.23,3,cancelled
SUB000388,CUS003175,Basic,2024-03-23,2025-03-23,,236.45,5,active
SUB000389,CUS000722,Professional,2024-03-10,2025-03-10,,5330.38,41,active
SUB000390,CUS001512,Basic,2022-10-06,2023-10-06,,591.79,12,active
SUB000391,CUS001327,Basic,2021-11-03,2022-11-03,,265.91,6,active
SUB000392,CUS002056,Professional,2024-01-18,2025-01-17,,9035.29,68,active
SUB000393,CUS003950,Basic,2022-09-24,2023-09-24,,464.21,10,active
SUB000394,CUS002338,Professional,2023-07-10,2024-07-09,,4276.11,33,active
SUB000395,CUS004875,Basic,2024-03-19,2025-03-19,,516.03,10,active
SUB000396,CUS001899,Professional,2023-02-18,2024-02-18,,6650.76,52,active
SUB000397,CUS004077,Basic,2023-10-12,2024-10-11,,141.62,3,active
SUB000398,CUS003448,Professional,2022-04-28,2023-04-28,,1972.87,15,active
SUB000399,CUS000929,Enterprise,2024-05-05,2025-05-05,,129546.06,413,active
SUB000400,CUS004222,Basic,2023-09-05,2024-09-04,2024-01-17,565.18,12,cancelled
SUB000401,CUS003434,Professional,2024-02-17,2025-02-16,2024-07-21,4970.55,42,cancelled
SUB000402,CUS003526,Professional,2024-05-18,2025-05-18,,9538.12,71,active
SUB000403,CUS003265,Professional,2021-12-19,2022-12-19,2022-11-10,5048.55,38,cancelled
SUB000404,CUS003159,Basic,2023-04-21,2024-04-20,,148.98,3,active
SUB000405,CUS000374,Professional,2023-11-13,2024-11-12,,8098.55,67,active
SUB000406,CUS004253,Enterprise,2024-10-14,2025-10-14,,45788.2,150,active
SUB000407,CUS001971,Basic,2024-09-11,2025-09-11,,304.64,6,active
SUB000408,CUS004043,Basic,2021-09-09,2022-09-09,,105.4,2,active
SUB000409,CUS003051,Professional,2022-05-30,2023-05-30,,4598.25,36,active
SUB000410,CUS000380,Enterprise,2024-10-06,2025-10-06,,92905.32,309,active
SUB000411,CUS002347,Basic,2024-09-11,2025-09-11,,634.31,14,active
SUB000412,CUS003641,Basic,2022-12-25,2023-12-25,,557.27,11,active
SUB000413,CUS000439,Enterprise,2021-01-06,2022-01-06,2022-03-22,81235.73,263,expired
SUB000414,CUS000590,Professional,2024-01-28,2025-01-27,,8895.99,68,active
SUB000415,CUS002644,Enterprise,2023-01-19,2024-01-19,,21488.57,69,active
SUB000416,CUS001474,Professional,2024-05-24,2025-05-24,,7026.34,56,active
SUB000417,CUS002475,Professional,2024-01-03,2025-01-02,2024-05-11,1664.2,13,cancelled
SUB000418,CUS004052,Enterprise,2024-10-28,2025-10-28,,122713.0,413,active
SUB000419,CUS004865,Professional,2021-06-15,2022-06-15,2024-04-02,4420.78,33,cancelled
SUB000420,CUS004228,Basic,2024-04-18,2025-04-18,,611.08,12,active
SUB000421,CUS001183,Enterprise,2023-09-24,2024-09-23,2024-08-18,107929.95,357,cancelled
SUB000422,CUS002032,Basic,2023-05-15,2024-05-14,,346.18,7,active
SUB000423,CUS004978,Professional,2024-09-29,2025-09-29,,6705.86,51,active
SUB000424,CUS003844,Professional,2024-03-14,2025-03-14,,4206.86,33,active
SUB000425,CUS003979,Professional,2024-09-09,2025-09-09,,3243.55,24,active
SUB000426,CUS000854,Basic,2024-09-09,2025-09-09,,675.15,14,active
SUB000427,CUS000364,Enterprise,2024-01-11,2025-01-10,,125950.52,415,active
SUB000428,CUS004836,Basic,2023-06-06,2024-06-05,,575.73,12,active
SUB000429,CUS002761,Basic,2024-05-24,2025-05-24,,708.73,14,active
SUB000430,CUS002555,Professional,2024-04-19,2025-04-19,,4113.61,32,active
SUB000431,CUS004580,Basic,2023-09-09,2024-09-08,2024-08-03,105.09,2,cancelled
SUB000432,CUS000874,Basic,2024-06-27,2025-06-27,,634.18,13,active
SUB000433,CUS000737,Professional,2024-06-28,2025-06-28,,5995.45,45,active
SUB000434,CUS003567,Enterprise,2023-05-10,2024-05-09,,41813.47,143,active
SUB000435,CUS003433,Enterprise,2024-01-12,2025-01-11,2024-12-08,100862.6,341,cancelled
SUB000436,CUS001523,Basic,2024-10-13,2025-10-13,,342.5,7,active
SUB000437,CUS001421,Basic,2022-04-11,2023-04-11,,297.62,6,active
SUB000438,CUS004569,Basic,2024-01-19,2025-01-18,,668.08,14,active
SUB000439,CUS003202,Professional,2024-05-18,2025-05-18,,3286.99,26,active
SUB000440,CUS004423,Enterprise,2023-02-03,2024-02-03,,35392.25,118,active
SUB000441,CUS002232,Basic,2024-10-09,2025-10-09,,298.1,6,active
SUB000442,CUS001331,Enterprise,2024-08-27,2025-08-27,,34639.93,116,active
SUB000443,CUS003782,Basic,2022-10-01,2023-10-01,,438.23,9,active
SUB000444,CUS004215,Professional,2023-06-06,2024-06-05,,7749.43,63,active
SUB000445,CUS004495,Basic,2024-01-10,2025-01-09,,548.44,11,active
SUB000446,CUS004305,Professional,2024-10-05,2025-10-05,,3851.36,29,active
SUB000447,CUS004775,Professional,2021-06-02,2022-06-02,,1333.4,10,active
SUB000448,CUS003888,Basic,2024-07-12,2025-07-12,,295.54,6,active
SUB000449,CUS003378,Basic,2024-07-09,2025-07-09,,287.79,6,active
SUB000450,CUS002357,Professional,2021-10-24,2022-10-24,,2168.3,17,active
SUB000451,CUS002993,Basic,2024-10-25,2025-10-25,,246.32,5,active
SUB000452,CUS003708,Basic,2024-10-02,2025-10-02,,244.84,5,active
SUB000453,CUS002458,Enterprise,2023-06-10,2024-06-09,2024-09-09,28725.37,99,cancelled
SUB000454,CUS004924,Basic,2021-10-08,2022-10-08,,276.69,6,active
SUB000455,CUS000946,Basic,2024-06-14,2025-06-14,,336.33,7,active
SUB000456,CUS001772,Professional,2023-04-22,2024-04-21,,8814.74,69,active
SUB000457,CUS003953,Basic,2024-04-23,2025-04-23,,495.3,10,active
SUB000458,CUS001233,Professional,2024-07-28,2025-07-28,,3433.06,27,active
SUB000459,CUS004018,Basic,2023-10-23,2024-10-22,,485.69,10,active
SUB000460,CUS004430,Professional,2024-09-25,2025-09-25,,4144.13,32,active
SUB000461,CUS004693,Professional,2024-10-17,2025-10-17,,8300.48,61,active
SUB000462,CUS000510,Enterprise,2024-03-29,2025-03-29,,85313.32,287,active
SUB000463,CUS004843,Basic,2023-01-13,2024-01-13,2023-11-16,92.69,2,cancelled
SUB000464,CUS002462,Professional,2023-06-03,2024-06-02,2024-04-14,4784.56,38,cancelled
SUB000465,CUS001037,Enterprise,2023-04-07,2024-04-06,,29566.62,93,active
SUB000466,CUS001407,Enterprise,2022-11-20,2023-11-20,,70965.84,226,active
SUB000467,CUS004337,Basic,2023-03-05,2024-03-04,,657.95,13,active
SUB000468,CUS000286,Professional,2023-12-05,2024-12-04,,9383.88,71,active
SUB000469,CUS004492,Enterprise,2023-05-12,2024-05-11,,114616.47,374,active
SUB000470,CUS000152,Basic,2023-11-27,2024-11-26,,242.95,5,active
SUB000471,CUS000730,Basic,2022-06-10,2023-06-10,,100.97,2,active
SUB000472,CUS004075,Enterprise,2021-07-15,2022-07-15,,124935.82,405,active
SUB000473,CUS003976,Basic,2022-07-03,2023-07-03,,756.72,15,active
SUB000474,CUS002780,Professional,2024-04-08,2025-04-08,,2147.05,17,active
SUB000475,CUS000438,Professional,2023-10-21,2024-10-20,,8162.17,64,active
SUB000476,CUS004943,Professional,2022-09-25,2023-09-25,2024-06-23,3152.56,25,cancelled
SUB000477,CUS003908,Basic,2024-10-22,2025-10-22,,405.68,8,active
SUB000478,CUS004472,Basic,2024-09-04,2025-09-04,,544.72,11,active
SUB000479,CUS002398,Basic,2024-07-27,2025-07-27,,596.07,12,active
SUB000480,CUS001685,Basic,2022-09-04,2023-09-04,,549.86,11,active
SUB000481,CUS000571,Professional,2024-10-18,2025-10-18,,8706.35,71,active
SUB000482,CUS000062,Basic,2022-11-16,2023-11-16,,505.12,10,active
SUB000483,CUS003109,Professional,2024-10-22,2025-10-22,,8605.94,68,active
SUB000484,CUS004053,Professional,2023-10-23,2024-10-22,,7872.04,62,active
SUB000485,CUS001965,Basic,2023-12-21,2024-12-20,,285.4,6,active
SUB000486,CUS001308,Basic,2021-05-22,2022-05-22,2022-02-04,589.65,12,expired
SUB000487,CUS003347,Basic,2024-10-20,2025-10-20,,391.08,8,active
SUB000488,CUS004993,Basic,2021-10-28,2022-10-28,2022-06-04,466.14,10,cancelled
SUB000489,CUS001971,Enterprise,2024-07-07,2025-07-07,,103141.93,368,active
SUB000490,CUS004696,Basic,2023-06-09,2024-06-08,,437.87,9,active
SUB000491,CUS000036,Basic,2023-11-18,2024-11-17,,554.36,11,active
SUB000492,CUS001659,Professional,2024-09-10,2025-09-10,,5818.53,44,active
SUB000493,CUS000119,Professional,2023-01-12,2024-01-12,,2670.36,20,active
SUB000494,CUS004771,Basic,2023-06-20,2024-06-19,2024-05-19,340.63,7,cancelled
SUB000495,CUS004681,Professional,2024-05-20,2025-05-20,,7007.17,55,active
SUB000496,CUS004669,Professional,2024-03-26,2025-03-26,,9251.9,72,active
SUB000497,CUS000728,Basic,2023-12-29,2024-12-28,,554.18,11,active
SUB000498,CUS000647,Professional,2024-08-09,2025-08-09,,7222.89,53,active
SUB000499,CUS004944,Basic,2021-03-13,2022-03-13,,96.42,2,active
SUB000500,CUS002648,Basic,2024-08-14,2025-08-14,,679.62,14,active
SUB000501,CUS000412,Enterprise,2023-07-19,2024-07-18,,23047.91,77,active
SUB000502,CUS001669,Basic,2024-01-30,2025-01-29,,582.54,12,active
SUB000503,CUS002060,Basic,2024-10-14,2025-10-14,,528.05,11,active
SUB000504,CUS003651,Professional,2024-05-29,2025-05-29,,1798.06,14,active
SUB000505,CUS002300,Professional,2023-11-13,2024-11-12,,5518.93,44,active
SUB000506,CUS000816,Professional,2023-08-10,2024-08-09,,3703.73,28,active
SUB000507,CUS004632,Enterprise,2024-06-28,2025-06-28,,81750.2,260,active
SUB000508,CUS003460,Professional,2021-12-30,2022-12-30,2024-06-05,5364.15,42,cancelled
SUB000509,CUS000042,Professional,2021-02-19,2022-02-19,2024-04-20,2866.68,21,cancelled
SUB000510,CUS001127,Basic,2023-11-13,2024-11-12,,683.41,14,active
SUB000511,CUS003165,Professional,2024-10-05,2025-10-05,,5159.9,41,active
SUB000512,CUS001753,Professional,2023-11-04,2024-11-03,,9643.21,73,active
SUB000513,CUS004815,Professional,2024-10-25,2025-10-25,,3120.68,25,active
SUB000514,CUS004502,Professional,2022-08-29,2023-08-29,,1845.44,14,active
SUB000515,CUS004595,Basic,2024-09-12,2025-09-12,,494.35,10,active
SUB000516,CUS001118,Basic,2024-10-18,2025-10-18,,434.77,9,active
SUB000517,CUS000290,Basic,2024-08-29,2025-08-29,,192.51,4,active
SUB000518,CUS000692,Basic,2024-01-30,2025-01-29,,475.03,10,active
SUB000519,CUS003495,Professional,2021-04-07,2022-04-07,,10024.32,75,active
SUB000520,CUS003855,Professional,2023-03-21,2024-03-20,2024-06-26,5375.76,42,expired
SUB000521,CUS003155,Professional,2024-07-06,2025-07-06,,2999.32,23,active
SUB000522,CUS001021,Professional,2021-08-05,2022-08-05,,4771.16,37,active
SUB000523,CUS001279,Professional,2024-06-05,2025-06-05,,3841.27,30,active
SUB000524,CUS001814,Basic,2024-07-19,2025-07-19,,99.12,2,active
SUB000525,CUS002528,Professional,2022-01-20,2023-01-20,,8535.26,65,active
SUB000526,CUS003238,Enterprise,2023-01-15,2024-01-15,,85928.56,286,active
SUB000527,CUS002958,Basic,2023-11-26,2024-11-25,,535.44,11,active
SUB000528,CUS003693,Basic,2024-07-06,2025-07-06,,377.09,8,active
SUB000529,CUS001718,Enterprise,2024-06-05,2025-06-05,,121756.61,416,active
SUB000530,CUS001681,Professional,2023-05-19,2024-05-18,,5104.72,40,active
SUB000531,CUS003043,Professional,2023-08-09,2024-08-08,,8131.57,63,active
SUB000532,CUS003205,Basic,2024-05-28,2025-05-28,,460.17,10,active
SUB000533,CUS002962,Professional,2023-09-29,2024-09-28,,1317.97,10,active
SUB000534,CUS001509,Professional,2024-09-01,2025-09-01,,3261.24,25,active
SUB000535,CUS002751,Professional,2024-01-20,2025-01-19,,9604.31,76,active
SUB000536,CUS003150,Basic,2024-08-31,2025-08-31,,474.29,10,active
SUB000537,CUS000846,Professional,2024-08-04,2025-08-04,,5287.79,42,active
SUB000538,CUS003677,Professional,2023-05-01,2024-04-30,,7750.48,63,active
SUB000539,CUS004957,Enterprise,2024-08-25,2025-08-25,,114634.19,388,active
SUB000540,CUS003186,Enterprise,2024-06-28,2025-06-28,,109934.99,370,active
SUB000541,CUS000790,Basic,2024-03-09,2025-03-09,2024-07-22,151.73,3,cancelled
SUB000542,CUS001749,Professional,2024-04-30,2025-04-30,,6688.21,51,active
SUB000543,CUS000791,Professional,2024-04-09,2025-04-09,,9558.78,71,active
SUB000544,CUS000163,Professional,2024-10-22,2025-10-22,,5309.77,41,active
SUB000545,CUS001281,Enterprise,2023-09-29,2024-09-28,,84234.37,291,active
SUB000546,CUS004745,Enterprise,2024-09-19,2025-09-19,,66298.22,209,active
SUB000547,CUS000457,Basic,2023-12-20,2024-12-19,2024-03-17,145.36,3,cancelled
SUB000548,CUS003770,Basic,2021-11-28,2022-11-28,,602.54,13,active
SUB000549,CUS004172,Basic,2024-06-05,2025-06-05,,197.51,4,active
SUB000550,CUS001384,Professional,2024-08-14,2025-08-14,,7309.31,60,active
SUB000551,CUS003506,Professional,2023-01-17,2024-01-17,,6045.04,47,active
SUB000552,CUS004931,Enterprise,2024-08-16,2025-08-16,,84385.46,287,active
SUB000553,CUS000951,Professional,2024-07-03,2025-07-03,,8407.33,64,active
SUB000554,CUS000345,Professional,2024-04-05,2025-04-05,,7731.7,58,active
SUB000555,CUS000896,Professional,2022-11-14,2023-11-14,,4336.14,34,active
SUB000556,CUS004818,Basic,2024-05-09,2025-05-09,,434.89,9,active
SUB000557,CUS001432,Basic,2021-10-12,2022-10-12,,653.9,13,active
SUB000558,CUS001849,Basic,2024-01-08,2025-01-07,,619.9,13,active
SUB000559,CUS001517,Professional,2024-07-11,2025-07-11,,6723.14,52,active
SUB000560,CUS004897,Professional,2023-02-02,2024-02-02,,2891.79,22,active
SUB000561,CUS000482,Basic,2022-08-18,2023-08-18,,619.37,13,active
SUB000562,CUS000927,Professional,2024-01-18,2025-01-17,,3956.92,31,active
SUB000563,CUS000233,Basic,2023-07-24,2024-07-23,,688.42,14,active
SUB000564,CUS002332,Enterprise,2022-12-11,2023-12-11,,58517.18,187,active
SUB000565,CUS000707,Enterprise,2024-07-07,2025-07-07,,41806.06,146,active
SUB000566,CUS004326,Professional,2021-05-16,2022-05-16,,7699.58,60,active
SUB000567,CUS003590,Professional,2023-11-07,2024-11-06,,7160.94,53,active
SUB000568,CUS004487,Basic,2024-07-26,2025-07-26,,405.33,8,active
SUB000569,CUS004110,Basic,2024-09-26,2025-09-26,,727.91,15,active
SUB000570,CUS002692,Basic,2024-09-20,2025-09-20,,733.17,15,active
SUB000571,CUS000198,Professional,2024-05-05,2025-05-05,,8388.76,64,active
SUB000572,CUS001942,Professional,2022-09-26,2023-09-26,,3410.36,26,active
SUB000573,CUS001955,Basic,2024-09-09,2025-09-09,,462.27,9,active
SUB000574,CUS002432,Professional,2021-02-02,2022-02-02,,5230.23,39,active
SUB000575,CUS001450,Enterprise,2024-10-27,2025-10-27,,88774.71,312,active
SUB000576,CUS002237,Professional,2021-04-15,2022-04-15,,4871.93,40,active
SUB000577,CUS002384,Basic,2023-12-25,2024-12-24,,624.88,13,active
SUB000578,CUS001285,Basic,2024-03-27,2025-03-27,,320.76,7,active
SUB000579,CUS003990,Basic,2021-06-05,2022-06-05,,563.76,11,active
SUB000580,CUS002924,Enterprise,2024-08-20,2025-08-20,,60069.24,212,active
SUB000581,CUS000410,Professional,2023-08-30,2024-08-29,,7020.71,55,active
SUB000582,CUS003421,Basic,2022-10-26,2023-10-26,,522.57,11,active
SUB000583,CUS001848,Enterprise,2023-05-16,2024-05-15,,84434.94,299,active
SUB000584,CUS004804,Professional,2024-07-10,2025-07-10,,4432.93,33,active
SUB000585,CUS000554,Basic,2024-10-02,2025-10-02,,624.14,13,active
SUB000586,CUS003931,Enterprise,2023-03-02,2024-03-01,,84842.63,266,active
SUB000587,CUS004839,Enterprise,2024-01-07,2025-01-06,,107601.69,343,active
SUB000588,CUS000539,Basic,2024-10-29,2025-10-29,,391.96,8,active
SUB000589,CUS002095,Professional,2023-05-23,2024-05-22,,4542.52,38,active
SUB000590,CUS003933,Basic,2024-09-12,2025-09-12,,581.0,12,active
SUB000591,CUS000277,Basic,2023-10-17,2024-10-16,,211.68,4,active
SUB000592,CUS003537,Basic,2024-09-26,2025-09-26,,397.87,8,active
SUB000593,CUS000952,Basic,2023-05-11,2024-05-10,,584.56,12,active
SUB000594,CUS003870,Professional,2024-08-22,2025-08-22,,7826.84,62,active
SUB000595,CUS003076,Professional,2021-09-20,2022-09-20,,7315.31,55,active
SUB000596,CUS004741,Basic,2024-08-24,2025-08-24,,545.97,11,active
SUB000597,CUS000399,Professional,2021-04-05,2022-04-05,,2735.92,21,active
SUB000598,CUS002731,Enterprise,2024-01-19,2025-01-18,,66530.32,214,active
SUB000599,CUS003807,Professional,2023-10-26,2024-10-25,,5221.59,39,active
SUB000600,CUS003777,Basic,2024-05-15,2025-05-15,,547.25,11,active
SUB000601,CUS004309,Basic,2023-07-30,2024-07-29,2024-12-10,601.62,13,cancelled
SUB000602,CUS002420,Basic,2022-04-13,2023-04-13,,283.89,6,active
SUB000603,CUS002701,Basic,2021-02-23,2022-02-23,,95.89,2,active
SUB000604,CUS002232,Basic,2024-01-05,2025-01-04,2024-08-09,244.68,5,expired
SUB000605,CUS003005,Enterprise,2024-10-27,2025-10-27,,67028.36,213,active
SUB000606,CUS000105,Professional,2023-07-29,2024-07-28,2024-06-04,7742.98,56,expired
SUB000607,CUS000849,Basic,2024-09-18,2025-09-18,,198.69,4,active
SUB000608,CUS004777,Professional,2024-03-04,2025-03-04,,9466.86,72,active
SUB000609,CUS001154,Enterprise,2024-04-06,2025-04-06,,94583.83,334,active
SUB000610,CUS001561,Professional,2024-06-21,2025-06-21,,8388.02,66,active
SUB000611,CUS001705,Basic,2022-03-09,2023-03-09,,624.67,13,active
SUB000612,CUS004759,Basic,2023-01-01,2024-01-01,,335.36,7,active
SUB000613,CUS003474,Basic,2024-08-22,2025-08-22,,299.97,6,active
SUB000614,CUS004941,Enterprise,2024-06-22,2025-06-22,2024-12-18,88578.48,301,cancelled
SUB000615,CUS003437,Basic,2022-01-23,2023-01-23,,503.25,11,active
SUB000616,CUS000979,Professional,2022-10-30,2023-10-30,,6640.22,50,active
SUB000617,CUS000261,Professional,2024-06-05,2025-06-05,,3226.41,24,active
SUB000618,CUS004318,Professional,2021-08-01,2022-08-01,2024-06-03,9121.11,70,cancelled
SUB000619,CUS003000,Professional,2022-12-08,2023-12-08,,5899.06,46,active
SUB000620,CUS002208,Basic,2024-04-12,2025-04-12,2024-08-24,189.83,4,cancelled
SUB000621,CUS004088,Professional,2023-08-01,2024-07-31,,6260.98,50,active
SUB000622,CUS001213,Basic,2024-03-03,2025-03-03,,203.35,4,active
SUB000623,CUS002698,Professional,2022-04-21,2023-04-21,,5150.46,41,active
SUB000624,CUS000515,Basic,2021-05-11,2022-05-11,,367.16,7,active
SUB000625,CUS004952,Professional,2023-09-29,2024-09-28,2024-04-18,9063.55,68,cancelled
SUB000626,CUS001698,Basic,2024-03-09,2025-03-09,,198.33,4,active
SUB000627,CUS003086,Professional,2023-06-28,2024-06-27,2024-02-26,2825.12,20,cancelled
SUB000628,CUS000643,Basic,2024-05-12,2025-05-12,,460.69,9,active
SUB000629,CUS004166,Enterprise,2022-03-06,2023-03-06,,30627.54,104,active
SUB000630,CUS002818,Professional,2024-05-31,2025-05-31,,8582.1,69,active
SUB000631,CUS003534,Enterprise,2024-05-01,2025-05-01,,119297.98,405,active
SUB000632,CUS001598,Professional,2024-08-19,2025-08-19,,7583.64,59,active
SUB000633,CUS002009,Professional,2024-06-27,2025-06-27,,1632.49,13,active
SUB000634,CUS002609,Basic,2022-02-24,2023-02-24,,423.64,9,active
SUB000635,CUS004206,Enterprise,2022-03-08,2023-03-08,,21102.47,70,active
SUB000636,CUS000747,Basic,2023-10-29,2024-10-28,,202.09,4,active
SUB000637,CUS003194,Professional,2022-02-05,2023-02-05,2024-06-20,8243.25,60,cancelled
SUB000638,CUS004966,Basic,2021-11-03,2022-11-03,,343.92,7,active
SUB000639,CUS001204,Basic,2024-01-10,2025-01-09,,600.4,12,active
SUB000640,CUS000026,Professional,2024-06-08,2025-06-08,,9048.14,75,active
SUB000641,CUS001511,Enterprise,2023-11-12,2024-11-11,,110566.79,359,active
SUB000642,CUS003432,Basic,2024-09-13,2025-09-13,,472.7,10,active
SUB000643,CUS003134,Basic,2024-08-04,2025-08-04,,643.8,13,active
SUB000644,CUS003524,Basic,2024-07-24,2025-07-24,,244.63,5,active
SUB000645,CUS000702,Basic,2023-06-11,2024-06-10,,145.76,3,active
SUB000646,CUS000725,Basic,2024-05-15,2025-05-15,,557.46,12,active
SUB000647,CUS003902,Enterprise,2024-05-31,2025-05-31,,83539.37,287,active
SUB000648,CUS000543,Professional,2021-10-03,2022-10-03,,7606.11,61,active
SUB000649,CUS002566,Enterprise,2023-11-04,2024-11-03,,113014.18,386,active
SUB000650,CUS000969,Professional,2024-06-15,2025-06-15,,7388.63,55,active
SUB000651,CUS001260,Basic,2024-10-12,2025-10-12,,338.77,7,active
SUB000652,CUS002550,Basic,2021-09-23,2022-09-23,,143.54,3,active
SUB000653,CUS002448,Basic,2024-03-23,2025-03-23,,150.34,3,active
SUB000654,CUS001843,Professional,2024-04-19,2025-04-19,,8089.42,62,active
SUB000655,CUS002296,Professional,2021-04-21,2022-04-21,2022-05-04,3592.57,26,cancelled
SUB000656,CUS001994,Basic,2022-12-13,2023-12-13,,304.4,6,active
SUB000657,CUS000807,Professional,2024-10-30,2025-10-30,,4800.81,40,active
SUB000658,CUS002315,Basic,2022-10-14,2023-10-14,,654.95,13,active
SUB000659,CUS001819,Basic,2024-08-13,2025-08-13,,100.35,2,active
SUB000660,CUS000360,Professional,2023-09-22,2024-09-21,,9963.96,73,active
SUB000661,CUS003703,Professional,2023-11-03,2024-11-02,,8454.85,66,active
SUB000662,CUS000553,Basic,2022-02-03,2023-02-03,,305.28,6,active
SUB000663,CUS003092,Professional,2023-09-14,2024-09-13,2024-03-03,2930.17,23,cancelled
SUB000664,CUS000159,Basic,2023-06-07,2024-06-06,,494.98,10,active
SUB000665,CUS001276,Basic,2024-05-10,2025-05-10,,707.86,15,active
SUB000666,CUS004122,Professional,2023-08-25,2024-08-24,,4666.19,38,active
SUB000667,CUS002185,Professional,2024-08-30,2025-08-30,,9969.47,75,active
SUB000668,CUS003663,Enterprise,2024-08-22,2025-08-22,,37080.63,124,active
SUB000669,CUS000548,Professional,2022-09-26,2023-09-26,,2464.35,20,active
SUB000670,CUS002302,Enterprise,2023-08-31,2024-08-30,2024-08-30,23064.29,75,expired
SUB000671,CUS001503,Professional,2024-05-16,2025-05-16,,9215.25,79,active
SUB000672,CUS000459,Basic,2023-11-07,2024-11-06,2024-09-07,714.17,15,cancelled
SUB000673,CUS003957,Professional,2024-05-25,2025-05-25,,6196.59,51,active
SUB000674,CUS003011,Enterprise,2023-10-07,2024-10-06,,129604.54,416,active
SUB000675,CUS000396,Basic,2023-08-25,2024-08-24,,723.85,15,active
SUB000676,CUS001007,Enterprise,2024-09-29,2025-09-29,,81552.6,272,active
SUB000677,CUS000691,Professional,2024-10-11,2025-10-11,,2998.59,23,active
SUB000678,CUS004118,Enterprise,2024-09-12,2025-09-12,,57187.91,186,active
SUB000679,CUS003751,Basic,2023-02-04,2024-02-04,,100.38,2,active
SUB000680,CUS000976,Basic,2021-07-25,2022-07-25,,654.86,13,active
SUB000681,CUS003641,Basic,2023-09-28,2024-09-27,2023-12-27,291.27,6,cancelled
SUB000682,CUS004767,Professional,2024-10-19,2025-10-19,,7306.85,55,active
SUB000683,CUS001240,Professional,2023-12-25,2024-12-24,,4789.55,38,active
SUB000684,CUS001319,Professional,2024-01-08,2025-01-07,2024-09-26,7249.54,57,expired
SUB000685,CUS003761,Basic,2023-08-15,2024-08-14,,92.73,2,active
SUB000686,CUS000085,Professional,2024-02-20,2025-02-19,,8467.27,62,active
SUB000687,CUS002318,Professional,2021-12-08,2022-12-08,,1369.65,11,active
SUB000688,CUS000171,Professional,2022-08-26,2023-08-26,,3113.51,23,active
SUB000689,CUS004324,Professional,2023-10-10,2024-10-09,,8016.98,61,active
SUB000690,CUS000076,Professional,2024-10-06,2025-10-06,,4416.59,34,active
SUB000691,CUS001210,Professional,2023-09-12,2024-09-11,2024-06-04,3135.77,24,cancelled
SUB000692,CUS002270,Enterprise,2024-09-06,2025-09-06,,42026.41,146,active
SUB000693,CUS000842,Basic,2024-03-26,2025-03-26,,621.04,12,active
SUB000694,CUS004207,Professional,2024-07-18,2025-07-18,,3821.01,30,active
SUB000695,CUS002513,Basic,2024-03-30,2025-03-30,2024-07-15,608.85,12,cancelled
SUB000696,CUS003897,Basic,2023-03-27,2024-03-26,,672.96,14,active
SUB000697,CUS004728,Basic,2024-08-25,2025-08-25,,186.18,4,active
SUB000698,CUS002139,Enterprise,2023-11-21,2024-11-20,,109036.95,341,active
SUB000699,CUS001933,Basic,2023-03-30,2024-03-29,,575.58,12,active
SUB000700,CUS000190,Basic,2024-06-24,2025-06-24,,448.13,9,active
SUB000701,CUS003434,Professional,2024-02-09,2025-02-08,,2998.57,26,active
SUB000702,CUS004266,Professional,2022-10-03,2023-10-03,,3474.35,27,active
SUB000703,CUS001243,Basic,2024-08-03,2025-08-03,,300.22,6,active
SUB000704,CUS001627,Enterprise,2021-11-15,2022-11-15,,97359.23,324,active
SUB000705,CUS000436,Basic,2022-03-21,2023-03-21,,146.5,3,active
SUB000706,CUS004523,Basic,2023-03-21,2024-03-20,,680.93,14,active
SUB000707,CUS004308,Enterprise,2024-07-15,2025-07-15,,105373.8,342,active
SUB000708,CUS002354,Professional,2024-06-22,2025-06-22,,6650.59,54,active
SUB000709,CUS002102,Basic,2021-10-17,2022-10-17,,97.19,2,active
SUB000710,CUS002059,Enterprise,2023-01-13,2024-01-13,,21038.94,67,active
SUB000711,CUS000909,Basic,2024-01-14,2025-01-13,,511.03,11,active
SUB000712,CUS002592,Professional,2024-07-18,2025-07-18,,1670.75,13,active
SUB000713,CUS004893,Professional,2023-09-14,2024-09-13,,1612.24,13,active
SUB000714,CUS004420,Enterprise,2022-01-02,2023-01-02,,112701.9,373,active
SUB000715,CUS004722,Enterprise,2021-02-10,2022-02-10,,46697.93,156,active
SUB000716,CUS000766,Professional,2024-08-02,2025-08-02,,7609.01,61,active
SUB000717,CUS003356,Professional,2024-10-23,2025-10-23,,8908.55,69,active
SUB000718,CUS003950,Basic,2024-08-03,2025-08-03,,736.69,15,active
SUB000719,CUS003281,Basic,2021-12-14,2022-12-14,,287.73,6,active
SUB000720,CUS004000,Basic,2024-03-23,2025-03-23,,96.57,2,active
SUB000721,CUS000166,Professional,2021-12-18,2022-12-18,,6808.0,54,active
SUB000722,CUS001721,Professional,2023-04-21,2024-04-20,,2255.37,19,active
SUB000723,CUS002914,Enterprise,2022-08-17,2023-08-17,,34265.72,111,active
SUB000724,CUS003631,Professional,2024-08-08,2025-08-08,,9004.44,67,active
SUB000725,CUS004631,Enterprise,2024-06-14,2025-06-14,,17963.78,64,active
SUB000726,CUS001958,Basic,2023-12-01,2024-11-30,,102.14,2,active
SUB000727,CUS004429,Professional,2024-08-17,2025-08-17,,10072.58,77,active
SUB000728,CUS004448,Basic,2024-08-11,2025-08-11,,141.33,3,active
SUB000729,CUS003882,Enterprise,2024-03-03,2025-03-03,,106851.78,360,active
SUB000730,CUS004562,Professional,2024-09-15,2025-09-15,,6919.79,55,active
SUB000731,CUS001100,Professional,2023-07-17,2024-07-16,,8789.14,66,active
SUB000732,CUS001035,Enterprise,2021-11-18,2022-11-18,,72638.77,251,active
SUB000733,CUS003790,Professional,2024-05-15,2025-05-15,,5404.81,39,active
SUB000734,CUS004418,Professional,2022-09-06,2023-09-06,,7114.23,53,active
SUB000735,CUS002038,Professional,2022-09-17,2023-09-17,2023-10-28,7655.1,62,expired
SUB000736,CUS001129,Professional,2023-11-19,2024-11-18,,3000.75,22,active
SUB000737,CUS003470,Basic,2024-10-06,2025-10-06,,150.76,3,active
SUB000738,CUS001711,Professional,2022-06-16,2023-06-16,,6929.28,54,active
SUB000739,CUS000134,Basic,2023-11-30,2024-11-29,,501.59,10,active
SUB000740,CUS001617,Professional,2024-02-16,2025-02-15,,5460.17,41,active
SUB000741,CUS000453,Enterprise,2024-06-30,2025-06-30,,53846.87,185,active
SUB000742,CUS003060,Professional,2023-12-18,2024-12-17,,5310.79,40,active
SUB000743,CUS002932,Professional,2023-08-22,2024-08-21,,8893.24,70,active
SUB000744,CUS004726,Professional,2024-06-01,2025-06-01,,9950.73,75,active
SUB000745,CUS000226,Professional,2022-08-30,2023-08-30,,7317.89,57,active
SUB000746,CUS002874,Basic,2022-05-04,2023-05-04,2022-08-02,425.45,9,cancelled
SUB000747,CUS004631,Professional,2024-02-05,2025-02-04,,6855.96,52,active
SUB000748,CUS001658,Enterprise,2023-09-15,2024-09-14,,33339.16,113,active
SUB000749,CUS000942,Professional,2023-06-12,2024-06-11,2023-10-20,10246.12,79,expired
SUB000750,CUS002000,Basic,2024-08-19,2025-08-19,,546.71,11,active
SUB000751,CUS000337,Professional,2024-09-27,2025-09-27,,4611.55,34,active
SUB000752,CUS001625,Basic,2024-08-03,2025-08-03,,337.77,7,active
SUB000753,CUS004432,Basic,2022-04-15,2023-04-15,,713.18,15,active
SUB000754,CUS003459,Professional,2024-02-27,2025-02-26,,1637.17,12,active
SUB000755,CUS004430,Basic,2024-01-23,2025-01-22,,637.07,13,active
SUB000756,CUS001012,Professional,2024-09-01,2025-09-01,,1265.39,10,active
SUB000757,CUS002614,Basic,2021-04-03,2022-04-03,,198.49,4,active
SUB000758,CUS003818,Professional,2023-06-14,2024-06-13,,9431.19,74,active
SUB000759,CUS000403,Basic,2024-08-24,2025-08-24,,485.41,10,active
SUB000760,CUS002584,Professional,2022-06-29,2023-06-29,,2953.02,21,active
SUB000761,CUS003996,Enterprise,2023-11-04,2024-11-03,,21072.21,73,active
SUB000762,CUS001561,Professional,2024-08-20,2025-08-20,,4777.78,39,active
SUB000763,CUS002624,Basic,2023-02-10,2024-02-10,,766.53,15,active
SUB000764,CUS003933,Basic,2024-10-27,2025-10-27,,96.7,2,active
SUB000765,CUS002398,Basic,2024-08-17,2025-08-17,,495.47,10,active
SUB000766,CUS001479,Professional,2023-09-04,2024-09-03,,7781.02,59,active
SUB000767,CUS001186,Professional,2023-05-08,2024-05-07,,9203.57,76,active
SUB000768,CUS003408,Basic,2022-11-28,2023-11-28,,713.39,14,active
SUB000769,CUS001689,Basic,2021-02-21,2022-02-21,,528.41,11,active
SUB000770,CUS002047,Professional,2023-11-23,2024-11-22,,7704.11,56,active
SUB000771,CUS001222,Professional,2022-03-14,2023-03-14,,7649.7,61,active
SUB000772,CUS000006,Basic,2023-07-23,2024-07-22,,671.91,13,active
SUB000773,CUS001873,Basic,2024-10-19,2025-10-19,,311.97,6,active
SUB000774,CUS001359,Professional,2023-09-25,2024-09-24,,9255.66,73,active
SUB000775,CUS004295,Basic,2024-05-10,2025-05-10,2024-10-26,243.37,5,cancelled
SUB000776,CUS002295,Professional,2023-09-03,2024-09-02,,4082.63,32,active
SUB000777,CUS002994,Enterprise,2024-10-24,2025-10-24,,32120.11,102,active
SUB000778,CUS001696,Basic,2021-10-07,2022-10-07,,591.69,12,active
SUB000779,CUS004192,Basic,2022-12-20,2023-12-20,,149.74,3,active
SUB000780,CUS001064,Basic,2023-07-17,2024-07-16,,487.54,10,active
SUB000781,CUS000058,Professional,2024-04-28,2025-04-28,,2360.37,18,active
SUB000782,CUS004578,Professional,2024-09-01,2025-09-01,,5257.01,40,active
SUB000783,CUS002124,Enterprise,2024-09-12,2025-09-12,,47719.0,163,active
SUB000784,CUS002144,Basic,2021-11-23,2022-11-23,,572.44,11,active
SUB000785,CUS000506,Basic,2024-09-01,2025-09-01,,632.46,13,active
SUB000786,CUS004184,Professional,2023-05-20,2024-05-19,2024-10-11,4811.42,36,cancelled
SUB000787,CUS000454,Basic,2023-08-31,2024-08-30,,93.67,2,active
SUB000788,CUS003921,Basic,2021-03-15,2022-03-15,,301.04,6,active
SUB000789,CUS001374,Professional,2024-02-15,2025-02-14,2024-05-15,8965.13,67,cancelled
SUB000790,CUS001686,Basic,2021-03-28,2022-03-28,,741.84,15,active
SUB000791,CUS002920,Basic,2023-01-15,2024-01-15,,559.3,11,active
SUB000792,CUS001908,Professional,2023-12-19,2024-12-18,,2138.71,17,active
SUB000793,CUS003800,Enterprise,2024-09-27,2025-09-27,,93007.17,306,active
SUB000794,CUS001357,Basic,2023-06-24,2024-06-23,,695.88,15,active
SUB000795,CUS004844,Professional,2022-08-17,2023-08-17,,1815.39,14,active
SUB000796,CUS004671,Basic,2021-08-21,2022-08-21,,571.68,12,active
SUB000797,CUS003290,Professional,2024-06-05,2025-06-05,,3860.69,30,active
SUB000798,CUS002424,Basic,2023-11-12,2024-11-11,,719.12,14,active
SUB000799,CUS000573,Professional,2024-07-21,2025-07-21,,2052.69,15,active
SUB000800,CUS004263,Enterprise,2021-08-23,2022-08-23,2022-07-11,60257.32,211,cancelled
SUB000801,CUS001124,Basic,2024-10-23,2025-10-23,,715.9,14,active
SUB000802,CUS001298,Enterprise,2023-11-09,2024-11-08,,116988.4,373,active
SUB000803,CUS001133,Professional,2024-09-11,2025-09-11,,5088.17,39,active
SUB000804,CUS000320,Professional,2024-08-05,2025-08-05,,8378.13,62,active
SUB000805,CUS000853,Basic,2023-05-25,2024-05-24,,96.58,2,active
SUB000806,CUS002772,Basic,2021-11-15,2022-11-15,,673.66,14,active
SUB000807,CUS002887,Professional,2024-06-01,2025-06-01,,9502.44,75,active
SUB000808,CUS000810,Basic,2023-07-10,2024-07-09,,251.12,5,active
SUB000809,CUS004531,Professional,2024-09-17,2025-09-17,,2314.1,18,active
SUB000810,CUS004700,Basic,2021-12-29,2022-12-29,,429.95,9,active
SUB000811,CUS002668,Basic,2024-04-27,2025-04-27,,430.69,9,active
SUB000812,CUS002253,Enterprise,2024-05-17,2025-05-17,,84022.57,281,active
SUB000813,CUS004565,Professional,2024-05-27,2025-05-27,,7760.28,62,active
SUB000814,CUS001842,Enterprise,2023-02-28,2024-02-28,2024-07-23,102814.15,336,cancelled
SUB000815,CUS001998,Professional,2023-03-04,2024-03-03,,1478.35,11,active
SUB000816,CUS004379,Basic,2021-10-16,2022-10-16,,608.04,12,active
SUB000817,CUS002799,Professional,2024-04-25,2025-04-25,,7817.9,55,active
SUB000818,CUS000313,Basic,2022-11-28,2023-11-28,,198.82,4,active
SUB000819,CUS003673,Enterprise,2024-06-11,2025-06-11,,43393.45,137,active
SUB000820,CUS000947,Professional,2023-06-25,2024-06-24,2024-06-17,7789.79,60,cancelled
SUB000821,CUS000903,Professional,2024-01-27,2025-01-26,,6898.12,54,active
SUB000822,CUS004681,Professional,2024-04-16,2025-04-16,,3497.52,27,active
SUB000823,CUS004183,Basic,2024-09-02,2025-09-02,,295.71,6,active
SUB000824,CUS004130,Professional,2022-09-05,2023-09-05,2022-11-28,6165.21,48,cancelled
SUB000825,CUS000122,Basic,2024-07-09,2025-07-09,,94.29,2,active
SUB000826,CUS003404,Professional,2024-06-23,2025-06-23,,4733.96,38,active
SUB000827,CUS002249,Professional,2023-09-06,2024-09-05,2023-12-22,10595.19,79,expired
SUB000828,CUS002164,Basic,2023-06-30,2024-06-29,,302.58,6,active
SUB000829,CUS002285,Professional,2021-12-11,2022-12-11,,9592.17,70,active
SUB000830,CUS002860,Professional,2024-06-10,2025-06-10,,4071.25,32,active
SUB000831,CUS000828,Basic,2024-03-30,2025-03-30,,626.16,13,active
SUB000832,CUS003085,Basic,2024-05-18,2025-05-18,,564.35,12,active
SUB000833,CUS002362,Basic,2024-09-24,2025-09-24,,508.11,10,active
SUB000834,CUS002411,Basic,2022-10-22,2023-10-22,,712.05,15,active
SUB000835,CUS000429,Enterprise,2023-12-06,2024-12-05,,89603.14,300,active
SUB000836,CUS003158,Basic,2023-06-26,2024-06-25,,247.69,5,active
SUB000837,CUS001925,Professional,2024-06-16,2025-06-16,,7194.51,59,active
SUB000838,CUS004303,Basic,2023-08-03,2024-08-02,,603.99,12,active
SUB000839,CUS000478,Basic,2022-01-14,2023-01-14,2023-03-07,558.05,11,expired
SUB000840,CUS004409,Basic,2021-06-04,2022-06-04,,742.12,15,active
SUB000841,CUS003095,Basic,2024-10-29,2025-10-29,,488.51,10,active
SUB000842,CUS003096,Basic,2024-03-19,2025-03-19,,587.34,12,active
SUB000843,CUS001464,Basic,2023-08-05,2024-08-04,,154.2,3,active
SUB000844,CUS001599,Basic,2022-07-25,2023-07-25,2023-03-18,98.18,2,cancelled
SUB000845,CUS001689,Professional,2021-04-17,2022-04-17,,2578.18,20,active
SUB000846,CUS003618,Professional,2021-07-06,2022-07-06,,3021.6,24,active
SUB000847,CUS001167,Professional,2024-03-11,2025-03-11,2024-05-30,2676.33,23,cancelled
SUB000848,CUS002994,Enterprise,2024-02-06,2025-02-05,,34462.48,111,active
SUB000849,CUS003633,Basic,2023-05-24,2024-05-23,,342.97,7,active
SUB000850,CUS001568,Basic,2024-04-06,2025-04-06,,95.0,2,active
SUB000851,CUS003220,Professional,2024-06-26,2025-06-26,,5679.65,41,active
SUB000852,CUS004316,Enterprise,2024-06-20,2025-06-20,,108081.04,356,active
SUB000853,CUS003360,Basic,2022-01-25,2023-01-25,,729.7,15,active
SUB000854,CUS001476,Professional,2022-07-30,2023-07-30,,3072.73,23,active
SUB000855,CUS000286,Basic,2022-08-29,2023-08-29,,297.79,6,active
SUB000856,CUS004538,Basic,2023-01-08,2024-01-08,,644.77,13,active
SUB000857,CUS004118,Enterprise,2024-03-22,2025-03-22,,31311.43,107,active
SUB000858,CUS000669,Professional,2024-10-03,2025-10-03,,7267.92,55,active
SUB000859,CUS003968,Professional,2024-10-08,2025-10-08,,2931.4,22,active
SUB000860,CUS003135,Professional,2024-02-10,2025-02-09,2024-04-20,8081.68,64,cancelled
SUB000861,CUS003666,Professional,2024-10-25,2025-10-25,,3372.45,28,active
SUB000862,CUS001643,Basic,2024-10-30,2025-10-30,,506.29,10,active
SUB000863,CUS000980,Professional,2023-05-15,2024-05-14,,5009.82,38,active
SUB000864,CUS003199,Basic,2024-06-20,2025-06-20,,655.77,13,active
SUB000865,CUS000536,Professional,2022-11-29,2023-11-29,,5943.59,46,active
SUB000866,CUS003447,Basic,2024-04-07,2025-04-07,,759.77,15,active
SUB000867,CUS004425,Professional,2024-04-30,2025-04-30,,9327.87,74,active
SUB000868,CUS000119,Basic,2022-10-11,2023-10-11,,486.8,10,active
SUB000869,CUS004571,Professional,2023-04-26,2024-04-25,,1988.37,16,active
SUB000870,CUS004952,Professional,2024-09-21,2025-09-21,,6040.17,45,active
SUB000871,CUS000762,Enterprise,2024-04-28,2025-04-28,,122389.4,410,active
SUB000872,CUS003852,Basic,2024-05-16,2025-05-16,,592.77,12,active
SUB000873,CUS002287,Professional,2023-10-10,2024-10-09,,4059.65,31,active
SUB000874,CUS004233,Basic,2024-01-05,2025-01-04,,583.09,12,active
SUB000875,CUS004557,Basic,2024-06-02,2025-06-02,,655.34,13,active
SUB000876,CUS000243,Basic,2024-09-12,2025-09-12,2024-12-18,155.53,3,cancelled
SUB000877,CUS003069,Basic,2021-10-05,2022-10-05,,101.36,2,active
SUB000878,CUS002222,Basic,2024-03-16,2025-03-16,,138.13,3,active
SUB000879,CUS001456,Professional,2023-09-05,2024-09-04,,4661.85,36,active
SUB000880,CUS003659,Professional,2024-01-26,2025-01-25,,9079.06,70,active
SUB000881,CUS004464,Professional,2024-09-17,2025-09-17,,5518.96,41,active
SUB000882,CUS001102,Basic,2024-09-15,2025-09-15,,720.87,15,active
SUB000883,CUS000586,Professional,2024-03-27,2025-03-27,2024-05-27,7706.75,62,cancelled
SUB000884,CUS003558,Enterprise,2024-04-12,2025-04-12,,23080.85,75,active
SUB000885,CUS004138,Basic,2023-09-29,2024-09-28,,587.6,12,active
SUB000886,CUS002166,Basic,2023-11-15,2024-11-14,,143.79,3,active
SUB000887,CUS000975,Enterprise,2023-06-23,2024-06-22,2024-04-05,38812.41,131,cancelled
SUB000888,CUS004621,Basic,2023-07-27,2024-07-26,,605.54,13,active
SUB000889,CUS003493,Basic,2024-10-21,2025-10-21,,147.88,3,active
SUB000890,CUS004031,Basic,2023-10-08,2024-10-07,,193.92,4,active
SUB000891,CUS004851,Professional,2024-01-14,2025-01-13,,7358.76,56,active
SUB000892,CUS001464,Basic,2024-05-17,2025-05-17,,583.78,12,active
SUB000893,CUS004928,Basic,2021-03-12,2022-03-12,,686.85,14,active
SUB000894,CUS004475,Professional,2023-05-26,2024-05-25,,2158.05,17,active
SUB000895,CUS001049,Basic,2023-12-05,2024-12-04,2024-07-17,582.76,12,cancelled
SUB000896,CUS000873,Professional,2023-10-09,2024-10-08,,3469.18,28,active
SUB000897,CUS000757,Professional,2024-09-19,2025-09-19,,8019.63,60,active
SUB000898,CUS003188,Professional,2024-02-22,2025-02-21,,6182.97,48,active
SUB000899,CUS001501,Professional,2021-02-18,2022-02-18,,4200.67,35,active
SUB000900,CUS003701,Basic,2024-09-20,2025-09-20,,323.97,7,active
SUB000901,CUS002934,Professional,2024-05-31,2025-05-31,,2807.37,21,active
SUB000902,CUS002092,Professional,2024-01-31,2025-01-30,,2576.1,20,active
SUB000903,CUS000282,Basic,2021-01-22,2022-01-22,2021-10-04,685.52,14,cancelled
SUB000904,CUS002889,Professional,2023-06-26,2024-06-25,,5675.46,44,active
SUB000905,CUS000890,Basic,2023-03-11,2024-03-10,,697.7,14,active
SUB000906,CUS000146,Enterprise,2021-12-05,2022-12-05,,125376.99,398,active
SUB000907,CUS004541,Enterprise,2023-09-02,2024-09-01,,71966.99,237,active
SUB000908,CUS004304,Basic,2024-08-31,2025-08-31,,643.85,13,active
SUB000909,CUS003924,Basic,2022-05-18,2023-05-18,,288.12,6,active
SUB000910,CUS001542,Basic,2023-12-06,2024-12-05,,602.61,13,active
SUB000911,CUS003025,Basic,2024-07-31,2025-07-31,,547.95,11,active
SUB000912,CUS001934,Professional,2023-12-13,2024-12-12,,9863.02,75,active
SUB000913,CUS001645,Professional,2022-01-16,2023-01-16,,6966.18,52,active
SUB000914,CUS002396,Enterprise,2023-02-16,2024-02-16,,124548.6,393,active
SUB000915,CUS001197,Professional,2023-09-06,2024-09-05,,4331.71,35,active
SUB000916,CUS001896,Basic,2024-04-04,2025-04-04,,95.89,2,active
SUB000917,CUS001811,Basic,2024-05-30,2025-05-30,,250.73,5,active
SUB000918,CUS003606,Professional,2024-04-25,2025-04-25,,7611.32,59,active
SUB000919,CUS004968,Basic,2024-02-06,2025-02-05,2024-08-31,463.28,9,expired
SUB000920,CUS001077,Professional,2024-06-13,2025-06-13,,9096.94,71,active
SUB000921,CUS000257,Professional,2024-01-11,2025-01-10,,9110.28,66,active
SUB000922,CUS002838,Professional,2024-08-02,2025-08-02,,4523.85,35,active
SUB000923,CUS003741,Basic,2024-08-19,2025-08-19,,621.5,12,active
SUB000924,CUS002942,Professional,2021-12-29,2022-12-29,2023-05-14,7442.38,63,cancelled
SUB000925,CUS004469,Professional,2023-05-20,2024-05-19,2024-06-16,6822.19,52,cancelled
SUB000926,CUS000165,Professional,2024-01-04,2025-01-03,,8004.52,62,active
SUB000927,CUS002586,Basic,2023-10-11,2024-10-10,,408.68,9,active
SUB000928,CUS002381,Professional,2023-10-28,2024-10-27,,4512.58,35,active
SUB000929,CUS004818,Basic,2024-04-21,2025-04-21,,703.16,15,active
SUB000930,CUS002233,Professional,2023-06-13,2024-06-12,2024-06-21,5319.46,42,cancelled
SUB000931,CUS000987,Basic,2023-03-08,2024-03-07,,346.66,7,active
SUB000932,CUS003173,Professional,2024-01-22,2025-01-21,2024-05-31,3468.02,27,cancelled
SUB000933,CUS002542,Professional,2024-09-01,2025-09-01,,8750.79,67,active
SUB000934,CUS000187,Professional,2024-08-21,2025-08-21,,7652.87,59,active
SUB000935,CUS003853,Professional,2023-12-08,2024-12-07,,5724.83,41,active
SUB000936,CUS004670,Professional,2024-05-08,2025-05-08,,9632.62,74,active
SUB000937,CUS003303,Basic,2023-10-18,2024-10-17,,98.39,2,active
SUB000938,CUS003392,Basic,2024-02-25,2025-02-24,,696.11,14,active
SUB000939,CUS004056,Professional,2022-05-16,2023-05-16,,5928.55,46,active
SUB000940,CUS000798,Enterprise,2024-08-06,2025-08-06,,50271.42,178,active
SUB000941,CUS000566,Professional,2022-08-06,2023-08-06,2024-05-03,3831.59,29,cancelled
SUB000942,CUS002996,Basic,2024-10-23,2025-10-23,,204.85,4,active
SUB000943,CUS002872,Enterprise,2023-08-25,2024-08-24,,71252.27,226,active
SUB000944,CUS001221,Professional,2024-07-17,2025-07-17,,9115.76,69,active
SUB000945,CUS003629,Basic,2021-10-22,2022-10-22,,679.54,14,active
SUB000946,CUS001320,Professional,2022-12-24,2023-12-24,,8201.79,63,active
SUB000947,CUS003144,Basic,2024-10-26,2025-10-26,,416.51,8,active
SUB000948,CUS003791,Enterprise,2023-07-16,2024-07-15,,20765.94,70,active
SUB000949,CUS000853,Basic,2023-06-06,2024-06-05,,234.77,5,active
SUB000950,CUS004217,Enterprise,2023-06-10,2024-06-09,,82462.93,256,active
SUB000951,CUS002429,Professional,2023-07-26,2024-07-25,2024-05-20,1741.65,14,cancelled
SUB000952,CUS004403,Professional,2022-12-05,2023-12-05,,2925.68,24,active
SUB000953,CUS000433,Professional,2021-05-22,2022-05-22,2024-05-26,7304.69,56,cancelled
SUB000954,CUS003189,Basic,2023-07-04,2024-07-03,,397.61,8,active
SUB000955,CUS001529,Basic,2021-04-10,2022-04-10,,547.64,11,active
SUB000956,CUS002753,Professional,2024-08-13,2025-08-13,,6914.2,52,active
SUB000957,CUS002020,Professional,2024-08-07,2025-08-07,,8978.9,70,active
SUB000958,CUS000377,Basic,2022-09-02,2023-09-02,,146.24,3,active
SUB000959,CUS004184,Professional,2022-04-06,2023-04-06,,4171.59,33,active
SUB000960,CUS003218,Enterprise,2021-03-19,2022-03-19,,29742.73,99,active
SUB000961,CUS002966,Professional,2022-10-25,2023-10-25,,7098.13,54,active
SUB000962,CUS004569,Basic,2023-01-15,2024-01-15,,556.11,11,active
SUB000963,CUS001069,Professional,2023-10-01,2024-09-30,2024-08-17,3623.45,29,cancelled
SUB000964,CUS001263,Professional,2024-09-06,2025-09-06,,1973.97,16,active
SUB000965,CUS000302,Professional,2022-07-21,2023-07-21,,9176.7,69,active
SUB000966,CUS002276,Professional,2024-06-07,2025-06-07,,3038.68,24,active
SUB000967,CUS001618,Enterprise,2021-03-18,2022-03-18,2021-11-01,47922.59,166,expired
SUB000968,CUS003709,Basic,2022-07-07,2023-07-07,,595.75,13,active
SUB000969,CUS002492,Enterprise,2022-05-22,2023-05-22,,90040.05,287,active
SUB000970,CUS002091,Professional,2022-11-14,2023-11-14,,10159.08,78,active
SUB000971,CUS003431,Professional,2024-04-10,2025-04-10,,3812.42,29,active
SUB000972,CUS002646,Basic,2023-10-19,2024-10-18,,298.5,6,active
SUB000973,CUS004106,Basic,2021-11-05,2022-11-05,2023-02-02,246.82,5,cancelled
SUB000974,CUS004069,Professional,2022-12-11,2023-12-11,,2964.59,23,active
SUB000975,CUS002407,Enterprise,2024-07-08,2025-07-08,,36984.79,124,active
SUB000976,CUS004837,Professional,2024-08-10,2025-08-10,,7724.53,62,active
SUB000977,CUS001491,Professional,2024-10-09,2025-10-09,,1210.29,10,active
SUB000978,CUS000663,Basic,2024-10-16,2025-10-16,,264.26,5,active
SUB000979,CUS004097,Professional,2023-02-16,2024-02-16,,8266.97,64,active
SUB000980,CUS004785,Basic,2024-10-22,2025-10-22,,675.49,14,active
SUB000981,CUS003554,Professional,2022-02-04,2023-02-04,,5015.35,40,active
SUB000982,CUS001517,Professional,2023-11-24,2024-11-23,,10164.15,76,active
SUB000983,CUS004167,Professional,2021-04-04,2022-04-04,,6093.71,47,active
SUB000984,CUS003637,Basic,2024-07-24,2025-07-24,,712.79,15,active
SUB000985,CUS002552,Professional,2024-07-08,2025-07-08,,7785.39,61,active
SUB000986,CUS004281,Enterprise,2023-12-11,2024-12-10,,32039.33,106,active
SUB000987,CUS003820,Professional,2024-02-13,2025-02-12,,7508.01,59,active
SUB000988,CUS004988,Basic,2024-04-15,2025-04-15,,554.38,11,active
SUB000989,CUS000675,Basic,2024-09-18,2025-09-18,,105.29,2,active
SUB000990,CUS000179,Professional,2023-12-26,2024-12-25,,1652.23,13,active
SUB000991,CUS004618,Professional,2023-08-03,2024-08-02,,8173.66,64,active
SUB000992,CUS002972,Basic,2023-11-28,2024-11-27,,570.92,12,active
SUB000993,CUS004039,Professional,2024-08-21,2025-08-21,,6928.58,54,active
SUB000994,CUS000708,Professional,2023-11-02,2024-11-01,,2523.13,21,active
SUB000995,CUS001192,Basic,2023-12-05,2024-12-04,,101.77,2,active
SUB000996,CUS001914,Basic,2024-09-07,2025-09-07,,93.42,2,active
SUB000997,CUS002987,Professional,2024-09-22,2025-09-22,,1504.31,12,active
SUB000998,CUS000465,Basic,2024-06-14,2025-06-14,,540.58,11,active
SUB000999,CUS002304,Basic,2023-04-29,2024-04-28,,308.17,6,active
SUB001000,CUS004603,Professional,2024-01-08,2025-01-07,,5256.01,42,active
SUB001001,CUS003777,Professional,2024-10-31,2025-10-31,,2691.3,21,active
SUB001002,CUS001754,Professional,2023-10-04,2024-10-03,2024-04-07,7037.56,54,cancelled
SUB001003,CUS003617,Professional,2024-10-21,2025-10-21,,2141.45,17,active
SUB001004,CUS003149,Enterprise,2024-03-01,2025-03-01,,17864.35,60,active
SUB001005,CUS000208,Enterprise,2024-01-21,2025-01-20,,29364.97,104,active
SUB001006,CUS004347,Professional,2022-12-19,2023-12-19,,5951.02,47,active
SUB001007,CUS001382,Professional,2024-07-15,2025-07-15,,9957.11,74,active
SUB001008,CUS004179,Basic,2023-11-03,2024-11-02,,151.2,3,active
SUB001009,CUS002836,Professional,2023-03-12,2024-03-11,,7619.78,60,active
SUB001010,CUS004192,Basic,2023-08-24,2024-08-23,,708.94,15,active
SUB001011,CUS003978,Enterprise,2024-08-28,2025-08-28,,44813.42,151,active
SUB001012,CUS002658,Enterprise,2024-02-08,2025-02-07,,22694.62,80,active
SUB001013,CUS004049,Enterprise,2024-02-28,2025-02-27,,24052.21,81,active
SUB001014,CUS001320,Professional,2023-10-26,2024-10-25,,5340.24,42,active
SUB001015,CUS001652,Professional,2024-07-10,2025-07-10,,8634.88,68,active
SUB001016,CUS003000,Enterprise,2022-03-16,2023-03-16,,34512.65,116,active
SUB001017,CUS003060,Enterprise,2023-10-16,2024-10-15,,35944.85,118,active
SUB001018,CUS003614,Basic,2024-08-25,2025-08-25,,188.87,4,active
SUB001019,CUS003240,Professional,2022-02-16,2023-02-16,,10399.26,78,active
SUB001020,CUS001371,Enterprise,2024-04-16,2025-04-16,,23618.95,76,active
SUB001021,CUS000718,Professional,2023-10-19,2024-10-18,,6807.66,49,active
SUB001022,CUS000860,Professional,2023-04-17,2024-04-16,,7559.6,58,active
SUB001023,CUS000182,Basic,2024-05-15,2025-05-15,,515.26,10,active
SUB001024,CUS002231,Basic,2024-01-04,2025-01-03,,405.4,8,active
SUB001025,CUS002272,Enterprise,2024-10-21,2025-10-21,,91200.86,303,active
SUB001026,CUS002925,Professional,2024-08-31,2025-08-31,,3334.63,27,active
SUB001027,CUS002027,Basic,2024-02-08,2025-02-07,,353.75,7,active
SUB001028,CUS004492,Enterprise,2024-04-04,2025-04-04,,117889.95,391,active
SUB001029,CUS000562,Basic,2023-04-18,2024-04-17,,364.46,7,active
SUB001030,CUS001417,Basic,2023-07-10,2024-07-09,,301.62,6,active
SUB001031,CUS001435,Basic,2023-06-17,2024-06-16,,609.73,12,active
SUB001032,CUS002500,Basic,2023-09-30,2024-09-29,,432.07,9,active
SUB001033,CUS002872,Professional,2024-02-23,2025-02-22,2024-06-20,6765.42,52,cancelled
SUB001034,CUS002314,Basic,2024-08-23,2025-08-23,,182.8,4,active
SUB001035,CUS003695,Professional,2022-04-01,2023-04-01,,1315.04,10,active
SUB001036,CUS002204,Enterprise,2022-06-12,2023-06-12,,47696.82,153,active
SUB001037,CUS003961,Professional,2023-05-22,2024-05-21,,4329.11,32,active
SUB001038,CUS000809,Professional,2023-02-24,2024-02-24,,5223.3,41,active
SUB001039,CUS001841,Enterprise,2023-11-25,2024-11-24,,55723.82,199,active
SUB001040,CUS000012,Professional,2021-12-08,2022-12-08,,5948.92,47,active
SUB001041,CUS003115,Professional,2023-03-29,2024-03-28,,5917.83,46,active
SUB001042,CUS004573,Basic,2024-05-28,2025-05-28,,695.82,14,active
SUB001043,CUS001122,Basic,2021-12-28,2022-12-28,,364.16,8,active
SUB001044,CUS000686,Basic,2024-09-06,2025-09-06,,244.1,5,active
SUB001045,CUS002012,Enterprise,2022-04-10,2023-04-10,,111799.34,388,active
SUB001046,CUS004042,Basic,2022-06-24,2023-06-24,,669.25,13,active
SUB001047,CUS002697,Professional,2024-03-27,2025-03-27,,5567.52,47,active
SUB001048,CUS004134,Professional,2022-04-25,2023-04-25,,10552.21,79,active
SUB001049,CUS003204,Professional,2022-07-23,2023-07-23,,4746.35,37,active
SUB001050,CUS001761,Basic,2024-08-13,2025-08-13,,591.36,13,active
SUB001051,CUS003486,Professional,2024-10-20,2025-10-20,,10789.31,79,active
SUB001052,CUS003376,Professional,2024-05-10,2025-05-10,,2161.54,16,active
SUB001053,CUS000404,Basic,2023-10-29,2024-10-28,,102.29,2,active
SUB001054,CUS000325,Professional,2022-03-23,2023-03-23,,7247.54,56,active
SUB001055,CUS000256,Professional,2024-10-16,2025-10-16,,8565.82,68,active
SUB001056,CUS004285,Basic,2024-10-05,2025-10-05,,343.78,7,active
SUB001057,CUS003793,Basic,2022-05-29,2023-05-29,,349.56,7,active
SUB001058,CUS000642,Basic,2024-09-04,2025-09-04,,336.49,7,active
SUB001059,CUS003734,Basic,2023-12-22,2024-12-21,,712.93,15,active
SUB001060,CUS004880,Basic,2022-11-23,2023-11-23,,448.61,9,active
SUB001061,CUS001552,Basic,2021-11-15,2022-11-15,,246.68,5,active
SUB001062,CUS001181,Professional,2024-05-29,2025-05-29,,1598.17,12,active
SUB001063,CUS002251,Professional,2024-01-19,2025-01-18,,2445.78,18,active
SUB001064,CUS001827,Basic,2024-09-16,2025-09-16,,252.34,5,active
SUB001065,CUS004986,Professional,2023-01-13,2024-01-13,,4209.11,34,active
SUB001066,CUS000753,Professional,2024-01-06,2025-01-05,,2836.71,22,active
SUB001067,CUS001261,Enterprise,2023-07-02,2024-07-01,,94551.52,312,active
SUB001068,CUS003397,Basic,2024-07-12,2025-07-12,,201.55,4,active
SUB001069,CUS003591,Professional,2024-09-26,2025-09-26,,6643.72,50,active
SUB001070,CUS003996,Enterprise,2023-04-06,2024-04-05,2024-05-27,88622.6,297,cancelled
SUB001071,CUS004479,Professional,2023-06-17,2024-06-16,2024-05-12,9508.93,75,cancelled
SUB001072,CUS004271,Professional,2021-03-19,2022-03-19,,5742.83,43,active
SUB001073,CUS002505,Professional,2023-03-21,2024-03-20,,1568.46,12,active
SUB001074,CUS000751,Basic,2024-08-22,2025-08-22,,395.86,8,active
SUB001075,CUS000685,Professional,2024-04-20,2025-04-20,,5536.01,44,active
SUB001076,CUS002516,Basic,2023-10-07,2024-10-06,,420.81,8,active
SUB001077,CUS002069,Professional,2022-11-15,2023-11-15,,7807.47,60,active
SUB001078,CUS004516,Enterprise,2023-06-08,2024-06-07,,112976.66,379,active
SUB001079,CUS000548,Basic,2024-10-06,2025-10-06,,247.14,5,active
SUB001080,CUS004858,Professional,2024-10-29,2025-10-29,,7704.34,60,active
SUB001081,CUS001298,Professional,2022-07-20,2023-07-20,,5789.52,47,active
SUB001082,CUS000186,Professional,2023-08-09,2024-08-08,,7820.91,60,active
SUB001083,CUS002560,Enterprise,2021-10-12,2022-10-12,,57897.04,204,active
SUB001084,CUS003685,Basic,2024-08-10,2025-08-10,,737.65,15,active
SUB001085,CUS000507,Basic,2024-06-03,2025-06-03,2024-11-28,694.02,15,expired
SUB001086,CUS001338,Professional,2022-10-13,2023-10-13,2023-07-10,4413.11,37,expired
SUB001087,CUS000175,Basic,2024-05-20,2025-05-20,,250.26,5,active
SUB001088,CUS000629,Basic,2021-12-29,2022-12-29,,565.29,12,active
SUB001089,CUS002841,Professional,2024-10-18,2025-10-18,,6286.1,48,active
SUB001090,CUS000174,Professional,2024-04-07,2025-04-07,,6747.75,52,active
SUB001091,CUS003264,Professional,2023-06-30,2024-06-29,,5834.84,45,active
SUB001092,CUS000202,Basic,2024-10-23,2025-10-23,,95.85,2,active
SUB001093,CUS004193,Professional,2024-06-20,2025-06-20,,2824.99,22,active
SUB001094,CUS003640,Professional,2022-06-13,2023-06-13,,1890.55,15,active
SUB001095,CUS004332,Basic,2023-09-01,2024-08-31,,303.72,6,active
SUB001096,CUS003564,Basic,2022-08-16,2023-08-16,,96.34,2,active
SUB001097,CUS002032,Enterprise,2023-02-13,2024-02-13,,102850.99,347,active
SUB001098,CUS002389,Basic,2024-01-12,2025-01-11,2024-07-21,100.55,2,cancelled
SUB001099,CUS004778,Basic,2024-04-30,2025-04-30,,479.34,10,active
SUB001100,CUS003220,Basic,2022-03-29,2023-03-29,,642.99,14,active
SUB001101,CUS003246,Professional,2022-10-08,2023-10-08,2023-05-10,6086.28,49,cancelled
SUB001102,CUS004105,Enterprise,2022-04-04,2023-04-04,,110687.36,357,active
SUB001103,CUS003344,Basic,2024-06-12,2025-06-12,,687.98,14,active
SUB001104,CUS002169,Professional,2023-03-02,2024-03-01,,5603.72,43,active
SUB001105,CUS000372,Enterprise,2021-07-02,2022-07-02,,121744.18,403,active
SUB001106,CUS001445,Basic,2024-02-12,2025-02-11,,572.74,11,active
SUB001107,CUS001402,Professional,2023-12-03,2024-12-02,,4187.07,35,active
SUB001108,CUS003196,Basic,2022-08-10,2023-08-10,,439.03,9,active
SUB001109,CUS000818,Basic,2023-04-10,2024-04-09,,98.1,2,active
SUB001110,CUS000354,Professional,2023-12-01,2024-11-30,,4769.61,37,active
SUB001111,CUS003147,Basic,2021-08-13,2022-08-13,,251.86,5,active
SUB001112,CUS003156,Enterprise,2021-09-21,2022-09-21,,53835.66,175,active
SUB001113,CUS002612,Professional,2024-07-24,2025-07-24,,5633.06,44,active
SUB001114,CUS003140,Basic,2024-06-28,2025-06-28,,461.02,10,active
SUB001115,CUS003560,Enterprise,2024-09-16,2025-09-16,,56918.92,175,active
SUB001116,CUS004005,Basic,2024-09-16,2025-09-16,,391.91,8,active
SUB001117,CUS001405,Basic,2021-06-08,2022-06-08,,638.95,13,active
SUB001118,CUS000798,Enterprise,2024-06-06,2025-06-06,,66188.49,212,active
SUB001119,CUS001771,Basic,2024-06-24,2025-06-24,,483.26,10,active
SUB001120,CUS004802,Basic,2024-06-13,2025-06-13,,614.58,12,active
SUB001121,CUS000308,Professional,2021-12-06,2022-12-06,,5615.1,44,active
SUB001122,CUS001861,Basic,2023-07-15,2024-07-14,2024-08-09,260.68,5,cancelled
SUB001123,CUS002298,Basic,2021-04-09,2022-04-09,,398.25,8,active
SUB001124,CUS002511,Professional,2024-10-25,2025-10-25,,3022.81,24,active
SUB001125,CUS004540,Basic,2021-10-20,2022-10-20,2022-08-27,421.91,8,cancelled
SUB001126,CUS000004,Basic,2024-06-07,2025-06-07,,150.1,3,active
SUB001127,CUS002811,Basic,2024-09-16,2025-09-16,,335.69,7,active
SUB001128,CUS004207,Professional,2023-01-30,2024-01-30,,5519.11,45,active
SUB001129,CUS003050,Professional,2024-09-19,2025-09-19,,7003.93,53,active
SUB001130,CUS004536,Basic,2023-05-19,2024-05-18,,359.62,7,active
SUB001131,CUS004795,Basic,2023-08-17,2024-08-16,,397.31,8,active
SUB001132,CUS002032,Basic,2024-02-18,2025-02-17,,743.49,15,active
SUB001133,CUS003449,Basic,2022-10-28,2023-10-28,2023-08-18,465.06,9,cancelled
SUB001134,CUS003611,Basic,2023-12-30,2024-12-29,,200.1,4,active
SUB001135,CUS003469,Professional,2023-09-18,2024-09-17,,4158.98,33,active
SUB001136,CUS002300,Enterprise,2024-01-15,2025-01-14,,92450.43,316,active
SUB001137,CUS001991,Professional,2023-07-11,2024-07-10,,6049.39,46,active
SUB001138,CUS003313,Basic,2024-09-26,2025-09-26,,149.58,3,active
SUB001139,CUS001683,Enterprise,2023-10-31,2024-10-30,,74492.5,240,active
SUB001140,CUS003319,Basic,2022-09-30,2023-09-30,2023-09-27,198.53,4,cancelled
SUB001141,CUS000902,Basic,2023-01-01,2024-01-01,2023-07-27,652.16,13,cancelled
SUB001142,CUS000492,Enterprise,2024-10-18,2025-10-18,,78384.54,259,active
SUB001143,CUS002996,Professional,2024-10-27,2025-10-27,,10401.58,78,active
SUB001144,CUS000629,Basic,2022-05-02,2023-05-02,,553.07,11,active
SUB001145,CUS001246,Basic,2024-09-15,2025-09-15,,631.24,13,active
SUB001146,CUS000406,Enterprise,2022-02-20,2023-02-20,2022-12-03,43663.22,147,expired
SUB001147,CUS004235,Basic,2023-11-01,2024-10-31,,446.0,9,active
SUB001148,CUS003833,Basic,2023-02-08,2024-02-08,,245.96,5,active
SUB001149,CUS000884,Enterprise,2022-10-09,2023-10-09,,25333.03,81,active
SUB001150,CUS002789,Enterprise,2024-10-08,2025-10-08,,105124.99,349,active
SUB001151,CUS002378,Professional,2021-08-03,2022-08-03,2024-06-06,3064.33,25,cancelled
SUB001152,CUS003209,Basic,2024-06-19,2025-06-19,,234.86,5,active
SUB001153,CUS003433,Enterprise,2024-04-20,2025-04-20,,114448.07,386,active
SUB001154,CUS004375,Basic,2023-06-16,2024-06-15,,251.19,5,active
SUB001155,CUS003223,Basic,2022-12-18,2023-12-18,,620.83,13,active
SUB001156,CUS003880,Basic,2024-09-15,2025-09-15,,400.94,8,active
SUB001157,CUS001656,Professional,2023-09-09,2024-09-08,,5900.23,47,active
SUB001158,CUS000093,Professional,2023-10-16,2024-10-15,,1297.17,10,active
SUB001159,CUS003518,Basic,2021-06-21,2022-06-21,,397.69,8,active
SUB001160,CUS004223,Professional,2021-11-23,2022-11-23,,3962.82,32,active
SUB001161,CUS002445,Basic,2024-03-01,2025-03-01,,645.82,13,active
SUB001162,CUS001951,Professional,2022-06-08,2023-06-08,,6405.83,47,active
SUB001163,CUS001165,Enterprise,2024-10-24,2025-10-24,,24645.41,83,active
SUB001164,CUS001104,Professional,2022-09-19,2023-09-19,2024-02-08,5303.15,41,expired
SUB001165,CUS001263,Basic,2024-10-31,2025-10-31,,346.04,7,active
SUB001166,CUS002626,Basic,2023-10-20,2024-10-19,,737.33,15,active
SUB001167,CUS003241,Basic,2024-06-09,2025-06-09,,686.58,14,active
SUB001168,CUS001178,Basic,2021-07-23,2022-07-23,,684.72,14,active
SUB001169,CUS002216,Basic,2024-03-12,2025-03-12,,416.81,9,active
SUB001170,CUS000768,Basic,2024-01-19,2025-01-18,,149.33,3,active
SUB001171,CUS003036,Enterprise,2022-03-23,2023-03-23,2022-10-20,58988.83,205,cancelled
SUB001172,CUS002832,Basic,2024-02-04,2025-02-03,2024-10-10,347.52,7,cancelled
SUB001173,CUS001595,Enterprise,2022-03-18,2023-03-18,2022-06-04,114876.68,375,cancelled
SUB001174,CUS004796,Professional,2022-07-07,2023-07-07,,3663.44,28,active
SUB001175,CUS004910,Enterprise,2023-09-22,2024-09-21,,56791.47,196,active
SUB001176,CUS003838,Professional,2024-10-19,2025-10-19,,3782.3,29,active
SUB001177,CUS004259,Professional,2023-11-07,2024-11-06,,1664.46,13,active
SUB001178,CUS004212,Professional,2024-01-07,2025-01-06,,1516.04,12,active
SUB001179,CUS002675,Professional,2024-01-30,2025-01-29,,6777.54,49,active
SUB001180,CUS002269,Enterprise,2022-03-18,2023-03-18,,53576.08,185,active
SUB001181,CUS003813,Professional,2022-06-17,2023-06-17,,6430.45,49,active
SUB001182,CUS004341,Basic,2021-01-19,2022-01-19,,206.47,4,active
SUB001183,CUS004542,Enterprise,2024-10-24,2025-10-24,,33936.66,112,active
SUB001184,CUS000073,Basic,2023-09-19,2024-09-18,,383.56,8,active
SUB001185,CUS000608,Professional,2024-05-27,2025-05-27,,7590.67,60,active
SUB001186,CUS004084,Basic,2024-08-14,2025-08-14,,559.25,12,active
SUB001187,CUS003571,Professional,2021-09-17,2022-09-17,,3235.55,25,active
SUB001188,CUS002367,Professional,2022-12-08,2023-12-08,,7775.28,60,active
SUB001189,CUS000414,Basic,2024-07-11,2025-07-11,,485.7,10,active
SUB001190,CUS000284,Basic,2024-06-22,2025-06-22,,411.53,8,active
SUB001191,CUS001185,Basic,2023-10-19,2024-10-18,2024-03-17,293.62,6,cancelled
SUB001192,CUS000308,Basic,2024-09-17,2025-09-17,,556.1,12,active
SUB001193,CUS001312,Enterprise,2023-12-13,2024-12-12,,99813.77,317,active
SUB001194,CUS002715,Basic,2024-04-01,2025-04-01,2024-09-26,376.24,8,cancelled
SUB001195,CUS004054,Enterprise,2024-09-27,2025-09-27,,21635.84,71,active
SUB001196,CUS001303,Basic,2022-09-03,2023-09-03,,501.64,10,active
SUB001197,CUS002247,Enterprise,2024-10-25,2025-10-25,,52254.86,175,active
SUB001198,CUS001865,Professional,2024-07-21,2025-07-21,,5602.91,42,active
SUB001199,CUS004967,Professional,2023-09-16,2024-09-15,,3497.5,27,active
SUB001200,CUS000326,Basic,2023-06-21,2024-06-20,,290.74,6,active
SUB001201,CUS001711,Professional,2021-12-31,2022-12-31,,2156.02,18,active
SUB001202,CUS004501,Professional,2023-09-26,2024-09-25,,4490.8,37,active
SUB001203,CUS003040,Professional,2024-06-08,2025-06-08,,7222.93,51,active
SUB001204,CUS001275,Professional,2023-08-27,2024-08-26,2024-05-19,10071.09,76,expired
SUB001205,CUS001632,Basic,2024-01-25,2025-01-24,,512.29,10,active
SUB001206,CUS002288,Basic,2022-08-25,2023-08-25,,533.89,10,active
SUB001207,CUS000386,Professional,2021-09-25,2022-09-25,,4848.04,38,active
SUB001208,CUS002557,Basic,2024-05-23,2025-05-23,,634.93,13,active
SUB001209,CUS000862,Professional,2021-04-21,2022-04-21,2024-04-19,1704.76,14,cancelled
SUB001210,CUS002454,Professional,2021-12-27,2022-12-27,,2430.31,19,active
SUB001211,CUS002146,Professional,2024-08-30,2025-08-30,,5367.3,42,active
SUB001212,CUS003710,Basic,2022-09-16,2023-09-16,,484.13,10,active
SUB001213,CUS004164,Basic,2024-07-09,2025-07-09,,661.53,13,active
SUB001214,CUS002457,Professional,2021-04-04,2022-04-04,,2384.12,18,active
SUB001215,CUS004340,Professional,2023-04-13,2024-04-12,,2800.9,21,active
SUB001216,CUS000384,Basic,2023-09-15,2024-09-14,,234.96,5,active
SUB001217,CUS000907,Professional,2023-05-07,2024-05-06,,4785.96,37,active
SUB001218,CUS004094,Basic,2023-06-09,2024-06-08,,447.06,9,active
SUB001219,CUS002076,Basic,2023-04-03,2024-04-02,,784.31,15,active
SUB001220,CUS002950,Professional,2022-08-19,2023-08-19,,2335.44,18,active
SUB001221,CUS000144,Professional,2024-10-19,2025-10-19,,8094.27,63,active
SUB001222,CUS000120,Basic,2024-10-26,2025-10-26,,662.31,13,active
SUB001223,CUS001147,Enterprise,2023-04-22,2024-04-21,,87854.65,296,active
SUB001224,CUS004023,Professional,2021-11-18,2022-11-18,,3152.21,24,active
SUB001225,CUS000425,Enterprise,2024-07-21,2025-07-21,,114348.33,376,active
SUB001226,CUS001585,Basic,2024-08-23,2025-08-23,,144.57,3,active
SUB001227,CUS004028,Basic,2023-06-25,2024-06-24,,670.57,14,active
SUB001228,CUS004786,Professional,2024-05-08,2025-05-08,,8891.17,69,active
SUB001229,CUS002511,Basic,2024-09-26,2025-09-26,,241.29,5,active
SUB001230,CUS003278,Professional,2024-08-05,2025-08-05,,3789.29,31,active
SUB001231,CUS001893,Professional,2024-02-04,2025-02-03,,10316.09,78,active
SUB001232,CUS003319,Basic,2022-01-25,2023-01-25,,599.74,12,active
SUB001233,CUS004159,Basic,2024-06-01,2025-06-01,,572.71,12,active
SUB001234,CUS004470,Basic,2024-07-20,2025-07-20,,713.4,15,active
SUB001235,CUS004989,Basic,2024-07-28,2025-07-28,,149.51,3,active
SUB001236,CUS002675,Basic,2023-02-07,2024-02-07,,676.06,13,active
SUB001237,CUS001306,Basic,2024-04-03,2025-04-03,,659.76,13,active
SUB001238,CUS003666,Professional,2023-05-02,2024-05-01,,4839.15,36,active
SUB001239,CUS002905,Enterprise,2024-09-22,2025-09-22,,20115.33,68,active
SUB001240,CUS002768,Basic,2024-05-11,2025-05-11,,596.55,12,active
SUB001241,CUS004841,Professional,2024-09-19,2025-09-19,,2824.85,22,active
SUB001242,CUS000074,Basic,2024-06-26,2025-06-26,,238.77,5,active
SUB001243,CUS002439,Professional,2024-08-09,2025-08-09,,9351.61,72,active
SUB001244,CUS002482,Enterprise,2024-04-27,2025-04-27,,89295.04,308,active
SUB001245,CUS002159,Basic,2024-05-23,2025-05-23,,572.67,12,active
SUB001246,CUS004256,Basic,2023-08-22,2024-08-21,,192.95,4,active
SUB001247,CUS002514,Professional,2023-02-13,2024-02-13,,5608.76,44,active
SUB001248,CUS002732,Basic,2024-10-25,2025-10-25,,342.65,7,active
SUB001249,CUS003942,Professional,2023-10-31,2024-10-30,,5863.87,49,active
SUB001250,CUS001753,Professional,2023-12-20,2024-12-19,,2745.39,22,active
SUB001251,CUS002154,Enterprise,2023-09-05,2024-09-04,,103779.49,329,active
SUB001252,CUS004859,Professional,2023-09-19,2024-09-18,,5029.44,39,active
SUB001253,CUS000916,Professional,2024-06-27,2025-06-27,,5919.06,45,active
SUB001254,CUS001394,Basic,2024-02-19,2025-02-18,,447.42,9,active
SUB001255,CUS003171,Enterprise,2023-01-09,2024-01-09,,63445.65,213,active
SUB001256,CUS003093,Professional,2024-03-01,2025-03-01,,4875.53,39,active
SUB001257,CUS002003,Enterprise,2024-03-09,2025-03-09,,58942.35,201,active
SUB001258,CUS004926,Enterprise,2021-04-26,2022-04-26,,94250.95,295,active
SUB001259,CUS000800,Professional,2024-02-18,2025-02-17,,6709.39,53,active
SUB001260,CUS001156,Basic,2023-03-29,2024-03-28,,103.91,2,active
SUB001261,CUS004221,Enterprise,2024-01-16,2025-01-15,,23572.3,80,active
SUB001262,CUS003620,Professional,2024-07-02,2025-07-02,,8801.56,69,active
SUB001263,CUS002936,Basic,2024-06-08,2025-06-08,,442.18,9,active
SUB001264,CUS004078,Basic,2023-12-17,2024-12-16,,97.4,2,active
SUB001265,CUS004598,Basic,2022-07-24,2023-07-24,,236.95,5,active
SUB001266,CUS003424,Professional,2022-07-17,2023-07-17,,7478.28,58,active
SUB001267,CUS002561,Enterprise,2024-07-04,2025-07-04,,73734.41,260,active
SUB001268,CUS000219,Professional,2023-11-05,2024-11-04,,3135.49,24,active
SUB001269,CUS001743,Professional,2024-06-17,2025-06-17,,3640.42,28,active
SUB001270,CUS001280,Enterprise,2024-06-26,2025-06-26,,53965.63,176,active
SUB001271,CUS000755,Professional,2023-10-06,2024-10-05,,7225.13,57,active
SUB001272,CUS002971,Enterprise,2024-09-19,2025-09-19,,77908.47,254,active
SUB001273,CUS001944,Basic,2024-10-06,2025-10-06,,198.95,4,active
SUB001274,CUS004936,Basic,2023-03-17,2024-03-16,,541.41,11,active
SUB001275,CUS004352,Professional,2023-11-17,2024-11-16,,8275.6,60,active
SUB001276,CUS000103,Basic,2024-03-06,2025-03-06,,199.23,4,active
SUB001277,CUS003855,Professional,2023-10-23,2024-10-22,2024-04-15,9010.3,71,cancelled
SUB001278,CUS004540,Basic,2023-01-16,2024-01-16,,464.71,9,active
SUB001279,CUS001259,Basic,2023-05-31,2024-05-30,,149.63,3,active
SUB001280,CUS002316,Basic,2024-06-16,2025-06-16,,260.25,5,active
SUB001281,CUS002724,Professional,2024-01-24,2025-01-23,,7961.24,66,active
SUB001282,CUS000082,Professional,2023-10-31,2024-10-30,,7913.85,62,active
SUB001283,CUS000631,Basic,2022-10-17,2023-10-17,,727.33,15,active
SUB001284,CUS000489,Basic,2021-06-05,2022-06-05,,91.52,2,active
SUB001285,CUS000869,Basic,2023-10-27,2024-10-26,,147.85,3,active
SUB001286,CUS001954,Professional,2024-07-21,2025-07-21,,2291.79,18,active
SUB001287,CUS000185,Basic,2021-06-26,2022-06-26,,273.43,6,active
SUB001288,CUS001472,Professional,2022-12-22,2023-12-22,,1255.4,10,active
SUB001289,CUS004327,Enterprise,2023-11-28,2024-11-27,,65209.77,208,active
SUB001290,CUS004442,Enterprise,2023-10-12,2024-10-11,,82372.13,267,active
SUB001291,CUS000166,Enterprise,2024-03-21,2025-03-21,,100876.92,346,active
SUB001292,CUS002945,Professional,2024-02-28,2025-02-27,,6659.71,53,active
SUB001293,CUS003428,Professional,2024-04-26,2025-04-26,2024-10-19,7574.54,57,cancelled
SUB001294,CUS000544,Professional,2024-09-12,2025-09-12,,2402.51,20,active
SUB001295,CUS001833,Basic,2024-07-27,2025-07-27,,500.18,10,active
SUB001296,CUS004928,Basic,2022-01-12,2023-01-12,,91.72,2,active
SUB001297,CUS000984,Basic,2024-10-29,2025-10-29,,621.79,12,active
SUB001298,CUS003117,Basic,2023-06-20,2024-06-19,2024-05-09,751.94,15,cancelled
SUB001299,CUS004798,Basic,2023-12-14,2024-12-13,,320.86,7,active
SUB001300,CUS004938,Basic,2022-06-11,2023-06-11,,725.21,15,active
SUB001301,CUS002591,Professional,2024-01-20,2025-01-19,,9260.71,71,active
SUB001302,CUS001907,Basic,2024-01-14,2025-01-13,,547.11,12,active
SUB001303,CUS001506,Basic,2024-03-18,2025-03-18,,440.33,9,active
SUB001304,CUS004004,Basic,2023-07-23,2024-07-22,,548.09,11,active
SUB001305,CUS001308,Basic,2023-09-12,2024-09-11,2024-03-30,681.79,15,cancelled
SUB001306,CUS002605,Enterprise,2024-10-30,2025-10-30,,90508.4,295,active
SUB001307,CUS004786,Enterprise,2024-09-07,2025-09-07,,20540.93,69,active
SUB001308,CUS001424,Professional,2022-12-14,2023-12-14,,1331.39,10,active
SUB001309,CUS002096,Professional,2024-07-15,2025-07-15,,4222.06,33,active
SUB001310,CUS004368,Basic,2023-09-04,2024-09-03,,660.62,14,active
SUB001311,CUS004261,Enterprise,2021-12-15,2022-12-15,,40455.14,141,active
SUB001312,CUS004254,Basic,2022-02-13,2023-02-13,2023-01-02,581.58,12,cancelled
SUB001313,CUS002897,Professional,2024-01-06,2025-01-05,2024-04-13,1537.77,12,cancelled
SUB001314,CUS000882,Basic,2023-01-11,2024-01-11,,660.72,13,active
SUB001315,CUS004230,Basic,2024-07-12,2025-07-12,,436.69,9,active
SUB001316,CUS004510,Professional,2024-03-18,2025-03-18,,9024.68,74,active
SUB001317,CUS004543,Basic,2023-09-18,2024-09-17,,96.43,2,active
SUB001318,CUS000088,Basic,2023-07-14,2024-07-13,,649.4,14,active
SUB001319,CUS002289,Enterprise,2023-08-25,2024-08-24,,52965.87,175,active
SUB001320,CUS003627,Basic,2024-09-07,2025-09-07,,299.97,6,active
SUB001321,CUS001424,Professional,2022-12-10,2023-12-10,,1588.65,12,active
SUB001322,CUS000797,Basic,2022-12-18,2023-12-18,2024-02-28,678.74,14,cancelled
SUB001323,CUS000188,Professional,2023-10-07,2024-10-06,,6166.17,49,active
SUB001324,CUS001384,Professional,2024-05-16,2025-05-16,,2787.27,22,active
SUB001325,CUS001577,Basic,2021-05-08,2022-05-08,,634.96,13,active
SUB001326,CUS002496,Basic,2024-01-28,2025-01-27,,96.25,2,active
SUB001327,CUS000085,Professional,2022-12-20,2023-12-20,2024-04-02,7903.51,58,cancelled
SUB001328,CUS003161,Basic,2024-06-30,2025-06-30,,435.35,9,active
SUB001329,CUS004684,Basic,2024-09-09,2025-09-09,,537.07,11,active
SUB001330,CUS000689,Professional,2023-01-01,2024-01-01,,7410.84,59,active
SUB001331,CUS003811,Enterprise,2023-05-31,2024-05-30,,68472.65,235,active
SUB001332,CUS000778,Professional,2023-08-12,2024-08-11,,2465.04,20,active
SUB001333,CUS001268,Professional,2023-03-11,2024-03-10,,3855.04,31,active
SUB001334,CUS003674,Basic,2022-08-26,2023-08-26,,574.32,11,active
SUB001335,CUS002267,Basic,2023-04-16,2024-04-15,,149.8,3,active
SUB001336,CUS000617,Basic,2022-07-11,2023-07-11,,581.03,12,active
SUB001337,CUS000174,Professional,2023-08-12,2024-08-11,,3402.96,27,active
SUB001338,CUS003206,Professional,2024-01-07,2025-01-06,,2556.97,19,active
SUB001339,CUS003572,Professional,2023-11-16,2024-11-15,2024-10-30,4508.17,36,cancelled
SUB001340,CUS002878,Enterprise,2023-10-12,2024-10-11,,57078.71,203,active
SUB001341,CUS000445,Enterprise,2023-04-26,2024-04-25,,67785.97,223,active
SUB001342,CUS000025,Basic,2024-01-01,2024-12-31,,379.29,8,active
SUB001343,CUS002816,Professional,2023-04-02,2024-04-01,,2217.69,18,active
SUB001344,CUS004700,Professional,2022-04-09,2023-04-09,,3846.1,31,active
SUB001345,CUS000440,Professional,2024-02-24,2025-02-23,,7198.06,55,active
SUB001346,CUS001402,Basic,2024-02-05,2025-02-04,,683.5,14,active
SUB001347,CUS001381,Basic,2023-09-01,2024-08-31,2024-06-20,141.93,3,cancelled
SUB001348,CUS000065,Enterprise,2024-08-18,2025-08-18,,61998.4,204,active
SUB001349,CUS001707,Basic,2023-09-24,2024-09-23,,95.16,2,active
SUB001350,CUS001355,Professional,2021-04-20,2022-04-20,,4742.99,39,active
SUB001351,CUS003513,Basic,2022-07-20,2023-07-20,2023-11-27,654.6,14,cancelled
SUB001352,CUS000697,Basic,2024-03-24,2025-03-24,,196.15,4,active
SUB001353,CUS000213,Enterprise,2024-07-24,2025-07-24,,113411.98,390,active
SUB001354,CUS002853,Professional,2024-07-15,2025-07-15,,6603.24,51,active
SUB001355,CUS002122,Basic,2023-09-18,2024-09-17,,712.71,14,active
SUB001356,CUS002685,Professional,2021-05-12,2022-05-12,,5424.69,43,active
SUB001357,CUS001202,Professional,2023-12-28,2024-12-27,,10154.76,72,active
SUB001358,CUS001892,Basic,2024-09-08,2025-09-08,,395.79,8,active
SUB001359,CUS001906,Professional,2024-10-18,2025-10-18,,3974.33,31,active
SUB001360,CUS003795,Professional,2023-05-29,2024-05-28,2023-12-18,4304.08,35,cancelled
SUB001361,CUS003381,Basic,2023-11-07,2024-11-06,,532.43,11,active
SUB001362,CUS004205,Professional,2024-07-30,2025-07-30,,4859.36,38,active
SUB001363,CUS004715,Basic,2022-02-23,2023-02-23,,100.61,2,active
SUB001364,CUS003392,Basic,2024-08-19,2025-08-19,,623.72,13,active
SUB001365,CUS004440,Basic,2023-07-15,2024-07-14,2023-11-20,547.16,11,cancelled
SUB001366,CUS004274,Basic,2024-08-25,2025-08-25,,98.14,2,active
SUB001367,CUS001315,Professional,2022-07-15,2023-07-15,,7070.26,53,active
SUB001368,CUS004255,Professional,2022-05-31,2023-05-31,,2006.36,15,active
SUB001369,CUS001272,Professional,2024-07-16,2025-07-16,,8091.38,62,active
SUB001370,CUS004587,Professional,2024-05-30,2025-05-30,,6092.88,46,active
SUB001371,CUS002334,Professional,2022-10-19,2023-10-19,,3754.04,28,active
SUB001372,CUS004660,Professional,2022-10-09,2023-10-09,,4731.34,36,active
SUB001373,CUS004809,Basic,2024-02-16,2025-02-15,,445.29,9,active
SUB001374,CUS002358,Basic,2024-07-29,2025-07-29,,248.51,5,active
SUB001375,CUS004069,Professional,2024-01-02,2025-01-01,,8857.99,65,active
SUB001376,CUS004840,Enterprise,2022-12-19,2023-12-19,,46527.68,155,active
SUB001377,CUS002491,Enterprise,2023-05-26,2024-05-25,,38328.56,125,active
SUB001378,CUS000827,Enterprise,2024-09-06,2025-09-06,,21602.27,74,active
SUB001379,CUS001896,Basic,2024-10-16,2025-10-16,,154.72,3,active
SUB001380,CUS004970,Basic,2023-04-05,2024-04-04,,398.17,8,active
SUB001381,CUS003759,Basic,2024-02-19,2025-02-18,,580.89,12,active
SUB001382,CUS003940,Enterprise,2024-02-16,2025-02-15,,123184.08,413,active
SUB001383,CUS000739,Professional,2021-06-28,2022-06-28,,1536.17,12,active
SUB001384,CUS004270,Enterprise,2024-07-04,2025-07-04,,97191.91,325,active
SUB001385,CUS000029,Enterprise,2023-06-11,2024-06-10,,87045.41,289,active
SUB001386,CUS003650,Professional,2024-08-21,2025-08-21,,9864.59,77,active
SUB001387,CUS004116,Professional,2024-06-06,2025-06-06,,8528.1,70,active
SUB001388,CUS004355,Basic,2024-04-23,2025-04-23,,468.39,9,active
SUB001389,CUS003944,Basic,2021-12-25,2022-12-25,,741.85,15,active
SUB001390,CUS004989,Basic,2024-09-05,2025-09-05,,593.58,12,active
SUB001391,CUS001783,Professional,2023-07-06,2024-07-05,,2833.23,22,active
SUB001392,CUS001541,Enterprise,2022-08-01,2023-08-01,,127103.12,412,active
SUB001393,CUS002673,Professional,2021-07-07,2022-07-07,2022-05-06,10078.98,78,expired
SUB001394,CUS000205,Basic,2023-01-03,2024-01-03,2024-03-09,290.8,6,cancelled
SUB001395,CUS002633,Enterprise,2023-11-02,2024-11-01,,108784.34,367,active
SUB001396,CUS001457,Basic,2022-04-01,2023-04-01,,306.88,6,active
SUB001397,CUS001217,Professional,2024-06-27,2025-06-27,,6625.6,51,active
SUB001398,CUS004870,Enterprise,2023-10-09,2024-10-08,,40614.01,136,active
SUB001399,CUS003317,Enterprise,2023-05-04,2024-05-03,,97755.08,332,active
SUB001400,CUS000856,Basic,2024-06-07,2025-06-07,2024-09-12,290.7,6,cancelled
SUB001401,CUS004894,Enterprise,2024-07-13,2025-07-13,,30099.96,97,active
SUB001402,CUS001194,Basic,2024-09-10,2025-09-10,,189.71,4,active
SUB001403,CUS002633,Enterprise,2022-12-04,2023-12-04,2024-03-30,78032.14,255,expired
SUB001404,CUS004651,Enterprise,2024-10-29,2025-10-29,,48716.77,159,active
SUB001405,CUS002893,Basic,2023-12-09,2024-12-08,,740.55,15,active
SUB001406,CUS001633,Enterprise,2023-10-27,2024-10-26,,67718.92,228,active
SUB001407,CUS000291,Professional,2021-02-20,2022-02-20,2024-04-04,6115.43,50,cancelled
SUB001408,CUS001240,Professional,2024-01-08,2025-01-07,,9503.9,72,active
SUB001409,CUS004846,Professional,2023-04-14,2024-04-13,,1217.98,10,active
SUB001410,CUS003455,Enterprise,2024-10-30,2025-10-30,,49623.08,165,active
SUB001411,CUS004107,Basic,2022-03-03,2023-03-03,,687.25,14,active
SUB001412,CUS001952,Enterprise,2022-01-31,2023-01-31,,52503.4,171,active
SUB001413,CUS000868,Basic,2024-08-08,2025-08-08,,94.93,2,active
SUB001414,CUS003290,Basic,2023-01-14,2024-01-14,2023-11-24,473.79,10,expired
SUB001415,CUS001758,Enterprise,2024-02-26,2025-02-25,,84677.26,278,active
SUB001416,CUS003772,Enterprise,2022-03-12,2023-03-12,,71331.0,240,active
SUB001417,CUS000991,Basic,2024-02-12,2025-02-11,2024-10-23,592.03,13,cancelled
SUB001418,CUS001623,Basic,2024-06-04,2025-06-04,,195.96,4,active
SUB001419,CUS002916,Enterprise,2024-03-24,2025-03-24,,23843.86,75,active
SUB001420,CUS000719,Basic,2024-07-10,2025-07-10,,449.47,9,active
SUB001421,CUS002410,Basic,2021-01-25,2022-01-25,,234.83,5,active
SUB001422,CUS003653,Professional,2024-10-19,2025-10-19,,9702.92,74,active
SUB001423,CUS001988,Basic,2024-05-29,2025-05-29,,608.23,12,active
SUB001424,CUS000778,Professional,2022-11-27,2023-11-27,,6303.0,52,active
SUB001425,CUS001333,Basic,2022-08-26,2023-08-26,2023-02-21,291.04,6,cancelled
SUB001426,CUS004143,Basic,2024-05-30,2025-05-30,,153.69,3,active
SUB001427,CUS003728,Basic,2024-08-18,2025-08-18,,463.86,10,active
SUB001428,CUS004093,Professional,2024-05-12,2025-05-12,,7919.64,62,active
SUB001429,CUS002520,Basic,2023-11-19,2024-11-18,,729.46,15,active
SUB001430,CUS002985,Enterprise,2024-09-12,2025-09-12,,93699.15,318,active
SUB001431,CUS004279,Basic,2024-02-06,2025-02-05,,256.8,5,active
SUB001432,CUS003705,Basic,2021-08-16,2022-08-16,,306.58,6,active
SUB001433,CUS002532,Basic,2023-08-24,2024-08-23,,96.96,2,active
SUB001434,CUS004547,Basic,2021-10-31,2022-10-31,,283.53,6,active
SUB001435,CUS000858,Basic,2023-10-22,2024-10-21,,563.01,11,active
SUB001436,CUS003389,Basic,2021-07-30,2022-07-30,,100.66,2,active
SUB001437,CUS001623,Basic,2022-03-17,2023-03-17,,587.65,12,active
SUB001438,CUS001266,Professional,2024-10-22,2025-10-22,,8973.07,68,active
SUB001439,CUS000615,Professional,2023-09-14,2024-09-13,,5276.94,40,active
SUB001440,CUS003380,Professional,2023-06-06,2024-06-05,2024-06-24,5377.21,43,cancelled
SUB001441,CUS003510,Enterprise,2024-06-28,2025-06-28,,99546.54,340,active
SUB001442,CUS003580,Professional,2023-07-01,2024-06-30,,5161.02,40,active
SUB001443,CUS003798,Basic,2024-03-28,2025-03-28,,411.16,9,active
SUB001444,CUS002820,Basic,2022-05-23,2023-05-23,,484.12,10,active
SUB001445,CUS004520,Basic,2024-06-11,2025-06-11,,619.33,13,active
SUB001446,CUS001836,Professional,2024-10-07,2025-10-07,,1687.06,13,active
SUB001447,CUS002929,Basic,2023-07-30,2024-07-29,,517.76,11,active
SUB001448,CUS001925,Professional,2024-10-01,2025-10-01,,3142.53,24,active
SUB001449,CUS003888,Professional,2023-06-25,2024-06-24,,5330.19,41,active
SUB001450,CUS002501,Basic,2024-04-07,2025-04-07,,634.73,13,active
SUB001451,CUS001947,Professional,2024-10-29,2025-10-29,,4589.14,35,active
SUB001452,CUS003761,Professional,2024-01-10,2025-01-09,,4345.26,33,active
SUB001453,CUS000041,Basic,2024-06-30,2025-06-30,,291.55,6,active
SUB001454,CUS002573,Professional,2021-10-26,2022-10-26,,10074.47,78,active
SUB001455,CUS002862,Professional,2021-02-14,2022-02-14,,4659.63,37,active
SUB001456,CUS004575,Basic,2021-04-28,2022-04-28,,621.61,13,active
SUB001457,CUS001469,Professional,2024-09-04,2025-09-04,,1497.5,11,active
SUB001458,CUS002146,Professional,2024-06-25,2025-06-25,,2177.47,17,active
SUB001459,CUS003420,Professional,2024-10-26,2025-10-26,,4513.15,35,active
SUB001460,CUS003490,Professional,2024-08-04,2025-08-04,,6046.62,47,active
SUB001461,CUS003418,Enterprise,2023-02-17,2024-02-17,,126304.27,417,active
SUB001462,CUS004816,Basic,2021-05-12,2022-05-12,,336.47,7,active
SUB001463,CUS003014,Professional,2024-06-11,2025-06-11,,6475.89,51,active
SUB001464,CUS003848,Basic,2024-02-20,2025-02-19,,657.89,13,active
SUB001465,CUS001146,Professional,2022-11-16,2023-11-16,2023-02-08,5258.24,43,expired
SUB001466,CUS001379,Professional,2024-02-18,2025-02-17,,2207.35,17,active
SUB001467,CUS004530,Professional,2024-02-19,2025-02-18,,2756.46,22,active
SUB001468,CUS002450,Basic,2022-03-24,2023-03-24,2023-03-27,182.22,4,cancelled
SUB001469,CUS003899,Professional,2023-05-24,2024-05-23,,6560.31,51,active
SUB001470,CUS003352,Professional,2024-07-26,2025-07-26,,3837.42,31,active
SUB001471,CUS002631,Basic,2024-08-10,2025-08-10,,653.99,14,active
SUB001472,CUS001793,Basic,2024-08-18,2025-08-18,,641.42,12,active
SUB001473,CUS003146,Professional,2023-06-28,2024-06-27,,4337.77,33,active
SUB001474,CUS000463,Professional,2024-05-18,2025-05-18,,5393.89,41,active
SUB001475,CUS002416,Professional,2023-04-24,2024-04-23,,6824.26,53,active
SUB001476,CUS001816,Basic,2023-05-13,2024-05-12,,563.42,12,active
SUB001477,CUS003788,Professional,2023-12-28,2024-12-27,,6797.4,53,active
SUB001478,CUS000491,Basic,2023-01-10,2024-01-10,,241.95,5,active
SUB001479,CUS001177,Basic,2023-11-25,2024-11-24,,639.8,14,active
SUB001480,CUS000224,Basic,2022-12-08,2023-12-08,,781.08,15,active
SUB001481,CUS001802,Professional,2024-08-10,2025-08-10,,4243.68,33,active
SUB001482,CUS004279,Basic,2024-09-05,2025-09-05,,95.14,2,active
SUB001483,CUS001176,Enterprise,2024-10-28,2025-10-28,,73570.76,245,active
SUB001484,CUS004414,Enterprise,2022-03-13,2023-03-13,,62605.99,220,active
SUB001485,CUS004367,Professional,2024-01-31,2025-01-30,,4741.09,38,active
SUB001486,CUS003306,Professional,2024-09-13,2025-09-13,,2854.68,21,active
SUB001487,CUS001817,Professional,2024-06-10,2025-06-10,,7219.25,57,active
SUB001488,CUS001910,Professional,2024-10-31,2025-10-31,,4512.13,35,active
SUB001489,CUS000382,Professional,2024-10-14,2025-10-14,,7897.51,61,active
SUB001490,CUS004975,Professional,2024-04-20,2025-04-20,,3077.14,24,active
SUB001491,CUS003023,Professional,2022-11-03,2023-11-03,,1518.81,12,active
SUB001492,CUS002442,Professional,2022-11-17,2023-11-17,,4455.84,32,active
SUB001493,CUS001554,Basic,2024-07-01,2025-07-01,,286.37,6,active
SUB001494,CUS004784,Professional,2023-02-03,2024-02-03,,9747.2,78,active
SUB001495,CUS003662,Enterprise,2023-03-22,2024-03-21,,100364.39,330,active
SUB001496,CUS000516,Enterprise,2023-03-21,2024-03-20,,17989.87,63,active
SUB001497,CUS001795,Professional,2022-06-28,2023-06-28,,9753.59,73,active
SUB001498,CUS003546,Basic,2022-03-23,2023-03-23,,340.59,7,active
SUB001499,CUS004566,Professional,2024-09-24,2025-09-24,,1684.57,13,active
SUB001500,CUS003551,Professional,2022-10-16,2023-10-16,,3388.69,26,active
SUB001501,CUS002641,Basic,2023-10-04,2024-10-03,,242.09,5,active
SUB001502,CUS003749,Professional,2023-02-06,2024-02-06,,6789.85,51,active
SUB001503,CUS002379,Basic,2023-06-12,2024-06-11,,451.03,9,active
SUB001504,CUS004111,Professional,2024-06-13,2025-06-13,2024-10-01,8536.56,65,cancelled
SUB001505,CUS003756,Basic,2023-06-12,2024-06-11,,324.82,7,active
SUB001506,CUS002766,Basic,2022-04-09,2023-04-09,2022-11-08,677.63,14,cancelled
SUB001507,CUS002537,Professional,2023-09-28,2024-09-27,2024-06-03,4625.91,36,cancelled
SUB001508,CUS000709,Basic,2022-03-28,2023-03-28,,519.8,10,active
SUB001509,CUS001470,Basic,2022-12-14,2023-12-14,,419.17,9,active
SUB001510,CUS001237,Basic,2024-01-04,2025-01-03,,431.15,9,active
SUB001511,CUS003636,Basic,2021-04-12,2022-04-12,,152.56,3,active
SUB001512,CUS002075,Professional,2022-08-02,2023-08-02,,8109.49,65,active
SUB001513,CUS003297,Professional,2022-03-03,2023-03-03,2024-05-30,2646.64,21,cancelled
SUB001514,CUS002921,Professional,2022-04-11,2023-04-11,,5735.44,42,active
SUB001515,CUS004078,Professional,2023-07-06,2024-07-05,,7316.48,56,active
SUB001516,CUS003183,Professional,2021-04-04,2022-04-04,,1860.23,14,active
SUB001517,CUS002000,Professional,2024-08-14,2025-08-14,,6613.11,50,active
SUB001518,CUS000622,Professional,2021-06-07,2022-06-07,,8289.83,64,active
SUB001519,CUS001146,Basic,2023-04-05,2024-04-04,2024-04-02,344.1,7,cancelled
SUB001520,CUS002842,Basic,2023-10-17,2024-10-16,,757.81,15,active
SUB001521,CUS000050,Enterprise,2024-10-25,2025-10-25,,110541.95,381,active
SUB001522,CUS001834,Professional,2022-05-30,2023-05-30,,9988.52,73,active
SUB001523,CUS001708,Professional,2024-02-21,2025-02-20,,3164.72,25,active
SUB001524,CUS003577,Basic,2022-10-23,2023-10-23,,406.04,8,active
SUB001525,CUS004399,Enterprise,2024-05-15,2025-05-15,,105285.82,346,active
SUB001526,CUS002891,Basic,2022-09-12,2023-09-12,,192.25,4,active
SUB001527,CUS000195,Enterprise,2024-10-23,2025-10-23,,100644.06,331,active
SUB001528,CUS000449,Basic,2023-12-24,2024-12-23,,590.62,12,active
SUB001529,CUS003847,Enterprise,2024-08-10,2025-08-10,,84156.97,300,active
SUB001530,CUS003664,Enterprise,2023-10-12,2024-10-11,,31895.87,107,active
SUB001531,CUS001688,Enterprise,2024-05-27,2025-05-27,,28307.28,99,active
SUB001532,CUS000129,Enterprise,2023-08-20,2024-08-19,,68165.63,224,active
SUB001533,CUS001918,Enterprise,2024-08-13,2025-08-13,,60693.86,204,active
SUB001534,CUS002466,Professional,2022-06-21,2023-06-21,,4786.62,36,active
SUB001535,CUS001042,Basic,2024-10-16,2025-10-16,,334.64,7,active
SUB001536,CUS002334,Professional,2024-07-27,2025-07-27,,6280.6,51,active
SUB001537,CUS000181,Basic,2024-02-02,2025-02-01,,613.01,13,active
SUB001538,CUS004834,Basic,2024-09-28,2025-09-28,,629.57,12,active
SUB001539,CUS003444,Basic,2022-09-20,2023-09-20,,108.39,2,active
SUB001540,CUS004148,Basic,2023-05-01,2024-04-30,,576.76,11,active
SUB001541,CUS002676,Enterprise,2022-07-07,2023-07-07,,90805.31,321,active
SUB001542,CUS002198,Professional,2022-09-04,2023-09-04,,2824.01,23,active
SUB001543,CUS004561,Basic,2024-08-10,2025-08-10,,235.87,5,active
SUB001544,CUS004299,Professional,2021-03-26,2022-03-26,,3312.38,25,active
SUB001545,CUS002094,Basic,2024-07-04,2025-07-04,,473.53,9,active
SUB001546,CUS001947,Basic,2024-10-27,2025-10-27,,101.1,2,active
SUB001547,CUS000037,Enterprise,2022-12-07,2023-12-07,,57187.71,190,active
SUB001548,CUS000026,Professional,2023-02-03,2024-02-03,,4119.26,33,active
SUB001549,CUS001483,Enterprise,2024-10-06,2025-10-06,,52097.87,176,active
SUB001550,CUS003329,Professional,2024-10-19,2025-10-19,,1941.0,15,active
SUB001551,CUS004705,Professional,2024-06-22,2025-06-22,,10239.86,77,active
SUB001552,CUS001693,Enterprise,2024-10-04,2025-10-04,2024-12-22,32609.28,111,cancelled
SUB001553,CUS002306,Basic,2021-11-13,2022-11-13,,596.26,12,active
SUB001554,CUS004713,Professional,2022-07-26,2023-07-26,,4688.71,36,active
SUB001555,CUS002209,Professional,2024-06-19,2025-06-19,,4142.5,32,active
SUB001556,CUS003296,Professional,2024-10-08,2025-10-08,,7887.3,62,active
SUB001557,CUS004435,Basic,2022-12-07,2023-12-07,,246.04,5,active
SUB001558,CUS000269,Enterprise,2024-01-11,2025-01-10,,71221.15,239,active
SUB001559,CUS002938,Basic,2024-04-21,2025-04-21,,381.27,8,active
SUB001560,CUS000727,Basic,2024-06-30,2025-06-30,,252.58,5,active
SUB001561,CUS002442,Basic,2024-01-31,2025-01-30,,310.2,6,active
SUB001562,CUS003683,Professional,2024-06-29,2025-06-29,2024-12-02,4541.88,35,cancelled
SUB001563,CUS000653,Professional,2023-07-29,2024-07-28,,7341.16,57,active
SUB001564,CUS000318,Enterprise,2022-08-10,2023-08-10,,31614.87,103,active
SUB001565,CUS000875,Basic,2021-07-29,2022-07-29,2022-08-02,345.22,7,cancelled
SUB001566,CUS000482,Basic,2022-10-19,2023-10-19,,356.69,7,active
SUB001567,CUS003583,Professional,2024-10-26,2025-10-26,,8804.65,68,active
SUB001568,CUS004081,Basic,2024-06-03,2025-06-03,,750.08,15,active
SUB001569,CUS002064,Professional,2023-10-11,2024-10-10,,10398.83,76,active
SUB001570,CUS000413,Professional,2021-05-26,2022-05-26,,1481.96,11,active
SUB001571,CUS004679,Basic,2022-09-16,2023-09-16,,97.46,2,active
SUB001572,CUS003401,Basic,2024-10-30,2025-10-30,,762.82,15,active
SUB001573,CUS001686,Basic,2023-11-21,2024-11-20,,94.34,2,active
SUB001574,CUS004149,Professional,2024-02-08,2025-02-07,2024-12-12,1793.3,14,cancelled
SUB001575,CUS003659,Professional,2023-06-07,2024-06-06,,7567.52,57,active
SUB001576,CUS001290,Enterprise,2024-08-19,2025-08-19,,105843.09,336,active
SUB001577,CUS001313,Enterprise,2024-10-08,2025-10-08,,73366.34,252,active
SUB001578,CUS000310,Basic,2022-05-21,2023-05-21,,440.58,9,active
SUB001579,CUS000042,Basic,2023-07-14,2024-07-13,,441.05,9,active
SUB001580,CUS000228,Basic,2024-08-13,2025-08-13,,732.63,15,active
SUB001581,CUS001051,Basic,2024-06-10,2025-06-10,,93.83,2,active
SUB001582,CUS003553,Professional,2024-04-28,2025-04-28,,2887.74,22,active
SUB001583,CUS000489,Basic,2021-11-22,2022-11-22,,280.87,6,active
SUB001584,CUS001697,Enterprise,2024-09-04,2025-09-04,,114724.66,369,active
SUB001585,CUS002911,Professional,2021-10-27,2022-10-27,,2972.08,22,active
SUB001586,CUS001855,Professional,2023-11-21,2024-11-20,,8575.97,68,active
SUB001587,CUS000805,Professional,2023-08-08,2024-08-07,,4437.72,36,active
SUB001588,CUS001446,Basic,2023-05-24,2024-05-23,,685.23,14,active
SUB001589,CUS000928,Professional,2024-01-31,2025-01-30,,1899.79,15,active
SUB001590,CUS002150,Basic,2024-10-20,2025-10-20,,583.68,12,active
SUB001591,CUS003518,Professional,2021-09-16,2022-09-16,,7764.8,60,active
SUB001592,CUS004912,Enterprise,2024-07-15,2025-07-15,,98639.32,341,active
SUB001593,CUS002702,Enterprise,2022-12-27,2023-12-27,2024-04-17,89214.08,282,expired
SUB001594,CUS003069,Basic,2022-12-14,2023-12-14,,287.4,6,active
SUB001595,CUS003074,Professional,2022-08-06,2023-08-06,,2131.57,16,active
SUB001596,CUS004239,Professional,2023-10-07,2024-10-06,,8623.78,69,active
SUB001597,CUS002635,Basic,2024-05-17,2025-05-17,2024-11-21,589.26,12,cancelled
SUB001598,CUS001884,Basic,2024-09-12,2025-09-12,,99.54,2,active
SUB001599,CUS003398,Professional,2024-01-21,2025-01-20,,7647.13,59,active
SUB001600,CUS000671,Professional,2024-05-10,2025-05-10,,3963.46,31,active
SUB001601,CUS003760,Basic,2024-09-14,2025-09-14,,529.7,11,active
SUB001602,CUS000136,Professional,2024-10-18,2025-10-18,,4069.23,32,active
SUB001603,CUS002293,Professional,2022-09-15,2023-09-15,2024-04-03,5038.07,40,cancelled
SUB001604,CUS002080,Enterprise,2024-02-14,2025-02-13,,21476.45,71,active
SUB001605,CUS002904,Professional,2024-09-04,2025-09-04,,8922.43,65,active
SUB001606,CUS000560,Basic,2024-10-13,2025-10-13,,148.85,3,active
SUB001607,CUS001213,Basic,2024-08-26,2025-08-26,,700.3,14,active
SUB001608,CUS000689,Professional,2022-08-29,2023-08-29,2024-05-25,3079.39,23,cancelled
SUB001609,CUS000273,Professional,2024-09-25,2025-09-25,,7109.96,56,active
SUB001610,CUS001426,Basic,2022-08-23,2023-08-23,,413.15,9,active
SUB001611,CUS001020,Enterprise,2024-08-01,2025-08-01,,92699.52,310,active
SUB001612,CUS004379,Basic,2023-12-19,2024-12-18,,302.8,6,active
SUB001613,CUS004765,Basic,2024-09-05,2025-09-05,,157.34,3,active
SUB001614,CUS004554,Basic,2024-09-14,2025-09-14,,567.83,12,active
SUB001615,CUS000619,Professional,2023-04-28,2024-04-27,,3483.1,26,active
SUB001616,CUS003986,Professional,2024-02-22,2025-02-21,,8461.6,65,active
SUB001617,CUS002988,Professional,2024-05-19,2025-05-19,,2672.13,21,active
SUB001618,CUS001106,Professional,2024-09-15,2025-09-15,,1739.88,14,active
SUB001619,CUS001782,Professional,2023-10-23,2024-10-22,,1390.0,11,active
SUB001620,CUS001434,Enterprise,2023-04-05,2024-04-04,,22569.95,74,active
SUB001621,CUS003372,Basic,2024-02-16,2025-02-15,,255.49,5,active
SUB001622,CUS000102,Professional,2023-10-15,2024-10-14,2024-05-06,5484.9,47,cancelled
SUB001623,CUS003606,Basic,2024-06-13,2025-06-13,,648.43,13,active
SUB001624,CUS004620,Professional,2022-04-05,2023-04-05,,4930.01,39,active
SUB001625,CUS001863,Basic,2024-07-17,2025-07-17,2024-12-15,385.41,8,cancelled
SUB001626,CUS003338,Professional,2022-03-17,2023-03-17,,3926.42,30,active
SUB001627,CUS002116,Enterprise,2023-08-02,2024-08-01,,68926.52,216,active
SUB001628,CUS001728,Basic,2021-05-03,2022-05-03,,286.61,6,active
SUB001629,CUS000332,Professional,2024-10-11,2025-10-11,,8742.64,68,active
SUB001630,CUS001683,Professional,2023-04-07,2024-04-06,,4997.36,41,active
SUB001631,CUS000121,Professional,2024-03-03,2025-03-03,,8644.67,66,active
SUB001632,CUS001687,Professional,2024-07-22,2025-07-22,,4154.19,33,active
SUB001633,CUS000239,Basic,2024-04-21,2025-04-21,,361.92,7,active
SUB001634,CUS004965,Basic,2024-06-29,2025-06-29,,744.27,15,active
SUB001635,CUS000581,Enterprise,2023-10-24,2024-10-23,,99468.07,336,active
SUB001636,CUS002211,Basic,2021-02-04,2022-02-04,2021-05-21,533.79,11,cancelled
SUB001637,CUS001458,Professional,2024-08-22,2025-08-22,,1959.7,15,active
SUB001638,CUS000285,Basic,2024-03-18,2025-03-18,,702.59,14,active
SUB001639,CUS001135,Professional,2023-09-14,2024-09-13,,7670.81,62,active
SUB001640,CUS001230,Professional,2023-10-17,2024-10-16,2024-02-19,6288.12,49,cancelled
SUB001641,CUS004321,Enterprise,2023-05-28,2024-05-27,,78928.66,264,active
SUB001642,CUS001035,Enterprise,2024-03-10,2025-03-10,,69279.56,230,active
SUB001643,CUS000276,Professional,2024-02-03,2025-02-02,,4451.56,33,active
SUB001644,CUS002606,Professional,2024-09-07,2025-09-07,,3799.48,31,active
SUB001645,CUS000071,Professional,2023-02-28,2024-02-28,,7865.64,59,active
SUB001646,CUS001650,Basic,2023-11-10,2024-11-09,,248.12,5,active
SUB001647,CUS004788,Basic,2024-04-22,2025-04-22,,481.46,10,active
SUB001648,CUS003897,Basic,2024-02-04,2025-02-03,2024-07-18,302.3,6,cancelled
SUB001649,CUS002024,Basic,2024-09-09,2025-09-09,,241.71,5,active
SUB001650,CUS001414,Enterprise,2024-10-18,2025-10-18,,43685.26,156,active
SUB001651,CUS004419,Professional,2023-04-29,2024-04-28,,4539.85,40,active
SUB001652,CUS001373,Professional,2022-07-22,2023-07-22,2023-03-15,8151.52,66,cancelled
SUB001653,CUS004643,Professional,2023-04-21,2024-04-20,,3543.2,28,active
SUB001654,CUS002836,Basic,2022-06-28,2023-06-28,2023-08-10,690.12,14,cancelled
SUB001655,CUS001286,Basic,2024-05-25,2025-05-25,,650.32,13,active
SUB001656,CUS003365,Professional,2021-09-20,2022-09-20,2022-02-18,3579.38,28,cancelled
SUB001657,CUS000060,Professional,2024-08-31,2025-08-31,,7235.37,59,active
SUB001658,CUS000452,Professional,2024-08-17,2025-08-17,,9673.43,76,active
SUB001659,CUS002564,Basic,2023-11-13,2024-11-12,,437.63,9,active
SUB001660,CUS002333,Professional,2024-07-08,2025-07-08,,6568.56,48,active
SUB001661,CUS004996,Professional,2021-12-31,2022-12-31,,7627.82,58,active
SUB001662,CUS001911,Professional,2024-07-27,2025-07-27,,2187.38,18,active
SUB001663,CUS002219,Basic,2024-04-05,2025-04-05,2024-08-24,533.06,11,cancelled
SUB001664,CUS002666,Professional,2023-06-28,2024-06-27,2024-05-16,2907.18,22,cancelled
SUB001665,CUS003941,Professional,2024-09-15,2025-09-15,,5163.79,40,active
SUB001666,CUS002218,Basic,2022-04-13,2023-04-13,,554.58,12,active
SUB001667,CUS002858,Basic,2024-09-26,2025-09-26,,554.44,11,active
SUB001668,CUS003118,Basic,2023-12-13,2024-12-12,2024-09-09,198.49,4,cancelled
SUB001669,CUS000406,Professional,2022-02-09,2023-02-09,2023-02-23,4746.77,37,cancelled
SUB001670,CUS002327,Enterprise,2024-06-24,2025-06-24,,64214.07,221,active
SUB001671,CUS003078,Enterprise,2024-06-10,2025-06-10,,74614.68,241,active
SUB001672,CUS004533,Professional,2021-06-25,2022-06-25,2024-05-29,2053.77,17,cancelled
SUB001673,CUS003216,Basic,2022-12-01,2023-12-01,,231.67,5,active
SUB001674,CUS000787,Enterprise,2024-08-11,2025-08-11,,114193.53,392,active
SUB001675,CUS000792,Enterprise,2022-08-22,2023-08-22,,35655.22,118,active
SUB001676,CUS000142,Enterprise,2022-09-14,2023-09-14,,82570.2,290,active
SUB001677,CUS003895,Basic,2024-08-30,2025-08-30,,96.13,2,active
SUB001678,CUS002690,Enterprise,2024-05-13,2025-05-13,,93650.56,317,active
SUB001679,CUS003723,Enterprise,2024-10-15,2025-10-15,,112563.98,372,active
SUB001680,CUS000044,Professional,2022-06-01,2023-06-01,,3193.76,25,active
SUB001681,CUS000670,Professional,2024-05-04,2025-05-04,,1788.74,14,active
SUB001682,CUS003059,Professional,2024-07-09,2025-07-09,,8932.74,71,active
SUB001683,CUS001722,Basic,2021-11-21,2022-11-21,2022-12-20,305.21,6,expired
SUB001684,CUS000223,Basic,2024-05-12,2025-05-12,,701.84,14,active
SUB001685,CUS002014,Basic,2024-05-05,2025-05-05,,500.7,10,active
SUB001686,CUS003272,Basic,2023-04-04,2024-04-03,,476.66,10,active
SUB001687,CUS002601,Enterprise,2022-06-05,2023-06-05,,121271.53,413,active
SUB001688,CUS004950,Professional,2023-10-15,2024-10-14,2024-05-12,5639.49,43,cancelled
SUB001689,CUS000982,Professional,2023-04-18,2024-04-17,,8338.93,66,active
SUB001690,CUS003323,Professional,2024-09-04,2025-09-04,,3370.05,27,active
SUB001691,CUS001015,Basic,2024-06-07,2025-06-07,,643.44,13,active
SUB001692,CUS003612,Professional,2024-03-19,2025-03-19,,5416.18,44,active
SUB001693,CUS001914,Professional,2024-08-06,2025-08-06,,5378.29,42,active
SUB001694,CUS000512,Professional,2021-07-02,2022-07-02,2022-03-19,1463.31,11,cancelled
SUB001695,CUS002708,Basic,2022-03-01,2023-03-01,,640.24,13,active
SUB001696,CUS001452,Professional,2024-10-31,2025-10-31,,8574.79,69,active
SUB001697,CUS000158,Professional,2023-12-11,2024-12-10,,2098.14,16,active
SUB001698,CUS000038,Basic,2022-07-25,2023-07-25,,575.63,12,active
SUB001699,CUS002765,Professional,2024-07-31,2025-07-31,,6906.54,52,active
SUB001700,CUS001087,Professional,2024-07-31,2025-07-31,,4726.76,36,active
SUB001701,CUS004032,Enterprise,2023-12-11,2024-12-10,,23924.74,81,active
SUB001702,CUS002322,Professional,2024-03-10,2025-03-10,,3517.2,28,active
SUB001703,CUS004623,Enterprise,2024-08-04,2025-08-04,,77750.08,268,active
SUB001704,CUS000270,Basic,2024-10-06,2025-10-06,,748.18,14,active
SUB001705,CUS003228,Basic,2024-10-25,2025-10-25,,225.35,5,active
SUB001706,CUS000358,Basic,2021-07-07,2022-07-07,,505.79,11,active
SUB001707,CUS003442,Basic,2021-08-27,2022-08-27,2022-08-06,254.45,5,cancelled
SUB001708,CUS000538,Professional,2024-03-19,2025-03-19,,5320.12,40,active
SUB001709,CUS000661,Professional,2024-06-12,2025-06-12,,8360.12,64,active
SUB001710,CUS001986,Professional,2023-04-22,2024-04-21,2023-10-21,6240.34,52,cancelled
SUB001711,CUS003795,Professional,2024-04-23,2025-04-23,,7754.53,59,active
SUB001712,CUS002610,Enterprise,2024-09-21,2025-09-21,,34072.25,118,active
SUB001713,CUS003201,Basic,2021-01-09,2022-01-09,,732.46,15,active
SUB001714,CUS004024,Professional,2024-04-29,2025-04-29,,2355.07,18,active
SUB001715,CUS001502,Professional,2023-02-16,2024-02-16,2024-04-19,8664.96,66,cancelled
SUB001716,CUS000352,Professional,2024-09-07,2025-09-07,,9706.78,77,active
SUB001717,CUS000501,Basic,2023-08-11,2024-08-10,,204.81,4,active
SUB001718,CUS001547,Professional,2024-03-23,2025-03-23,,3847.44,29,active
SUB001719,CUS001583,Professional,2024-06-29,2025-06-29,,9599.2,77,active
SUB001720,CUS001817,Basic,2023-11-15,2024-11-14,,96.35,2,active
SUB001721,CUS003878,Professional,2022-07-06,2023-07-06,2023-06-12,8664.65,69,cancelled
SUB001722,CUS001558,Basic,2024-04-12,2025-04-12,,684.5,14,active
SUB001723,CUS000379,Professional,2024-08-14,2025-08-14,,8569.65,65,active
SUB001724,CUS000334,Basic,2024-06-15,2025-06-15,,504.09,11,active
SUB001725,CUS003498,Professional,2023-04-18,2024-04-17,,2760.95,23,active
SUB001726,CUS000681,Professional,2022-06-18,2023-06-18,,3506.81,28,active
SUB001727,CUS000003,Professional,2022-04-28,2023-04-28,,8376.66,62,active
SUB001728,CUS001224,Basic,2021-12-31,2022-12-31,,494.07,10,active
SUB001729,CUS000390,Enterprise,2022-08-23,2023-08-23,,30604.0,97,active
SUB001730,CUS004004,Basic,2023-12-05,2024-12-04,,97.47,2,active
SUB001731,CUS002333,Basic,2024-08-08,2025-08-08,,332.89,7,active
SUB001732,CUS003889,Enterprise,2023-09-22,2024-09-21,,99354.01,353,active
SUB001733,CUS004642,Basic,2022-04-23,2023-04-23,,142.73,3,active
SUB001734,CUS000460,Basic,2024-03-03,2025-03-03,,287.62,6,active
SUB001735,CUS002376,Basic,2023-12-25,2024-12-24,,179.36,4,active
SUB001736,CUS004041,Basic,2024-10-05,2025-10-05,,237.79,5,active
SUB001737,CUS002856,Enterprise,2024-08-18,2025-08-18,,85001.11,293,active
SUB001738,CUS000681,Enterprise,2024-03-18,2025-03-18,,19749.02,66,active
SUB001739,CUS004710,Professional,2023-08-31,2024-08-30,,3735.48,29,active
SUB001740,CUS002228,Basic,2023-06-02,2024-06-01,,445.94,9,active
SUB001741,CUS000336,Basic,2024-08-29,2025-08-29,,462.17,10,active
SUB001742,CUS002826,Basic,2024-03-26,2025-03-26,,235.27,5,active
SUB001743,CUS002777,Basic,2024-05-28,2025-05-28,,151.76,3,active
SUB001744,CUS000287,Professional,2024-08-13,2025-08-13,,6519.35,51,active
SUB001745,CUS003339,Basic,2024-01-05,2025-01-04,,706.33,14,active
SUB001746,CUS001092,Basic,2024-09-06,2025-09-06,,682.61,14,active
SUB001747,CUS001566,Enterprise,2021-11-15,2022-11-15,2022-12-10,125198.84,416,cancelled
SUB001748,CUS002931,Basic,2021-05-26,2022-05-26,,598.88,12,active
SUB001749,CUS004327,Professional,2024-05-24,2025-05-24,,3921.11,31,active
SUB001750,CUS000611,Professional,2024-04-24,2025-04-24,,9575.09,76,active
SUB001751,CUS000902,Basic,2022-12-10,2023-12-10,,526.17,11,active
SUB001752,CUS000557,Professional,2023-08-24,2024-08-23,,3344.85,26,active
SUB001753,CUS003528,Professional,2024-09-02,2025-09-02,,4605.74,35,active
SUB001754,CUS004062,Enterprise,2023-05-19,2024-05-18,,36548.34,124,active
SUB001755,CUS000183,Basic,2023-11-19,2024-11-18,,764.71,15,active
SUB001756,CUS001078,Basic,2024-07-20,2025-07-20,,104.0,2,active
SUB001757,CUS004067,Basic,2024-09-28,2025-09-28,,332.45,7,active
SUB001758,CUS002912,Basic,2023-09-21,2024-09-20,,408.31,8,active
SUB001759,CUS000885,Professional,2023-05-05,2024-05-04,,1289.19,10,active
SUB001760,CUS002612,Enterprise,2023-12-25,2024-12-24,,44538.73,147,active
SUB001761,CUS000713,Enterprise,2024-05-22,2025-05-22,,38092.6,128,active
SUB001762,CUS004770,Basic,2023-06-09,2024-06-08,,204.36,4,active
SUB001763,CUS001267,Basic,2023-07-13,2024-07-12,,396.77,8,active
SUB001764,CUS001372,Professional,2023-09-21,2024-09-20,2024-06-11,1529.16,12,cancelled
SUB001765,CUS004378,Basic,2024-01-14,2025-01-13,,531.13,11,active
SUB001766,CUS001795,Enterprise,2024-04-15,2025-04-15,,51557.16,180,active
SUB001767,CUS002344,Basic,2024-06-04,2025-06-04,,96.04,2,active
SUB001768,CUS004087,Basic,2024-10-26,2025-10-26,,408.74,8,active
SUB001769,CUS000288,Basic,2022-09-21,2023-09-21,,305.14,6,active
SUB001770,CUS001940,Basic,2024-02-18,2025-02-17,,143.71,3,active
SUB001771,CUS004400,Professional,2024-01-24,2025-01-23,,1984.68,16,active
SUB001772,CUS000840,Professional,2024-07-22,2025-07-22,,1999.46,15,active
SUB001773,CUS004956,Basic,2023-04-22,2024-04-21,2024-09-04,746.04,15,cancelled
SUB001774,CUS000568,Basic,2024-10-08,2025-10-08,,638.55,14,active
SUB001775,CUS004471,Professional,2023-11-21,2024-11-20,,3550.05,25,active
SUB001776,CUS004112,Basic,2024-05-02,2025-05-02,,245.1,5,active
SUB001777,CUS001860,Basic,2022-08-21,2023-08-21,,674.94,13,active
SUB001778,CUS002913,Professional,2024-03-12,2025-03-12,,6099.97,47,active
SUB001779,CUS001499,Enterprise,2022-11-12,2023-11-12,,56469.3,196,active
SUB001780,CUS003293,Basic,2023-01-26,2024-01-26,,690.66,14,active
SUB001781,CUS001448,Basic,2021-06-29,2022-06-29,,464.83,10,active
SUB001782,CUS002857,Basic,2023-03-29,2024-03-28,,195.14,4,active
SUB001783,CUS001751,Basic,2021-08-06,2022-08-06,,141.4,3,active
SUB001784,CUS003116,Enterprise,2024-09-30,2025-09-30,,31170.38,105,active
SUB001785,CUS003443,Basic,2022-06-01,2023-06-01,,642.53,13,active
SUB001786,CUS002285,Professional,2023-07-29,2024-07-28,,8862.73,68,active
SUB001787,CUS000113,Enterprise,2023-06-09,2024-06-08,2024-08-05,114340.37,403,cancelled
SUB001788,CUS004219,Enterprise,2024-09-24,2025-09-24,,73939.78,253,active
SUB001789,CUS000795,Basic,2022-01-28,2023-01-28,2023-04-12,501.74,11,cancelled
SUB001790,CUS003830,Enterprise,2024-10-28,2025-10-28,,97759.12,320,active
SUB001791,CUS004911,Professional,2024-08-17,2025-08-17,,7405.19,57,active
SUB001792,CUS001675,Basic,2024-03-04,2025-03-04,,234.93,5,active
SUB001793,CUS002336,Enterprise,2024-08-09,2025-08-09,,41410.08,132,active
SUB001794,CUS002656,Enterprise,2024-03-08,2025-03-08,,107574.44,354,active
SUB001795,CUS003648,Basic,2024-02-03,2025-02-02,,634.65,13,active
SUB001796,CUS000032,Enterprise,2024-01-16,2025-01-15,,28522.54,97,active
SUB001797,CUS002726,Basic,2024-08-21,2025-08-21,,718.6,15,active
SUB001798,CUS001847,Basic,2024-01-04,2025-01-03,,95.29,2,active
SUB001799,CUS002354,Professional,2023-08-24,2024-08-23,,4969.12,37,active
SUB001800,CUS003588,Basic,2021-12-26,2022-12-26,,395.77,8,active
SUB001801,CUS003481,Basic,2024-04-03,2025-04-03,,94.4,2,active
SUB001802,CUS002499,Professional,2024-10-11,2025-10-11,,2022.83,15,active
SUB001803,CUS002587,Professional,2024-05-20,2025-05-20,,2571.84,20,active
SUB001804,CUS000331,Professional,2024-02-06,2025-02-05,,7116.49,57,active
SUB001805,CUS001281,Basic,2024-01-12,2025-01-11,,576.27,11,active
SUB001806,CUS001166,Professional,2024-03-07,2025-03-07,,6699.03,54,active
SUB001807,CUS001438,Basic,2021-09-19,2022-09-19,2022-10-15,523.43,11,cancelled
SUB001808,CUS001231,Enterprise,2021-06-05,2022-06-05,,31694.23,106,active
SUB001809,CUS002839,Professional,2023-01-16,2024-01-16,,1695.91,13,active
SUB001810,CUS001866,Professional,2024-03-25,2025-03-25,,2135.21,17,active
SUB001811,CUS000134,Basic,2024-07-10,2025-07-10,,497.29,11,active
SUB001812,CUS000648,Basic,2023-06-15,2024-06-14,,588.67,12,active
SUB001813,CUS001774,Enterprise,2023-01-07,2024-01-07,,100530.8,349,active
SUB001814,CUS003643,Basic,2023-09-14,2024-09-13,,290.31,6,active
SUB001815,CUS000578,Basic,2024-07-13,2025-07-13,,523.71,11,active
SUB001816,CUS004400,Basic,2024-08-31,2025-08-31,,282.85,6,active
SUB001817,CUS004312,Professional,2023-06-05,2024-06-04,,4984.08,39,active
SUB001818,CUS004527,Professional,2021-12-12,2022-12-12,2024-05-06,9208.66,73,cancelled
SUB001819,CUS000688,Basic,2024-10-02,2025-10-02,,285.36,6,active
SUB001820,CUS004611,Enterprise,2021-06-10,2022-06-10,,19164.52,62,active
SUB001821,CUS001532,Basic,2024-02-09,2025-02-08,,236.47,5,active
SUB001822,CUS002011,Basic,2024-08-05,2025-08-05,,194.27,4,active
SUB001823,CUS000669,Professional,2023-11-05,2024-11-04,,4766.74,37,active
SUB001824,CUS003645,Professional,2022-01-15,2023-01-15,,8495.68,70,active
SUB001825,CUS001515,Professional,2023-11-19,2024-11-18,,2726.98,22,active
SUB001826,CUS002395,Enterprise,2023-11-12,2024-11-11,,97637.65,327,active
SUB001827,CUS004703,Enterprise,2024-08-22,2025-08-22,,47711.07,160,active
SUB001828,CUS002115,Basic,2024-02-12,2025-02-11,,333.54,7,active
SUB001829,CUS000124,Professional,2022-08-04,2023-08-04,,6186.36,48,active
SUB001830,CUS003038,Professional,2023-11-14,2024-11-13,,5208.35,40,active
SUB001831,CUS004546,Basic,2024-09-11,2025-09-11,,500.06,10,active
SUB001832,CUS000514,Basic,2024-04-23,2025-04-23,,150.43,3,active
SUB001833,CUS003094,Professional,2023-09-14,2024-09-13,2023-12-03,4840.52,36,cancelled
SUB001834,CUS003012,Basic,2023-12-10,2024-12-09,,344.29,7,active
SUB001835,CUS004428,Professional,2024-07-10,2025-07-10,,7363.73,60,active
SUB001836,CUS001097,Basic,2024-09-08,2025-09-08,,484.93,10,active
SUB001837,CUS003896,Professional,2023-12-11,2024-12-10,,6533.32,53,active
SUB001838,CUS003059,Professional,2023-05-22,2024-05-21,,8101.74,61,active
SUB001839,CUS004206,Professional,2023-10-08,2024-10-07,,4461.59,33,active
SUB001840,CUS000278,Basic,2023-12-10,2024-12-09,,391.92,8,active
SUB001841,CUS000217,Basic,2024-04-17,2025-04-17,,101.99,2,active
SUB001842,CUS003765,Basic,2022-11-09,2023-11-09,,508.76,10,active
SUB001843,CUS001317,Basic,2024-09-20,2025-09-20,,346.65,7,active
SUB001844,CUS004522,Enterprise,2024-10-29,2025-10-29,,18879.72,62,active
SUB001845,CUS002230,Enterprise,2023-07-07,2024-07-06,,21007.13,68,active
SUB001846,CUS003922,Professional,2022-11-17,2023-11-17,2023-07-10,3558.21,29,cancelled
SUB001847,CUS000698,Enterprise,2022-12-05,2023-12-05,,89874.84,298,active
SUB001848,CUS001614,Basic,2022-06-14,2023-06-14,,149.85,3,active
SUB001849,CUS002673,Enterprise,2021-09-18,2022-09-18,,24990.94,88,active
SUB001850,CUS002026,Basic,2023-07-04,2024-07-03,,365.96,7,active
SUB001851,CUS003951,Basic,2024-10-30,2025-10-30,,610.48,12,active
SUB001852,CUS003068,Basic,2024-10-10,2025-10-10,,101.78,2,active
SUB001853,CUS004265,Professional,2022-08-02,2023-08-02,,9028.38,69,active
SUB001854,CUS004624,Professional,2023-10-18,2024-10-17,2024-11-06,1247.17,10,cancelled
SUB001855,CUS000475,Professional,2022-01-27,2023-01-27,,2958.55,24,active
SUB001856,CUS004153,Enterprise,2023-05-10,2024-05-09,,98625.31,331,active
SUB001857,CUS000312,Basic,2023-06-21,2024-06-20,2024-04-21,351.37,7,expired
SUB001858,CUS000591,Basic,2022-06-12,2023-06-12,,649.09,13,active
SUB001859,CUS000420,Basic,2021-12-28,2022-12-28,,103.87,2,active
SUB001860,CUS003183,Basic,2024-05-16,2025-05-16,,484.67,10,active
SUB001861,CUS004265,Basic,2023-06-17,2024-06-16,,193.53,4,active
SUB001862,CUS003391,Basic,2022-09-01,2023-09-01,,343.09,7,active
SUB001863,CUS002187,Basic,2024-10-23,2025-10-23,,423.15,9,active
SUB001864,CUS003221,Professional,2024-03-30,2025-03-30,,8011.08,59,active
SUB001865,CUS004438,Professional,2024-10-25,2025-10-25,,1918.07,15,active
SUB001866,CUS004350,Basic,2024-09-27,2025-09-27,,543.78,11,active
SUB001867,CUS001867,Professional,2022-10-26,2023-10-26,,6766.51,51,active
SUB001868,CUS002345,Basic,2024-09-30,2025-09-30,,715.64,15,active
SUB001869,CUS000815,Basic,2023-03-26,2024-03-25,,346.33,7,active
SUB001870,CUS002764,Basic,2023-08-13,2024-08-12,,146.96,3,active
SUB001871,CUS003044,Professional,2024-05-20,2025-05-20,,3735.31,28,active
SUB001872,CUS000600,Basic,2024-10-28,2025-10-28,,490.14,10,active
SUB001873,CUS000010,Basic,2023-05-03,2024-05-02,2024-05-27,352.8,8,expired
SUB001874,CUS000073,Basic,2021-10-20,2022-10-20,,142.19,3,active
SUB001875,CUS004375,Professional,2022-05-31,2023-05-31,,5378.06,44,active
SUB001876,CUS000750,Enterprise,2024-01-29,2025-01-28,,131178.09,411,active
SUB001877,CUS004155,Basic,2023-08-25,2024-08-24,2024-09-16,154.28,3,expired
SUB001878,CUS002792,Basic,2023-05-30,2024-05-29,,407.81,9,active
SUB001879,CUS000668,Enterprise,2022-07-30,2023-07-30,,31149.87,108,active
SUB001880,CUS002867,Basic,2022-07-22,2023-07-22,,373.0,8,active
SUB001881,CUS002129,Professional,2023-03-04,2024-03-03,,3379.41,26,active
SUB001882,CUS000551,Basic,2023-05-12,2024-05-11,,236.8,5,active
SUB001883,CUS000632,Basic,2024-04-21,2025-04-21,,485.45,10,active
SUB001884,CUS000869,Basic,2024-05-11,2025-05-11,,186.55,4,active
SUB001885,CUS000965,Professional,2023-03-29,2024-03-28,,9296.94,71,active
SUB001886,CUS001507,Professional,2024-09-02,2025-09-02,,2914.03,24,active
SUB001887,CUS004330,Professional,2022-03-31,2023-03-31,,7856.88,56,active
SUB001888,CUS000909,Basic,2024-07-14,2025-07-14,,309.48,6,active
SUB001889,CUS004596,Basic,2024-09-09,2025-09-09,,319.54,6,active
SUB001890,CUS002722,Enterprise,2024-04-01,2025-04-01,,19236.79,63,active
SUB001891,CUS001682,Professional,2024-03-10,2025-03-10,2024-05-16,3536.78,26,cancelled
SUB001892,CUS000223,Basic,2024-01-06,2025-01-05,,555.84,11,active
SUB001893,CUS000327,Professional,2023-07-20,2024-07-19,,6596.63,53,active
SUB001894,CUS001953,Basic,2024-06-05,2025-06-05,,193.45,4,active
SUB001895,CUS000235,Enterprise,2021-12-29,2022-12-29,,115306.31,380,active
SUB001896,CUS002087,Enterprise,2024-09-02,2025-09-02,,120379.44,387,active
SUB001897,CUS003368,Professional,2024-10-11,2025-10-11,,5545.72,43,active
SUB001898,CUS000576,Basic,2024-05-09,2025-05-09,,449.56,9,active
SUB001899,CUS000140,Professional,2021-12-07,2022-12-07,,3952.44,31,active
SUB001900,CUS001084,Basic,2023-11-10,2024-11-09,,96.59,2,active
SUB001901,CUS003736,Basic,2024-02-05,2025-02-04,,604.19,13,active
SUB001902,CUS003757,Basic,2022-07-25,2023-07-25,2023-09-02,497.59,10,cancelled
SUB001903,CUS001763,Professional,2023-07-14,2024-07-13,,4564.0,36,active
SUB001904,CUS003862,Basic,2024-03-01,2025-03-01,,608.35,13,active
SUB001905,CUS002817,Professional,2024-07-08,2025-07-08,,9347.9,74,active
SUB001906,CUS000977,Professional,2023-07-05,2024-07-04,,8989.88,69,active
SUB001907,CUS004715,Professional,2022-08-11,2023-08-11,,6204.77,47,active
SUB001908,CUS001216,Basic,2024-08-08,2025-08-08,,194.73,4,active
SUB001909,CUS004592,Professional,2024-01-12,2025-01-11,,6958.79,52,active
SUB001910,CUS004773,Basic,2021-11-17,2022-11-17,,360.89,7,active
SUB001911,CUS004706,Basic,2022-06-15,2023-06-15,,194.03,4,active
SUB001912,CUS002755,Basic,2023-12-25,2024-12-24,,253.35,5,active
SUB001913,CUS001351,Basic,2023-12-13,2024-12-12,,622.12,13,active
SUB001914,CUS003506,Professional,2023-03-01,2024-02-29,,2708.84,22,active
SUB001915,CUS003607,Professional,2024-08-30,2025-08-30,,9729.28,78,active
SUB001916,CUS001448,Basic,2022-04-05,2023-04-05,,570.21,12,active
SUB001917,CUS002030,Professional,2024-10-18,2025-10-18,,7621.41,60,active
SUB001918,CUS003388,Basic,2023-05-23,2024-05-22,2024-01-18,209.6,4,cancelled
SUB001919,CUS004938,Professional,2024-02-08,2025-02-07,,5445.34,43,active
SUB001920,CUS001932,Basic,2023-05-24,2024-05-23,2023-10-06,145.06,3,cancelled
SUB001921,CUS004545,Professional,2024-07-12,2025-07-12,,5965.9,46,active
SUB001922,CUS004800,Basic,2024-03-05,2025-03-05,,654.29,14,active
SUB001923,CUS000238,Basic,2024-05-24,2025-05-24,,344.75,7,active
SUB001924,CUS003633,Basic,2024-10-24,2025-10-24,,401.01,8,active
SUB001925,CUS000017,Professional,2023-10-21,2024-10-20,,8684.41,64,active
SUB001926,CUS001292,Enterprise,2022-11-14,2023-11-14,,126976.28,406,active
SUB001927,CUS000008,Basic,2022-12-14,2023-12-14,,198.49,4,active
SUB001928,CUS002132,Professional,2022-02-07,2023-02-07,,3967.74,31,active
SUB001929,CUS004794,Basic,2023-06-21,2024-06-20,2024-04-13,438.44,9,cancelled
SUB001930,CUS000561,Enterprise,2023-04-30,2024-04-29,,47006.02,155,active
SUB001931,CUS002223,Professional,2023-11-23,2024-11-22,,4894.0,38,active
SUB001932,CUS001889,Professional,2023-06-22,2024-06-21,,9772.87,76,active
SUB001933,CUS003422,Enterprise,2023-11-11,2024-11-10,,86476.82,299,active
SUB001934,CUS000267,Basic,2023-10-02,2024-10-01,,150.45,3,active
SUB001935,CUS002515,Enterprise,2024-08-12,2025-08-12,,97885.58,324,active
SUB001936,CUS002100,Professional,2024-07-09,2025-07-09,,7786.29,62,active
SUB001937,CUS004781,Basic,2024-09-06,2025-09-06,,721.75,14,active
SUB001938,CUS001248,Enterprise,2023-11-02,2024-11-01,,84331.05,280,active
SUB001939,CUS000894,Professional,2024-07-03,2025-07-03,2024-09-19,7967.07,65,cancelled
SUB001940,CUS001620,Professional,2024-08-30,2025-08-30,,3065.12,23,active
SUB001941,CUS004028,Basic,2024-06-09,2025-06-09,,287.08,6,active
SUB001942,CUS000268,Professional,2024-09-24,2025-09-24,,10044.83,79,active
SUB001943,CUS003188,Basic,2023-04-30,2024-04-29,,340.76,7,active
SUB001944,CUS003328,Enterprise,2024-03-25,2025-03-25,,112124.21,364,active
SUB001945,CUS001635,Enterprise,2021-02-11,2022-02-11,,56098.41,188,active
SUB001946,CUS001114,Enterprise,2023-12-30,2024-12-29,,18939.21,62,active
SUB001947,CUS001214,Enterprise,2022-10-30,2023-10-30,,27123.11,96,active
SUB001948,CUS004427,Professional,2024-09-02,2025-09-02,,1736.26,14,active
SUB001949,CUS000051,Professional,2024-01-02,2025-01-01,,1937.17,15,active
SUB001950,CUS000581,Basic,2021-11-25,2022-11-25,,191.03,4,active
SUB001951,CUS001853,Professional,2022-03-29,2023-03-29,,9477.72,74,active
SUB001952,CUS003312,Basic,2023-12-30,2024-12-29,,754.19,15,active
SUB001953,CUS004257,Professional,2024-09-24,2025-09-24,,2005.98,16,active
SUB001954,CUS002483,Professional,2024-03-19,2025-03-19,,9551.67,76,active
SUB001955,CUS003509,Enterprise,2023-02-09,2024-02-09,,78638.84,262,active
SUB001956,CUS001761,Professional,2024-09-15,2025-09-15,,7163.98,60,active
SUB001957,CUS000830,Professional,2022-04-03,2023-04-03,,8547.15,64,active
SUB001958,CUS004631,Professional,2024-09-10,2025-09-10,2024-12-06,9848.66,76,cancelled
SUB001959,CUS000423,Professional,2023-11-07,2024-11-06,,7247.53,56,active
SUB001960,CUS004134,Professional,2022-12-23,2023-12-23,,2151.6,17,active
SUB001961,CUS002845,Basic,2022-12-02,2023-12-02,,351.27,7,active
SUB001962,CUS003673,Enterprise,2024-04-23,2025-04-23,,60056.77,202,active
SUB001963,CUS002400,Professional,2021-08-20,2022-08-20,,2152.58,16,active
SUB001964,CUS004297,Professional,2024-05-04,2025-05-04,,5214.84,43,active
SUB001965,CUS001925,Basic,2024-08-14,2025-08-14,,491.08,10,active
SUB001966,CUS003200,Basic,2024-04-19,2025-04-19,,245.36,5,active
SUB001967,CUS001738,Enterprise,2024-06-23,2025-06-23,2024-12-17,33550.58,111,cancelled
SUB001968,CUS003024,Professional,2024-10-28,2025-10-28,,9338.29,69,active
SUB001969,CUS000129,Enterprise,2022-01-16,2023-01-16,,89689.27,315,active
SUB001970,CUS002680,Enterprise,2023-01-15,2024-01-15,,26734.15,94,active
SUB001971,CUS002106,Professional,2024-09-11,2025-09-11,,5478.45,43,active
SUB001972,CUS002884,Basic,2024-01-19,2025-01-18,,594.81,13,active
SUB001973,CUS000836,Professional,2023-01-01,2024-01-01,,1812.38,13,active
SUB001974,CUS004781,Basic,2023-05-12,2024-05-11,,708.41,14,active
SUB001975,CUS004707,Enterprise,2024-04-10,2025-04-10,,59360.55,195,active
SUB001976,CUS001822,Basic,2024-06-19,2025-06-19,,302.06,6,active
SUB001977,CUS001204,Professional,2024-09-10,2025-09-10,,9296.97,69,active
SUB001978,CUS003184,Basic,2021-06-03,2022-06-03,,143.84,3,active
SUB001979,CUS002253,Professional,2023-12-20,2024-12-19,,9170.64,72,active
SUB001980,CUS004241,Basic,2024-05-13,2025-05-13,,347.11,7,active
SUB001981,CUS001624,Professional,2023-04-04,2024-04-03,,9377.53,74,active
SUB001982,CUS002498,Professional,2021-06-09,2022-06-09,,4867.67,39,active
SUB001983,CUS004694,Professional,2022-03-09,2023-03-09,2022-09-29,2532.18,20,expired
SUB001984,CUS000341,Basic,2022-09-29,2023-09-29,,198.62,4,active
SUB001985,CUS002967,Basic,2024-07-15,2025-07-15,,606.76,12,active
SUB001986,CUS002868,Professional,2024-04-15,2025-04-15,,8135.31,66,active
SUB001987,CUS000150,Enterprise,2021-10-01,2022-10-01,,81084.89,273,active
SUB001988,CUS002187,Professional,2024-10-24,2025-10-24,,6695.32,52,active
SUB001989,CUS002746,Basic,2021-05-01,2022-05-01,,699.22,15,active
SUB001990,CUS001548,Professional,2023-11-26,2024-11-25,,5110.03,39,active
SUB001991,CUS000636,Professional,2023-03-27,2024-03-26,,8610.61,67,active
SUB001992,CUS003632,Professional,2024-08-16,2025-08-16,,3742.87,30,active
SUB001993,CUS004325,Basic,2024-08-24,2025-08-24,2024-11-11,674.42,14,expired
SUB001994,CUS000744,Professional,2023-03-27,2024-03-26,,5650.92,43,active
SUB001995,CUS004717,Basic,2024-08-07,2025-08-07,,456.09,9,active
SUB001996,CUS004605,Professional,2024-10-29,2025-10-29,,4177.06,32,active
SUB001997,CUS002080,Enterprise,2024-08-03,2025-08-03,,68573.68,215,active
SUB001998,CUS004443,Professional,2023-05-27,2024-05-26,,4155.11,31,active
SUB001999,CUS001277,Basic,2024-05-17,2025-05-17,,299.67,6,active
SUB002000,CUS001215,Professional,2024-09-17,2025-09-17,,7297.97,58,active
SUB002001,CUS000222,Professional,2022-07-27,2023-07-27,,4023.22,30,active
SUB002002,CUS002784,Basic,2023-12-07,2024-12-06,,95.36,2,active
SUB002003,CUS003337,Professional,2022-07-13,2023-07-13,2023-04-22,4368.27,33,cancelled
SUB002004,CUS000651,Enterprise,2023-03-09,2024-03-08,,35818.45,131,active
SUB002005,CUS000884,Enterprise,2023-03-28,2024-03-27,,95495.55,325,active
SUB002006,CUS003161,Basic,2024-07-18,2025-07-18,,372.82,8,active
SUB002007,CUS000119,Professional,2023-05-29,2024-05-28,,3831.23,30,active
SUB002008,CUS000396,Basic,2024-09-10,2025-09-10,,185.44,4,active
SUB002009,CUS004958,Basic,2024-10-03,2025-10-03,,392.39,8,active
SUB002010,CUS001823,Basic,2022-02-26,2023-02-26,,647.41,13,active
SUB002011,CUS004698,Professional,2024-09-04,2025-09-04,,6555.37,52,active
SUB002012,CUS001018,Professional,2024-07-07,2025-07-07,,10076.85,79,active
SUB002013,CUS004876,Basic,2024-05-20,2025-05-20,,493.76,10,active
SUB002014,CUS004796,Professional,2022-05-11,2023-05-11,,4121.2,32,active
SUB002015,CUS000357,Professional,2022-12-21,2023-12-21,2024-06-25,4998.18,37,cancelled
SUB002016,CUS000666,Basic,2024-02-24,2025-02-23,,478.25,10,active
SUB002017,CUS001405,Basic,2022-11-16,2023-11-16,2024-01-20,449.29,9,expired
SUB002018,CUS001486,Professional,2024-02-27,2025-02-26,,5727.7,44,active
SUB002019,CUS003259,Professional,2023-05-17,2024-05-16,,9380.66,77,active
SUB002020,CUS001311,Basic,2024-05-03,2025-05-03,,638.95,13,active
SUB002021,CUS000362,Basic,2024-06-03,2025-06-03,,244.26,5,active
SUB002022,CUS004740,Professional,2021-07-20,2022-07-20,,4056.86,32,active
SUB002023,CUS000957,Professional,2023-12-17,2024-12-16,2024-04-11,8768.71,64,cancelled
SUB002024,CUS003991,Enterprise,2024-02-06,2025-02-05,,77487.0,248,active
SUB002025,CUS002613,Professional,2022-11-25,2023-11-25,,9667.87,77,active
SUB002026,CUS002035,Basic,2024-09-30,2025-09-30,,550.99,11,active
SUB002027,CUS002943,Basic,2023-08-02,2024-08-01,,201.1,4,active
SUB002028,CUS002120,Professional,2022-11-13,2023-11-13,,9205.76,71,active
SUB002029,CUS004829,Professional,2024-09-14,2025-09-14,,1860.63,15,active
SUB002030,CUS000053,Basic,2023-12-03,2024-12-02,,568.4,12,active
SUB002031,CUS000793,Basic,2023-12-07,2024-12-06,,648.77,13,active
SUB002032,CUS004867,Basic,2021-12-22,2022-12-22,,698.17,14,active
SUB002033,CUS001949,Professional,2022-12-02,2023-12-02,,3831.35,30,active
SUB002034,CUS000112,Enterprise,2021-05-17,2022-05-17,,81632.87,261,active
SUB002035,CUS004979,Basic,2024-10-10,2025-10-10,,257.81,5,active
SUB002036,CUS003125,Enterprise,2024-09-02,2025-09-02,,34281.06,109,active
SUB002037,CUS002193,Professional,2022-08-02,2023-08-02,,7735.4,57,active
SUB002038,CUS001872,Professional,2023-09-07,2024-09-06,,8251.42,64,active
SUB002039,CUS002033,Basic,2023-08-14,2024-08-13,,326.98,7,active
SUB002040,CUS000383,Professional,2024-04-17,2025-04-17,,4081.42,32,active
SUB002041,CUS002505,Basic,2021-11-23,2022-11-23,2022-06-10,634.44,13,cancelled
SUB002042,CUS002790,Professional,2024-06-01,2025-06-01,,3532.39,28,active
SUB002043,CUS003698,Basic,2022-07-05,2023-07-05,,580.16,12,active
SUB002044,CUS002870,Basic,2024-10-28,2025-10-28,,94.04,2,active
SUB002045,CUS002416,Professional,2023-12-02,2024-12-01,,7669.09,58,active
SUB002046,CUS002769,Enterprise,2022-04-20,2023-04-20,,129892.51,411,active
SUB002047,CUS000404,Basic,2023-10-09,2024-10-08,2024-12-31,265.43,5,cancelled
SUB002048,CUS002881,Basic,2022-03-05,2023-03-05,,741.39,15,active
SUB002049,CUS003057,Professional,2024-07-05,2025-07-05,,3333.85,26,active
SUB002050,CUS003801,Professional,2023-03-22,2024-03-21,,8631.82,67,active
SUB002051,CUS003071,Professional,2021-10-05,2022-10-05,,6892.43,51,active
SUB002052,CUS002749,Basic,2024-08-20,2025-08-20,,307.83,6,active
SUB002053,CUS003899,Basic,2023-05-16,2024-05-15,,485.87,10,active
SUB002054,CUS000034,Basic,2023-06-27,2024-06-26,,714.89,14,active
SUB002055,CUS003481,Basic,2023-01-07,2024-01-07,2023-12-27,147.83,3,expired
SUB002056,CUS004685,Basic,2023-04-29,2024-04-28,,572.86,12,active
SUB002057,CUS002359,Basic,2024-08-07,2025-08-07,,633.55,13,active
SUB002058,CUS004201,Basic,2024-03-29,2025-03-29,,519.21,10,active
SUB002059,CUS003616,Professional,2024-09-04,2025-09-04,,6216.15,47,active
SUB002060,CUS002229,Professional,2023-08-17,2024-08-16,,8362.99,66,active
SUB002061,CUS004622,Basic,2024-07-27,2025-07-27,,607.29,12,active
SUB002062,CUS000245,Enterprise,2022-01-24,2023-01-24,,121669.06,397,active
SUB002063,CUS000106,Professional,2023-06-28,2024-06-27,,2807.21,22,active
SUB002064,CUS003028,Professional,2023-07-06,2024-07-05,,7537.74,60,active
SUB002065,CUS001125,Basic,2021-03-22,2022-03-22,,612.22,13,active
SUB002066,CUS002741,Professional,2022-06-30,2023-06-30,,5227.77,43,active
SUB002067,CUS004345,Enterprise,2021-01-29,2022-01-29,,30968.23,106,active
SUB002068,CUS001468,Professional,2024-10-13,2025-10-13,,2307.56,18,active
SUB002069,CUS001957,Basic,2024-07-09,2025-07-09,,767.42,15,active
SUB002070,CUS000513,Enterprise,2021-04-21,2022-04-21,,107361.48,349,active
SUB002071,CUS001800,Basic,2024-09-26,2025-09-26,,345.36,7,active
SUB002072,CUS000750,Enterprise,2024-10-19,2025-10-19,,91360.73,327,active
SUB002073,CUS000695,Professional,2024-04-24,2025-04-24,,7819.99,60,active
SUB002074,CUS000554,Professional,2024-06-15,2025-06-15,,8266.82,68,active
SUB002075,CUS001195,Basic,2022-01-25,2023-01-25,,101.0,2,active
SUB002076,CUS003045,Enterprise,2024-09-24,2025-09-24,,120597.66,391,active
SUB002077,CUS003667,Professional,2024-07-10,2025-07-10,,6849.18,53,active
SUB002078,CUS001429,Basic,2022-10-25,2023-10-25,,403.21,8,active
SUB002079,CUS003416,Professional,2022-09-22,2023-09-22,2022-12-12,8682.64,65,cancelled
SUB002080,CUS001404,Professional,2022-03-13,2023-03-13,,8158.17,63,active
SUB002081,CUS002091,Basic,2022-10-29,2023-10-29,,146.25,3,active
SUB002082,CUS001398,Enterprise,2024-07-25,2025-07-25,,83247.65,292,active
SUB002083,CUS000931,Enterprise,2023-05-29,2024-05-28,,116932.56,396,active
SUB002084,CUS004187,Professional,2023-10-06,2024-10-05,,6847.52,55,active
SUB002085,CUS004234,Professional,2024-05-03,2025-05-03,,4107.01,33,active
SUB002086,CUS003787,Professional,2022-10-03,2023-10-03,,8924.05,71,active
SUB002087,CUS004243,Basic,2024-10-07,2025-10-07,,182.54,4,active
SUB002088,CUS000819,Basic,2024-08-21,2025-08-21,,456.12,9,active
SUB002089,CUS004645,Enterprise,2023-03-14,2024-03-13,,74419.09,247,active
SUB002090,CUS002956,Professional,2024-05-26,2025-05-26,,3356.03,25,active
SUB002091,CUS001171,Professional,2021-10-30,2022-10-30,2022-03-23,9946.56,75,cancelled
SUB002092,CUS004790,Enterprise,2021-11-25,2022-11-25,,119254.44,392,active
SUB002093,CUS003947,Basic,2023-09-09,2024-09-08,,503.62,10,active
SUB002094,CUS002152,Professional,2021-12-14,2022-12-14,2022-09-02,8169.9,63,cancelled
SUB002095,CUS004591,Professional,2024-09-26,2025-09-26,,9307.57,69,active
SUB002096,CUS003415,Professional,2023-03-07,2024-03-06,,4307.75,34,active
SUB002097,CUS000740,Basic,2024-10-26,2025-10-26,,587.59,12,active
SUB002098,CUS001709,Professional,2024-06-26,2025-06-26,,9324.98,73,active
SUB002099,CUS004370,Enterprise,2023-07-21,2024-07-20,,91551.02,286,active
SUB002100,CUS001801,Professional,2024-08-26,2025-08-26,,1513.77,12,active
SUB002101,CUS000412,Enterprise,2023-12-14,2024-12-13,,87493.36,280,active
SUB002102,CUS003436,Basic,2024-07-23,2025-07-23,,606.6,13,active
SUB002103,CUS004343,Professional,2023-10-09,2024-10-08,,3365.77,26,active
SUB002104,CUS001079,Professional,2022-08-08,2023-08-08,,7562.63,59,active
SUB002105,CUS003137,Professional,2021-07-29,2022-07-29,,9826.87,79,active
SUB002106,CUS003070,Enterprise,2022-03-22,2023-03-22,,105428.77,361,active
SUB002107,CUS002426,Basic,2023-09-30,2024-09-29,,498.63,10,active
SUB002108,CUS004710,Basic,2022-08-09,2023-08-09,,387.38,8,active
SUB002109,CUS001477,Basic,2022-11-21,2023-11-21,,189.38,4,active
SUB002110,CUS003479,Basic,2022-09-29,2023-09-29,,404.32,8,active
SUB002111,CUS000633,Basic,2021-10-08,2022-10-08,,734.45,15,active
SUB002112,CUS002714,Professional,2022-09-26,2023-09-26,,1696.44,13,active
SUB002113,CUS003804,Professional,2022-09-05,2023-09-05,,5089.56,38,active
SUB002114,CUS003923,Basic,2022-01-21,2023-01-21,,516.51,10,active
SUB002115,CUS001699,Basic,2024-05-10,2025-05-10,,135.24,3,active
SUB002116,CUS004066,Professional,2024-10-30,2025-10-30,,2827.33,22,active
SUB002117,CUS003587,Basic,2024-06-15,2025-06-15,,92.25,2,active
SUB002118,CUS003208,Professional,2024-10-27,2025-10-27,,8337.18,59,active
SUB002119,CUS003609,Basic,2022-10-13,2023-10-13,,344.81,7,active
SUB002120,CUS003868,Professional,2023-03-03,2024-03-02,,7069.87,53,active
SUB002121,CUS004454,Professional,2023-04-27,2024-04-26,,7822.45,62,active
SUB002122,CUS001280,Basic,2024-01-28,2025-01-27,,435.51,9,active
SUB002123,CUS000013,Basic,2024-08-13,2025-08-13,,305.31,6,active
SUB002124,CUS001891,Basic,2022-08-19,2023-08-19,,698.37,14,active
SUB002125,CUS000411,Basic,2022-08-09,2023-08-09,,778.16,15,active
SUB002126,CUS002279,Professional,2024-01-21,2025-01-20,2024-09-06,3381.28,27,cancelled
SUB002127,CUS002644,Professional,2022-01-26,2023-01-26,,9985.21,78,active
SUB002128,CUS001604,Basic,2024-08-26,2025-08-26,,99.76,2,active
SUB002129,CUS000071,Professional,2023-04-05,2024-04-04,2023-10-07,8712.37,66,cancelled
SUB002130,CUS002574,Basic,2024-08-25,2025-08-25,,497.19,10,active
SUB002131,CUS002785,Basic,2024-08-04,2025-08-04,,233.65,5,active
SUB002132,CUS001296,Professional,2024-10-20,2025-10-20,,6860.92,55,active
SUB002133,CUS003987,Basic,2024-01-01,2024-12-31,2024-06-14,495.86,10,expired
SUB002134,CUS002679,Enterprise,2024-10-22,2025-10-22,,64206.74,227,active
SUB002135,CUS003663,Enterprise,2024-08-06,2025-08-06,,103432.78,357,active
SUB002136,CUS001341,Enterprise,2024-02-22,2025-02-21,,83529.97,279,active
SUB002137,CUS000451,Professional,2023-08-03,2024-08-02,,6902.28,55,active
SUB002138,CUS002455,Enterprise,2024-07-14,2025-07-14,,52142.1,173,active
SUB002139,CUS001344,Basic,2024-07-15,2025-07-15,,683.85,14,active
SUB002140,CUS003920,Professional,2023-09-30,2024-09-29,,5644.86,45,active
SUB002141,CUS001966,Professional,2021-12-04,2022-12-04,,8411.74,67,active
SUB002142,CUS001874,Basic,2023-12-21,2024-12-20,,409.53,8,active
SUB002143,CUS000847,Enterprise,2024-09-25,2025-09-25,,81512.34,269,active
SUB002144,CUS003968,Basic,2021-07-11,2022-07-11,,642.51,13,active
SUB002145,CUS001788,Professional,2023-07-25,2024-07-24,,8530.35,66,active
SUB002146,CUS000700,Basic,2024-03-29,2025-03-29,,616.77,13,active
SUB002147,CUS000558,Professional,2023-10-21,2024-10-20,,4931.62,39,active
SUB002148,CUS003403,Enterprise,2023-08-21,2024-08-20,,81067.42,296,active
SUB002149,CUS001993,Enterprise,2022-12-12,2023-12-12,,100856.94,345,active
SUB002150,CUS001473,Enterprise,2022-11-05,2023-11-05,,93897.38,321,active
SUB002151,CUS004356,Basic,2024-05-07,2025-05-07,,599.29,12,active
SUB002152,CUS001970,Professional,2023-09-05,2024-09-04,2023-11-30,3156.92,25,cancelled
SUB002153,CUS004163,Professional,2022-12-21,2023-12-21,,2120.77,16,active
SUB002154,CUS004165,Professional,2024-09-21,2025-09-21,,1406.1,11,active
SUB002155,CUS003773,Professional,2023-11-26,2024-11-25,2024-05-03,9854.97,76,cancelled
SUB002156,CUS003307,Enterprise,2024-01-26,2025-01-25,,42411.66,142,active
SUB002157,CUS000452,Professional,2024-03-12,2025-03-12,,7929.57,60,active
SUB002158,CUS003024,Professional,2024-10-31,2025-10-31,,6184.52,46,active
SUB002159,CUS002878,Professional,2024-04-07,2025-04-07,,2739.96,22,active
SUB002160,CUS001649,Professional,2023-09-25,2024-09-24,,9038.29,66,active
SUB002161,CUS002491,Professional,2022-07-29,2023-07-29,,6381.72,51,active
SUB002162,CUS004735,Basic,2023-11-12,2024-11-11,,486.84,10,active
SUB002163,CUS003228,Basic,2023-12-31,2024-12-30,,192.37,4,active
SUB002164,CUS004749,Basic,2024-01-18,2025-01-17,2024-10-17,464.27,9,cancelled
SUB002165,CUS001750,Professional,2024-10-31,2025-10-31,,6334.72,51,active
SUB002166,CUS004000,Professional,2024-02-13,2025-02-12,2024-08-13,2777.03,21,cancelled
SUB002167,CUS004245,Basic,2022-08-31,2023-08-31,,271.28,6,active
SUB002168,CUS004619,Professional,2024-03-10,2025-03-10,2024-06-12,8093.14,61,cancelled
SUB002169,CUS001804,Basic,2022-04-27,2023-04-27,,486.72,10,active
SUB002170,CUS003194,Enterprise,2022-02-13,2023-02-13,,29508.1,100,active
SUB002171,CUS000040,Professional,2024-06-24,2025-06-24,,1636.4,13,active
SUB002172,CUS000776,Basic,2024-07-14,2025-07-14,,733.29,15,active
SUB002173,CUS003895,Enterprise,2024-06-17,2025-06-17,,18898.26,64,active
SUB002174,CUS000657,Enterprise,2023-07-07,2024-07-06,,58096.54,205,active
SUB002175,CUS004225,Basic,2024-01-11,2025-01-10,,714.81,15,active
SUB002176,CUS000886,Basic,2024-10-19,2025-10-19,,554.06,11,active
SUB002177,CUS004741,Basic,2024-09-22,2025-09-22,,241.55,5,active
SUB002178,CUS004232,Enterprise,2023-03-04,2024-03-03,,58145.31,200,active
SUB002179,CUS001697,Professional,2024-09-08,2025-09-08,,3876.3,30,active
SUB002180,CUS001268,Enterprise,2023-02-20,2024-02-20,,70554.26,232,active
SUB002181,CUS003532,Professional,2022-05-09,2023-05-09,,2770.64,21,active
SUB002182,CUS003353,Professional,2022-06-25,2023-06-25,,4176.82,32,active
SUB002183,CUS003522,Basic,2022-05-25,2023-05-25,,663.95,13,active
SUB002184,CUS003266,Basic,2024-10-29,2025-10-29,,147.25,3,active
SUB002185,CUS002169,Basic,2021-03-14,2022-03-14,,631.74,13,active
SUB002186,CUS003710,Basic,2023-03-10,2024-03-09,,706.97,14,active
SUB002187,CUS003483,Basic,2022-04-21,2023-04-21,2023-05-10,95.57,2,cancelled
SUB002188,CUS004393,Professional,2022-11-12,2023-11-12,,6358.76,50,active
SUB002189,CUS002802,Professional,2024-10-25,2025-10-25,,7673.85,63,active
SUB002190,CUS001950,Basic,2023-06-29,2024-06-28,2023-09-26,364.78,7,cancelled
SUB002191,CUS004101,Professional,2022-11-21,2023-11-21,,1937.82,14,active
SUB002192,CUS003699,Professional,2022-05-07,2023-05-07,,4359.13,34,active
SUB002193,CUS001485,Professional,2024-03-15,2025-03-15,,7019.69,53,active
SUB002194,CUS000183,Basic,2024-10-03,2025-10-03,,451.8,9,active
SUB002195,CUS000151,Professional,2023-11-04,2024-11-03,,4674.79,36,active
SUB002196,CUS004494,Enterprise,2024-05-21,2025-05-21,,64837.76,208,active
SUB002197,CUS004789,Professional,2023-05-19,2024-05-18,,4068.55,33,active
SUB002198,CUS002985,Basic,2024-05-06,2025-05-06,,340.78,7,active
SUB002199,CUS002452,Basic,2024-02-09,2025-02-08,,635.89,14,active
SUB002200,CUS000796,Professional,2024-09-10,2025-09-10,,4479.67,36,active
SUB002201,CUS000577,Professional,2023-06-25,2024-06-24,,2676.52,22,active
SUB002202,CUS000467,Professional,2023-12-18,2024-12-17,2024-06-02,1810.53,15,cancelled
SUB002203,CUS002619,Professional,2022-10-19,2023-10-19,,2408.5,19,active
SUB002204,CUS002915,Professional,2024-07-24,2025-07-24,,7185.61,55,active
SUB002205,CUS003330,Professional,2023-12-18,2024-12-17,,2267.94,18,active
SUB002206,CUS001578,Basic,2022-10-17,2023-10-17,,720.98,15,active
SUB002207,CUS001865,Professional,2024-05-31,2025-05-31,2024-12-17,7415.28,59,cancelled
SUB002208,CUS003308,Professional,2024-07-07,2025-07-07,2024-10-10,5444.62,42,cancelled
SUB002209,CUS003914,Basic,2024-03-07,2025-03-07,,719.45,15,active
SUB002210,CUS004268,Enterprise,2024-09-27,2025-09-27,,45000.76,156,active
SUB002211,CUS003900,Basic,2024-06-17,2025-06-17,,101.2,2,active
SUB002212,CUS003276,Basic,2024-01-30,2025-01-29,,665.06,14,active
SUB002213,CUS002547,Professional,2022-01-24,2023-01-24,,2095.38,17,active
SUB002214,CUS003377,Enterprise,2022-01-25,2023-01-25,,50919.37,166,active
SUB002215,CUS001999,Enterprise,2021-06-18,2022-06-18,,24198.6,86,active
SUB002216,CUS002372,Professional,2022-06-25,2023-06-25,,2018.26,15,active
SUB002217,CUS001189,Professional,2022-01-17,2023-01-17,,7710.79,62,active
SUB002218,CUS003647,Enterprise,2022-10-04,2023-10-04,2023-04-29,30283.74,101,cancelled
SUB002219,CUS003248,Basic,2024-10-27,2025-10-27,,520.24,11,active
SUB002220,CUS001244,Basic,2022-09-25,2023-09-25,2024-01-30,147.07,3,cancelled
SUB002221,CUS002582,Professional,2024-05-05,2025-05-05,,7092.27,56,active
SUB002222,CUS000917,Professional,2024-07-31,2025-07-31,,2117.59,17,active
SUB002223,CUS004045,Basic,2023-11-28,2024-11-27,,416.25,9,active
SUB002224,CUS000635,Basic,2022-12-11,2023-12-11,,192.29,4,active
SUB002225,CUS003972,Professional,2023-06-02,2024-06-01,,8130.98,62,active
SUB002226,CUS004025,Professional,2023-09-25,2024-09-24,,2640.9,20,active
SUB002227,CUS004986,Enterprise,2023-02-24,2024-02-24,,18946.19,65,active
SUB002228,CUS000774,Professional,2024-09-03,2025-09-03,,9558.23,76,active
SUB002229,CUS004354,Professional,2024-10-08,2025-10-08,,3205.32,25,active
SUB002230,CUS004394,Professional,2021-01-04,2022-01-04,,3225.16,25,active
SUB002231,CUS000174,Basic,2024-04-16,2025-04-16,,734.92,15,active
SUB002232,CUS000703,Basic,2022-03-24,2023-03-24,,434.3,9,active
SUB002233,CUS002176,Basic,2023-11-30,2024-11-29,,386.98,8,active
SUB002234,CUS001375,Basic,2023-05-13,2024-05-12,,97.01,2,active
SUB002235,CUS000483,Professional,2024-01-30,2025-01-29,,2952.39,25,active
SUB002236,CUS004360,Basic,2024-10-17,2025-10-17,,531.35,11,active
SUB002237,CUS003999,Enterprise,2022-03-11,2023-03-11,,112122.53,365,active
SUB002238,CUS000062,Basic,2023-08-18,2024-08-17,,102.78,2,active
SUB002239,CUS000584,Professional,2023-11-16,2024-11-15,,5238.15,39,active
SUB002240,CUS003997,Professional,2022-06-19,2023-06-19,,9705.5,75,active
SUB002241,CUS002083,Professional,2024-02-17,2025-02-16,,9148.78,74,active
SUB002242,CUS000384,Professional,2021-06-16,2022-06-16,,5314.14,42,active
SUB002243,CUS004480,Professional,2023-11-03,2024-11-02,,3892.37,31,active
SUB002244,CUS003398,Basic,2024-04-14,2025-04-14,,186.33,4,active
SUB002245,CUS003469,Professional,2022-03-30,2023-03-30,,8981.75,72,active
SUB002246,CUS003117,Professional,2024-10-01,2025-10-01,,6536.87,52,active
SUB002247,CUS001187,Professional,2024-10-18,2025-10-18,,7484.86,61,active
SUB002248,CUS000448,Enterprise,2024-03-12,2025-03-12,,49710.61,161,active
SUB002249,CUS000655,Basic,2022-03-09,2023-03-09,,550.49,11,active
SUB002250,CUS000477,Basic,2023-04-27,2024-04-26,,538.07,11,active
SUB002251,CUS003373,Basic,2024-09-10,2025-09-10,,595.86,12,active
SUB002252,CUS004602,Enterprise,2022-05-26,2023-05-26,,26291.51,87,active
SUB002253,CUS004843,Basic,2022-11-15,2023-11-15,,668.39,14,active
SUB002254,CUS004292,Enterprise,2021-06-14,2022-06-14,,93758.58,295,active
SUB002255,CUS003138,Basic,2023-08-19,2024-08-18,,190.73,4,active
SUB002256,CUS002803,Basic,2024-10-23,2025-10-23,,184.56,4,active
SUB002257,CUS002105,Basic,2023-01-15,2024-01-15,,295.66,6,active
SUB002258,CUS004806,Enterprise,2023-11-11,2024-11-10,,92996.02,305,active
SUB002259,CUS000591,Basic,2023-07-11,2024-07-10,,290.89,6,active
SUB002260,CUS002475,Professional,2023-10-18,2024-10-17,,8077.19,60,active
SUB002261,CUS000884,Enterprise,2022-08-16,2023-08-16,,37912.17,126,active
SUB002262,CUS003608,Enterprise,2023-10-27,2024-10-26,,54016.65,186,active
SUB002263,CUS002258,Enterprise,2023-08-07,2024-08-06,,73196.59,250,active
SUB002264,CUS003318,Enterprise,2021-07-12,2022-07-12,,26148.32,87,active
SUB002265,CUS000008,Basic,2022-05-08,2023-05-08,,294.83,6,active
SUB002266,CUS003200,Basic,2023-03-26,2024-03-25,,561.89,11,active
SUB002267,CUS002063,Basic,2023-09-08,2024-09-07,,302.59,6,active
SUB002268,CUS002235,Basic,2024-10-10,2025-10-10,,370.49,8,active
SUB002269,CUS002666,Enterprise,2023-05-03,2024-05-02,,96898.38,326,active
SUB002270,CUS004418,Basic,2023-03-18,2024-03-17,,328.08,7,active
SUB002271,CUS003981,Professional,2023-12-11,2024-12-10,,9084.23,67,active
SUB002272,CUS000262,Professional,2024-09-17,2025-09-17,,3364.33,27,active
SUB002273,CUS004832,Basic,2024-09-15,2025-09-15,,444.12,9,active
SUB002274,CUS001930,Professional,2024-06-23,2025-06-23,,6921.71,55,active
SUB002275,CUS002438,Enterprise,2024-01-06,2025-01-05,2024-07-19,20593.78,74,expired
SUB002276,CUS001291,Basic,2024-07-07,2025-07-07,,562.17,12,active
SUB002277,CUS000841,Basic,2024-10-25,2025-10-25,,388.58,8,active
SUB002278,CUS002232,Basic,2023-04-29,2024-04-28,,399.8,8,active
SUB002279,CUS002524,Basic,2024-06-23,2025-06-23,,99.82,2,active
SUB002280,CUS002963,Professional,2024-08-03,2025-08-03,,1721.88,14,active
SUB002281,CUS002018,Professional,2024-06-17,2025-06-17,,9781.09,75,active
SUB002282,CUS004007,Basic,2023-10-26,2024-10-25,,455.66,9,active
SUB002283,CUS001366,Basic,2024-10-06,2025-10-06,,598.55,12,active
SUB002284,CUS000156,Basic,2023-05-25,2024-05-24,,532.18,11,active
SUB002285,CUS002695,Professional,2021-02-04,2022-02-04,2021-07-16,4910.25,38,expired
SUB002286,CUS003244,Basic,2023-06-04,2024-06-03,,246.31,5,active
SUB002287,CUS004413,Basic,2022-06-03,2023-06-03,2023-02-24,565.36,11,expired
SUB002288,CUS002735,Basic,2021-01-28,2022-01-28,,155.75,3,active
SUB002289,CUS000763,Basic,2023-10-01,2024-09-30,,701.48,14,active
SUB002290,CUS003699,Basic,2023-06-29,2024-06-28,,294.55,6,active
SUB002291,CUS003042,Basic,2024-01-23,2025-01-22,,489.47,10,active
SUB002292,CUS001223,Professional,2024-08-20,2025-08-20,,7242.36,56,active
SUB002293,CUS002786,Enterprise,2023-11-10,2024-11-09,,124675.83,414,active
SUB002294,CUS001697,Professional,2024-10-27,2025-10-27,,6966.8,55,active
SUB002295,CUS002756,Professional,2022-12-12,2023-12-12,2024-05-14,1792.52,13,cancelled
SUB002296,CUS000350,Basic,2022-09-11,2023-09-11,,190.57,4,active
SUB002297,CUS003469,Professional,2021-10-06,2022-10-06,2022-06-16,1753.04,13,cancelled
SUB002298,CUS002677,Basic,2024-10-23,2025-10-23,,90.46,2,active
SUB002299,CUS001266,Basic,2024-10-21,2025-10-21,,194.11,4,active
SUB002300,CUS003310,Basic,2021-09-05,2022-09-05,,96.84,2,active
SUB002301,CUS000687,Basic,2024-10-28,2025-10-28,,395.14,8,active
SUB002302,CUS003932,Basic,2024-09-03,2025-09-03,,145.13,3,active
SUB002303,CUS002521,Basic,2023-10-04,2024-10-03,,256.88,5,active
SUB002304,CUS003329,Professional,2023-04-06,2024-04-05,,2558.12,20,active
SUB002305,CUS004385,Basic,2024-08-21,2025-08-21,,519.58,11,active
SUB002306,CUS001208,Basic,2024-06-29,2025-06-29,,94.69,2,active
SUB002307,CUS003605,Basic,2024-05-12,2025-05-12,,578.27,12,active
SUB002308,CUS000975,Enterprise,2023-04-29,2024-04-28,2023-11-16,77258.2,252,expired
SUB002309,CUS003322,Professional,2023-11-04,2024-11-03,2024-02-09,2129.41,16,cancelled
SUB002310,CUS004645,Enterprise,2024-10-07,2025-10-07,,32365.24,113,active
SUB002311,CUS003277,Basic,2022-12-20,2023-12-20,2024-01-30,714.42,15,cancelled
SUB002312,CUS003661,Basic,2021-03-04,2022-03-04,,377.38,8,active
SUB002313,CUS003626,Professional,2024-08-14,2025-08-14,,6385.56,50,active
SUB002314,CUS001356,Basic,2024-02-14,2025-02-13,,455.85,9,active
SUB002315,CUS004217,Professional,2024-10-25,2025-10-25,,5061.19,39,active
SUB002316,CUS004716,Professional,2024-05-17,2025-05-17,,10387.23,79,active
SUB002317,CUS000460,Basic,2022-09-07,2023-09-07,,402.25,8,active
SUB002318,CUS001069,Basic,2021-10-19,2022-10-19,,335.96,7,active
SUB002319,CUS003594,Basic,2022-06-21,2023-06-21,,187.21,4,active
SUB002320,CUS003208,Basic,2024-10-26,2025-10-26,,383.94,8,active
SUB002321,CUS004646,Basic,2022-09-16,2023-09-16,2023-07-14,756.13,15,cancelled
SUB002322,CUS004317,Enterprise,2023-09-24,2024-09-23,,70526.39,231,active
SUB002323,CUS000551,Basic,2022-05-24,2023-05-24,,442.22,9,active
SUB002324,CUS000278,Professional,2024-03-28,2025-03-28,,9463.18,71,active
SUB002325,CUS003682,Enterprise,2024-08-19,2025-08-19,,64913.21,216,active
SUB002326,CUS001730,Enterprise,2024-08-27,2025-08-27,,59105.45,200,active
SUB002327,CUS001067,Basic,2022-08-15,2023-08-15,,694.64,15,active
SUB002328,CUS000022,Professional,2023-11-06,2024-11-05,,2155.84,16,active
SUB002329,CUS001130,Professional,2024-02-03,2025-02-02,,8871.07,69,active
SUB002330,CUS003749,Professional,2024-04-07,2025-04-07,,5713.29,45,active
SUB002331,CUS004635,Enterprise,2024-01-09,2025-01-08,,110530.39,371,active
SUB002332,CUS003613,Professional,2024-03-13,2025-03-13,2024-06-18,5973.74,44,cancelled
SUB002333,CUS004983,Enterprise,2024-10-14,2025-10-14,,64662.11,209,active
SUB002334,CUS001735,Basic,2023-07-17,2024-07-16,,96.77,2,active
SUB002335,CUS000617,Basic,2023-06-13,2024-06-12,,249.03,5,active
SUB002336,CUS004579,Basic,2023-07-31,2024-07-30,2024-01-06,255.52,5,cancelled
SUB002337,CUS003552,Professional,2021-06-09,2022-06-09,,3525.35,27,active
SUB002338,CUS003875,Basic,2024-05-15,2025-05-15,,541.28,11,active
SUB002339,CUS001141,Basic,2022-07-25,2023-07-25,,635.81,14,active
SUB002340,CUS000989,Enterprise,2024-06-04,2025-06-04,,91738.84,294,active
SUB002341,CUS002625,Professional,2024-09-19,2025-09-19,,1243.57,10,active
SUB002342,CUS003073,Basic,2022-07-08,2023-07-08,2023-04-12,137.38,3,cancelled
SUB002343,CUS001995,Professional,2024-02-29,2025-02-28,,3263.05,27,active
SUB002344,CUS003291,Professional,2023-09-30,2024-09-29,2024-09-06,8259.19,66,cancelled
SUB002345,CUS003917,Professional,2022-10-16,2023-10-16,2023-07-13,4329.41,33,cancelled
SUB002346,CUS002390,Basic,2023-05-28,2024-05-27,,356.93,7,active
SUB002347,CUS002814,Basic,2023-07-09,2024-07-08,,198.34,4,active
SUB002348,CUS002728,Professional,2024-08-08,2025-08-08,,1915.7,14,active
SUB002349,CUS000736,Professional,2022-09-30,2023-09-30,,7885.15,62,active
SUB002350,CUS000101,Enterprise,2024-06-28,2025-06-28,,59017.7,199,active
SUB002351,CUS004985,Professional,2024-03-22,2025-03-22,,3737.72,31,active
SUB002352,CUS000268,Professional,2024-07-20,2025-07-20,,9353.62,74,active
SUB002353,CUS001603,Basic,2024-09-05,2025-09-05,,91.0,2,active
SUB002354,CUS004195,Basic,2024-08-26,2025-08-26,,420.29,9,active
SUB002355,CUS003549,Basic,2023-01-10,2024-01-10,,300.48,6,active
SUB002356,CUS003311,Professional,2024-10-14,2025-10-14,,7161.59,59,active
SUB002357,CUS000823,Basic,2023-10-23,2024-10-22,,601.59,13,active
SUB002358,CUS000559,Enterprise,2024-08-25,2025-08-25,,111961.22,399,active
SUB002359,CUS000743,Professional,2024-04-02,2025-04-02,,5962.74,45,active
SUB002360,CUS002306,Professional,2023-06-12,2024-06-11,,3819.19,28,active
SUB002361,CUS003242,Enterprise,2024-08-30,2025-08-30,,64415.07,216,active
SUB002362,CUS003850,Enterprise,2022-09-21,2023-09-21,,100999.6,327,active
SUB002363,CUS004748,Enterprise,2021-04-25,2022-04-25,,28108.17,98,active
SUB002364,CUS000580,Professional,2024-02-13,2025-02-12,,6727.65,50,active
SUB002365,CUS002847,Professional,2024-07-12,2025-07-12,,8300.73,66,active
SUB002366,CUS001744,Professional,2023-09-14,2024-09-13,,9373.0,71,active
SUB002367,CUS000934,Professional,2023-03-02,2024-03-01,2024-04-26,7732.63,60,cancelled
SUB002368,CUS004725,Professional,2022-10-24,2023-10-24,,5294.98,44,active
SUB002369,CUS001481,Enterprise,2023-07-07,2024-07-06,,45778.42,158,active
SUB002370,CUS003737,Professional,2024-06-07,2025-06-07,,9732.94,75,active
SUB002371,CUS000942,Professional,2021-10-30,2022-10-30,,8083.47,67,active
SUB002372,CUS004852,Professional,2021-11-17,2022-11-17,2024-04-11,8472.03,65,cancelled
SUB002373,CUS000674,Professional,2023-10-29,2024-10-28,,7846.75,64,active
SUB002374,CUS001794,Professional,2024-02-13,2025-02-12,2024-04-20,5783.4,44,cancelled
SUB002375,CUS001640,Basic,2023-04-27,2024-04-26,,93.33,2,active
SUB002376,CUS001271,Basic,2024-07-03,2025-07-03,,398.08,8,active
SUB002377,CUS004246,Professional,2022-01-20,2023-01-20,,10084.21,76,active
SUB002378,CUS003621,Enterprise,2022-08-22,2023-08-22,,61231.69,206,active
SUB002379,CUS003066,Professional,2022-03-08,2023-03-08,2022-11-12,6689.19,52,cancelled
SUB002380,CUS000254,Professional,2021-06-06,2022-06-06,,8142.43,60,active
SUB002381,CUS001913,Enterprise,2023-01-03,2024-01-03,,114576.65,394,active
SUB002382,CUS001528,Basic,2024-10-29,2025-10-29,,721.26,15,active
SUB002383,CUS003383,Basic,2022-11-16,2023-11-16,,400.79,8,active
SUB002384,CUS001497,Basic,2023-12-13,2024-12-12,,348.07,7,active
SUB002385,CUS003261,Basic,2024-01-10,2025-01-09,2024-05-16,680.17,14,cancelled
SUB002386,CUS001971,Professional,2024-09-13,2025-09-13,,2470.28,20,active
SUB002387,CUS003704,Basic,2024-05-13,2025-05-13,,608.04,12,active
SUB002388,CUS003030,Enterprise,2022-12-28,2023-12-28,,64931.58,227,active
SUB002389,CUS001005,Basic,2024-08-02,2025-08-02,,476.16,9,active
SUB002390,CUS000924,Basic,2024-01-19,2025-01-18,,93.9,2,active
SUB002391,CUS002510,Professional,2022-11-01,2023-11-01,2024-06-10,2108.17,17,cancelled
SUB002392,CUS000696,Basic,2022-12-16,2023-12-16,,446.27,9,active
SUB002393,CUS003712,Enterprise,2024-01-31,2025-01-30,,81976.82,269,active
SUB002394,CUS003225,Basic,2021-07-23,2022-07-23,,141.99,3,active
SUB002395,CUS002279,Professional,2023-08-23,2024-08-22,,1366.41,10,active
SUB002396,CUS003901,Basic,2024-05-02,2025-05-02,,346.96,7,active
SUB002397,CUS004337,Basic,2023-11-19,2024-11-18,,388.6,8,active
SUB002398,CUS004721,Basic,2022-06-18,2023-06-18,,645.61,13,active
SUB002399,CUS003868,Basic,2024-10-21,2025-10-21,,766.14,15,active
SUB002400,CUS004660,Basic,2024-05-27,2025-05-27,,155.28,3,active
SUB002401,CUS003902,Enterprise,2024-03-31,2025-03-31,,49367.0,164,active
SUB002402,CUS000569,Professional,2024-10-12,2025-10-12,,4683.41,38,active
SUB002403,CUS002914,Professional,2021-07-25,2022-07-25,2024-05-26,7769.03,63,cancelled
SUB002404,CUS004995,Basic,2024-04-09,2025-04-09,,465.73,10,active
SUB002405,CUS002554,Professional,2022-08-21,2023-08-21,,6809.35,54,active
SUB002406,CUS000772,Enterprise,2022-11-06,2023-11-06,,37723.83,126,active
SUB002407,CUS000933,Basic,2022-12-07,2023-12-07,,493.67,10,active
SUB002408,CUS000175,Basic,2024-07-27,2025-07-27,,509.32,10,active
SUB002409,CUS002410,Basic,2021-06-26,2022-06-26,,272.67,6,active
SUB002410,CUS000889,Professional,2024-08-12,2025-08-12,,4384.35,34,active
SUB002411,CUS003964,Professional,2023-11-09,2024-11-08,,3539.18,27,active
SUB002412,CUS002108,Professional,2023-12-24,2024-12-23,,7211.96,62,active
SUB002413,CUS004645,Enterprise,2022-07-05,2023-07-05,,56193.08,185,active
SUB002414,CUS000099,Professional,2022-09-19,2023-09-19,,1837.24,13,active
SUB002415,CUS003771,Professional,2024-06-30,2025-06-30,,8346.98,63,active
SUB002416,CUS003138,Basic,2024-06-13,2025-06-13,,396.22,8,active
SUB002417,CUS001607,Enterprise,2021-04-08,2022-04-08,,95059.9,321,active
SUB002418,CUS003874,Professional,2024-08-28,2025-08-28,,2340.92,18,active
SUB002419,CUS004932,Professional,2024-02-04,2025-02-03,,1767.22,13,active
SUB002420,CUS000990,Professional,2024-06-08,2025-06-08,,2166.39,17,active
SUB002421,CUS001001,Basic,2021-08-08,2022-08-08,,306.28,6,active
SUB002422,CUS000016,Basic,2024-10-10,2025-10-10,,547.76,11,active
SUB002423,CUS000300,Basic,2023-06-30,2024-06-29,,621.48,12,active
SUB002424,CUS003492,Enterprise,2024-09-06,2025-09-06,,71080.89,229,active
SUB002425,CUS004450,Professional,2022-04-05,2023-04-05,,9479.47,73,active
SUB002426,CUS002025,Professional,2024-09-04,2025-09-04,,8162.57,63,active
SUB002427,CUS000465,Basic,2022-06-13,2023-06-13,,242.31,5,active
SUB002428,CUS000185,Professional,2022-05-07,2023-05-07,2024-05-09,5203.02,39,cancelled
SUB002429,CUS002736,Professional,2024-03-28,2025-03-28,,3663.72,29,active
SUB002430,CUS003801,Basic,2024-01-20,2025-01-19,,688.73,14,active
SUB002431,CUS002751,Professional,2024-03-17,2025-03-17,2024-08-17,1409.39,11,expired
SUB002432,CUS002650,Enterprise,2021-09-01,2022-09-01,,96032.9,337,active
SUB002433,CUS000809,Professional,2022-07-23,2023-07-23,2023-09-23,5329.8,41,cancelled
SUB002434,CUS004329,Basic,2024-06-24,2025-06-24,,324.69,7,active
SUB002435,CUS000770,Professional,2024-08-15,2025-08-15,,4571.15,36,active
SUB002436,CUS000409,Professional,2024-02-03,2025-02-02,,8316.77,63,active
SUB002437,CUS003908,Enterprise,2024-10-31,2025-10-31,,18647.59,62,active
SUB002438,CUS000800,Basic,2024-08-13,2025-08-13,,541.89,11,active
SUB002439,CUS004680,Professional,2024-05-27,2025-05-27,,1751.34,14,active
SUB002440,CUS004818,Basic,2023-10-24,2024-10-23,2024-11-15,558.79,11,cancelled
SUB002441,CUS000138,Basic,2022-12-07,2023-12-07,,284.88,6,active
SUB002442,CUS000247,Basic,2024-08-09,2025-08-09,,552.33,11,active
SUB002443,CUS001123,Basic,2024-10-24,2025-10-24,,768.41,15,active
SUB002444,CUS002040,Professional,2024-05-29,2025-05-29,,6959.11,57,active
SUB002445,CUS004293,Professional,2021-05-17,2022-05-17,,9791.68,77,active
SUB002446,CUS003103,Professional,2021-08-04,2022-08-04,,9379.47,74,active
SUB002447,CUS000961,Basic,2022-10-02,2023-10-02,,395.74,8,active
SUB002448,CUS000191,Basic,2023-04-27,2024-04-26,,236.91,5,active
SUB002449,CUS004819,Basic,2024-02-19,2025-02-18,,282.01,6,active
SUB002450,CUS004383,Basic,2022-05-01,2023-05-01,,391.26,8,active
SUB002451,CUS003817,Professional,2023-12-29,2024-12-28,,7082.13,56,active
SUB002452,CUS003797,Professional,2024-09-30,2025-09-30,,2566.82,20,active
SUB002453,CUS002101,Basic,2023-07-29,2024-07-28,,353.72,7,active
SUB002454,CUS000974,Enterprise,2024-01-01,2024-12-31,,78698.63,279,active
SUB002455,CUS000300,Basic,2023-07-03,2024-07-02,,244.02,5,active
SUB002456,CUS002664,Professional,2024-09-23,2025-09-23,,1642.31,13,active
SUB002457,CUS002365,Professional,2024-07-12,2025-07-12,,1291.07,10,active
SUB002458,CUS003877,Enterprise,2023-02-06,2024-02-06,,79071.38,270,active
SUB002459,CUS003161,Professional,2023-09-18,2024-09-17,,3833.82,31,active
SUB002460,CUS002608,Basic,2024-09-22,2025-09-22,,248.37,5,active
SUB002461,CUS004981,Basic,2023-08-02,2024-08-01,,483.78,9,active
SUB002462,CUS004436,Professional,2024-05-11,2025-05-11,,1414.0,11,active
SUB002463,CUS000404,Basic,2024-06-06,2025-06-06,,668.57,14,active
SUB002464,CUS001412,Professional,2023-10-14,2024-10-13,,5028.31,40,active
SUB002465,CUS000874,Basic,2021-07-21,2022-07-21,,151.81,3,active
SUB002466,CUS002821,Professional,2023-10-02,2024-10-01,,5251.7,42,active
SUB002467,CUS000852,Professional,2023-02-13,2024-02-13,,5394.71,40,active
SUB002468,CUS000389,Basic,2024-02-06,2025-02-05,,92.39,2,active
SUB002469,CUS000400,Professional,2024-10-04,2025-10-04,,7142.76,55,active
SUB002470,CUS003359,Enterprise,2024-04-17,2025-04-17,,24781.3,81,active
SUB002471,CUS004855,Enterprise,2022-06-07,2023-06-07,,128624.21,419,active
SUB002472,CUS004098,Basic,2024-09-16,2025-09-16,,351.31,7,active
SUB002473,CUS000610,Enterprise,2024-05-20,2025-05-20,,71824.58,238,active
SUB002474,CUS000357,Professional,2024-03-01,2025-03-01,,8052.51,60,active
SUB002475,CUS002910,Professional,2024-04-02,2025-04-02,,8094.18,65,active
SUB002476,CUS002325,Professional,2021-09-13,2022-09-13,,1260.92,10,active
SUB002477,CUS004627,Basic,2023-03-26,2024-03-25,,724.63,15,active
SUB002478,CUS003145,Professional,2024-01-25,2025-01-24,,7327.7,54,active
SUB002479,CUS004415,Enterprise,2023-10-14,2024-10-13,,79008.48,260,active
SUB002480,CUS002485,Professional,2023-08-11,2024-08-10,,8188.89,62,active
SUB002481,CUS003835,Basic,2023-06-19,2024-06-18,,97.39,2,active
SUB002482,CUS003928,Enterprise,2022-01-11,2023-01-11,,39673.68,129,active
SUB002483,CUS001791,Basic,2024-05-01,2025-05-01,,278.03,6,active
SUB002484,CUS002774,Professional,2024-10-24,2025-10-24,,5976.23,47,active
SUB002485,CUS003993,Basic,2023-08-24,2024-08-23,,632.15,13,active
SUB002486,CUS001854,Basic,2022-12-27,2023-12-27,,144.56,3,active
SUB002487,CUS003628,Enterprise,2024-10-31,2025-10-31,,87213.19,295,active
SUB002488,CUS001299,Basic,2022-03-16,2023-03-16,,699.13,14,active
SUB002489,CUS004480,Professional,2024-03-07,2025-03-07,,1430.84,11,active
SUB002490,CUS003231,Basic,2024-06-11,2025-06-11,,408.38,8,active
SUB002491,CUS000959,Professional,2024-05-13,2025-05-13,,8251.05,69,active
SUB002492,CUS000811,Basic,2021-07-05,2022-07-05,2022-08-27,618.63,12,cancelled
SUB002493,CUS002737,Basic,2022-10-02,2023-10-02,,478.86,10,active
SUB002494,CUS001446,Basic,2022-06-11,2023-06-11,,102.51,2,active
SUB002495,CUS000222,Professional,2024-05-27,2025-05-27,,8643.81,68,active
SUB002496,CUS003678,Enterprise,2024-03-10,2025-03-10,,120238.22,397,active
SUB002497,CUS001514,Basic,2024-08-29,2025-08-29,,141.46,3,active
SUB002498,CUS002055,Professional,2024-09-14,2025-09-14,,5804.93,47,active
SUB002499,CUS003190,Professional,2023-03-06,2024-03-05,,4606.83,35,active
SUB002500,CUS001715,Professional,2022-07-27,2023-07-27,,3743.1,32,active
SUB002501,CUS000181,Professional,2023-05-16,2024-05-15,,9263.51,75,active
SUB002502,CUS003785,Enterprise,2023-05-25,2024-05-24,,69080.26,225,active
SUB002503,CUS003450,Professional,2022-04-11,2023-04-11,,6610.71,52,active
SUB002504,CUS001060,Enterprise,2024-09-20,2025-09-20,,76498.69,264,active
SUB002505,CUS000359,Basic,2024-03-23,2025-03-23,,154.83,3,active
SUB002506,CUS002592,Professional,2024-09-27,2025-09-27,,9347.47,68,active
SUB002507,CUS004331,Basic,2022-11-03,2023-11-03,2023-02-15,441.01,9,cancelled
SUB002508,CUS003257,Basic,2021-06-06,2022-06-06,,614.21,12,active
SUB002509,CUS001695,Professional,2023-03-03,2024-03-02,,2988.69,22,active
SUB002510,CUS002809,Professional,2024-09-14,2025-09-14,,6317.39,49,active
SUB002511,CUS002723,Basic,2024-10-13,2025-10-13,,673.7,14,active
SUB002512,CUS004133,Professional,2024-02-06,2025-02-05,2024-11-08,9316.84,72,cancelled
SUB002513,CUS001250,Professional,2024-06-04,2025-06-04,,2571.09,21,active
SUB002514,CUS001148,Basic,2022-11-17,2023-11-17,,99.95,2,active
SUB002515,CUS000740,Basic,2024-10-15,2025-10-15,,629.66,13,active
SUB002516,CUS002568,Professional,2022-01-05,2023-01-05,,7496.79,58,active
SUB002517,CUS002340,Professional,2024-03-07,2025-03-07,2024-07-23,5942.72,46,cancelled
SUB002518,CUS004936,Basic,2023-04-17,2024-04-16,2024-09-01,427.92,9,cancelled
SUB002519,CUS000295,Professional,2024-01-30,2025-01-29,,6313.08,49,active
SUB002520,CUS000657,Enterprise,2023-04-28,2024-04-27,,28762.17,101,active
SUB002521,CUS003613,Basic,2024-01-06,2025-01-05,,578.07,12,active
SUB002522,CUS002031,Basic,2024-06-25,2025-06-25,,188.36,4,active
SUB002523,CUS000126,Professional,2024-03-28,2025-03-28,,5001.68,40,active
SUB002524,CUS001948,Enterprise,2022-05-29,2023-05-29,,106019.13,385,active
SUB002525,CUS000666,Professional,2023-06-05,2024-06-04,2024-04-21,7496.65,59,cancelled
SUB002526,CUS004424,Basic,2021-02-27,2022-02-27,,99.67,2,active
SUB002527,CUS002775,Professional,2023-11-28,2024-11-27,,2596.05,20,active
SUB002528,CUS001719,Basic,2024-06-13,2025-06-13,,203.44,4,active
SUB002529,CUS002618,Enterprise,2024-02-09,2025-02-08,,112143.63,388,active
SUB002530,CUS000607,Basic,2024-10-17,2025-10-17,,722.69,15,active
SUB002531,CUS000748,Enterprise,2022-04-11,2023-04-11,,41352.12,134,active
SUB002532,CUS004783,Basic,2023-01-04,2024-01-04,,244.26,5,active
SUB002533,CUS000489,Professional,2024-04-02,2025-04-02,2024-07-13,8828.8,68,cancelled
SUB002534,CUS000230,Professional,2023-11-22,2024-11-21,2024-10-11,8174.19,59,cancelled
SUB002535,CUS001269,Professional,2021-09-17,2022-09-17,,7926.84,62,active
SUB002536,CUS004202,Enterprise,2024-03-30,2025-03-30,,34978.08,119,active
SUB002537,CUS000234,Basic,2024-08-02,2025-08-02,,567.56,12,active
SUB002538,CUS003403,Professional,2023-07-07,2024-07-06,,10087.84,79,active
SUB002539,CUS001853,Professional,2023-06-09,2024-06-08,,4008.4,30,active
SUB002540,CUS003821,Basic,2023-09-16,2024-09-15,,749.76,15,active
SUB002541,CUS003402,Basic,2024-03-28,2025-03-28,,463.11,9,active
SUB002542,CUS004009,Professional,2024-03-06,2025-03-06,,3265.73,25,active
SUB002543,CUS001090,Basic,2022-03-20,2023-03-20,,677.35,15,active
SUB002544,CUS002215,Professional,2022-06-22,2023-06-22,2023-03-11,1582.08,12,cancelled
SUB002545,CUS004336,Basic,2024-10-28,2025-10-28,,688.5,14,active
SUB002546,CUS000841,Professional,2024-10-29,2025-10-29,,1806.11,14,active
SUB002547,CUS000493,Basic,2024-10-26,2025-10-26,,357.62,7,active
SUB002548,CUS002815,Professional,2024-10-06,2025-10-06,,4982.69,39,active
SUB002549,CUS002902,Basic,2024-07-30,2025-07-30,,549.94,11,active
SUB002550,CUS002572,Enterprise,2023-01-22,2024-01-22,,25895.87,90,active
SUB002551,CUS004719,Basic,2024-01-18,2025-01-17,2024-09-02,417.57,9,cancelled
SUB002552,CUS002556,Enterprise,2021-04-17,2022-04-17,,71426.98,244,active
SUB002553,CUS002239,Basic,2024-10-28,2025-10-28,,630.01,13,active
SUB002554,CUS002463,Basic,2024-07-25,2025-07-25,,399.52,8,active
SUB002555,CUS004588,Basic,2023-12-12,2024-12-11,,282.71,6,active
SUB002556,CUS003601,Professional,2023-08-29,2024-08-28,,1493.84,11,active
SUB002557,CUS003152,Professional,2023-01-12,2024-01-12,,3614.57,29,active
SUB002558,CUS004440,Basic,2023-07-19,2024-07-18,,586.19,12,active
SUB002559,CUS001784,Basic,2021-12-03,2022-12-03,,147.06,3,active
SUB002560,CUS000298,Basic,2024-01-30,2025-01-29,,445.62,9,active
SUB002561,CUS001134,Basic,2021-02-15,2022-02-15,,696.82,14,active
SUB002562,CUS001506,Basic,2024-05-08,2025-05-08,2024-12-31,740.31,14,cancelled
SUB002563,CUS001268,Basic,2023-08-10,2024-08-09,2023-12-04,671.53,14,cancelled
SUB002564,CUS004289,Enterprise,2024-08-11,2025-08-11,,55920.47,185,active
SUB002565,CUS004043,Basic,2023-07-25,2024-07-24,,244.28,5,active
SUB002566,CUS002896,Professional,2022-03-23,2023-03-23,,3869.7,29,active
SUB002567,CUS003925,Basic,2022-09-19,2023-09-19,,497.7,10,active
SUB002568,CUS004363,Professional,2024-04-24,2025-04-24,,1819.89,14,active
SUB002569,CUS000301,Professional,2023-09-05,2024-09-04,,5623.75,46,active
SUB002570,CUS003825,Enterprise,2024-09-26,2025-09-26,,110641.02,376,active
SUB002571,CUS000662,Basic,2023-01-18,2024-01-18,2023-07-21,189.3,4,cancelled
SUB002572,CUS004092,Professional,2023-12-23,2024-12-22,2024-06-11,1777.73,14,cancelled
SUB002573,CUS003468,Basic,2023-08-21,2024-08-20,2024-02-05,95.17,2,cancelled
SUB002574,CUS004438,Enterprise,2024-10-09,2025-10-09,,62825.52,214,active
SUB002575,CUS001333,Basic,2024-07-06,2025-07-06,,627.84,13,active
SUB002576,CUS004753,Professional,2022-05-08,2023-05-08,,4580.03,36,active
SUB002577,CUS004597,Professional,2023-04-29,2024-04-28,2024-05-14,2042.74,16,cancelled
SUB002578,CUS000900,Basic,2023-02-09,2024-02-09,,142.23,3,active
SUB002579,CUS003955,Basic,2024-09-30,2025-09-30,,441.57,9,active
SUB002580,CUS002641,Professional,2023-08-19,2024-08-18,,8370.18,67,active
SUB002581,CUS002005,Basic,2023-09-02,2024-09-01,,671.62,14,active
SUB002582,CUS000127,Basic,2023-10-22,2024-10-21,,146.74,3,active
SUB002583,CUS000540,Basic,2023-09-25,2024-09-24,,89.15,2,active
SUB002584,CUS003603,Basic,2024-04-12,2025-04-12,,159.82,3,active
SUB002585,CUS004353,Basic,2021-12-27,2022-12-27,,449.1,9,active
SUB002586,CUS000857,Professional,2024-04-27,2025-04-27,,10044.19,77,active
SUB002587,CUS000534,Professional,2023-02-20,2024-02-20,2024-05-01,3419.39,27,cancelled
SUB002588,CUS004392,Professional,2024-03-28,2025-03-28,,5435.82,42,active
SUB002589,CUS003367,Professional,2024-08-10,2025-08-10,,9759.45,79,active
SUB002590,CUS001266,Basic,2024-10-28,2025-10-28,,299.04,6,active
SUB002591,CUS004129,Basic,2022-06-23,2023-06-23,,230.56,5,active
SUB002592,CUS001049,Basic,2022-07-04,2023-07-04,2022-11-01,140.47,3,cancelled
SUB002593,CUS003793,Basic,2023-12-23,2024-12-22,,191.13,4,active
SUB002594,CUS004529,Professional,2023-09-30,2024-09-29,,4481.97,33,active
SUB002595,CUS004822,Professional,2024-03-05,2025-03-05,,8433.7,68,active
SUB002596,CUS000824,Basic,2022-05-27,2023-05-27,2023-01-25,545.29,11,cancelled
SUB002597,CUS003072,Professional,2023-06-02,2024-06-01,,8617.43,72,active
SUB002598,CUS000950,Professional,2023-01-21,2024-01-21,2023-09-03,9425.18,73,cancelled
SUB002599,CUS003824,Professional,2024-10-03,2025-10-03,,4515.53,33,active
SUB002600,CUS002349,Basic,2024-09-07,2025-09-07,,747.87,15,active
SUB002601,CUS000004,Enterprise,2023-12-29,2024-12-28,,66275.93,239,active
SUB002602,CUS001207,Professional,2024-05-11,2025-05-11,,2067.14,16,active
SUB002603,CUS001336,Professional,2021-04-10,2022-04-10,,9264.06,73,active
SUB002604,CUS003123,Enterprise,2024-09-10,2025-09-10,,93550.21,300,active
SUB002605,CUS002635,Professional,2022-08-04,2023-08-04,,7455.77,58,active
SUB002606,CUS000089,Professional,2021-11-20,2022-11-20,,1714.97,14,active
SUB002607,CUS001646,Basic,2024-03-08,2025-03-08,,341.36,7,active
SUB002608,CUS001184,Professional,2024-07-07,2025-07-07,,9690.97,77,active
SUB002609,CUS001690,Basic,2021-04-25,2022-04-25,,588.84,13,active
SUB002610,CUS001742,Basic,2022-11-25,2023-11-25,,535.71,11,active
SUB002611,CUS004429,Basic,2023-04-04,2024-04-03,,147.02,3,active
SUB002612,CUS004577,Basic,2023-05-30,2024-05-29,,148.96,3,active
SUB002613,CUS001967,Professional,2024-07-28,2025-07-28,,6011.73,45,active
SUB002614,CUS004990,Basic,2023-09-29,2024-09-28,,630.74,13,active
SUB002615,CUS000535,Enterprise,2024-02-15,2025-02-14,,38527.33,136,active
SUB002616,CUS001575,Professional,2024-01-11,2025-01-10,,7137.67,57,active
SUB002617,CUS000227,Professional,2023-02-26,2024-02-26,2023-09-19,9153.03,71,cancelled
SUB002618,CUS003544,Professional,2024-09-07,2025-09-07,,6724.34,50,active
SUB002619,CUS001384,Enterprise,2024-09-13,2025-09-13,,32894.55,110,active
SUB002620,CUS001724,Basic,2024-01-07,2025-01-06,,585.28,12,active
SUB002621,CUS001417,Professional,2023-12-17,2024-12-16,,6268.7,49,active
SUB002622,CUS003124,Basic,2024-07-18,2025-07-18,,342.9,7,active
SUB002623,CUS004223,Basic,2023-01-25,2024-01-25,,156.83,3,active
SUB002624,CUS000309,Basic,2024-02-19,2025-02-18,,586.26,12,active
SUB002625,CUS002193,Professional,2024-02-25,2025-02-24,2024-05-16,4345.54,34,cancelled
SUB002626,CUS004037,Enterprise,2023-10-27,2024-10-26,,120059.57,401,active
SUB002627,CUS004389,Basic,2023-01-03,2024-01-03,,191.36,4,active
SUB002628,CUS003321,Professional,2024-07-30,2025-07-30,,5487.78,45,active
SUB002629,CUS003931,Professional,2024-05-09,2025-05-09,,5693.76,47,active
SUB002630,CUS002558,Enterprise,2022-11-19,2023-11-19,,58861.63,202,active
SUB002631,CUS003755,Basic,2024-03-28,2025-03-28,,255.13,5,active
SUB002632,CUS000418,Enterprise,2021-12-22,2022-12-22,,83094.03,267,active
SUB002633,CUS000328,Enterprise,2023-08-21,2024-08-20,,18675.88,65,active
SUB002634,CUS002460,Professional,2023-09-18,2024-09-17,,4490.01,35,active
SUB002635,CUS004570,Professional,2024-07-28,2025-07-28,,7905.23,61,active
SUB002636,CUS002060,Basic,2024-09-29,2025-09-29,,525.32,11,active
SUB002637,CUS003435,Enterprise,2022-07-21,2023-07-21,,40337.71,129,active
SUB002638,CUS003904,Basic,2022-09-27,2023-09-27,,150.92,3,active
SUB002639,CUS001176,Enterprise,2024-10-08,2025-10-08,,61766.38,204,active
SUB002640,CUS004170,Professional,2024-07-22,2025-07-22,,1422.4,11,active
SUB002641,CUS002271,Professional,2021-07-11,2022-07-11,,2438.86,20,active
SUB002642,CUS000259,Basic,2024-06-14,2025-06-14,,102.65,2,active
SUB002643,CUS001297,Professional,2023-01-28,2024-01-28,,3422.15,26,active
SUB002644,CUS001073,Basic,2023-07-29,2024-07-28,,149.11,3,active
SUB002645,CUS003515,Professional,2023-12-31,2024-12-30,2024-12-06,3141.7,25,cancelled
SUB002646,CUS002458,Professional,2023-07-11,2024-07-10,,2395.14,19,active
SUB002647,CUS002112,Professional,2023-12-29,2024-12-28,,3936.99,30,active
SUB002648,CUS004236,Basic,2024-06-22,2025-06-22,,407.12,8,active
SUB002649,CUS004994,Professional,2024-03-28,2025-03-28,,1778.24,13,active
SUB002650,CUS000429,Enterprise,2021-10-28,2022-10-28,,55056.53,189,active
SUB002651,CUS002691,Basic,2024-04-07,2025-04-07,,341.09,7,active
SUB002652,CUS002423,Basic,2024-08-23,2025-08-23,,181.63,4,active
SUB002653,CUS000561,Enterprise,2023-09-08,2024-09-07,,107385.02,393,active
SUB002654,CUS002733,Basic,2022-07-23,2023-07-23,,498.99,10,active
SUB002655,CUS004943,Professional,2023-09-17,2024-09-16,,3504.13,28,active
SUB002656,CUS003315,Professional,2022-10-15,2023-10-15,,8406.36,70,active
SUB002657,CUS003691,Basic,2023-11-24,2024-11-23,,470.06,10,active
SUB002658,CUS000983,Professional,2024-09-26,2025-09-26,,4699.72,36,active
SUB002659,CUS001854,Basic,2022-11-29,2023-11-29,,99.32,2,active
SUB002660,CUS000721,Professional,2022-11-11,2023-11-11,,4864.31,40,active
SUB002661,CUS003215,Basic,2023-03-04,2024-03-03,,204.48,4,active
SUB002662,CUS003236,Basic,2021-07-30,2022-07-30,,334.65,7,active
SUB002663,CUS000084,Basic,2023-09-16,2024-09-15,,395.77,8,active
SUB002664,CUS000652,Basic,2021-10-28,2022-10-28,2022-08-26,588.77,12,cancelled
SUB002665,CUS000626,Professional,2024-01-30,2025-01-29,,3352.64,26,active
SUB002666,CUS003121,Basic,2022-08-31,2023-08-31,2023-03-12,710.9,15,cancelled
SUB002667,CUS003363,Basic,2024-10-25,2025-10-25,,489.58,10,active
SUB002668,CUS000820,Basic,2024-04-04,2025-04-04,,296.77,6,active
SUB002669,CUS001038,Basic,2024-10-27,2025-10-27,,291.95,6,active
SUB002670,CUS002340,Enterprise,2023-12-19,2024-12-18,,29105.45,97,active
SUB002671,CUS004003,Basic,2024-09-26,2025-09-26,,305.34,6,active
SUB002672,CUS002446,Professional,2021-01-23,2022-01-23,,8881.06,70,active
SUB002673,CUS003879,Basic,2023-12-02,2024-12-01,,651.57,13,active
SUB002674,CUS001525,Basic,2024-06-07,2025-06-07,,632.31,13,active
SUB002675,CUS000724,Enterprise,2024-07-12,2025-07-12,,47400.08,151,active
SUB002676,CUS000625,Basic,2023-07-24,2024-07-23,,698.83,15,active
SUB002677,CUS000834,Enterprise,2024-06-06,2025-06-06,,65655.31,210,active
SUB002678,CUS001454,Basic,2023-08-02,2024-08-01,,673.24,14,active
SUB002679,CUS002848,Basic,2022-04-16,2023-04-16,,368.35,7,active
SUB002680,CUS001251,Professional,2021-02-08,2022-02-08,,7595.99,58,active
SUB002681,CUS001365,Enterprise,2023-09-17,2024-09-16,,57269.0,186,active
SUB002682,CUS003628,Professional,2024-10-31,2025-10-31,,1539.28,12,active
SUB002683,CUS001378,Professional,2023-11-12,2024-11-11,,7396.11,56,active
SUB002684,CUS000504,Enterprise,2024-10-16,2025-10-16,,86937.92,284,active
SUB002685,CUS002377,Basic,2023-01-12,2024-01-12,,585.07,12,active
SUB002686,CUS000805,Basic,2024-02-26,2025-02-25,,201.24,4,active
SUB002687,CUS004749,Basic,2023-09-09,2024-09-08,,562.07,13,active
SUB002688,CUS002538,Professional,2023-05-13,2024-05-12,,2395.74,19,active
SUB002689,CUS000923,Professional,2023-08-08,2024-08-07,2024-06-13,2323.74,18,cancelled
SUB002690,CUS002962,Basic,2023-12-19,2024-12-18,,548.47,11,active
SUB002691,CUS003559,Professional,2022-11-28,2023-11-28,,6802.82,51,active
SUB002692,CUS004846,Basic,2024-04-04,2025-04-04,,437.1,9,active
SUB002693,CUS000356,Professional,2024-09-19,2025-09-19,,7761.46,61,active
SUB002694,CUS000820,Basic,2024-07-02,2025-07-02,,605.94,12,active
SUB002695,CUS000336,Professional,2024-04-12,2025-04-12,,8857.15,66,active
SUB002696,CUS004524,Basic,2023-11-29,2024-11-28,,552.96,11,active
SUB002697,CUS004307,Professional,2023-11-28,2024-11-27,,7698.54,60,active
SUB002698,CUS004269,Enterprise,2024-03-27,2025-03-27,2024-10-15,49501.96,152,cancelled
SUB002699,CUS002081,Basic,2024-05-06,2025-05-06,,98.27,2,active
SUB002700,CUS001056,Professional,2023-03-03,2024-03-02,2024-04-21,7408.7,57,cancelled
SUB002701,CUS000096,Enterprise,2024-04-13,2025-04-13,2024-12-14,110947.14,351,cancelled
SUB002702,CUS000919,Enterprise,2024-03-29,2025-03-29,2024-08-01,57958.36,184,cancelled
SUB002703,CUS004240,Enterprise,2024-09-04,2025-09-04,,56378.36,184,active
SUB002704,CUS004030,Professional,2023-09-01,2024-08-31,,5247.02,42,active
SUB002705,CUS003357,Professional,2022-08-15,2023-08-15,,9842.66,76,active
SUB002706,CUS003894,Basic,2021-10-09,2022-10-09,,648.54,13,active
SUB002707,CUS004348,Basic,2024-09-22,2025-09-22,2024-12-07,680.52,13,cancelled
SUB002708,CUS002451,Basic,2022-02-21,2023-02-21,,324.35,6,active
SUB002709,CUS004144,Professional,2021-05-07,2022-05-07,2022-09-02,2525.91,20,cancelled
SUB002710,CUS004448,Professional,2023-09-04,2024-09-03,2024-02-06,1859.9,14,cancelled
SUB002711,CUS004489,Enterprise,2023-04-06,2024-04-05,,92079.35,317,active
SUB002712,CUS001872,Professional,2022-02-03,2023-02-03,2023-02-02,5651.19,44,cancelled
SUB002713,CUS003475,Enterprise,2023-03-25,2024-03-24,,89005.94,307,active
SUB002714,CUS004332,Basic,2024-02-27,2025-02-26,,207.45,4,active
SUB002715,CUS001301,Basic,2023-02-28,2024-02-28,2024-07-20,691.71,14,expired
SUB002716,CUS002298,Basic,2021-02-08,2022-02-08,,693.05,14,active
SUB002717,CUS001563,Professional,2024-02-26,2025-02-25,,8011.79,62,active
SUB002718,CUS000814,Professional,2024-05-31,2025-05-31,,8495.43,65,active
SUB002719,CUS001975,Basic,2024-02-05,2025-02-04,,497.04,10,active
SUB002720,CUS000372,Enterprise,2021-04-06,2022-04-06,,19552.57,67,active
SUB002721,CUS000675,Basic,2024-08-21,2025-08-21,,276.63,6,active
SUB002722,CUS001940,Basic,2023-08-31,2024-08-30,,140.17,3,active
SUB002723,CUS003970,Enterprise,2022-11-06,2023-11-06,,20032.22,71,active
SUB002724,CUS002491,Enterprise,2021-12-20,2022-12-20,,124931.5,415,active
SUB002725,CUS001861,Basic,2024-09-04,2025-09-04,,714.0,15,active
SUB002726,CUS003315,Professional,2022-10-29,2023-10-29,,4269.6,32,active
SUB002727,CUS003635,Basic,2022-09-28,2023-09-28,2023-10-11,296.48,6,cancelled
SUB002728,CUS004933,Basic,2023-02-20,2024-02-20,,550.23,12,active
SUB002729,CUS004120,Enterprise,2023-10-05,2024-10-04,,79570.16,270,active
SUB002730,CUS002656,Basic,2021-11-20,2022-11-20,,226.8,5,active
SUB002731,CUS002425,Professional,2024-10-04,2025-10-04,,3219.68,26,active
SUB002732,CUS003598,Professional,2022-06-14,2023-06-14,,8494.69,67,active
SUB002733,CUS004892,Basic,2023-09-25,2024-09-24,2024-07-20,710.68,15,cancelled
SUB002734,CUS004750,Enterprise,2023-06-06,2024-06-05,,57051.89,179,active
SUB002735,CUS000928,Professional,2023-09-12,2024-09-11,,9663.8,73,active
SUB002736,CUS000787,Enterprise,2024-08-27,2025-08-27,,35763.89,121,active
SUB002737,CUS003743,Basic,2022-10-22,2023-10-22,,771.71,15,active
SUB002738,CUS002201,Professional,2024-04-28,2025-04-28,,3488.81,28,active
SUB002739,CUS001887,Basic,2024-01-13,2025-01-12,,484.3,10,active
SUB002740,CUS001736,Professional,2022-12-11,2023-12-11,,3719.95,28,active
SUB002741,CUS001340,Enterprise,2023-06-13,2024-06-12,,72118.57,251,active
SUB002742,CUS002462,Basic,2023-02-19,2024-02-19,,301.05,6,active
SUB002743,CUS000613,Professional,2023-11-03,2024-11-02,,4170.3,32,active
SUB002744,CUS000331,Professional,2024-04-18,2025-04-18,,10137.45,77,active
SUB002745,CUS001333,Professional,2024-05-30,2025-05-30,,7952.69,58,active
SUB002746,CUS003488,Basic,2023-05-02,2024-05-01,,348.47,7,active
SUB002747,CUS001603,Professional,2024-10-31,2025-10-31,,4146.21,32,active
SUB002748,CUS002731,Professional,2024-03-02,2025-03-02,,6723.17,55,active
SUB002749,CUS000603,Professional,2023-04-07,2024-04-06,,4808.13,37,active
SUB002750,CUS003213,Professional,2023-03-14,2024-03-13,2024-05-06,4439.16,35,cancelled
SUB002751,CUS004796,Basic,2023-01-05,2024-01-05,,487.89,10,active
SUB002752,CUS002710,Professional,2024-04-13,2025-04-13,,8880.37,70,active
SUB002753,CUS004533,Enterprise,2023-06-08,2024-06-07,,90938.96,299,active
SUB002754,CUS000201,Basic,2023-03-21,2024-03-20,,473.01,10,active
SUB002755,CUS002382,Basic,2024-04-13,2025-04-13,,394.91,8,active
SUB002756,CUS003482,Basic,2023-01-08,2024-01-08,2023-05-18,283.28,6,cancelled
SUB002757,CUS003606,Basic,2023-06-26,2024-06-25,,642.81,14,active
SUB002758,CUS001321,Basic,2024-02-27,2025-02-26,,726.21,15,active
SUB002759,CUS001080,Enterprise,2024-09-20,2025-09-20,,71709.69,236,active
SUB002760,CUS004458,Basic,2024-09-17,2025-09-17,,476.67,10,active
SUB002761,CUS004723,Basic,2023-09-16,2024-09-15,,689.28,14,active
SUB002762,CUS001191,Professional,2023-12-29,2024-12-28,,3693.47,29,active
SUB002763,CUS001925,Basic,2024-06-29,2025-06-29,,425.02,9,active
SUB002764,CUS003857,Professional,2023-03-04,2024-03-03,2024-05-08,6707.33,51,cancelled
SUB002765,CUS003932,Basic,2021-12-18,2022-12-18,,478.83,10,active
SUB002766,CUS001462,Basic,2024-01-06,2025-01-05,,645.35,13,active
SUB002767,CUS000160,Professional,2024-05-20,2025-05-20,,8690.92,71,active
SUB002768,CUS000688,Basic,2024-10-31,2025-10-31,,492.35,10,active
SUB002769,CUS002884,Basic,2022-01-31,2023-01-31,,200.28,4,active
SUB002770,CUS003318,Professional,2021-05-27,2022-05-27,,10055.3,77,active
SUB002771,CUS002348,Basic,2024-10-28,2025-10-28,,606.37,12,active
SUB002772,CUS004973,Enterprise,2024-06-24,2025-06-24,,109766.08,359,active
SUB002773,CUS004354,Professional,2023-02-12,2024-02-12,,2737.37,21,active
SUB002774,CUS003841,Enterprise,2023-09-02,2024-09-01,2024-05-18,31401.06,102,expired
SUB002775,CUS000592,Professional,2024-08-24,2025-08-24,,3310.12,26,active
SUB002776,CUS001346,Basic,2024-02-14,2025-02-13,,399.15,8,active
SUB002777,CUS003957,Enterprise,2024-01-01,2024-12-31,,82287.68,275,active
SUB002778,CUS002855,Professional,2024-08-09,2025-08-09,,10851.09,79,active
SUB002779,CUS003741,Basic,2024-10-17,2025-10-17,,643.1,13,active
SUB002780,CUS001960,Professional,2024-04-16,2025-04-16,,3942.28,32,active
SUB002781,CUS004891,Professional,2024-09-03,2025-09-03,2024-11-19,3123.42,24,expired
SUB002782,CUS000541,Professional,2023-09-09,2024-09-08,,2992.93,24,active
SUB002783,CUS000945,Basic,2023-03-23,2024-03-22,,552.74,11,active
SUB002784,CUS003900,Basic,2022-04-19,2023-04-19,,150.84,3,active
SUB002785,CUS004221,Enterprise,2024-04-10,2025-04-10,,34237.25,117,active
SUB002786,CUS001179,Basic,2024-08-27,2025-08-27,,472.2,10,active
SUB002787,CUS000085,Enterprise,2022-07-01,2023-07-01,,91017.98,303,active
SUB002788,CUS000450,Basic,2023-11-26,2024-11-25,,94.9,2,active
SUB002789,CUS003274,Professional,2023-12-11,2024-12-10,,7012.01,56,active
SUB002790,CUS001484,Enterprise,2024-09-06,2025-09-06,,96628.63,329,active
SUB002791,CUS004824,Basic,2024-03-02,2025-03-02,,200.28,4,active
SUB002792,CUS005000,Basic,2021-08-15,2022-08-15,2022-11-04,511.01,11,cancelled
SUB002793,CUS000869,Basic,2024-10-27,2025-10-27,,190.82,4,active
SUB002794,CUS001762,Professional,2021-02-16,2022-02-16,,3775.42,27,active
SUB002795,CUS004477,Professional,2024-08-06,2025-08-06,,10612.25,77,active
SUB002796,CUS003229,Enterprise,2024-04-09,2025-04-09,,110327.83,354,active
SUB002797,CUS001513,Professional,2023-08-24,2024-08-23,,7105.87,55,active
SUB002798,CUS000461,Basic,2023-03-20,2024-03-19,,100.58,2,active
SUB002799,CUS002930,Professional,2024-05-29,2025-05-29,2024-12-10,6490.41,51,cancelled
SUB002800,CUS004173,Basic,2023-04-05,2024-04-04,,665.42,15,active
SUB002801,CUS001063,Basic,2024-08-27,2025-08-27,,480.22,10,active
SUB002802,CUS003835,Professional,2023-03-08,2024-03-07,,3044.64,24,active
SUB002803,CUS000437,Basic,2024-09-15,2025-09-15,,735.73,15,active
SUB002804,CUS002156,Basic,2024-08-14,2025-08-14,,398.63,8,active
SUB002805,CUS001147,Professional,2022-05-31,2023-05-31,,6003.97,44,active
SUB002806,CUS004711,Basic,2024-01-01,2024-12-31,,637.71,13,active
SUB002807,CUS000300,Basic,2023-12-23,2024-12-22,,94.56,2,active
SUB002808,CUS001601,Basic,2021-05-06,2022-05-06,,729.96,15,active
SUB002809,CUS000867,Enterprise,2022-07-13,2023-07-13,2023-04-02,96614.02,316,cancelled
SUB002810,CUS001963,Basic,2024-08-19,2025-08-19,,732.11,15,active
SUB002811,CUS002173,Professional,2021-05-26,2022-05-26,,4889.51,39,active
SUB002812,CUS004147,Basic,2024-04-28,2025-04-28,,548.9,11,active
SUB002813,CUS003700,Basic,2021-12-18,2022-12-18,2023-02-02,235.2,5,cancelled
SUB002814,CUS003008,Professional,2023-08-16,2024-08-15,,2750.73,22,active
SUB002815,CUS003608,Enterprise,2024-05-15,2025-05-15,2024-12-29,110724.36,365,expired
SUB002816,CUS001493,Professional,2022-07-26,2023-07-26,,9910.93,79,active
SUB002817,CUS002019,Professional,2023-12-12,2024-12-11,,5860.78,46,active
SUB002818,CUS004980,Professional,2022-12-20,2023-12-20,,4646.59,36,active
SUB002819,CUS001447,Professional,2024-09-01,2025-09-01,,4894.81,38,active
SUB002820,CUS004581,Basic,2023-09-05,2024-09-04,,520.74,11,active
SUB002821,CUS004006,Professional,2024-02-18,2025-02-17,,1826.79,14,active
SUB002822,CUS000835,Professional,2023-06-23,2024-06-22,,4494.86,36,active
SUB002823,CUS003529,Professional,2024-10-19,2025-10-19,,3274.86,24,active
SUB002824,CUS002352,Basic,2024-04-01,2025-04-01,,483.12,10,active
SUB002825,CUS002023,Professional,2023-03-07,2024-03-06,2024-07-20,4347.57,33,cancelled
SUB002826,CUS002074,Professional,2022-07-27,2023-07-27,2023-03-14,2910.82,22,cancelled
SUB002827,CUS002299,Enterprise,2022-07-16,2023-07-16,,51379.81,174,active
SUB002828,CUS002599,Enterprise,2023-10-21,2024-10-20,,88397.12,306,active
SUB002829,CUS004094,Basic,2023-09-24,2024-09-23,,603.02,12,active
SUB002830,CUS003037,Basic,2022-07-12,2023-07-12,,419.04,9,active
SUB002831,CUS002109,Basic,2022-11-12,2023-11-12,,561.87,12,active
SUB002832,CUS003539,Basic,2023-10-25,2024-10-24,,600.49,12,active
SUB002833,CUS000314,Professional,2022-06-17,2023-06-17,,1921.4,15,active
SUB002834,CUS001215,Enterprise,2024-09-26,2025-09-26,,22453.38,77,active
SUB002835,CUS003594,Professional,2022-06-15,2023-06-15,,6464.17,51,active
SUB002836,CUS001087,Professional,2024-09-16,2025-09-16,,1881.13,15,active
SUB002837,CUS000970,Professional,2021-06-24,2022-06-24,,1388.48,10,active
SUB002838,CUS002812,Professional,2024-03-30,2025-03-30,,6546.3,49,active
SUB002839,CUS001388,Professional,2022-01-12,2023-01-12,,9395.87,75,active
SUB002840,CUS001765,Basic,2024-07-19,2025-07-19,,145.39,3,active
SUB002841,CUS001041,Basic,2022-09-19,2023-09-19,,450.21,9,active
SUB002842,CUS000407,Professional,2024-07-19,2025-07-19,,8472.41,68,active
SUB002843,CUS003670,Enterprise,2024-02-08,2025-02-07,,112863.89,385,active
SUB002844,CUS002503,Basic,2024-08-30,2025-08-30,,193.95,4,active
SUB002845,CUS003248,Professional,2024-05-21,2025-05-21,,4500.74,36,active
SUB002846,CUS000321,Basic,2024-09-28,2025-09-28,,559.68,11,active
SUB002847,CUS003274,Basic,2023-12-26,2024-12-25,,477.75,10,active
SUB002848,CUS001401,Basic,2022-03-24,2023-03-24,,536.8,11,active
SUB002849,CUS002368,Professional,2024-09-16,2025-09-16,,5828.71,45,active
SUB002850,CUS001471,Basic,2022-05-22,2023-05-22,,413.76,8,active
SUB002851,CUS000393,Professional,2022-06-06,2023-06-06,,9903.0,77,active
SUB002852,CUS003123,Professional,2024-08-05,2025-08-05,,1941.08,14,active
SUB002853,CUS002882,Basic,2022-11-12,2023-11-12,,193.51,4,active
SUB002854,CUS001717,Professional,2024-03-06,2025-03-06,,8960.22,70,active
SUB002855,CUS001025,Professional,2022-03-17,2023-03-17,,7860.59,59,active
SUB002856,CUS003512,Basic,2024-06-19,2025-06-19,,522.93,10,active
SUB002857,CUS000446,Basic,2023-12-27,2024-12-26,,145.64,3,active
SUB002858,CUS001534,Basic,2021-03-21,2022-03-21,,153.36,3,active
SUB002859,CUS003492,Enterprise,2024-08-09,2025-08-09,,84048.03,273,active
SUB002860,CUS001959,Professional,2024-09-25,2025-09-25,,2260.17,18,active
SUB002861,CUS004248,Basic,2024-08-15,2025-08-15,,538.66,11,active
SUB002862,CUS002582,Basic,2024-02-03,2025-02-02,,587.16,12,active
SUB002863,CUS004503,Basic,2024-08-07,2025-08-07,,330.62,7,active
SUB002864,CUS001545,Basic,2024-05-16,2025-05-16,,295.69,6,active
SUB002865,CUS003748,Professional,2021-04-10,2022-04-10,2021-07-13,6079.98,47,cancelled
SUB002866,CUS003378,Professional,2024-02-26,2025-02-25,2024-11-28,7972.21,61,cancelled
SUB002867,CUS000313,Professional,2024-01-28,2025-01-27,,6983.03,54,active
SUB002868,CUS000069,Basic,2023-06-11,2024-06-10,,430.7,9,active
SUB002869,CUS000278,Professional,2022-07-21,2023-07-21,,3781.2,27,active
SUB002870,CUS003482,Professional,2023-11-01,2024-10-31,2024-04-09,2339.63,18,cancelled
SUB002871,CUS002140,Basic,2023-09-06,2024-09-05,,409.83,8,active
SUB002872,CUS002752,Basic,2022-12-09,2023-12-09,,99.5,2,active
SUB002873,CUS001061,Professional,2021-09-15,2022-09-15,,7740.83,57,active
SUB002874,CUS003851,Basic,2024-10-30,2025-10-30,,429.02,9,active
SUB002875,CUS000883,Professional,2023-07-23,2024-07-22,2024-09-05,5143.94,40,expired
SUB002876,CUS001603,Basic,2024-05-22,2025-05-22,,289.39,6,active
SUB002877,CUS000671,Basic,2024-01-20,2025-01-19,,336.13,7,active
SUB002878,CUS003563,Enterprise,2023-02-10,2024-02-10,,126454.01,419,active
SUB002879,CUS001900,Enterprise,2022-02-14,2023-02-14,,37942.19,128,active
SUB002880,CUS003303,Basic,2024-01-04,2025-01-03,,279.31,6,active
SUB002881,CUS004710,Professional,2021-07-25,2022-07-25,,2297.4,18,active
SUB002882,CUS004071,Basic,2024-08-04,2025-08-04,,483.38,10,active
SUB002883,CUS003915,Basic,2022-03-16,2023-03-16,,656.64,13,active
SUB002884,CUS000926,Basic,2021-03-12,2022-03-12,,139.56,3,active
SUB002885,CUS003212,Enterprise,2021-03-07,2022-03-07,,77225.35,263,active
SUB002886,CUS001589,Enterprise,2024-09-17,2025-09-17,,48912.72,168,active
SUB002887,CUS002493,Professional,2024-08-27,2025-08-27,,7544.72,57,active
SUB002888,CUS002349,Basic,2024-08-19,2025-08-19,,240.32,5,active
SUB002889,CUS000581,Enterprise,2023-01-18,2024-01-18,,114370.45,369,active
SUB002890,CUS001973,Basic,2024-05-02,2025-05-02,,733.79,15,active
SUB002891,CUS000612,Professional,2024-08-14,2025-08-14,2024-11-24,7872.68,60,cancelled
SUB002892,CUS001610,Basic,2024-05-10,2025-05-10,,508.96,10,active
SUB002893,CUS004341,Professional,2024-10-06,2025-10-06,,7661.49,62,active
SUB002894,CUS004545,Professional,2024-07-15,2025-07-15,,9335.53,73,active
SUB002895,CUS002043,Professional,2023-04-06,2024-04-05,,2487.12,19,active
SUB002896,CUS001566,Professional,2022-04-16,2023-04-16,,7793.61,60,active
SUB002897,CUS001267,Basic,2024-03-21,2025-03-21,,514.53,11,active
SUB002898,CUS004134,Enterprise,2022-01-25,2023-01-25,,96787.33,316,active
SUB002899,CUS003974,Basic,2024-01-18,2025-01-17,,245.41,5,active
SUB002900,CUS002479,Basic,2023-07-09,2024-07-08,,344.54,7,active
SUB002901,CUS003178,Professional,2023-08-29,2024-08-28,,6656.03,52,active
SUB002902,CUS004499,Professional,2023-03-05,2024-03-04,,4814.64,42,active
SUB002903,CUS004803,Professional,2024-01-10,2025-01-09,2024-11-25,3680.96,28,cancelled
SUB002904,CUS000733,Professional,2024-09-29,2025-09-29,,6187.78,47,active
SUB002905,CUS000737,Professional,2023-02-28,2024-02-28,,5846.47,46,active
SUB002906,CUS003502,Professional,2024-07-09,2025-07-09,,4647.3,38,active
SUB002907,CUS002430,Enterprise,2022-10-06,2023-10-06,,56038.81,191,active
SUB002908,CUS004756,Basic,2024-07-28,2025-07-28,,405.65,8,active
SUB002909,CUS001516,Basic,2023-10-02,2024-10-01,,386.4,8,active
SUB002910,CUS000415,Professional,2023-06-01,2024-05-31,,1549.22,12,active
SUB002911,CUS001028,Professional,2023-06-18,2024-06-17,,4334.79,34,active
SUB002912,CUS001850,Enterprise,2021-11-07,2022-11-07,,51088.78,169,active
SUB002913,CUS001132,Professional,2023-05-13,2024-05-12,,9106.03,74,active
SUB002914,CUS001872,Professional,2022-09-03,2023-09-03,,4098.78,32,active
SUB002915,CUS004327,Professional,2024-09-24,2025-09-24,,10314.13,77,active
SUB002916,CUS001611,Professional,2023-03-22,2024-03-21,,3371.2,27,active
SUB002917,CUS000091,Basic,2024-10-14,2025-10-14,,242.64,5,active
SUB002918,CUS002175,Basic,2024-07-28,2025-07-28,,508.06,10,active
SUB002919,CUS004015,Basic,2024-03-15,2025-03-15,,251.4,5,active
SUB002920,CUS002885,Basic,2024-03-27,2025-03-27,2024-08-14,696.86,14,cancelled
SUB002921,CUS002447,Professional,2024-01-26,2025-01-25,,8499.12,65,active
SUB002922,CUS003316,Professional,2023-06-09,2024-06-08,,7187.63,55,active
SUB002923,CUS001213,Professional,2024-04-27,2025-04-27,,3198.99,25,active
SUB002924,CUS001461,Basic,2024-02-01,2025-01-31,,203.56,4,active
SUB002925,CUS001252,Professional,2024-07-29,2025-07-29,,6217.35,49,active
SUB002926,CUS000660,Professional,2024-08-04,2025-08-04,,5602.99,45,active
SUB002927,CUS003592,Professional,2024-09-14,2025-09-14,,4419.06,36,active
SUB002928,CUS002774,Enterprise,2021-04-25,2022-04-25,,65823.05,225,active
SUB002929,CUS004342,Professional,2022-10-05,2023-10-05,,8326.45,66,active
SUB002930,CUS002595,Professional,2023-06-23,2024-06-22,,9685.68,77,active
SUB002931,CUS004219,Professional,2022-03-27,2023-03-27,,8905.83,72,active
SUB002932,CUS004648,Professional,2022-03-17,2023-03-17,,4312.73,33,active
SUB002933,CUS002455,Enterprise,2024-01-23,2025-01-22,,114481.64,396,active
SUB002934,CUS000097,Professional,2024-10-20,2025-10-20,,10386.63,79,active
SUB002935,CUS004962,Basic,2024-04-06,2025-04-06,,653.07,13,active
SUB002936,CUS002052,Basic,2024-08-07,2025-08-07,,267.06,5,active
SUB002937,CUS003766,Basic,2024-02-17,2025-02-16,,675.09,14,active
SUB002938,CUS002611,Professional,2023-06-02,2024-06-01,,6285.67,49,active
SUB002939,CUS003599,Basic,2022-08-15,2023-08-15,,190.88,4,active
SUB002940,CUS002555,Basic,2022-07-23,2023-07-23,,328.94,7,active
SUB002941,CUS001150,Professional,2024-01-28,2025-01-27,2024-10-12,5338.31,42,cancelled
SUB002942,CUS002545,Professional,2022-03-20,2023-03-20,,8157.26,65,active
SUB002943,CUS003138,Professional,2024-09-19,2025-09-19,,6059.05,49,active
SUB002944,CUS003927,Basic,2024-03-12,2025-03-12,,345.84,7,active
SUB002945,CUS000693,Basic,2022-11-11,2023-11-11,2023-03-14,471.61,10,cancelled
SUB002946,CUS001120,Professional,2024-04-16,2025-04-16,,5393.75,41,active
SUB002947,CUS000135,Enterprise,2022-06-29,2023-06-29,,24020.59,78,active
SUB002948,CUS002171,Basic,2024-08-05,2025-08-05,,285.1,6,active
SUB002949,CUS002447,Professional,2024-08-13,2025-08-13,,2706.29,20,active
SUB002950,CUS000444,Enterprise,2023-07-22,2024-07-21,,115821.8,382,active
SUB002951,CUS000362,Basic,2024-09-11,2025-09-11,,146.63,3,active
SUB002952,CUS004052,Professional,2023-01-01,2024-01-01,2024-04-12,4717.81,39,cancelled
SUB002953,CUS002869,Basic,2022-05-20,2023-05-20,,138.19,3,active
SUB002954,CUS001562,Professional,2023-10-08,2024-10-07,,2041.51,15,active
SUB002955,CUS000074,Professional,2024-05-21,2025-05-21,,7557.66,56,active
SUB002956,CUS003571,Professional,2022-07-10,2023-07-10,2024-04-22,5857.56,43,cancelled
SUB002957,CUS000635,Enterprise,2023-06-13,2024-06-12,2023-12-14,38530.81,121,cancelled
SUB002958,CUS000375,Basic,2024-10-25,2025-10-25,,513.58,10,active
SUB002959,CUS000362,Professional,2024-04-08,2025-04-08,,4682.75,36,active
SUB002960,CUS004678,Professional,2024-07-16,2025-07-16,2024-11-11,2762.08,21,cancelled
SUB002961,CUS003025,Professional,2024-08-13,2025-08-13,,9065.54,72,active
SUB002962,CUS002776,Basic,2024-04-13,2025-04-13,,98.82,2,active
SUB002963,CUS004013,Professional,2023-01-10,2024-01-10,2024-02-07,9265.65,70,cancelled
SUB002964,CUS003199,Basic,2024-10-27,2025-10-27,,553.43,11,active
SUB002965,CUS002580,Basic,2023-12-11,2024-12-10,,97.57,2,active
SUB002966,CUS004132,Enterprise,2023-11-11,2024-11-10,,91105.29,328,active
SUB002967,CUS003024,Basic,2024-10-27,2025-10-27,,139.21,3,active
SUB002968,CUS001974,Enterprise,2023-12-18,2024-12-17,,125848.29,414,active
SUB002969,CUS001890,Basic,2024-08-23,2025-08-23,,144.4,3,active
SUB002970,CUS003826,Enterprise,2024-09-11,2025-09-11,,103109.03,337,active
SUB002971,CUS001675,Professional,2023-06-30,2024-06-29,2024-04-02,6422.22,52,cancelled
SUB002972,CUS001488,Professional,2024-08-30,2025-08-30,,1756.92,13,active
SUB002973,CUS001555,Basic,2024-03-16,2025-03-16,,236.96,5,active
SUB002974,CUS004450,Basic,2022-07-01,2023-07-01,,669.92,13,active
SUB002975,CUS000765,Basic,2023-12-27,2024-12-26,,139.02,3,active
SUB002976,CUS000556,Enterprise,2023-05-20,2024-05-19,,108691.78,356,active
SUB002977,CUS001888,Basic,2023-04-02,2024-04-01,,616.23,13,active
SUB002978,CUS001439,Enterprise,2022-11-11,2023-11-11,,41249.2,138,active
SUB002979,CUS004733,Enterprise,2023-03-29,2024-03-28,,123795.3,399,active
SUB002980,CUS000527,Basic,2023-03-19,2024-03-18,,252.73,5,active
SUB002981,CUS003735,Professional,2024-05-13,2025-05-13,,7892.87,63,active
SUB002982,CUS003319,Basic,2023-01-02,2024-01-02,,335.65,7,active
SUB002983,CUS002551,Professional,2024-08-24,2025-08-24,,3413.17,28,active
SUB002984,CUS001712,Professional,2024-10-16,2025-10-16,,5682.73,47,active
SUB002985,CUS001170,Enterprise,2023-11-15,2024-11-14,,59506.1,205,active
SUB002986,CUS003622,Professional,2024-10-06,2025-10-06,,4880.5,39,active
SUB002987,CUS001117,Basic,2024-07-21,2025-07-21,,139.25,3,active
SUB002988,CUS000406,Professional,2022-12-22,2023-12-22,,4610.63,36,active
SUB002989,CUS003926,Basic,2023-09-15,2024-09-14,2024-08-09,538.39,11,cancelled
SUB002990,CUS000956,Professional,2023-06-28,2024-06-27,2024-10-12,5286.54,41,cancelled
SUB002991,CUS004237,Professional,2023-07-25,2024-07-24,,3385.6,27,active
SUB002992,CUS000388,Basic,2024-04-10,2025-04-10,,240.03,5,active
SUB002993,CUS004883,Basic,2024-09-10,2025-09-10,,193.83,4,active
SUB002994,CUS000346,Basic,2024-09-23,2025-09-23,,705.62,14,active
SUB002995,CUS002738,Professional,2023-05-01,2024-04-30,,3400.5,27,active
SUB002996,CUS004445,Enterprise,2023-06-11,2024-06-10,2023-09-24,103004.25,366,cancelled
SUB002997,CUS003426,Professional,2022-08-26,2023-08-26,,7780.55,61,active
SUB002998,CUS004647,Basic,2023-08-29,2024-08-28,,675.53,14,active
SUB002999,CUS003890,Basic,2023-10-01,2024-09-30,,369.84,8,active
SUB003000,CUS002067,Professional,2024-09-28,2025-09-28,,8776.61,69,active
SUB003001,CUS001004,Professional,2022-10-09,2023-10-09,,9875.37,79,active
SUB003002,CUS001145,Basic,2024-09-02,2025-09-02,,733.0,15,active
SUB003003,CUS002897,Basic,2022-03-24,2023-03-24,2023-08-10,99.44,2,expired
SUB003004,CUS002725,Professional,2024-08-07,2025-08-07,,9873.04,78,active
SUB003005,CUS004527,Basic,2023-11-25,2024-11-24,,448.89,9,active
SUB003006,CUS004154,Enterprise,2023-12-05,2024-12-04,,31058.65,105,active
SUB003007,CUS001185,Professional,2023-07-22,2024-07-21,,6006.87,47,active
SUB003008,CUS001334,Basic,2021-07-07,2022-07-07,2021-12-04,533.17,11,cancelled
SUB003009,CUS001140,Basic,2024-08-29,2025-08-29,,97.33,2,active
SUB003010,CUS002656,Professional,2024-08-24,2025-08-24,,1227.85,10,active
SUB003011,CUS000430,Professional,2024-01-24,2025-01-23,,1207.42,10,active
SUB003012,CUS001220,Basic,2023-10-15,2024-10-14,,611.01,12,active
SUB003013,CUS001567,Professional,2024-10-24,2025-10-24,,3378.84,26,active
SUB003014,CUS002353,Professional,2023-12-29,2024-12-28,,5568.2,44,active
SUB003015,CUS001241,Professional,2024-07-31,2025-07-31,,2007.01,15,active
SUB003016,CUS003464,Professional,2023-09-18,2024-09-17,,10786.89,76,active
SUB003017,CUS004668,Enterprise,2021-09-06,2022-09-06,,94622.84,334,active
SUB003018,CUS004103,Basic,2023-10-08,2024-10-07,,293.6,6,active
SUB003019,CUS001755,Basic,2024-04-11,2025-04-11,,300.86,6,active
SUB003020,CUS001947,Professional,2024-10-30,2025-10-30,,2919.35,24,active
SUB003021,CUS003168,Basic,2022-01-19,2023-01-19,,371.06,8,active
SUB003022,CUS002087,Basic,2023-06-06,2024-06-05,2024-03-06,759.51,15,cancelled
SUB003023,CUS001570,Professional,2024-10-24,2025-10-24,,5922.74,46,active
SUB003024,CUS001726,Enterprise,2021-06-18,2022-06-18,,112320.13,385,active
SUB003025,CUS001510,Enterprise,2023-04-28,2024-04-27,,31564.98,112,active
SUB003026,CUS004422,Professional,2024-06-25,2025-06-25,2024-12-19,9785.49,75,cancelled
SUB003027,CUS004747,Professional,2024-06-16,2025-06-16,2024-12-07,1962.76,16,expired
SUB003028,CUS002813,Professional,2024-06-04,2025-06-04,,9827.56,79,active
SUB003029,CUS001135,Basic,2024-07-10,2025-07-10,,710.41,15,active
SUB003030,CUS004738,Basic,2024-07-04,2025-07-04,,193.68,4,active
SUB003031,CUS002305,Basic,2023-08-02,2024-08-01,2024-07-23,612.45,13,cancelled
SUB003032,CUS002984,Enterprise,2021-08-09,2022-08-09,,101459.84,351,active
SUB003033,CUS002805,Professional,2024-04-13,2025-04-13,,3198.4,24,active
SUB003034,CUS002777,Basic,2023-10-26,2024-10-25,,443.59,9,active
SUB003035,CUS004791,Basic,2021-12-24,2022-12-24,,588.32,12,active
SUB003036,CUS004998,Professional,2021-07-24,2022-07-24,,6155.56,47,active
SUB003037,CUS002196,Enterprise,2023-04-13,2024-04-12,,67084.77,233,active
SUB003038,CUS000398,Basic,2024-05-21,2025-05-21,,347.36,7,active
SUB003039,CUS003647,Professional,2022-05-31,2023-05-31,,6284.5,48,active
SUB003040,CUS004064,Professional,2024-02-28,2025-02-27,,9577.12,77,active
SUB003041,CUS004127,Basic,2022-09-23,2023-09-23,2023-05-17,500.23,10,cancelled
SUB003042,CUS002057,Professional,2023-03-21,2024-03-20,,2211.09,17,active
SUB003043,CUS002234,Basic,2022-07-11,2023-07-11,,543.95,11,active
SUB003044,CUS003475,Basic,2022-02-24,2023-02-24,,311.15,6,active
SUB003045,CUS002473,Basic,2024-08-13,2025-08-13,,344.47,7,active
SUB003046,CUS003379,Professional,2024-03-25,2025-03-25,,9112.65,73,active
SUB003047,CUS003920,Professional,2022-12-07,2023-12-07,,4406.0,34,active
SUB003048,CUS000391,Professional,2024-03-08,2025-03-08,2024-05-09,7098.3,55,cancelled
SUB003049,CUS004879,Basic,2024-10-14,2025-10-14,,423.89,9,active
SUB003050,CUS001429,Professional,2023-03-20,2024-03-19,,3475.99,29,active
SUB003051,CUS001361,Basic,2024-07-10,2025-07-10,,488.88,10,active
SUB003052,CUS004850,Basic,2021-08-06,2022-08-06,,202.47,4,active
SUB003053,CUS001759,Basic,2023-03-04,2024-03-03,,455.7,9,active
SUB003054,CUS004163,Basic,2022-12-12,2023-12-12,2023-10-01,494.85,10,cancelled
SUB003055,CUS003113,Enterprise,2023-06-03,2024-06-02,,106930.95,339,active
SUB003056,CUS003020,Professional,2024-06-26,2025-06-26,,9604.3,74,active
SUB003057,CUS003324,Professional,2024-02-08,2025-02-07,,2305.97,18,active
SUB003058,CUS003496,Basic,2023-03-29,2024-03-28,,493.5,10,active
SUB003059,CUS001199,Basic,2023-09-25,2024-09-24,,95.49,2,active
SUB003060,CUS001509,Professional,2024-08-23,2025-08-23,,2342.29,19,active
SUB003061,CUS003802,Basic,2023-12-25,2024-12-24,,189.29,4,active
SUB003062,CUS002063,Professional,2022-11-19,2023-11-19,,9639.51,76,active
SUB003063,CUS003983,Professional,2023-12-09,2024-12-08,,1993.66,15,active
SUB003064,CUS003660,Basic,2022-04-26,2023-04-26,,139.55,3,active
SUB003065,CUS003079,Enterprise,2024-09-05,2025-09-05,,108013.56,374,active
SUB003066,CUS002850,Professional,2021-06-13,2022-06-13,,2520.08,19,active
SUB003067,CUS002642,Enterprise,2024-07-17,2025-07-17,,114563.09,388,active
SUB003068,CUS002621,Basic,2024-09-29,2025-09-29,,340.61,7,active
SUB003069,CUS000796,Basic,2024-03-09,2025-03-09,,145.07,3,active
SUB003070,CUS000187,Professional,2022-12-28,2023-12-28,,3305.42,24,active
SUB003071,CUS000177,Basic,2024-08-15,2025-08-15,,399.69,8,active
SUB003072,CUS002965,Basic,2023-06-16,2024-06-15,,494.32,10,active
SUB003073,CUS004041,Basic,2024-10-31,2025-10-31,,740.08,15,active
SUB003074,CUS004580,Basic,2022-11-24,2023-11-24,,99.4,2,active
SUB003075,CUS000419,Basic,2024-10-24,2025-10-24,,417.36,8,active
SUB003076,CUS004600,Professional,2024-03-16,2025-03-16,,6492.9,51,active
SUB003077,CUS003606,Enterprise,2023-05-29,2024-05-28,,88124.31,293,active
SUB003078,CUS004085,Basic,2023-07-01,2024-06-30,,490.5,10,active
SUB003079,CUS004960,Basic,2023-04-27,2024-04-26,,404.39,8,active
SUB003080,CUS004339,Basic,2022-04-11,2023-04-11,,311.54,6,active
SUB003081,CUS000887,Basic,2024-06-04,2025-06-04,,191.96,4,active
SUB003082,CUS000897,Basic,2021-06-01,2022-06-01,2021-12-09,696.88,14,cancelled
SUB003083,CUS001574,Professional,2023-11-23,2024-11-22,,4542.85,35,active
SUB003084,CUS001744,Professional,2021-12-20,2022-12-20,,1595.25,13,active
SUB003085,CUS001573,Professional,2024-01-12,2025-01-11,,4401.55,33,active
SUB003086,CUS001639,Enterprise,2024-05-27,2025-05-27,,131505.56,417,active
SUB003087,CUS004990,Professional,2023-02-14,2024-02-14,,8094.76,61,active
SUB003088,CUS003821,Basic,2023-08-13,2024-08-12,,287.5,6,active
SUB003089,CUS002640,Professional,2022-09-02,2023-09-02,,8478.33,69,active
SUB003090,CUS003491,Basic,2023-05-18,2024-05-17,,250.5,5,active
SUB003091,CUS001312,Basic,2021-07-06,2022-07-06,,330.04,7,active
SUB003092,CUS004508,Basic,2024-04-16,2025-04-16,,236.6,5,active
SUB003093,CUS004483,Enterprise,2023-12-04,2024-12-03,,103308.4,343,active
SUB003094,CUS002295,Professional,2023-10-31,2024-10-30,,3043.41,23,active
SUB003095,CUS000401,Professional,2024-08-11,2025-08-11,,7139.01,56,active
SUB003096,CUS003017,Professional,2024-07-26,2025-07-26,,9476.95,74,active
SUB003097,CUS000431,Professional,2022-09-15,2023-09-15,,4111.83,32,active
SUB003098,CUS003715,Basic,2022-06-06,2023-06-06,,521.72,11,active
SUB003099,CUS003840,Professional,2023-06-17,2024-06-16,,7127.89,56,active
SUB003100,CUS004388,Basic,2022-07-02,2023-07-02,,693.39,15,active
SUB003101,CUS001866,Basic,2024-06-24,2025-06-24,,753.92,15,active
SUB003102,CUS000079,Enterprise,2022-10-03,2023-10-03,,39053.31,119,active
SUB003103,CUS003948,Basic,2021-12-09,2022-12-09,,294.62,6,active
SUB003104,CUS000779,Basic,2024-09-27,2025-09-27,,561.47,11,active
SUB003105,CUS004484,Professional,2024-04-02,2025-04-02,,4090.2,32,active
SUB003106,CUS003246,Basic,2024-06-05,2025-06-05,,420.22,9,active
SUB003107,CUS003106,Basic,2023-10-12,2024-10-11,,687.19,13,active
SUB003108,CUS003764,Enterprise,2024-04-07,2025-04-07,,118381.29,408,active
SUB003109,CUS004257,Professional,2024-05-05,2025-05-05,,2932.07,22,active
SUB003110,CUS001374,Professional,2024-05-01,2025-05-01,,9748.16,75,active
SUB003111,CUS001089,Basic,2023-06-06,2024-06-05,,765.54,15,active
SUB003112,CUS003576,Enterprise,2024-06-19,2025-06-19,,22968.95,77,active
SUB003113,CUS002143,Basic,2022-09-01,2023-09-01,,423.04,9,active
SUB003114,CUS004992,Professional,2024-09-30,2025-09-30,,5795.95,46,active
SUB003115,CUS003250,Basic,2024-04-21,2025-04-21,,742.48,14,active
SUB003116,CUS004399,Professional,2024-04-14,2025-04-14,,8348.37,64,active
SUB003117,CUS003886,Basic,2024-07-04,2025-07-04,,210.94,4,active
SUB003118,CUS004622,Professional,2024-08-02,2025-08-02,,4202.23,33,active
SUB003119,CUS001769,Professional,2024-09-23,2025-09-23,,7140.04,54,active
SUB003120,CUS001552,Basic,2022-09-19,2023-09-19,,701.97,15,active
SUB003121,CUS000139,Basic,2022-04-20,2023-04-20,,588.61,12,active
SUB003122,CUS003624,Basic,2024-02-14,2025-02-13,,792.19,15,active
SUB003123,CUS002773,Professional,2022-01-17,2023-01-17,2023-03-05,8280.43,66,expired
SUB003124,CUS003346,Basic,2022-07-13,2023-07-13,,143.45,3,active
SUB003125,CUS001524,Enterprise,2023-11-16,2024-11-15,,52302.33,170,active
SUB003126,CUS004946,Basic,2023-02-07,2024-02-07,,196.79,4,active
SUB003127,CUS002989,Basic,2023-04-17,2024-04-16,,627.02,12,active
SUB003128,CUS002397,Professional,2022-07-09,2023-07-09,,6011.87,47,active
SUB003129,CUS001748,Professional,2023-03-22,2024-03-21,,6206.91,48,active
SUB003130,CUS002432,Professional,2023-05-23,2024-05-22,,8999.71,69,active
SUB003131,CUS002347,Professional,2024-06-17,2025-06-17,,3103.57,25,active
SUB003132,CUS003560,Professional,2024-09-22,2025-09-22,,3324.69,27,active
SUB003133,CUS002073,Basic,2022-12-12,2023-12-12,2023-04-15,606.02,13,cancelled
SUB003134,CUS004197,Basic,2021-03-25,2022-03-25,2021-08-08,433.27,10,cancelled
SUB003135,CUS003700,Basic,2023-11-08,2024-11-07,,635.1,13,active
SUB003136,CUS001668,Basic,2023-12-13,2024-12-12,,701.54,15,active
SUB003137,CUS003768,Professional,2024-10-30,2025-10-30,,4303.26,34,active
SUB003138,CUS004555,Professional,2023-08-07,2024-08-06,,2939.32,22,active
SUB003139,CUS002949,Basic,2021-04-06,2022-04-06,2022-02-18,521.16,11,cancelled
SUB003140,CUS004381,Basic,2024-05-01,2025-05-01,,552.01,11,active
SUB003141,CUS001211,Basic,2024-08-11,2025-08-11,,555.48,12,active
SUB003142,CUS003979,Basic,2024-10-18,2025-10-18,,573.9,12,active
SUB003143,CUS000741,Professional,2024-10-25,2025-10-25,,5063.85,37,active
SUB003144,CUS004925,Professional,2024-05-18,2025-05-18,,9021.85,71,active
SUB003145,CUS001593,Professional,2024-07-02,2025-07-02,,4179.25,31,active
SUB003146,CUS001403,Basic,2023-10-25,2024-10-24,,212.16,4,active
SUB003147,CUS000706,Basic,2023-08-06,2024-08-05,,579.38,12,active
SUB003148,CUS003846,Basic,2024-09-13,2025-09-13,,382.87,8,active
SUB003149,CUS004666,Professional,2024-04-14,2025-04-14,,3100.41,26,active
SUB003150,CUS004686,Basic,2024-03-28,2025-03-28,,445.5,9,active
SUB003151,CUS003270,Professional,2024-09-13,2025-09-13,,8365.59,64,active
SUB003152,CUS003236,Basic,2024-01-21,2025-01-20,,100.64,2,active
SUB003153,CUS002479,Basic,2024-04-20,2025-04-20,,102.77,2,active
SUB003154,CUS003671,Enterprise,2023-08-08,2024-08-07,,85037.82,295,active
SUB003155,CUS000915,Professional,2023-06-30,2024-06-29,,6460.06,47,active
SUB003156,CUS002686,Basic,2021-11-01,2022-11-01,2022-12-29,679.23,14,cancelled
SUB003157,CUS002158,Enterprise,2023-04-04,2024-04-03,,107496.06,355,active
SUB003158,CUS002136,Professional,2024-10-06,2025-10-06,,5405.22,42,active
SUB003159,CUS001480,Basic,2022-04-10,2023-04-10,,95.35,2,active
SUB003160,CUS000275,Basic,2023-06-16,2024-06-15,,140.83,3,active
SUB003161,CUS004198,Basic,2024-10-08,2025-10-08,,444.25,9,active
SUB003162,CUS003570,Basic,2023-09-17,2024-09-16,,473.46,10,active
SUB003163,CUS001652,Enterprise,2024-02-20,2025-02-19,,45690.78,154,active
SUB003164,CUS003875,Basic,2024-09-10,2025-09-10,,193.17,4,active
SUB003165,CUS003733,Basic,2024-08-29,2025-08-29,2024-12-23,483.79,10,cancelled
SUB003166,CUS000715,Professional,2023-09-29,2024-09-28,,1571.39,13,active
SUB003167,CUS002811,Enterprise,2024-07-11,2025-07-11,,106874.2,402,active
SUB003168,CUS000205,Professional,2022-02-26,2023-02-26,,6108.26,46,active
SUB003169,CUS004571,Professional,2023-11-23,2024-11-22,,7240.41,54,active
SUB003170,CUS004397,Enterprise,2024-09-30,2025-09-30,,17148.09,63,active
SUB003171,CUS003963,Professional,2022-01-14,2023-01-14,,3141.31,24,active
SUB003172,CUS000877,Professional,2023-10-28,2024-10-27,,7408.91,57,active
SUB003173,CUS002689,Basic,2021-07-24,2022-07-24,,467.29,10,active
SUB003174,CUS004896,Basic,2023-04-15,2024-04-14,,353.78,7,active
SUB003175,CUS003143,Basic,2022-11-10,2023-11-10,,713.33,14,active
SUB003176,CUS000993,Professional,2021-08-10,2022-08-10,2024-04-03,4548.62,34,cancelled
SUB003177,CUS003935,Professional,2024-08-21,2025-08-21,,5475.12,40,active
SUB003178,CUS000897,Basic,2023-03-01,2024-02-29,,101.43,2,active
SUB003179,CUS002788,Professional,2022-04-28,2023-04-28,,3005.9,24,active
SUB003180,CUS003129,Professional,2023-08-30,2024-08-29,,2323.41,18,active
SUB003181,CUS003968,Basic,2022-09-30,2023-09-30,,198.64,4,active
SUB003182,CUS001575,Basic,2021-05-20,2022-05-20,,258.03,5,active
SUB003183,CUS004071,Basic,2024-02-20,2025-02-19,,534.26,11,active
SUB003184,CUS002617,Basic,2023-11-24,2024-11-23,,95.83,2,active
SUB003185,CUS001269,Basic,2024-02-10,2025-02-09,,692.45,15,active
SUB003186,CUS004061,Enterprise,2023-09-18,2024-09-17,,55464.65,180,active
SUB003187,CUS004643,Enterprise,2023-09-25,2024-09-24,,44274.77,147,active
SUB003188,CUS000906,Professional,2024-04-06,2025-04-06,,2251.58,18,active
SUB003189,CUS001787,Professional,2024-04-21,2025-04-21,,10200.88,77,active
SUB003190,CUS004065,Professional,2024-10-07,2025-10-07,,5480.96,43,active
SUB003191,CUS000943,Professional,2023-01-26,2024-01-26,,8734.33,71,active
SUB003192,CUS000806,Professional,2023-02-25,2024-02-25,,4455.28,33,active
SUB003193,CUS004038,Professional,2023-12-25,2024-12-24,,9096.07,76,active
SUB003194,CUS000396,Basic,2024-08-28,2025-08-28,,393.97,8,active
SUB003195,CUS004487,Basic,2024-07-08,2025-07-08,,97.62,2,active
SUB003196,CUS001799,Basic,2024-09-01,2025-09-01,,369.52,8,active
SUB003197,CUS002629,Basic,2024-09-13,2025-09-13,,99.12,2,active
SUB003198,CUS004655,Enterprise,2024-01-19,2025-01-18,,71477.01,245,active
SUB003199,CUS004080,Basic,2023-05-08,2024-05-07,2024-06-08,570.76,11,cancelled
SUB003200,CUS003174,Professional,2023-12-02,2024-12-01,,1869.46,14,active
SUB003201,CUS000106,Enterprise,2024-09-14,2025-09-14,,56044.48,186,active
SUB003202,CUS001163,Basic,2024-10-18,2025-10-18,,626.17,14,active
SUB003203,CUS001691,Basic,2024-10-03,2025-10-03,,336.33,7,active
SUB003204,CUS000003,Professional,2021-02-13,2022-02-13,,6054.87,48,active
SUB003205,CUS001220,Basic,2024-09-20,2025-09-20,,102.15,2,active
SUB003206,CUS003384,Basic,2023-11-16,2024-11-15,,345.14,7,active
SUB003207,CUS004121,Professional,2024-08-26,2025-08-26,,3130.34,24,active
SUB003208,CUS002136,Professional,2023-01-08,2024-01-08,,3206.24,24,active
SUB003209,CUS003428,Basic,2022-08-28,2023-08-28,,207.19,4,active
SUB003210,CUS000164,Basic,2023-07-20,2024-07-19,,566.52,11,active
SUB003211,CUS002481,Basic,2024-01-12,2025-01-11,,449.43,9,active
SUB003212,CUS003764,Professional,2024-04-28,2025-04-28,2024-10-27,7283.04,57,cancelled
SUB003213,CUS003286,Basic,2024-04-30,2025-04-30,,298.48,6,active
SUB003214,CUS003607,Professional,2024-06-17,2025-06-17,,7473.36,58,active
SUB003215,CUS004653,Basic,2024-06-12,2025-06-12,,453.13,9,active
SUB003216,CUS003866,Basic,2022-12-25,2023-12-25,,720.39,15,active
SUB003217,CUS003737,Professional,2024-06-17,2025-06-17,,1596.95,12,active
SUB003218,CUS002006,Basic,2024-10-07,2025-10-07,,245.4,5,active
SUB003219,CUS001830,Professional,2024-07-09,2025-07-09,,2222.63,17,active
SUB003220,CUS003033,Enterprise,2024-07-23,2025-07-23,,46982.89,164,active
SUB003221,CUS001010,Professional,2023-12-19,2024-12-18,,8176.94,64,active
SUB003222,CUS002526,Basic,2024-10-25,2025-10-25,,298.59,6,active
SUB003223,CUS003131,Professional,2024-06-01,2025-06-01,,5511.61,43,active
SUB003224,CUS000470,Professional,2024-02-21,2025-02-20,,3552.13,30,active
SUB003225,CUS003783,Basic,2021-04-03,2022-04-03,2022-05-17,656.37,14,cancelled
SUB003226,CUS002418,Enterprise,2024-01-13,2025-01-12,,25416.48,84,active
SUB003227,CUS001362,Enterprise,2022-09-15,2023-09-15,,118343.11,376,active
SUB003228,CUS004808,Basic,2022-02-13,2023-02-13,,437.41,9,active
SUB003229,CUS003460,Professional,2023-05-13,2024-05-12,,5071.7,40,active
SUB003230,CUS000035,Basic,2024-07-19,2025-07-19,,203.22,4,active
SUB003231,CUS002851,Enterprise,2024-03-18,2025-03-18,,111868.64,374,active
SUB003232,CUS002982,Enterprise,2023-11-14,2024-11-13,,127312.21,415,active
SUB003233,CUS000618,Professional,2024-10-21,2025-10-21,,8425.88,66,active
SUB003234,CUS003082,Basic,2024-07-20,2025-07-20,,144.91,3,active
SUB003235,CUS004732,Basic,2024-05-19,2025-05-19,,201.64,4,active
SUB003236,CUS003911,Basic,2024-03-29,2025-03-29,,250.77,5,active
SUB003237,CUS001373,Professional,2023-11-28,2024-11-27,,9949.02,78,active
SUB003238,CUS000231,Enterprise,2022-10-03,2023-10-03,,97659.92,340,active
SUB003239,CUS001024,Enterprise,2024-02-08,2025-02-07,,73761.39,262,active
SUB003240,CUS004028,Enterprise,2022-11-23,2023-11-23,,29988.51,106,active
SUB003241,CUS002336,Professional,2024-09-16,2025-09-16,,2270.54,18,active
SUB003242,CUS004318,Basic,2022-05-25,2023-05-25,,693.6,14,active
SUB003243,CUS001206,Professional,2024-06-10,2025-06-10,,4130.31,34,active
SUB003244,CUS004639,Professional,2023-11-13,2024-11-12,,9498.4,78,active
SUB003245,CUS002499,Basic,2024-08-09,2025-08-09,,645.42,13,active
SUB003246,CUS002325,Basic,2022-03-03,2023-03-03,,465.21,9,active
SUB003247,CUS001775,Basic,2023-12-29,2024-12-28,,610.41,12,active
SUB003248,CUS000238,Basic,2022-06-28,2023-06-28,2023-01-07,91.68,2,cancelled
SUB003249,CUS000072,Basic,2024-10-06,2025-10-06,,298.03,6,active
SUB003250,CUS003278,Professional,2024-06-30,2025-06-30,,1866.42,14,active
SUB003251,CUS001721,Professional,2024-10-14,2025-10-14,,8873.47,70,active
SUB003252,CUS003485,Professional,2024-10-23,2025-10-23,,1663.1,13,active
SUB003253,CUS002112,Professional,2024-06-02,2025-06-02,,7047.31,54,active
SUB003254,CUS000452,Basic,2024-10-27,2025-10-27,,448.53,9,active
SUB003255,CUS001171,Enterprise,2024-05-05,2025-05-05,,121481.58,401,active
SUB003256,CUS001688,Enterprise,2024-08-07,2025-08-07,,118646.3,387,active
SUB003257,CUS003774,Professional,2024-10-06,2025-10-06,,3639.26,28,active
SUB003258,CUS002376,Basic,2024-06-10,2025-06-10,,431.34,9,active
SUB003259,CUS000965,Enterprise,2022-11-30,2023-11-30,,67401.54,229,active
SUB003260,CUS000236,Basic,2022-11-07,2023-11-07,2024-01-11,571.96,12,cancelled
SUB003261,CUS002615,Basic,2024-10-20,2025-10-20,,433.88,9,active
SUB003262,CUS004261,Professional,2021-06-22,2022-06-22,,8812.92,67,active
SUB003263,CUS003921,Professional,2021-05-10,2022-05-10,2022-03-30,9287.81,74,cancelled
SUB003264,CUS002518,Professional,2022-08-02,2023-08-02,,9903.48,74,active
SUB003265,CUS003440,Professional,2024-10-29,2025-10-29,,7970.42,64,active
SUB003266,CUS000571,Professional,2021-10-19,2022-10-19,,8444.65,65,active
SUB003267,CUS004805,Professional,2022-11-16,2023-11-16,,2921.02,22,active
SUB003268,CUS003141,Basic,2023-11-19,2024-11-18,,298.62,6,active
SUB003269,CUS003834,Professional,2024-08-21,2025-08-21,,4464.37,37,active
SUB003270,CUS001136,Professional,2024-01-24,2025-01-23,,4536.06,35,active
SUB003271,CUS000698,Enterprise,2024-07-03,2025-07-03,,42526.73,146,active
SUB003272,CUS001519,Professional,2024-09-01,2025-09-01,,3690.9,30,active
SUB003273,CUS004810,Enterprise,2024-10-28,2025-10-28,,107877.02,358,active
SUB003274,CUS001673,Basic,2024-09-28,2025-09-28,,374.86,8,active
SUB003275,CUS001080,Enterprise,2024-09-24,2025-09-24,,77501.42,257,active
SUB003276,CUS001531,Basic,2021-08-28,2022-08-28,,514.97,10,active
SUB003277,CUS001782,Basic,2021-10-31,2022-10-31,,247.59,5,active
SUB003278,CUS000901,Basic,2024-06-02,2025-06-02,,631.81,13,active
SUB003279,CUS004674,Professional,2024-04-05,2025-04-05,,5515.8,43,active
SUB003280,CUS004497,Basic,2024-05-20,2025-05-20,,657.38,13,active
SUB003281,CUS001059,Basic,2024-04-07,2025-04-07,,145.43,3,active
SUB003282,CUS003706,Basic,2023-07-02,2024-07-01,,530.22,11,active
SUB003283,CUS001294,Enterprise,2022-11-16,2023-11-16,,96610.77,334,active
SUB003284,CUS004079,Basic,2024-09-12,2025-09-12,,569.6,12,active
SUB003285,CUS003030,Professional,2021-12-29,2022-12-29,2022-03-23,3724.92,28,cancelled
SUB003286,CUS002494,Professional,2022-08-16,2023-08-16,,6213.49,49,active
SUB003287,CUS001530,Basic,2023-08-09,2024-08-08,2024-05-06,499.52,10,cancelled
SUB003288,CUS001138,Basic,2023-05-12,2024-05-11,,250.45,5,active
SUB003289,CUS003676,Professional,2024-10-02,2025-10-02,,4737.98,38,active
SUB003290,CUS002541,Professional,2023-12-30,2024-12-29,,9656.59,77,active
SUB003291,CUS001550,Basic,2024-03-05,2025-03-05,,149.97,3,active
SUB003292,CUS004521,Enterprise,2023-10-08,2024-10-07,,39361.56,131,active
SUB003293,CUS001827,Basic,2024-10-26,2025-10-26,,97.39,2,active
SUB003294,CUS003965,Professional,2024-08-02,2025-08-02,,5374.47,41,active
SUB003295,CUS000031,Basic,2024-07-15,2025-07-15,,253.68,5,active
SUB003296,CUS002183,Professional,2024-05-25,2025-05-25,,3735.9,29,active
SUB003297,CUS004651,Enterprise,2024-10-31,2025-10-31,,92016.66,314,active
SUB003298,CUS000812,Professional,2024-10-29,2025-10-29,,9585.17,74,active
SUB003299,CUS004070,Basic,2023-01-26,2024-01-26,,238.1,5,active
SUB003300,CUS001846,Basic,2023-08-16,2024-08-15,,541.69,11,active
SUB003301,CUS003562,Basic,2023-04-30,2024-04-29,,98.01,2,active
SUB003302,CUS001505,Professional,2024-10-31,2025-10-31,,8020.25,64,active
SUB003303,CUS000081,Basic,2024-09-26,2025-09-26,,434.75,9,active
SUB003304,CUS001226,Basic,2024-04-30,2025-04-30,,290.66,6,active
SUB003305,CUS004859,Basic,2024-04-27,2025-04-27,,150.77,3,active
SUB003306,CUS000034,Enterprise,2024-05-29,2025-05-29,,28404.5,98,active
SUB003307,CUS003439,Professional,2024-07-20,2025-07-20,,4888.47,39,active
SUB003308,CUS002223,Enterprise,2024-08-28,2025-08-28,,54001.51,183,active
SUB003309,CUS001711,Basic,2022-11-13,2023-11-13,,599.61,12,active
SUB003310,CUS003243,Enterprise,2023-03-08,2024-03-07,,51817.32,169,active
SUB003311,CUS000925,Professional,2021-08-20,2022-08-20,,6639.3,51,active
SUB003312,CUS004295,Basic,2023-08-09,2024-08-08,,150.68,3,active
SUB003313,CUS003838,Professional,2024-10-26,2025-10-26,,4698.66,35,active
SUB003314,CUS001118,Basic,2024-10-31,2025-10-31,,147.81,3,active
SUB003315,CUS003904,Basic,2023-11-15,2024-11-14,,95.25,2,active
SUB003316,CUS003642,Enterprise,2024-10-21,2025-10-21,,33397.26,112,active
SUB003317,CUS004887,Professional,2024-02-29,2025-02-28,,7493.97,61,active
SUB003318,CUS000479,Professional,2024-06-29,2025-06-29,,3661.9,28,active
SUB003319,CUS002415,Professional,2024-10-09,2025-10-09,,2662.38,21,active
SUB003320,CUS004937,Basic,2022-09-09,2023-09-09,,196.77,4,active
SUB003321,CUS003874,Professional,2024-08-26,2025-08-26,,3344.03,26,active
SUB003322,CUS000106,Basic,2023-07-16,2024-07-15,,338.4,7,active
SUB003323,CUS001152,Professional,2023-12-01,2024-11-30,,2210.3,17,active
SUB003324,CUS000832,Enterprise,2024-09-26,2025-09-26,,101513.59,341,active
SUB003325,CUS002586,Basic,2022-08-26,2023-08-26,,479.19,10,active
SUB003326,CUS001727,Basic,2023-12-05,2024-12-04,,706.76,15,active
SUB003327,CUS003239,Enterprise,2023-05-31,2024-05-30,,65994.07,218,active
SUB003328,CUS003046,Basic,2024-04-06,2025-04-06,,375.45,8,active
SUB003329,CUS004468,Professional,2023-05-06,2024-05-05,,3153.38,23,active
SUB003330,CUS002417,Basic,2023-09-05,2024-09-04,2023-12-30,358.45,7,cancelled
SUB003331,CUS000819,Basic,2024-10-21,2025-10-21,,231.37,5,active
SUB003332,CUS002015,Basic,2024-08-22,2025-08-22,,400.61,8,active
SUB003333,CUS003726,Enterprise,2024-05-07,2025-05-07,,43527.75,140,active
SUB003334,CUS002434,Basic,2024-09-01,2025-09-01,,335.96,7,active
SUB003335,CUS001239,Professional,2022-12-28,2023-12-28,,5354.0,41,active
SUB003336,CUS001631,Basic,2024-04-12,2025-04-12,,731.78,15,active
SUB003337,CUS003286,Basic,2022-08-03,2023-08-03,,100.34,2,active
SUB003338,CUS003945,Enterprise,2024-09-29,2025-09-29,,21191.67,72,active
SUB003339,CUS000627,Enterprise,2024-07-26,2025-07-26,,106506.22,344,active
SUB003340,CUS000650,Professional,2023-01-09,2024-01-09,,2053.64,16,active
SUB003341,CUS000019,Basic,2024-07-26,2025-07-26,,387.65,8,active
SUB003342,CUS002732,Professional,2024-07-31,2025-07-31,,9103.02,69,active
SUB003343,CUS002890,Basic,2024-02-02,2025-02-01,,758.17,15,active
SUB003344,CUS002645,Professional,2024-10-14,2025-10-14,,7936.25,67,active
SUB003345,CUS000116,Enterprise,2023-12-08,2024-12-07,,32770.3,122,active
SUB003346,CUS004088,Professional,2024-10-12,2025-10-12,,2349.77,18,active
SUB003347,CUS003420,Basic,2023-07-05,2024-07-04,2024-05-29,574.38,12,cancelled
SUB003348,CUS003031,Professional,2023-04-29,2024-04-28,,5782.67,47,active
SUB003349,CUS004249,Enterprise,2023-07-25,2024-07-24,,25672.52,87,active
SUB003350,CUS001664,Basic,2022-04-08,2023-04-08,,431.94,8,active
SUB003351,CUS002964,Basic,2024-03-06,2025-03-06,,233.59,5,active
SUB003352,CUS003332,Professional,2023-10-09,2024-10-08,,7713.93,58,active
SUB003353,CUS003603,Basic,2024-10-05,2025-10-05,,620.02,13,active
SUB003354,CUS001828,Professional,2023-05-04,2024-05-03,,7836.38,64,active
SUB003355,CUS003080,Professional,2024-10-19,2025-10-19,,3660.87,29,active
SUB003356,CUS002326,Basic,2022-01-04,2023-01-04,2022-04-08,232.81,5,cancelled
SUB003357,CUS001062,Basic,2023-11-04,2024-11-03,,463.11,10,active
SUB003358,CUS004226,Enterprise,2023-07-31,2024-07-30,,116274.12,399,active
SUB003359,CUS003922,Professional,2024-01-15,2025-01-14,,5955.72,48,active
SUB003360,CUS000777,Professional,2024-05-30,2025-05-30,,5903.67,46,active
SUB003361,CUS001336,Basic,2024-07-25,2025-07-25,,690.05,14,active
SUB003362,CUS003286,Basic,2022-04-07,2023-04-07,2023-02-26,667.05,14,expired
SUB003363,CUS002477,Basic,2024-02-28,2025-02-27,,751.2,15,active
SUB003364,CUS002998,Professional,2024-07-31,2025-07-31,,1638.02,13,active
SUB003365,CUS004085,Basic,2022-09-25,2023-09-25,,194.95,4,active
SUB003366,CUS002058,Basic,2023-10-25,2024-10-24,,407.52,9,active
SUB003367,CUS004686,Basic,2021-11-18,2022-11-18,,147.42,3,active
SUB003368,CUS004146,Professional,2022-11-10,2023-11-10,,4453.38,32,active
SUB003369,CUS002430,Enterprise,2023-11-25,2024-11-24,,117396.04,382,active
SUB003370,CUS004211,Enterprise,2024-10-26,2025-10-26,,39526.83,133,active
SUB003371,CUS004899,Enterprise,2024-03-26,2025-03-26,,44179.63,154,active
SUB003372,CUS000369,Basic,2023-10-12,2024-10-11,2024-07-19,569.79,11,cancelled
SUB003373,CUS004459,Basic,2023-10-17,2024-10-16,,146.17,3,active
SUB003374,CUS000858,Professional,2024-02-24,2025-02-23,,8061.4,64,active
SUB003375,CUS001611,Professional,2024-06-21,2025-06-21,,3908.25,31,active
SUB003376,CUS004838,Basic,2024-08-14,2025-08-14,,262.78,5,active
SUB003377,CUS004908,Basic,2023-07-24,2024-07-23,,341.58,7,active
SUB003378,CUS003732,Basic,2024-06-11,2025-06-11,,398.18,8,active
SUB003379,CUS000092,Basic,2024-09-28,2025-09-28,,681.12,14,active
SUB003380,CUS000316,Basic,2024-08-11,2025-08-11,,439.99,9,active
SUB003381,CUS002412,Basic,2022-06-12,2023-06-12,,627.53,13,active
SUB003382,CUS000236,Professional,2024-03-27,2025-03-27,,10427.48,77,active
SUB003383,CUS001187,Professional,2024-10-10,2025-10-10,,6847.54,53,active
SUB003384,CUS001789,Professional,2022-06-13,2023-06-13,,8830.34,72,active
SUB003385,CUS004786,Enterprise,2024-08-19,2025-08-19,,81843.61,270,active
SUB003386,CUS002804,Basic,2024-02-12,2025-02-11,,439.23,9,active
SUB003387,CUS003569,Basic,2022-10-20,2023-10-20,,645.5,13,active
SUB003388,CUS001017,Basic,2023-06-25,2024-06-24,,242.16,5,active
SUB003389,CUS004662,Professional,2021-04-22,2022-04-22,,9238.67,73,active
SUB003390,CUS001992,Basic,2024-10-20,2025-10-20,,656.94,13,active
SUB003391,CUS002634,Basic,2023-06-02,2024-06-01,,469.7,9,active
SUB003392,CUS003285,Professional,2022-12-03,2023-12-03,,5789.14,48,active
SUB003393,CUS003542,Professional,2022-10-29,2023-10-29,,7891.59,61,active
SUB003394,CUS003743,Basic,2021-11-29,2022-11-29,,96.15,2,active
SUB003395,CUS004309,Basic,2023-09-03,2024-09-02,2024-07-15,474.36,10,expired
SUB003396,CUS002799,Professional,2023-03-10,2024-03-09,,8944.75,75,active
SUB003397,CUS000211,Professional,2022-08-20,2023-08-20,,8229.62,63,active
SUB003398,CUS001451,Basic,2023-11-18,2024-11-17,,385.37,8,active
SUB003399,CUS004769,Professional,2023-03-15,2024-03-14,,7719.45,61,active
SUB003400,CUS000057,Professional,2024-06-01,2025-06-01,,3898.48,29,active
SUB003401,CUS004002,Basic,2023-03-24,2024-03-23,,482.46,10,active
SUB003402,CUS000521,Professional,2023-12-20,2024-12-19,,2916.97,23,active
SUB003403,CUS002763,Basic,2022-12-31,2023-12-31,,700.63,15,active
SUB003404,CUS002687,Basic,2024-08-24,2025-08-24,,94.89,2,active
SUB003405,CUS002057,Enterprise,2023-10-16,2024-10-15,,24204.65,77,active
SUB003406,CUS001131,Basic,2022-04-25,2023-04-25,,750.73,15,active
SUB003407,CUS002937,Professional,2023-08-28,2024-08-27,,3909.59,29,active
SUB003408,CUS003221,Basic,2024-10-13,2025-10-13,,475.58,10,active
SUB003409,CUS001652,Enterprise,2024-06-08,2025-06-08,,52380.89,173,active
SUB003410,CUS000649,Professional,2024-02-21,2025-02-20,2024-05-27,8692.51,65,cancelled
SUB003411,CUS004181,Basic,2021-11-02,2022-11-02,,149.98,3,active
SUB003412,CUS001100,Basic,2022-12-27,2023-12-27,,568.81,11,active
SUB003413,CUS002553,Basic,2024-05-16,2025-05-16,,248.45,5,active
SUB003414,CUS001988,Basic,2022-01-28,2023-01-28,,538.97,11,active
SUB003415,CUS000904,Basic,2024-05-22,2025-05-22,,539.55,12,active
SUB003416,CUS001401,Basic,2024-06-27,2025-06-27,,546.86,11,active
SUB003417,CUS004590,Basic,2023-09-29,2024-09-28,,700.35,14,active
SUB003418,CUS001473,Enterprise,2024-04-03,2025-04-03,,106365.12,342,active
SUB003419,CUS003516,Professional,2023-12-27,2024-12-26,,6897.69,55,active
SUB003420,CUS000370,Professional,2021-07-20,2022-07-20,,2705.82,21,active
SUB003421,CUS001316,Professional,2023-11-20,2024-11-19,,5603.77,46,active
SUB003422,CUS003104,Professional,2024-07-20,2025-07-20,,3773.21,31,active
SUB003423,CUS001153,Basic,2023-10-07,2024-10-06,,498.8,10,active
SUB003424,CUS004005,Basic,2024-06-13,2025-06-13,,716.41,14,active
SUB003425,CUS004205,Professional,2024-05-19,2025-05-19,,7553.1,56,active
SUB003426,CUS003951,Professional,2024-10-30,2025-10-30,,3798.41,29,active
SUB003427,CUS002238,Professional,2022-10-11,2023-10-11,,1658.85,12,active
SUB003428,CUS004896,Professional,2023-04-04,2024-04-03,,9033.18,71,active
SUB003429,CUS002758,Professional,2023-08-16,2024-08-15,,5189.17,39,active
SUB003430,CUS000972,Basic,2023-09-09,2024-09-08,2024-10-23,467.4,10,cancelled
SUB003431,CUS004029,Basic,2023-05-23,2024-05-22,,654.13,15,active
SUB003432,CUS004095,Basic,2024-02-02,2025-02-01,,626.27,13,active
SUB003433,CUS004885,Basic,2023-09-14,2024-09-13,,439.14,9,active
SUB003434,CUS002411,Basic,2023-07-18,2024-07-17,,148.21,3,active
SUB003435,CUS000428,Professional,2022-10-22,2023-10-22,,8971.16,70,active
SUB003436,CUS004813,Basic,2023-02-20,2024-02-20,,198.48,4,active
SUB003437,CUS004642,Professional,2023-07-19,2024-07-18,,8758.88,64,active
SUB003438,CUS001824,Basic,2024-04-20,2025-04-20,2024-11-06,201.06,4,expired
SUB003439,CUS002287,Basic,2021-02-12,2022-02-12,,190.75,4,active
SUB003440,CUS001690,Basic,2024-02-10,2025-02-09,,178.76,4,active
SUB003441,CUS004210,Basic,2023-02-14,2024-02-14,,518.71,11,active
SUB003442,CUS000299,Basic,2024-05-09,2025-05-09,,256.52,5,active
SUB003443,CUS001466,Professional,2023-09-26,2024-09-25,,7603.58,60,active
SUB003444,CUS002218,Professional,2024-07-26,2025-07-26,,10433.07,79,active
SUB003445,CUS002263,Professional,2023-10-12,2024-10-11,,8177.24,62,active
SUB003446,CUS002405,Professional,2024-09-06,2025-09-06,,8754.91,68,active
SUB003447,CUS001734,Basic,2024-02-11,2025-02-10,,683.92,14,active
SUB003448,CUS001656,Basic,2022-08-23,2023-08-23,2023-08-01,143.58,3,cancelled
SUB003449,CUS003980,Basic,2024-08-02,2025-08-02,,633.84,12,active
SUB003450,CUS001296,Basic,2024-01-08,2025-01-07,,473.61,10,active
SUB003451,CUS001556,Professional,2023-09-05,2024-09-04,2024-06-27,2815.28,21,cancelled
SUB003452,CUS004189,Professional,2023-10-09,2024-10-08,2024-08-30,3053.27,23,cancelled
SUB003453,CUS000355,Enterprise,2024-08-08,2025-08-08,,74832.15,245,active
SUB003454,CUS001725,Professional,2024-08-11,2025-08-11,,6551.4,51,active
SUB003455,CUS001066,Professional,2023-12-03,2024-12-02,,7828.4,64,active
SUB003456,CUS001499,Professional,2024-09-27,2025-09-27,,8790.97,71,active
SUB003457,CUS002919,Enterprise,2023-04-11,2024-04-10,,90176.52,310,active
SUB003458,CUS002728,Professional,2021-06-28,2022-06-28,2022-11-12,10192.22,78,cancelled
SUB003459,CUS003335,Professional,2023-05-27,2024-05-26,2024-03-18,2394.38,18,expired
SUB003460,CUS000349,Basic,2022-01-14,2023-01-14,,247.69,5,active
SUB003461,CUS002141,Basic,2024-03-30,2025-03-30,,543.9,11,active
SUB003462,CUS004641,Professional,2024-06-07,2025-06-07,,5214.56,39,active
SUB003463,CUS001937,Enterprise,2024-04-26,2025-04-26,,67065.13,242,active
SUB003464,CUS001219,Basic,2024-10-27,2025-10-27,,542.58,12,active
SUB003465,CUS002009,Basic,2024-06-25,2025-06-25,,185.38,4,active
SUB003466,CUS002933,Enterprise,2024-07-09,2025-07-09,,102792.37,333,active
SUB003467,CUS000528,Basic,2024-01-29,2025-01-28,,364.43,8,active
SUB003468,CUS003382,Professional,2022-11-09,2023-11-09,,8124.2,63,active
SUB003469,CUS002517,Professional,2021-03-01,2022-03-01,,4620.92,37,active
SUB003470,CUS002098,Basic,2024-05-21,2025-05-21,,246.33,5,active
SUB003471,CUS000105,Basic,2021-12-23,2022-12-23,,292.54,6,active
SUB003472,CUS000200,Basic,2022-10-30,2023-10-30,,444.86,9,active
SUB003473,CUS004810,Enterprise,2024-07-26,2025-07-26,,20637.59,70,active
SUB003474,CUS004439,Basic,2024-08-23,2025-08-23,,100.43,2,active
SUB003475,CUS001755,Basic,2024-06-04,2025-06-04,,360.57,7,active
SUB003476,CUS001861,Basic,2024-08-21,2025-08-21,,153.51,3,active
SUB003477,CUS002744,Professional,2024-06-20,2025-06-20,2024-12-08,8660.74,68,cancelled
SUB003478,CUS003243,Professional,2023-01-22,2024-01-22,,8506.41,68,active
SUB003479,CUS000797,Basic,2023-06-02,2024-06-01,2023-12-17,98.67,2,cancelled
SUB003480,CUS000868,Professional,2023-01-23,2024-01-23,,3034.22,22,active
SUB003481,CUS000086,Basic,2023-04-18,2024-04-17,,146.73,3,active
SUB003482,CUS000333,Professional,2024-10-14,2025-10-14,,3186.89,24,active
SUB003483,CUS002515,Professional,2024-04-04,2025-04-04,,7157.09,54,active
SUB003484,CUS002035,Basic,2024-09-29,2025-09-29,,452.92,9,active
SUB003485,CUS001017,Basic,2022-08-06,2023-08-06,,358.28,7,active
SUB003486,CUS000347,Professional,2024-08-31,2025-08-31,,9721.31,79,active
SUB003487,CUS001209,Basic,2024-09-11,2025-09-11,,473.48,10,active
SUB003488,CUS001342,Enterprise,2022-12-05,2023-12-05,,82661.35,276,active
SUB003489,CUS002481,Basic,2024-05-13,2025-05-13,2024-08-28,102.22,2,cancelled
SUB003490,CUS003154,Professional,2023-08-08,2024-08-07,,5516.33,41,active
SUB003491,CUS003745,Enterprise,2023-09-21,2024-09-20,,32239.99,108,active
SUB003492,CUS000116,Basic,2022-08-07,2023-08-07,,253.56,5,active
SUB003493,CUS001329,Basic,2023-09-13,2024-09-12,,96.55,2,active
SUB003494,CUS000745,Basic,2024-03-29,2025-03-29,,142.75,3,active
SUB003495,CUS001862,Enterprise,2021-05-06,2022-05-06,2022-03-17,100637.48,353,cancelled
SUB003496,CUS001984,Professional,2023-10-11,2024-10-10,,10013.66,78,active
SUB003497,CUS003885,Basic,2022-11-22,2023-11-22,,338.84,7,active
SUB003498,CUS003634,Professional,2023-04-26,2024-04-25,2023-10-17,9080.07,68,expired
SUB003499,CUS002366,Basic,2023-02-23,2024-02-23,,499.65,10,active
SUB003500,CUS000462,Professional,2023-02-13,2024-02-13,,5169.79,40,active
SUB003501,CUS000332,Professional,2024-09-07,2025-09-07,,9048.42,70,active
SUB003502,CUS004861,Basic,2023-01-18,2024-01-18,,531.09,11,active
SUB003503,CUS001205,Professional,2024-03-25,2025-03-25,2024-09-21,8951.57,74,cancelled
SUB003504,CUS002896,Basic,2024-04-25,2025-04-25,,516.69,11,active
SUB003505,CUS003283,Basic,2023-05-06,2024-05-05,,151.05,3,active
SUB003506,CUS002523,Basic,2024-03-03,2025-03-03,,731.44,15,active
SUB003507,CUS004657,Basic,2022-06-19,2023-06-19,,467.5,10,active
SUB003508,CUS002528,Enterprise,2024-04-24,2025-04-24,,50442.32,161,active
SUB003509,CUS000589,Professional,2024-02-27,2025-02-26,,10660.05,78,active
SUB003510,CUS003446,Basic,2022-12-28,2023-12-28,,459.59,9,active
SUB003511,CUS003865,Professional,2024-01-16,2025-01-15,,7723.94,59,active
SUB003512,CUS004091,Professional,2022-06-06,2023-06-06,,5732.86,44,active
SUB003513,CUS001344,Basic,2024-04-02,2025-04-02,,293.75,6,active
SUB003514,CUS003160,Professional,2023-08-15,2024-08-14,,5059.78,39,active
SUB003515,CUS002480,Basic,2023-05-30,2024-05-29,,250.39,5,active
SUB003516,CUS004455,Professional,2024-07-26,2025-07-26,,3701.43,28,active
SUB003517,CUS004013,Basic,2023-11-07,2024-11-06,,298.67,6,active
SUB003518,CUS003486,Professional,2024-10-26,2025-10-26,,6052.83,53,active
SUB003519,CUS002831,Enterprise,2024-02-17,2025-02-16,2024-09-12,100157.19,322,cancelled
SUB003520,CUS004498,Basic,2024-05-05,2025-05-05,,197.37,4,active
SUB003521,CUS002205,Professional,2024-05-20,2025-05-20,,8232.36,67,active
SUB003522,CUS004229,Basic,2024-09-14,2025-09-14,,542.74,11,active
SUB003523,CUS001507,Basic,2023-09-26,2024-09-25,,99.04,2,active
SUB003524,CUS001898,Professional,2024-08-30,2025-08-30,,4998.22,41,active
SUB003525,CUS000355,Enterprise,2023-12-04,2024-12-03,2024-12-17,45302.7,155,expired
SUB003526,CUS003301,Basic,2024-06-14,2025-06-14,,518.14,11,active
SUB003527,CUS004051,Basic,2024-05-16,2025-05-16,,94.66,2,active
SUB003528,CUS002810,Basic,2024-09-04,2025-09-04,,249.89,5,active
SUB003529,CUS004125,Enterprise,2023-01-10,2024-01-10,,38023.54,130,active
SUB003530,CUS001385,Basic,2022-01-03,2023-01-03,,98.32,2,active
SUB003531,CUS000893,Basic,2023-12-21,2024-12-20,2024-09-10,402.12,8,cancelled
SUB003532,CUS000640,Enterprise,2022-01-13,2023-01-13,,113955.76,387,active
SUB003533,CUS004659,Professional,2024-06-06,2025-06-06,2024-11-09,7420.59,56,cancelled
SUB003534,CUS004503,Professional,2024-08-04,2025-08-04,,9863.64,73,active
SUB003535,CUS002032,Professional,2023-02-07,2024-02-07,,6375.39,48,active
SUB003536,CUS002876,Basic,2022-12-19,2023-12-19,,350.2,7,active
SUB003537,CUS003644,Basic,2023-11-28,2024-11-27,2024-08-31,151.4,3,cancelled
SUB003538,CUS002117,Basic,2024-06-19,2025-06-19,,596.13,12,active
SUB003539,CUS001896,Basic,2024-08-21,2025-08-21,,151.37,3,active
SUB003540,CUS004200,Professional,2023-02-16,2024-02-16,,4453.22,36,active
SUB003541,CUS003367,Basic,2024-06-03,2025-06-03,,733.08,15,active
SUB003542,CUS004217,Enterprise,2023-06-08,2024-06-07,,105480.09,348,active
SUB003543,CUS002143,Professional,2022-04-02,2023-04-02,2024-05-19,4503.16,35,cancelled
SUB003544,CUS000206,Professional,2024-08-02,2025-08-02,,11083.56,79,active
SUB003545,CUS003468,Basic,2024-08-13,2025-08-13,,486.72,10,active
SUB003546,CUS003218,Enterprise,2022-12-22,2023-12-22,,113259.77,404,active
SUB003547,CUS001970,Basic,2024-03-30,2025-03-30,,392.76,8,active
SUB003548,CUS003022,Basic,2021-11-13,2022-11-13,2022-12-03,554.63,11,expired
SUB003549,CUS004191,Basic,2023-06-07,2024-06-06,,380.02,8,active
SUB003550,CUS004505,Enterprise,2024-10-12,2025-10-12,,75251.22,252,active
SUB003551,CUS002142,Professional,2024-10-29,2025-10-29,,8363.52,65,active
SUB003552,CUS003630,Professional,2022-10-21,2023-10-21,,6436.55,50,active
SUB003553,CUS004792,Professional,2022-06-27,2023-06-27,,2652.28,21,active
SUB003554,CUS004864,Enterprise,2024-07-13,2025-07-13,,122018.43,393,active
SUB003555,CUS000348,Professional,2024-05-26,2025-05-26,2024-10-10,6939.3,50,cancelled
SUB003556,CUS000683,Basic,2022-04-19,2023-04-19,,523.16,11,active
SUB003557,CUS000686,Basic,2021-11-12,2022-11-12,,420.83,9,active
SUB003558,CUS004774,Enterprise,2021-08-08,2022-08-08,,88032.02,299,active
SUB003559,CUS001754,Professional,2024-01-20,2025-01-19,,9880.75,73,active
SUB003560,CUS000574,Enterprise,2024-07-26,2025-07-26,,29037.39,98,active
SUB003561,CUS000263,Basic,2024-07-08,2025-07-08,,248.14,5,active
SUB003562,CUS002088,Professional,2021-07-08,2022-07-08,,1498.57,12,active
SUB003563,CUS000059,Professional,2021-07-07,2022-07-07,,9182.61,67,active
SUB003564,CUS004744,Professional,2023-01-30,2024-01-30,,7149.31,56,active
SUB003565,CUS003629,Professional,2022-08-11,2023-08-11,,9238.95,71,active
SUB003566,CUS004932,Enterprise,2023-12-18,2024-12-17,,115977.42,399,active
SUB003567,CUS001803,Professional,2023-03-08,2024-03-07,,2749.38,22,active
SUB003568,CUS000676,Professional,2024-09-27,2025-09-27,,3353.57,26,active
SUB003569,CUS004352,Basic,2021-08-26,2022-08-26,,196.71,4,active
SUB003570,CUS003059,Professional,2024-07-13,2025-07-13,2024-10-17,4784.24,36,cancelled
SUB003571,CUS001815,Basic,2023-03-31,2024-03-30,,507.16,11,active
SUB003572,CUS002180,Basic,2024-05-09,2025-05-09,,236.85,5,active
SUB003573,CUS004935,Professional,2023-07-09,2024-07-08,,1384.87,11,active
SUB003574,CUS002199,Basic,2024-06-18,2025-06-18,,295.24,6,active
SUB003575,CUS003904,Basic,2024-03-14,2025-03-14,,376.5,8,active
SUB003576,CUS001314,Basic,2024-02-06,2025-02-05,,146.51,3,active
SUB003577,CUS000250,Enterprise,2022-02-26,2023-02-26,,28934.11,99,active
SUB003578,CUS000918,Professional,2022-03-28,2023-03-28,,7831.66,61,active
SUB003579,CUS002548,Basic,2021-06-11,2022-06-11,,667.4,14,active
SUB003580,CUS003301,Professional,2023-08-18,2024-08-17,,1742.06,14,active
SUB003581,CUS003778,Professional,2024-02-20,2025-02-19,,5081.2,39,active
SUB003582,CUS000546,Professional,2024-07-11,2025-07-11,2024-12-30,4288.8,32,cancelled
SUB003583,CUS004188,Enterprise,2023-06-29,2024-06-28,,112857.09,367,active
SUB003584,CUS004456,Basic,2022-07-24,2023-07-24,,661.81,13,active
SUB003585,CUS000093,Enterprise,2024-08-30,2025-08-30,,130050.74,417,active
SUB003586,CUS003399,Professional,2022-04-24,2023-04-24,,8979.25,70,active
SUB003587,CUS001654,Professional,2024-03-30,2025-03-30,,9621.3,70,active
SUB003588,CUS002529,Professional,2024-08-08,2025-08-08,,2648.28,20,active
SUB003589,CUS002066,Professional,2024-10-29,2025-10-29,,6484.99,52,active
SUB003590,CUS000673,Basic,2023-06-27,2024-06-26,,143.56,3,active
SUB003591,CUS004709,Basic,2021-11-24,2022-11-24,,738.88,15,active
SUB003592,CUS003457,Professional,2022-11-23,2023-11-23,,1595.71,12,active
SUB003593,CUS002070,Basic,2024-07-19,2025-07-19,,583.29,12,active
SUB003594,CUS003707,Basic,2024-10-06,2025-10-06,2024-12-28,236.67,5,cancelled
SUB003595,CUS002674,Basic,2021-04-23,2022-04-23,,604.27,12,active
SUB003596,CUS002805,Basic,2023-11-04,2024-11-03,2024-12-15,470.85,10,cancelled
SUB003597,CUS003066,Basic,2022-05-17,2023-05-17,,148.56,3,active
SUB003598,CUS001087,Basic,2024-10-04,2025-10-04,,441.67,9,active
SUB003599,CUS002694,Professional,2024-10-08,2025-10-08,,5901.06,48,active
SUB003600,CUS002525,Basic,2022-09-20,2023-09-20,,572.53,11,active
SUB003601,CUS004677,Professional,2024-04-03,2025-04-03,,1290.76,10,active
SUB003602,CUS004019,Professional,2024-09-10,2025-09-10,,2843.84,23,active
SUB003603,CUS000664,Basic,2024-10-31,2025-10-31,,392.67,8,active
SUB003604,CUS000150,Basic,2024-01-06,2025-01-05,,644.46,14,active
SUB003605,CUS001528,Professional,2024-08-23,2025-08-23,,7837.82,60,active
SUB003606,CUS001956,Basic,2022-02-07,2023-02-07,,403.81,8,active
SUB003607,CUS004544,Professional,2022-03-10,2023-03-10,,10307.53,73,active
SUB003608,CUS000485,Enterprise,2024-10-10,2025-10-10,,92707.44,309,active
SUB003609,CUS003561,Professional,2024-05-28,2025-05-28,,3654.72,29,active
SUB003610,CUS000442,Professional,2023-12-27,2024-12-26,,3638.13,28,active
SUB003611,CUS002835,Professional,2023-03-02,2024-03-01,,4878.11,36,active
SUB003612,CUS003637,Professional,2024-10-09,2025-10-09,,6169.29,47,active
SUB003613,CUS002437,Basic,2022-08-01,2023-08-01,2023-12-19,100.86,2,cancelled
SUB003614,CUS002968,Professional,2024-05-25,2025-05-25,,5429.7,41,active
SUB003615,CUS001095,Professional,2022-03-27,2023-03-27,,8664.88,66,active
SUB003616,CUS002037,Basic,2021-09-16,2022-09-16,2022-09-15,559.15,12,cancelled
SUB003617,CUS001031,Basic,2022-07-18,2023-07-18,,651.03,14,active
SUB003618,CUS004405,Professional,2023-05-24,2024-05-23,,4509.17,37,active
SUB003619,CUS003153,Professional,2024-07-14,2025-07-14,,8280.75,67,active
SUB003620,CUS000937,Professional,2021-07-27,2022-07-27,,7446.79,60,active
SUB003621,CUS003052,Professional,2024-07-15,2025-07-15,,10716.94,78,active
SUB003622,CUS004224,Professional,2023-08-28,2024-08-27,,2012.94,16,active
SUB003623,CUS000723,Professional,2024-05-14,2025-05-14,,2071.21,16,active
SUB003624,CUS001869,Professional,2024-07-30,2025-07-30,,5755.45,45,active
SUB003625,CUS003540,Basic,2021-07-20,2022-07-20,,591.98,12,active
SUB003626,CUS000342,Basic,2023-06-01,2024-05-31,,343.84,7,active
SUB003627,CUS004729,Professional,2024-10-22,2025-10-22,,7399.76,60,active
SUB003628,CUS004053,Basic,2024-08-14,2025-08-14,,250.13,5,active
SUB003629,CUS003176,Enterprise,2022-05-19,2023-05-19,,109457.1,375,active
SUB003630,CUS001322,Professional,2024-07-27,2025-07-27,,4276.49,34,active
SUB003631,CUS001168,Basic,2022-04-14,2023-04-14,2023-08-11,387.8,8,cancelled
SUB003632,CUS002234,Basic,2023-01-18,2024-01-18,,705.42,14,active
SUB003633,CUS002590,Basic,2024-04-11,2025-04-11,,383.43,8,active
SUB003634,CUS000585,Professional,2024-02-13,2025-02-12,2024-07-27,7894.28,61,cancelled
SUB003635,CUS001290,Enterprise,2023-05-23,2024-05-22,,71862.14,237,active
SUB003636,CUS001942,Basic,2022-12-24,2023-12-24,,197.76,4,active
SUB003637,CUS002770,Professional,2024-01-04,2025-01-03,,7015.27,54,active
SUB003638,CUS003992,Professional,2024-10-31,2025-10-31,,5642.49,46,active
SUB003639,CUS003387,Professional,2024-05-18,2025-05-18,2024-08-19,6737.79,52,cancelled
SUB003640,CUS000930,Professional,2024-04-27,2025-04-27,,4745.06,38,active
SUB003641,CUS000257,Basic,2024-09-09,2025-09-09,,229.91,5,active
SUB003642,CUS000723,Basic,2024-09-19,2025-09-19,,482.07,10,active
SUB003643,CUS001184,Professional,2024-08-21,2025-08-21,,7979.42,63,active
SUB003644,CUS001544,Professional,2024-02-01,2025-01-31,,5409.88,38,active
SUB003645,CUS000239,Basic,2024-04-07,2025-04-07,,202.7,4,active
SUB003646,CUS000242,Professional,2022-03-29,2023-03-29,,9808.04,74,active
SUB003647,CUS000912,Professional,2024-05-06,2025-05-06,,8265.34,65,active
SUB003648,CUS000553,Professional,2021-11-07,2022-11-07,,5895.52,46,active
SUB003649,CUS000405,Enterprise,2023-02-03,2024-02-03,,80174.22,246,active
SUB003650,CUS000228,Professional,2024-07-03,2025-07-03,,5801.92,46,active
SUB003651,CUS004082,Professional,2021-04-06,2022-04-06,,8329.66,64,active
SUB003652,CUS003806,Professional,2022-06-05,2023-06-05,,9611.94,70,active
SUB003653,CUS001383,Professional,2024-09-25,2025-09-25,,7795.42,62,active
SUB003654,CUS002313,Enterprise,2024-06-29,2025-06-29,,94678.78,315,active
SUB003655,CUS002983,Enterprise,2023-05-11,2024-05-10,,35259.59,118,active
SUB003656,CUS001546,Professional,2023-01-28,2024-01-28,,3374.65,27,active
SUB003657,CUS001028,Basic,2024-07-10,2025-07-10,,603.95,12,active
SUB003658,CUS000376,Professional,2023-12-23,2024-12-22,,9793.18,79,active
SUB003659,CUS002767,Enterprise,2024-04-13,2025-04-13,,79543.92,259,active
SUB003660,CUS001857,Basic,2023-07-20,2024-07-19,,547.1,11,active
SUB003661,CUS003942,Enterprise,2024-07-04,2025-07-04,,66305.34,215,active
SUB003662,CUS000803,Professional,2024-08-12,2025-08-12,,4356.19,34,active
SUB003663,CUS001465,Professional,2024-04-22,2025-04-22,,2615.17,20,active
SUB003664,CUS004629,Enterprise,2024-04-04,2025-04-04,,32522.59,105,active
SUB003665,CUS002126,Enterprise,2022-01-01,2023-01-01,,68789.91,242,active
SUB003666,CUS001785,Professional,2023-12-22,2024-12-21,,2841.51,23,active
SUB003667,CUS002739,Professional,2024-05-05,2025-05-05,,2237.65,17,active
SUB003668,CUS000366,Enterprise,2021-12-21,2022-12-21,,32606.93,106,active
SUB003669,CUS000130,Enterprise,2024-02-24,2025-02-23,,46264.38,154,active
SUB003670,CUS002265,Enterprise,2023-08-05,2024-08-04,,65737.62,213,active
SUB003671,CUS002882,Basic,2022-06-30,2023-06-30,,725.68,15,active
SUB003672,CUS001870,Basic,2022-05-07,2023-05-07,,153.52,3,active
SUB003673,CUS000225,Basic,2024-08-01,2025-08-01,,488.75,10,active
SUB003674,CUS001615,Professional,2022-09-10,2023-09-10,2024-06-30,2384.2,19,cancelled
SUB003675,CUS002314,Professional,2024-08-18,2025-08-18,,7042.53,52,active
SUB003676,CUS000956,Basic,2022-10-22,2023-10-22,,151.25,3,active
SUB003677,CUS003235,Professional,2022-01-20,2023-01-20,,7618.02,60,active
SUB003678,CUS003781,Professional,2021-04-28,2022-04-28,,3811.72,30,active
SUB003679,CUS002494,Basic,2024-08-11,2025-08-11,,550.34,11,active
SUB003680,CUS002364,Professional,2022-02-26,2023-02-26,,9585.15,77,active
SUB003681,CUS003349,Basic,2023-10-05,2024-10-04,,396.4,8,active
SUB003682,CUS004977,Basic,2024-06-29,2025-06-29,,97.42,2,active
SUB003683,CUS004643,Enterprise,2022-12-12,2023-12-12,2023-07-24,104532.87,347,cancelled
SUB003684,CUS003890,Professional,2024-03-07,2025-03-07,,8391.16,70,active
SUB003685,CUS001422,Professional,2024-10-05,2025-10-05,,7369.38,59,active
SUB003686,CUS001065,Basic,2024-02-22,2025-02-21,,642.66,13,active
SUB003687,CUS002969,Enterprise,2023-06-14,2024-06-13,,73473.7,237,active
SUB003688,CUS001139,Professional,2022-06-13,2023-06-13,,6035.17,47,active
SUB003689,CUS002412,Basic,2021-05-25,2022-05-25,2022-02-22,351.67,7,cancelled
SUB003690,CUS004237,Basic,2023-07-02,2024-07-01,,650.43,14,active
SUB003691,CUS001332,Enterprise,2024-06-24,2025-06-24,,110070.24,374,active
SUB003692,CUS002603,Basic,2022-05-07,2023-05-07,2023-02-17,395.84,8,expired
SUB003693,CUS004901,Professional,2022-04-12,2023-04-12,,8237.98,64,active
SUB003694,CUS002152,Basic,2022-09-13,2023-09-13,,654.0,13,active
SUB003695,CUS004186,Enterprise,2023-05-11,2024-05-10,,28149.62,95,active
SUB003696,CUS004464,Basic,2024-08-27,2025-08-27,,728.64,15,active
SUB003697,CUS004066,Enterprise,2024-07-20,2025-07-20,,69119.89,226,active
SUB003698,CUS004334,Professional,2024-03-08,2025-03-08,,3670.64,29,active
SUB003699,CUS003391,Basic,2022-07-24,2023-07-24,,379.55,8,active
SUB003700,CUS002946,Basic,2023-12-05,2024-12-04,,597.57,12,active
SUB003701,CUS002222,Basic,2021-12-27,2022-12-27,,473.47,10,active
SUB003702,CUS000621,Basic,2024-07-03,2025-07-03,,205.73,4,active
SUB003703,CUS004355,Enterprise,2022-03-05,2023-03-05,2023-07-05,93986.77,336,cancelled
SUB003704,CUS000989,Enterprise,2024-10-01,2025-10-01,,59471.64,201,active
SUB003705,CUS003354,Basic,2024-10-31,2025-10-31,,310.74,6,active
SUB003706,CUS000563,Basic,2021-07-01,2022-07-01,,785.83,15,active
SUB003707,CUS000153,Basic,2022-08-03,2023-08-03,,732.65,15,active
SUB003708,CUS004036,Basic,2024-06-19,2025-06-19,,101.79,2,active
SUB003709,CUS001411,Basic,2024-09-17,2025-09-17,,352.31,7,active
SUB003710,CUS001654,Enterprise,2024-01-30,2025-01-29,,25565.48,87,active
SUB003711,CUS002764,Basic,2024-03-18,2025-03-18,,448.21,9,active
SUB003712,CUS002652,Professional,2023-07-11,2024-07-10,,1626.43,13,active
SUB003713,CUS000648,Basic,2024-07-11,2025-07-11,,602.17,13,active
SUB003714,CUS002347,Basic,2024-08-16,2025-08-16,,149.59,3,active
SUB003715,CUS001894,Basic,2024-08-26,2025-08-26,,599.59,12,active
SUB003716,CUS001663,Basic,2023-06-30,2024-06-29,,93.93,2,active
SUB003717,CUS004736,Professional,2023-07-10,2024-07-09,2024-05-18,1925.33,15,cancelled
SUB003718,CUS003454,Enterprise,2024-10-13,2025-10-13,,18341.59,64,active
SUB003719,CUS002714,Basic,2024-06-11,2025-06-11,,337.46,7,active
SUB003720,CUS004428,Professional,2024-07-06,2025-07-06,,4319.0,34,active
SUB003721,CUS003259,Enterprise,2024-03-30,2025-03-30,2024-09-14,84663.86,276,expired
SUB003722,CUS004537,Professional,2024-08-15,2025-08-15,,5830.14,46,active
SUB003723,CUS001452,Basic,2024-10-31,2025-10-31,,374.69,8,active
SUB003724,CUS000909,Basic,2024-10-15,2025-10-15,,363.6,7,active
SUB003725,CUS002394,Basic,2022-05-19,2023-05-19,,498.49,10,active
SUB003726,CUS004313,Basic,2022-12-09,2023-12-09,2023-03-16,252.68,5,cancelled
SUB003727,CUS003914,Basic,2023-09-03,2024-09-02,,650.56,13,active
SUB003728,CUS002202,Professional,2024-03-30,2025-03-30,,7195.44,54,active
SUB003729,CUS001942,Basic,2024-06-08,2025-06-08,2024-11-10,149.25,3,expired
SUB003730,CUS002825,Enterprise,2022-04-02,2023-04-02,,105745.91,348,active
SUB003731,CUS003848,Professional,2024-02-28,2025-02-27,,3498.52,27,active
SUB003732,CUS001882,Basic,2023-10-11,2024-10-10,2024-10-07,434.22,9,cancelled
SUB003733,CUS003837,Basic,2024-10-10,2025-10-10,,101.04,2,active
SUB003734,CUS002234,Basic,2024-05-28,2025-05-28,,97.09,2,active
SUB003735,CUS001350,Professional,2024-10-08,2025-10-08,,9844.4,76,active
SUB003736,CUS000001,Basic,2024-09-08,2025-09-08,,744.52,15,active
SUB003737,CUS003102,Basic,2023-02-05,2024-02-05,2023-06-18,199.12,4,cancelled
SUB003738,CUS002214,Professional,2024-01-12,2025-01-11,,6345.43,51,active
SUB003739,CUS004550,Basic,2024-05-14,2025-05-14,,394.76,8,active
SUB003740,CUS001407,Enterprise,2021-09-15,2022-09-15,,98027.91,340,active
SUB003741,CUS004536,Professional,2022-08-11,2023-08-11,,4024.0,31,active
SUB003742,CUS000329,Professional,2024-03-08,2025-03-08,2024-04-04,4505.7,34,cancelled
SUB003743,CUS001945,Professional,2023-12-09,2024-12-08,2024-05-08,3016.78,22,cancelled
SUB003744,CUS002577,Enterprise,2024-08-25,2025-08-25,,27149.05,89,active
SUB003745,CUS001810,Professional,2024-01-09,2025-01-08,,9701.76,73,active
SUB003746,CUS001569,Basic,2024-10-01,2025-10-01,,612.75,13,active
SUB003747,CUS003088,Professional,2024-07-13,2025-07-13,,2891.46,22,active
SUB003748,CUS001657,Professional,2024-08-08,2025-08-08,,5330.44,43,active
SUB003749,CUS004866,Basic,2021-12-05,2022-12-05,,408.5,8,active
SUB003750,CUS000298,Professional,2022-06-18,2023-06-18,,4719.07,38,active
SUB003751,CUS003187,Basic,2024-07-16,2025-07-16,,709.86,15,active
SUB003752,CUS003956,Enterprise,2022-12-11,2023-12-11,2023-07-22,117542.04,383,expired
SUB003753,CUS000473,Professional,2024-03-11,2025-03-11,,3004.85,22,active
SUB003754,CUS004835,Professional,2024-04-13,2025-04-13,,9364.33,70,active
SUB003755,CUS003158,Professional,2023-09-08,2024-09-07,,4968.67,39,active
SUB003756,CUS001851,Enterprise,2023-09-14,2024-09-13,,80243.72,278,active
SUB003757,CUS001667,Professional,2023-12-19,2024-12-18,,9275.99,73,active
SUB003758,CUS000695,Professional,2021-05-19,2022-05-19,,10235.84,79,active
SUB003759,CUS001747,Professional,2023-07-24,2024-07-23,2024-04-18,2444.36,19,cancelled
SUB003760,CUS004169,Basic,2024-06-19,2025-06-19,,188.94,4,active
SUB003761,CUS002798,Professional,2022-03-27,2023-03-27,,2696.14,20,active
SUB003762,CUS000822,Professional,2024-05-09,2025-05-09,,3777.35,28,active
SUB003763,CUS000455,Professional,2024-10-18,2025-10-18,,5500.42,40,active
SUB003764,CUS002811,Basic,2024-07-09,2025-07-09,,461.52,10,active
SUB003765,CUS000229,Basic,2024-08-25,2025-08-25,,618.97,13,active
SUB003766,CUS003905,Enterprise,2024-07-03,2025-07-03,,60023.4,199,active
SUB003767,CUS001691,Basic,2024-07-14,2025-07-14,,441.07,9,active
SUB003768,CUS001179,Basic,2024-08-28,2025-08-28,,96.46,2,active
SUB003769,CUS001962,Basic,2022-11-15,2023-11-15,,617.91,13,active
SUB003770,CUS003614,Basic,2024-03-09,2025-03-09,,141.87,3,active
SUB003771,CUS003077,Basic,2023-06-26,2024-06-25,,104.95,2,active
SUB003772,CUS003860,Professional,2024-03-21,2025-03-21,,9682.01,79,active
SUB003773,CUS002294,Basic,2023-02-28,2024-02-28,,277.97,6,active
SUB003774,CUS003363,Professional,2024-10-17,2025-10-17,,7665.39,62,active
SUB003775,CUS004056,Enterprise,2022-09-19,2023-09-19,,119802.56,398,active
SUB003776,CUS000759,Professional,2022-09-30,2023-09-30,,8177.1,64,active
SUB003777,CUS003133,Enterprise,2024-10-30,2025-10-30,,112231.59,370,active
SUB003778,CUS002003,Professional,2023-08-23,2024-08-22,2024-09-18,6038.85,48,cancelled
SUB003779,CUS001113,Basic,2021-04-17,2022-04-17,,393.21,8,active
SUB003780,CUS004668,Professional,2024-09-14,2025-09-14,,9056.79,70,active
SUB003781,CUS002692,Basic,2023-02-19,2024-02-19,,103.4,2,active
SUB003782,CUS002575,Basic,2023-12-07,2024-12-06,2024-04-14,624.61,12,cancelled
SUB003783,CUS001363,Professional,2023-12-20,2024-12-19,2024-05-15,7057.52,55,cancelled
SUB003784,CUS004707,Enterprise,2024-07-29,2025-07-29,,78834.4,256,active
SUB003785,CUS004024,Basic,2021-06-27,2022-06-27,,689.9,14,active
SUB003786,CUS003452,Basic,2023-10-15,2024-10-14,,251.61,5,active
SUB003787,CUS004216,Enterprise,2022-06-14,2023-06-14,,53635.88,177,active
SUB003788,CUS002385,Basic,2024-02-09,2025-02-08,,402.1,8,active
SUB003789,CUS003493,Professional,2024-10-27,2025-10-27,,6376.88,48,active
SUB003790,CUS003471,Professional,2024-05-15,2025-05-15,,3011.09,23,active
SUB003791,CUS004712,Basic,2022-07-14,2023-07-14,,98.47,2,active
SUB003792,CUS003742,Basic,2024-03-12,2025-03-12,,558.67,11,active
SUB003793,CUS003840,Enterprise,2024-10-17,2025-10-17,,117846.0,396,active
SUB003794,CUS001504,Professional,2024-06-30,2025-06-30,,7710.33,61,active
SUB003795,CUS000594,Enterprise,2024-07-24,2025-07-24,,67573.74,239,active
SUB003796,CUS003638,Basic,2021-06-28,2022-06-28,,596.75,12,active
SUB003797,CUS000168,Professional,2024-09-09,2025-09-09,,2774.64,21,active
SUB003798,CUS002947,Enterprise,2024-04-01,2025-04-01,2024-10-22,39334.3,140,cancelled
SUB003799,CUS003434,Professional,2023-11-16,2024-11-15,,1388.52,11,active
SUB003800,CUS004220,Basic,2024-03-12,2025-03-12,,251.44,5,active
SUB003801,CUS004431,Basic,2022-07-30,2023-07-30,,341.28,7,active
SUB003802,CUS001533,Professional,2023-12-14,2024-12-13,,7754.97,60,active
SUB003803,CUS002040,Basic,2024-06-07,2025-06-07,,353.96,7,active
SUB003804,CUS000063,Professional,2024-02-11,2025-02-10,,1542.14,12,active
SUB003805,CUS004595,Basic,2024-09-26,2025-09-26,,645.57,13,active
SUB003806,CUS000443,Professional,2021-05-21,2022-05-21,,4220.07,34,active
SUB003807,CUS003655,Basic,2023-07-21,2024-07-20,,396.82,8,active
SUB003808,CUS001592,Professional,2023-10-05,2024-10-04,2024-01-26,2827.97,23,cancelled
SUB003809,CUS002506,Basic,2023-09-23,2024-09-22,,561.31,12,active
SUB003810,CUS000505,Enterprise,2024-10-17,2025-10-17,,37303.91,127,active
SUB003811,CUS002764,Basic,2022-02-26,2023-02-26,,699.18,14,active
SUB003812,CUS002138,Professional,2024-03-14,2025-03-14,,9822.01,76,active
SUB003813,CUS000463,Professional,2024-09-02,2025-09-02,,6146.39,49,active
SUB003814,CUS000533,Professional,2022-01-11,2023-01-11,,9174.37,69,active
SUB003815,CUS001569,Professional,2024-07-23,2025-07-23,,2087.03,16,active
SUB003816,CUS000315,Basic,2023-05-23,2024-05-22,,304.75,6,active
SUB003817,CUS002177,Basic,2023-03-31,2024-03-30,,284.83,6,active
SUB003818,CUS004676,Basic,2022-12-27,2023-12-27,2023-05-18,360.22,7,cancelled
SUB003819,CUS000225,Basic,2024-02-17,2025-02-16,,775.69,15,active
SUB003820,CUS004283,Basic,2023-03-23,2024-03-22,,758.45,15,active
SUB003821,CUS001531,Basic,2021-05-08,2022-05-08,,299.02,6,active
SUB003822,CUS004284,Basic,2023-06-06,2024-06-05,,548.37,11,active
SUB003823,CUS004659,Professional,2024-10-20,2025-10-20,,3784.3,29,active
SUB003824,CUS000204,Basic,2023-12-08,2024-12-07,,373.16,8,active
SUB003825,CUS003523,Professional,2024-08-12,2025-08-12,,8083.01,64,active
SUB003826,CUS002532,Basic,2022-12-01,2023-12-01,,439.39,9,active
SUB003827,CUS001346,Basic,2023-10-25,2024-10-24,,661.26,14,active
SUB003828,CUS000440,Basic,2023-10-30,2024-10-29,,463.15,9,active
SUB003829,CUS002307,Professional,2024-08-13,2025-08-13,,8400.58,64,active
SUB003830,CUS000636,Professional,2024-04-22,2025-04-22,,2329.8,17,active
SUB003831,CUS002399,Enterprise,2023-01-14,2024-01-14,,99555.1,324,active
SUB003832,CUS002186,Basic,2024-09-01,2025-09-01,,605.86,13,active
SUB003833,CUS004633,Basic,2022-05-03,2023-05-03,,768.62,15,active
SUB003834,CUS001555,Basic,2022-11-14,2023-11-14,,289.36,6,active
SUB003835,CUS002289,Professional,2024-04-18,2025-04-18,,8920.62,66,active
SUB003836,CUS000319,Professional,2024-06-19,2025-06-19,,9914.06,73,active
SUB003837,CUS002302,Professional,2021-04-25,2022-04-25,2024-05-15,7835.97,58,cancelled
SUB003838,CUS004113,Basic,2024-10-29,2025-10-29,,152.52,3,active
SUB003839,CUS004290,Professional,2022-01-07,2023-01-07,,10083.67,77,active
SUB003840,CUS002155,Basic,2024-02-11,2025-02-10,,146.95,3,active
SUB003841,CUS002104,Basic,2022-01-27,2023-01-27,,156.7,3,active
SUB003842,CUS001648,Professional,2023-08-05,2024-08-04,,8985.86,69,active
SUB003843,CUS001395,Professional,2022-01-11,2023-01-11,,9671.8,76,active
SUB003844,CUS000427,Enterprise,2021-11-04,2022-11-04,,39774.83,131,active
SUB003845,CUS003668,Professional,2024-06-16,2025-06-16,,8990.53,67,active
SUB003846,CUS002625,Professional,2024-10-26,2025-10-26,,5896.91,44,active
SUB003847,CUS003075,Professional,2024-06-13,2025-06-13,,5460.24,44,active
SUB003848,CUS000899,Professional,2024-07-26,2025-07-26,,6292.25,47,active
SUB003849,CUS001089,Basic,2023-05-28,2024-05-27,,351.28,7,active
SUB003850,CUS004882,Basic,2024-10-20,2025-10-20,,629.3,13,active
SUB003851,CUS004825,Professional,2024-03-27,2025-03-27,,9145.27,73,active
SUB003852,CUS003331,Basic,2024-10-20,2025-10-20,,720.34,14,active
SUB003853,CUS002375,Professional,2022-04-05,2023-04-05,,6931.04,51,active
SUB003854,CUS000189,Professional,2024-08-13,2025-08-13,,2313.49,17,active
SUB003855,CUS004238,Professional,2022-03-10,2023-03-10,,4062.13,33,active
SUB003856,CUS004677,Enterprise,2024-07-19,2025-07-19,,56986.82,192,active
SUB003857,CUS002048,Basic,2023-11-01,2024-10-31,,147.29,3,active
SUB003858,CUS004491,Basic,2024-01-11,2025-01-10,,361.04,7,active
SUB003859,CUS001466,Enterprise,2024-02-04,2025-02-03,2024-09-19,60567.93,197,cancelled
SUB003860,CUS003219,Basic,2024-09-09,2025-09-09,,437.55,9,active
SUB003861,CUS002643,Basic,2022-07-01,2023-07-01,2023-04-24,689.89,14,expired
SUB003862,CUS003317,Enterprise,2023-07-28,2024-07-27,,31566.4,103,active
SUB003863,CUS004112,Basic,2024-01-21,2025-01-20,,502.82,10,active
SUB003864,CUS004734,Professional,2024-10-06,2025-10-06,,6009.85,44,active
SUB003865,CUS002726,Professional,2024-10-08,2025-10-08,,7727.84,57,active
SUB003866,CUS000079,Basic,2021-11-26,2022-11-26,,767.08,15,active
SUB003867,CUS004141,Professional,2024-06-12,2025-06-12,,4645.34,37,active
SUB003868,CUS000074,Basic,2024-07-07,2025-07-07,,477.95,10,active
SUB003869,CUS004473,Basic,2022-01-03,2023-01-03,,378.41,8,active
SUB003870,CUS004250,Professional,2024-10-29,2025-10-29,,2356.39,18,active
SUB003871,CUS003581,Professional,2023-06-13,2024-06-12,2024-06-06,4060.16,32,cancelled
SUB003872,CUS001596,Basic,2024-10-26,2025-10-26,,700.3,14,active
SUB003873,CUS002700,Professional,2024-09-04,2025-09-04,,2514.48,19,active
SUB003874,CUS001502,Basic,2022-07-30,2023-07-30,,691.92,14,active
SUB003875,CUS001420,Professional,2023-10-20,2024-10-19,,6787.86,51,active
SUB003876,CUS000264,Enterprise,2023-02-16,2024-02-16,,36277.03,124,active
SUB003877,CUS002244,Enterprise,2023-05-10,2024-05-09,,90262.85,318,active
SUB003878,CUS004040,Professional,2023-06-13,2024-06-12,,4911.98,39,active
SUB003879,CUS001835,Basic,2024-07-17,2025-07-17,,353.42,7,active
SUB003880,CUS000837,Enterprise,2024-09-30,2025-09-30,,69768.37,219,active
SUB003881,CUS003182,Basic,2023-11-20,2024-11-19,,670.68,13,active
SUB003882,CUS001373,Enterprise,2021-06-18,2022-06-18,2021-10-30,68665.19,231,cancelled
SUB003883,CUS001680,Basic,2024-09-07,2025-09-07,,507.05,10,active
SUB003884,CUS003586,Professional,2024-02-03,2025-02-02,,1843.41,15,active
SUB003885,CUS004063,Basic,2022-06-23,2023-06-23,,258.59,5,active
SUB003886,CUS004624,Enterprise,2023-12-13,2024-12-12,2024-04-23,120129.05,394,cancelled
SUB003887,CUS003643,Professional,2022-11-13,2023-11-13,,8230.38,62,active
SUB003888,CUS000363,Basic,2024-07-06,2025-07-06,,320.53,7,active
SUB003889,CUS001995,Enterprise,2023-06-26,2024-06-25,,110454.77,363,active
SUB003890,CUS001221,Basic,2024-10-01,2025-10-01,,313.43,6,active
SUB003891,CUS001322,Professional,2024-09-26,2025-09-26,,10312.59,79,active
SUB003892,CUS004742,Basic,2024-06-17,2025-06-17,,391.39,8,active
SUB003893,CUS004315,Basic,2022-02-13,2023-02-13,,145.93,3,active
SUB003894,CUS004796,Professional,2022-06-12,2023-06-12,,1259.63,10,active
SUB003895,CUS003673,Enterprise,2024-05-26,2025-05-26,,27641.22,92,active
SUB003896,CUS002777,Professional,2024-05-05,2025-05-05,,8908.45,72,active
SUB003897,CUS003919,Enterprise,2024-09-10,2025-09-10,,75753.09,249,active
SUB003898,CUS003135,Basic,2024-02-16,2025-02-15,,254.94,5,active
SUB003899,CUS001390,Professional,2024-08-17,2025-08-17,,9419.08,74,active
SUB003900,CUS002274,Basic,2024-08-30,2025-08-30,,149.23,3,active
SUB003901,CUS004636,Basic,2023-03-02,2024-03-01,,391.81,8,active
SUB003902,CUS000545,Professional,2024-09-20,2025-09-20,,8253.55,63,active
SUB003903,CUS002013,Professional,2023-05-25,2024-05-24,,3333.4,25,active
SUB003904,CUS000324,Basic,2022-09-25,2023-09-25,,99.59,2,active
SUB003905,CUS003096,Enterprise,2023-12-09,2024-12-08,,53375.23,173,active
SUB003906,CUS004496,Basic,2024-08-28,2025-08-28,,149.94,3,active
SUB003907,CUS003361,Professional,2024-08-09,2025-08-09,,9851.13,74,active
SUB003908,CUS001429,Basic,2022-06-30,2023-06-30,,545.91,11,active
SUB003909,CUS000038,Basic,2023-11-19,2024-11-18,,397.23,8,active
SUB003910,CUS002044,Basic,2024-10-28,2025-10-28,,100.54,2,active
SUB003911,CUS000237,Basic,2022-04-16,2023-04-16,,97.92,2,active
SUB003912,CUS000819,Basic,2023-05-26,2024-05-25,2023-08-28,349.0,7,cancelled
SUB003913,CUS002034,Professional,2024-02-01,2025-01-31,,5008.05,40,active
SUB003914,CUS004676,Basic,2024-06-27,2025-06-27,,137.93,3,active
SUB003915,CUS000883,Professional,2022-09-14,2023-09-14,,8556.29,66,active
SUB003916,CUS002278,Enterprise,2022-10-26,2023-10-26,,63181.19,217,active
SUB003917,CUS003687,Basic,2024-08-23,2025-08-23,,785.92,15,active
SUB003918,CUS001387,Basic,2024-02-29,2025-02-28,,286.26,6,active
SUB003919,CUS002281,Basic,2024-07-26,2025-07-26,,251.96,5,active
SUB003920,CUS000706,Professional,2022-11-04,2023-11-04,,8063.92,64,active
SUB003921,CUS000829,Professional,2021-10-30,2022-10-30,,5163.86,40,active
SUB003922,CUS000799,Professional,2024-06-13,2025-06-13,,8939.38,72,active
SUB003923,CUS001015,Professional,2024-07-30,2025-07-30,,3835.89,31,active
SUB003924,CUS004563,Professional,2024-10-17,2025-10-17,,8090.33,62,active
SUB003925,CUS000814,Professional,2024-03-26,2025-03-26,2024-09-30,5096.22,40,cancelled
SUB003926,CUS000646,Professional,2024-03-30,2025-03-30,,2253.35,17,active
SUB003927,CUS004614,Professional,2023-05-02,2024-05-01,,4179.76,31,active
SUB003928,CUS001946,Professional,2024-09-12,2025-09-12,,8295.91,68,active
SUB003929,CUS004182,Basic,2023-12-31,2024-12-30,,559.61,11,active
SUB003930,CUS001292,Enterprise,2021-12-10,2022-12-10,,73101.8,253,active
SUB003931,CUS002012,Enterprise,2024-01-18,2025-01-17,,18026.39,61,active
SUB003932,CUS002634,Professional,2024-10-13,2025-10-13,,4661.48,38,active
SUB003933,CUS003054,Professional,2022-06-26,2023-06-26,,2947.33,24,active
SUB003934,CUS001017,Basic,2022-10-16,2023-10-16,,136.99,3,active
SUB003935,CUS001439,Enterprise,2023-08-22,2024-08-21,,103463.24,351,active
SUB003936,CUS004682,Professional,2023-11-08,2024-11-07,,4007.57,31,active
SUB003937,CUS004170,Professional,2024-06-29,2025-06-29,,1909.84,15,active
SUB003938,CUS004641,Basic,2023-02-08,2024-02-08,2023-09-21,597.08,13,cancelled
SUB003939,CUS003065,Basic,2024-09-21,2025-09-21,,228.22,5,active
SUB003940,CUS003192,Enterprise,2024-03-24,2025-03-24,,79861.26,267,active
SUB003941,CUS002569,Enterprise,2024-03-15,2025-03-15,,93713.44,305,active
SUB003942,CUS001584,Professional,2024-04-12,2025-04-12,,4814.39,37,active
SUB003943,CUS001706,Basic,2023-08-08,2024-08-07,,313.22,6,active
SUB003944,CUS000164,Professional,2022-07-21,2023-07-21,2023-10-17,9533.26,74,cancelled
SUB003945,CUS000922,Basic,2024-10-12,2025-10-12,,148.62,3,active
SUB003946,CUS001831,Professional,2021-01-07,2022-01-07,,9667.88,75,active
SUB003947,CUS001227,Basic,2023-07-09,2024-07-08,,238.3,5,active
SUB003948,CUS003880,Professional,2024-04-07,2025-04-07,,2308.65,18,active
SUB003949,CUS000131,Basic,2023-05-09,2024-05-08,2024-07-09,100.88,2,cancelled
SUB003950,CUS002974,Basic,2024-09-02,2025-09-02,,555.56,11,active
SUB003951,CUS003555,Professional,2023-10-13,2024-10-12,,7706.25,59,active
SUB003952,CUS002504,Basic,2024-10-01,2025-10-01,,620.56,12,active
SUB003953,CUS000859,Professional,2024-10-21,2025-10-21,,7339.67,56,active
SUB003954,CUS002274,Professional,2024-09-08,2025-09-08,,6915.19,53,active
SUB003955,CUS000803,Professional,2024-09-27,2025-09-27,,9097.42,67,active
SUB003956,CUS004056,Professional,2024-09-17,2025-09-17,,8804.01,70,active
SUB003957,CUS000966,Professional,2024-07-28,2025-07-28,,6366.04,47,active
SUB003958,CUS003466,Basic,2024-09-23,2025-09-23,,236.65,5,active
SUB003959,CUS002261,Enterprise,2024-08-24,2025-08-24,,63982.67,216,active
SUB003960,CUS001671,Basic,2023-07-16,2024-07-15,,275.1,6,active
SUB003961,CUS000881,Basic,2022-07-27,2023-07-27,,395.45,8,active
SUB003962,CUS004928,Basic,2022-09-25,2023-09-25,,102.55,2,active
SUB003963,CUS001212,Professional,2024-09-23,2025-09-23,,5240.16,42,active
SUB003964,CUS003113,Professional,2024-09-14,2025-09-14,,3703.97,29,active
SUB003965,CUS001666,Basic,2023-07-12,2024-07-11,,583.44,12,active
SUB003966,CUS003072,Professional,2022-05-11,2023-05-11,,3328.75,26,active
SUB003967,CUS003100,Professional,2023-11-24,2024-11-23,,8947.36,72,active
SUB003968,CUS000518,Basic,2022-10-22,2023-10-22,,588.77,12,active
SUB003969,CUS003238,Professional,2022-10-30,2023-10-30,,5035.28,37,active
SUB003970,CUS002758,Basic,2023-08-07,2024-08-06,,577.69,12,active
SUB003971,CUS000541,Enterprise,2024-01-29,2025-01-28,,19290.19,64,active
SUB003972,CUS002974,Basic,2024-09-21,2025-09-21,,641.95,13,active
SUB003973,CUS004179,Professional,2024-04-30,2025-04-30,,1780.99,14,active
SUB003974,CUS000347,Professional,2024-10-25,2025-10-25,,2865.64,22,active
SUB003975,CUS001120,Basic,2024-06-22,2025-06-22,,290.08,6,active
SUB003976,CUS003837,Professional,2024-03-17,2025-03-17,,6020.74,46,active
SUB003977,CUS002583,Basic,2021-12-24,2022-12-24,,391.03,8,active
SUB003978,CUS000638,Professional,2024-10-15,2025-10-15,,4660.81,38,active
SUB003979,CUS000930,Professional,2024-10-29,2025-10-29,,8219.65,68,active
SUB003980,CUS001792,Basic,2024-09-15,2025-09-15,,408.0,9,active
SUB003981,CUS003738,Basic,2021-05-04,2022-05-04,,627.86,13,active
SUB003982,CUS001230,Basic,2022-12-27,2023-12-27,,756.37,15,active
SUB003983,CUS004849,Professional,2024-10-05,2025-10-05,,3268.3,26,active
SUB003984,CUS004174,Basic,2024-10-01,2025-10-01,,291.46,6,active
SUB003985,CUS004194,Basic,2024-03-08,2025-03-08,,526.67,11,active
SUB003986,CUS002119,Basic,2024-04-18,2025-04-18,,95.14,2,active
SUB003987,CUS002843,Professional,2024-08-08,2025-08-08,,5835.68,42,active
SUB003988,CUS001787,Professional,2024-08-25,2025-08-25,2024-12-02,7273.01,58,cancelled
SUB003989,CUS001759,Professional,2022-07-25,2023-07-25,,5038.68,41,active
SUB003990,CUS004090,Professional,2022-07-15,2023-07-15,,8122.36,65,active
SUB003991,CUS002608,Basic,2024-10-15,2025-10-15,,687.79,14,active
SUB003992,CUS003207,Basic,2024-10-23,2025-10-23,,528.18,11,active
SUB003993,CUS000391,Enterprise,2022-08-13,2023-08-13,,35031.1,116,active
SUB003994,CUS004881,Basic,2024-06-21,2025-06-21,,525.22,11,active
SUB003995,CUS003649,Basic,2022-05-06,2023-05-06,,575.9,12,active
SUB003996,CUS003306,Basic,2024-01-11,2025-01-10,,191.15,4,active
SUB003997,CUS004114,Basic,2022-02-26,2023-02-26,,97.69,2,active
SUB003998,CUS001484,Professional,2023-11-09,2024-11-08,,3305.54,25,active
SUB003999,CUS004319,Professional,2024-09-11,2025-09-11,,1725.08,13,active
SUB004000,CUS004248,Basic,2024-08-06,2025-08-06,,565.55,11,active
SUB004001,CUS000268,Professional,2024-05-20,2025-05-20,,8861.33,72,active
SUB004002,CUS001778,Professional,2022-05-30,2023-05-30,,1243.05,10,active
SUB004003,CUS002840,Professional,2024-07-22,2025-07-22,,7616.0,61,active
SUB004004,CUS001894,Professional,2024-10-14,2025-10-14,,2837.67,22,active
SUB004005,CUS002022,Enterprise,2023-04-30,2024-04-29,,35102.79,122,active
SUB004006,CUS000293,Basic,2024-08-09,2025-08-09,,382.55,8,active
SUB004007,CUS003867,Professional,2023-09-09,2024-09-08,,5811.97,44,active
SUB004008,CUS000297,Enterprise,2023-11-02,2024-11-01,2024-06-06,120046.77,387,expired
SUB004009,CUS001107,Enterprise,2023-07-26,2024-07-25,,79931.89,261,active
SUB004010,CUS000289,Basic,2023-07-19,2024-07-18,,693.7,14,active
SUB004011,CUS004126,Professional,2024-01-17,2025-01-16,,3528.23,28,active
SUB004012,CUS000644,Basic,2024-04-28,2025-04-28,2024-09-21,490.36,10,cancelled
SUB004013,CUS001044,Enterprise,2023-11-27,2024-11-26,,95146.86,306,active
SUB004014,CUS000952,Basic,2021-06-08,2022-06-08,,501.35,10,active
SUB004015,CUS003470,Basic,2024-05-15,2025-05-15,,303.1,6,active
SUB004016,CUS004299,Professional,2024-06-05,2025-06-05,,9597.04,72,active
SUB004017,CUS000143,Professional,2023-05-20,2024-05-19,,2167.83,17,active
SUB004018,CUS002787,Professional,2024-04-19,2025-04-19,,9230.29,70,active
SUB004019,CUS002085,Professional,2021-06-26,2022-06-26,,6236.98,49,active
SUB004020,CUS003354,Enterprise,2023-11-27,2024-11-26,,81495.99,267,active
SUB004021,CUS003982,Basic,2024-07-31,2025-07-31,,102.21,2,active
SUB004022,CUS001878,Basic,2022-05-01,2023-05-01,,568.31,11,active
SUB004023,CUS002404,Basic,2021-05-23,2022-05-23,,300.12,6,active
SUB004024,CUS000544,Professional,2024-05-05,2025-05-05,,4184.91,32,active
SUB004025,CUS004140,Professional,2023-06-26,2024-06-25,,7439.61,55,active
SUB004026,CUS001527,Professional,2024-08-17,2025-08-17,,5754.44,46,active
SUB004027,CUS001348,Enterprise,2024-02-28,2025-02-27,,19476.1,62,active
SUB004028,CUS000148,Basic,2024-05-07,2025-05-07,,98.45,2,active
SUB004029,CUS004782,Basic,2022-11-12,2023-11-12,,689.31,14,active
SUB004030,CUS003681,Basic,2023-02-07,2024-02-07,,675.17,14,active
SUB004031,CUS002654,Basic,2024-07-02,2025-07-02,,704.82,15,active
SUB004032,CUS003785,Professional,2023-05-23,2024-05-22,,9630.74,71,active
SUB004033,CUS001675,Basic,2021-09-16,2022-09-16,,646.01,13,active
SUB004034,CUS003967,Basic,2021-04-16,2022-04-16,2022-08-02,386.93,8,cancelled
SUB004035,CUS004605,Basic,2024-10-31,2025-10-31,,248.0,5,active
SUB004036,CUS000954,Basic,2024-08-23,2025-08-23,,338.96,7,active
SUB004037,CUS003425,Enterprise,2024-10-12,2025-10-12,,100092.71,356,active
SUB004038,CUS003557,Basic,2024-01-18,2025-01-17,,486.95,10,active
SUB004039,CUS004690,Professional,2024-06-06,2025-06-06,,6990.91,57,active
SUB004040,CUS003018,Basic,2024-06-14,2025-06-14,,197.63,4,active
SUB004041,CUS001203,Enterprise,2024-05-19,2025-05-19,,109827.56,348,active
SUB004042,CUS003010,Professional,2024-08-07,2025-08-07,,6053.01,48,active
SUB004043,CUS001878,Basic,2022-08-15,2023-08-15,,553.92,11,active
SUB004044,CUS004878,Professional,2024-05-09,2025-05-09,,4035.55,32,active
SUB004045,CUS000589,Basic,2024-09-21,2025-09-21,,636.54,13,active
SUB004046,CUS003417,Enterprise,2021-11-28,2022-11-28,,53905.06,186,active
SUB004047,CUS000825,Basic,2024-04-06,2025-04-06,,400.5,8,active
SUB004048,CUS004953,Professional,2023-12-11,2024-12-10,,7564.44,56,active
SUB004049,CUS004236,Professional,2024-09-21,2025-09-21,,9480.43,73,active
SUB004050,CUS001746,Basic,2024-10-03,2025-10-03,,449.27,9,active
SUB004051,CUS001268,Professional,2023-02-25,2024-02-25,,1576.91,12,active
SUB004052,CUS000466,Basic,2023-01-12,2024-01-12,,485.74,10,active
SUB004053,CUS002476,Professional,2023-09-29,2024-09-28,2024-10-31,7149.85,53,expired
SUB004054,CUS000886,Basic,2024-10-13,2025-10-13,,529.23,11,active
SUB004055,CUS000945,Basic,2024-07-08,2025-07-08,,324.12,7,active
SUB004056,CUS004720,Basic,2024-10-23,2025-10-23,,474.2,10,active
SUB004057,CUS001852,Enterprise,2021-03-26,2022-03-26,,47038.33,154,active
SUB004058,CUS001752,Basic,2024-09-16,2025-09-16,,580.04,12,active
SUB004059,CUS003007,Professional,2024-04-01,2025-04-01,,6341.53,49,active
SUB004060,CUS000500,Professional,2024-07-15,2025-07-15,,8187.07,64,active
SUB004061,CUS002883,Enterprise,2021-12-23,2022-12-23,,107117.91,356,active
SUB004062,CUS001422,Professional,2024-01-10,2025-01-09,,5491.4,41,active
SUB004063,CUS004826,Basic,2024-09-13,2025-09-13,,516.16,10,active
SUB004064,CUS002954,Professional,2024-08-03,2025-08-03,,6355.8,51,active
SUB004065,CUS000801,Basic,2023-08-04,2024-08-03,2024-01-08,455.39,9,cancelled
SUB004066,CUS004858,Professional,2024-10-31,2025-10-31,,4546.09,35,active
SUB004067,CUS004184,Enterprise,2022-05-31,2023-05-31,,62105.24,217,active
SUB004068,CUS004966,Basic,2022-10-07,2023-10-07,,249.24,5,active
SUB004069,CUS004179,Enterprise,2023-09-22,2024-09-21,,105371.97,331,active
SUB004070,CUS000615,Professional,2022-01-27,2023-01-27,,8042.73,64,active
SUB004071,CUS002312,Professional,2021-08-17,2022-08-17,,4222.92,33,active
SUB004072,CUS000808,Enterprise,2023-12-31,2024-12-30,,69137.57,245,active
SUB004073,CUS000009,Professional,2023-07-15,2024-07-14,2024-08-13,2697.93,21,cancelled
SUB004074,CUS002720,Basic,2024-02-18,2025-02-17,,591.3,12,active
SUB004075,CUS000747,Basic,2024-07-08,2025-07-08,,733.39,14,active
SUB004076,CUS001370,Professional,2023-10-16,2024-10-15,,5615.17,45,active
SUB004077,CUS003713,Professional,2024-02-16,2025-02-15,,6534.25,49,active
SUB004078,CUS004515,Professional,2024-03-24,2025-03-24,,5735.73,44,active
SUB004079,CUS002277,Professional,2023-01-06,2024-01-06,,4589.87,33,active
SUB004080,CUS004714,Professional,2024-10-21,2025-10-21,,1427.7,11,active
SUB004081,CUS004133,Professional,2023-07-18,2024-07-17,,1673.98,13,active
SUB004082,CUS003185,Professional,2024-01-27,2025-01-26,,5711.37,43,active
SUB004083,CUS000587,Enterprise,2024-05-20,2025-05-20,,63864.4,210,active
SUB004084,CUS003620,Basic,2024-05-31,2025-05-31,,759.07,15,active
SUB004085,CUS004374,Enterprise,2022-11-22,2023-11-22,,92071.8,302,active
SUB004086,CUS002303,Enterprise,2024-07-13,2025-07-13,2024-10-23,50757.1,179,expired
SUB004087,CUS004020,Professional,2023-07-09,2024-07-08,,9983.16,76,active
SUB004088,CUS002712,Enterprise,2023-05-02,2024-05-01,,125947.34,414,active
SUB004089,CUS001236,Professional,2024-08-09,2025-08-09,,8293.58,66,active
SUB004090,CUS002976,Professional,2024-10-19,2025-10-19,,2475.84,19,active
SUB004091,CUS002595,Professional,2024-09-05,2025-09-05,,5914.84,49,active
SUB004092,CUS004158,Professional,2021-05-25,2022-05-25,,3253.82,25,active
SUB004093,CUS004041,Basic,2024-10-07,2025-10-07,,200.7,4,active
SUB004094,CUS001663,Professional,2023-05-13,2024-05-12,2024-02-16,8533.26,64,expired
SUB004095,CUS001261,Enterprise,2023-08-24,2024-08-23,,25732.0,84,active
SUB004096,CUS000150,Professional,2023-08-09,2024-08-08,,1749.98,14,active
SUB004097,CUS000366,Enterprise,2022-09-03,2023-09-03,,77440.49,273,active
SUB004098,CUS001773,Basic,2022-07-26,2023-07-26,,607.37,12,active
SUB004099,CUS003759,Basic,2023-07-22,2024-07-21,,546.64,11,active
SUB004100,CUS000027,Basic,2022-05-05,2023-05-05,,498.46,10,active
SUB004101,CUS002052,Professional,2024-03-30,2025-03-30,,4507.5,33,active
SUB004102,CUS004667,Enterprise,2023-09-01,2024-08-31,,23985.33,85,active
SUB004103,CUS000821,Basic,2023-11-06,2024-11-05,,156.28,3,active
SUB004104,CUS000390,Enterprise,2023-04-28,2024-04-27,,108453.26,370,active
SUB004105,CUS002754,Professional,2024-08-16,2025-08-16,,9157.99,69,active
SUB004106,CUS002763,Basic,2023-02-01,2024-02-01,2023-05-03,391.82,8,cancelled
SUB004107,CUS000075,Enterprise,2024-10-19,2025-10-19,,57008.84,193,active
SUB004108,CUS004407,Basic,2023-06-20,2024-06-19,,185.65,4,active
SUB004109,CUS002752,Basic,2022-01-05,2023-01-05,,143.54,3,active
SUB004110,CUS001616,Basic,2023-10-31,2024-10-30,,547.81,11,active
SUB004111,CUS003211,Professional,2024-01-02,2025-01-01,2024-07-24,7836.18,60,cancelled
SUB004112,CUS003332,Basic,2024-03-18,2025-03-18,,759.49,15,active
SUB004113,CUS001921,Basic,2023-10-27,2024-10-26,,717.21,15,active
SUB004114,CUS003467,Basic,2023-09-07,2024-09-06,,754.21,15,active
SUB004115,CUS001177,Professional,2023-06-13,2024-06-12,,9568.1,74,active
SUB004116,CUS004807,Basic,2022-04-23,2023-04-23,,350.6,7,active
SUB004117,CUS000159,Professional,2023-05-21,2024-05-20,2024-05-29,7353.75,56,cancelled
SUB004118,CUS002716,Professional,2024-07-02,2025-07-02,,2283.68,18,active
SUB004119,CUS004078,Professional,2024-10-30,2025-10-30,,4424.72,34,active
SUB004120,CUS003527,Basic,2024-10-04,2025-10-04,,647.28,13,active
SUB004121,CUS000579,Enterprise,2023-09-29,2024-09-28,,125964.52,410,active
SUB004122,CUS003700,Basic,2024-02-23,2025-02-22,,103.16,2,active
SUB004123,CUS004630,Professional,2024-04-17,2025-04-17,,2901.12,23,active
SUB004124,CUS004755,Professional,2024-01-01,2024-12-31,,2474.68,20,active
SUB004125,CUS001368,Basic,2024-08-17,2025-08-17,,665.69,13,active
SUB004126,CUS004637,Basic,2023-03-11,2024-03-10,,280.76,6,active
SUB004127,CUS003834,Basic,2024-05-25,2025-05-25,,253.86,5,active
SUB004128,CUS001871,Basic,2024-05-30,2025-05-30,,237.2,5,active
SUB004129,CUS003718,Basic,2024-02-11,2025-02-10,,575.04,12,active
SUB004130,CUS003602,Basic,2024-03-14,2025-03-14,,635.24,13,active
SUB004131,CUS001591,Professional,2022-07-15,2023-07-15,,3550.96,29,active
SUB004132,CUS001806,Basic,2023-05-06,2024-05-05,,94.67,2,active
SUB004133,CUS002836,Basic,2024-06-09,2025-06-09,,230.65,5,active
SUB004134,CUS003602,Professional,2024-03-20,2025-03-20,,2376.39,18,active
SUB004135,CUS000365,Enterprise,2024-06-19,2025-06-19,,101319.87,339,active
SUB004136,CUS004522,Professional,2022-09-13,2023-09-13,,8518.3,66,active
SUB004137,CUS001294,Enterprise,2024-05-12,2025-05-12,,52213.12,175,active
SUB004138,CUS004554,Basic,2024-08-05,2025-08-05,,734.55,15,active
SUB004139,CUS003799,Basic,2024-09-08,2025-09-08,,337.21,7,active
SUB004140,CUS003355,Professional,2024-07-27,2025-07-27,,1333.18,10,active
SUB004141,CUS002290,Professional,2021-09-06,2022-09-06,,2904.94,24,active
SUB004142,CUS003554,Professional,2023-02-18,2024-02-18,,1592.32,13,active
SUB004143,CUS001147,Professional,2023-08-14,2024-08-13,,5135.03,38,active
SUB004144,CUS001391,Basic,2024-07-31,2025-07-31,,395.66,8,active
SUB004145,CUS001099,Basic,2023-05-13,2024-05-12,,409.75,9,active
SUB004146,CUS000582,Basic,2023-09-25,2024-09-24,,297.29,6,active
SUB004147,CUS003341,Enterprise,2022-07-21,2023-07-21,,83862.56,297,active
SUB004148,CUS002408,Basic,2024-02-23,2025-02-22,,563.53,11,active
SUB004149,CUS001048,Basic,2024-03-23,2025-03-23,,202.31,4,active
SUB004150,CUS004068,Professional,2021-10-30,2022-10-30,,4707.95,34,active
SUB004151,CUS000092,Professional,2022-08-06,2023-08-06,2024-04-16,5361.3,42,cancelled
SUB004152,CUS001330,Enterprise,2021-06-23,2022-06-23,,93322.14,326,active
SUB004153,CUS002517,Basic,2024-03-07,2025-03-07,,384.58,8,active
SUB004154,CUS004202,Enterprise,2023-05-10,2024-05-09,,22605.85,77,active
SUB004155,CUS000976,Basic,2022-06-04,2023-06-04,,148.98,3,active
SUB004156,CUS002469,Basic,2023-11-03,2024-11-02,,412.73,9,active
SUB004157,CUS001692,Basic,2024-08-19,2025-08-19,,489.91,10,active
SUB004158,CUS002137,Professional,2021-09-21,2022-09-21,,1990.72,16,active
SUB004159,CUS000064,Basic,2024-02-28,2025-02-27,,288.72,6,active
SUB004160,CUS001698,Basic,2024-06-16,2025-06-16,,667.83,13,active
SUB004161,CUS002465,Enterprise,2023-12-28,2024-12-27,,44257.52,143,active
SUB004162,CUS004044,Basic,2022-08-27,2023-08-27,,452.26,9,active
SUB004163,CUS000825,Professional,2024-07-23,2025-07-23,,1846.23,14,active
SUB004164,CUS003844,Enterprise,2023-07-15,2024-07-14,,112864.59,381,active
SUB004165,CUS003367,Basic,2024-09-28,2025-09-28,,391.33,8,active
SUB004166,CUS000385,Basic,2024-10-22,2025-10-22,,324.12,7,active
SUB004167,CUS000547,Enterprise,2023-12-27,2024-12-26,2024-05-17,104994.15,367,cancelled
SUB004168,CUS001807,Professional,2023-06-23,2024-06-22,,7126.47,55,active
SUB004169,CUS000467,Basic,2023-09-17,2024-09-16,,564.95,12,active
SUB004170,CUS002540,Basic,2022-04-07,2023-04-07,,501.83,10,active
SUB004171,CUS001175,Basic,2023-02-08,2024-02-08,2023-11-17,195.66,4,cancelled
SUB004172,CUS004257,Professional,2024-04-06,2025-04-06,,4340.32,34,active
SUB004173,CUS001618,Enterprise,2023-09-29,2024-09-28,,112377.32,384,active
SUB004174,CUS002361,Professional,2024-07-07,2025-07-07,,4979.34,38,active
SUB004175,CUS001389,Enterprise,2023-11-06,2024-11-05,,85706.15,280,active
SUB004176,CUS000913,Enterprise,2024-10-16,2025-10-16,,88964.98,307,active
SUB004177,CUS004958,Enterprise,2024-09-30,2025-09-30,,69268.92,236,active
SUB004178,CUS004836,Basic,2021-12-26,2022-12-26,,194.71,4,active
SUB004179,CUS001982,Enterprise,2022-12-22,2023-12-22,,83148.74,275,active
SUB004180,CUS002682,Professional,2023-10-11,2024-10-10,,3129.41,24,active
SUB004181,CUS002607,Professional,2024-01-06,2025-01-05,2024-04-16,6169.85,48,cancelled
SUB004182,CUS002307,Basic,2024-05-22,2025-05-22,,451.93,9,active
SUB004183,CUS003084,Professional,2024-01-29,2025-01-28,,3980.0,31,active
SUB004184,CUS000183,Professional,2023-12-01,2024-11-30,,7975.11,65,active
SUB004185,CUS002186,Basic,2024-01-30,2025-01-29,,769.4,15,active
SUB004186,CUS000993,Professional,2023-04-26,2024-04-25,,7204.92,54,active
SUB004187,CUS001111,Basic,2023-06-08,2024-06-07,,93.28,2,active
SUB004188,CUS001815,Basic,2023-05-11,2024-05-10,,690.29,14,active
SUB004189,CUS001796,Professional,2024-07-03,2025-07-03,,6743.6,50,active
SUB004190,CUS004661,Basic,2023-07-16,2024-07-15,,484.78,10,active
SUB004191,CUS004842,Professional,2021-07-14,2022-07-14,2022-11-23,7816.55,59,cancelled
SUB004192,CUS002161,Basic,2023-04-25,2024-04-24,,509.05,10,active
SUB004193,CUS004069,Professional,2021-11-07,2022-11-07,,4687.59,36,active
SUB004194,CUS002672,Basic,2022-03-11,2023-03-11,,579.43,11,active
SUB004195,CUS001818,Professional,2023-12-29,2024-12-28,,3958.02,30,active
SUB004196,CUS002616,Professional,2024-07-25,2025-07-25,,1424.07,11,active
SUB004197,CUS003805,Professional,2022-05-01,2023-05-01,,8464.22,66,active
SUB004198,CUS000966,Basic,2024-02-08,2025-02-07,,440.27,9,active
SUB004199,CUS002242,Basic,2024-07-18,2025-07-18,,528.35,11,active
SUB004200,CUS001397,Professional,2023-05-04,2024-05-03,,6198.63,50,active
SUB004201,CUS001629,Basic,2024-05-17,2025-05-17,,379.66,8,active
SUB004202,CUS004964,Enterprise,2024-09-19,2025-09-19,,99070.42,333,active
SUB004203,CUS004067,Basic,2023-04-25,2024-04-24,,453.4,9,active
SUB004204,CUS000678,Enterprise,2023-02-11,2024-02-11,,57761.67,191,active
SUB004205,CUS000585,Professional,2023-12-03,2024-12-02,,9083.42,70,active
SUB004206,CUS004148,Basic,2022-12-03,2023-12-03,,631.64,12,active
SUB004207,CUS000279,Professional,2024-08-13,2025-08-13,,4917.53,36,active
SUB004208,CUS003711,Basic,2023-07-14,2024-07-13,,332.05,7,active
SUB004209,CUS001140,Professional,2024-10-02,2025-10-02,,2775.79,21,active
SUB004210,CUS004591,Professional,2024-06-04,2025-06-04,,8902.04,72,active
SUB004211,CUS001022,Enterprise,2022-11-09,2023-11-09,,107441.6,356,active
SUB004212,CUS002243,Professional,2023-08-13,2024-08-12,,1228.01,10,active
SUB004213,CUS003191,Basic,2024-05-30,2025-05-30,,383.67,8,active
SUB004214,CUS004019,Professional,2021-02-12,2022-02-12,,4349.96,33,active
SUB004215,CUS003789,Basic,2024-09-28,2025-09-28,,241.1,5,active
SUB004216,CUS002174,Professional,2023-09-09,2024-09-08,,8937.28,72,active
SUB004217,CUS000639,Basic,2021-04-28,2022-04-28,,526.03,11,active
SUB004218,CUS002530,Basic,2023-03-21,2024-03-20,,284.29,6,active
SUB004219,CUS000306,Basic,2024-07-12,2025-07-12,,646.2,13,active
SUB004220,CUS003254,Professional,2023-12-01,2024-11-30,,1747.59,13,active
SUB004221,CUS000711,Enterprise,2024-03-29,2025-03-29,,62950.92,212,active
SUB004222,CUS004128,Enterprise,2023-12-15,2024-12-14,,87665.99,283,active
SUB004223,CUS002226,Professional,2024-08-06,2025-08-06,,8722.41,69,active
SUB004224,CUS000593,Professional,2023-07-21,2024-07-20,,5398.82,42,active
SUB004225,CUS002791,Enterprise,2022-08-09,2023-08-09,,108007.37,340,active
SUB004226,CUS000676,Enterprise,2024-09-17,2025-09-17,,107564.26,362,active
SUB004227,CUS004199,Basic,2024-01-25,2025-01-24,,762.52,15,active
SUB004228,CUS002537,Basic,2022-08-03,2023-08-03,,716.48,15,active
SUB004229,CUS003120,Basic,2024-04-10,2025-04-10,,195.86,4,active
SUB004230,CUS001060,Enterprise,2024-02-09,2025-02-08,,105856.95,365,active
SUB004231,CUS002177,Basic,2023-11-04,2024-11-03,,245.57,5,active
SUB004232,CUS002034,Basic,2023-04-19,2024-04-18,,197.64,4,active
SUB004233,CUS003409,Enterprise,2024-10-30,2025-10-30,,36830.2,120,active
SUB004234,CUS003162,Basic,2023-11-30,2024-11-29,,528.07,11,active
SUB004235,CUS003275,Enterprise,2023-03-24,2024-03-23,,23779.99,80,active
SUB004236,CUS001088,Professional,2024-07-29,2025-07-29,,7524.55,56,active
SUB004237,CUS003458,Enterprise,2023-09-26,2024-09-25,,44670.32,156,active
SUB004238,CUS002379,Professional,2024-09-28,2025-09-28,,8247.72,70,active
SUB004239,CUS004775,Basic,2023-11-17,2024-11-16,,95.76,2,active
SUB004240,CUS001508,Basic,2023-06-14,2024-06-13,,600.56,12,active
SUB004241,CUS004398,Enterprise,2023-03-11,2024-03-10,,31486.08,105,active
SUB004242,CUS004548,Basic,2022-05-08,2023-05-08,,284.16,6,active
SUB004243,CUS001200,Professional,2024-10-22,2025-10-22,,3233.06,25,active
SUB004244,CUS004393,Professional,2024-03-28,2025-03-28,,7131.29,56,active
SUB004245,CUS002147,Basic,2022-04-28,2023-04-28,,277.89,6,active
SUB004246,CUS000712,Professional,2024-07-13,2025-07-13,,8157.65,64,active
SUB004247,CUS004930,Basic,2024-02-29,2025-02-28,,502.77,10,active
SUB004248,CUS004617,Basic,2024-08-23,2025-08-23,,533.76,11,active
SUB004249,CUS001105,Professional,2022-08-15,2023-08-15,,1466.03,12,active
SUB004250,CUS001444,Basic,2022-08-12,2023-08-12,,311.76,6,active
SUB004251,CUS000067,Professional,2024-08-06,2025-08-06,,6848.36,55,active
SUB004252,CUS004689,Basic,2023-02-10,2024-02-10,2023-06-04,546.03,11,cancelled
SUB004253,CUS004031,Professional,2023-12-08,2024-12-07,,5841.91,44,active
SUB004254,CUS003369,Basic,2023-08-06,2024-08-05,,745.85,15,active
SUB004255,CUS004262,Basic,2024-06-27,2025-06-27,,291.61,6,active
SUB004256,CUS003756,Basic,2022-09-15,2023-09-15,,596.5,13,active
SUB004257,CUS004498,Basic,2023-10-06,2024-10-05,,612.13,12,active
SUB004258,CUS000858,Professional,2022-06-05,2023-06-05,,7918.9,64,active
SUB004259,CUS004359,Enterprise,2023-05-28,2024-05-27,,25043.03,81,active
SUB004260,CUS000184,Professional,2023-02-26,2024-02-26,2024-03-01,7102.83,53,cancelled
SUB004261,CUS002687,Basic,2022-09-23,2023-09-23,,609.77,13,active
SUB004262,CUS001989,Basic,2024-10-21,2025-10-21,,234.4,5,active
SUB004263,CUS001157,Basic,2022-01-24,2023-01-24,2023-01-10,434.93,9,cancelled
SUB004264,CUS000955,Basic,2022-04-20,2023-04-20,,252.89,5,active
SUB004265,CUS004593,Enterprise,2024-07-05,2025-07-05,,114463.41,391,active
SUB004266,CUS003831,Basic,2024-03-18,2025-03-18,,344.13,7,active
SUB004267,CUS002979,Enterprise,2021-04-10,2022-04-10,,27905.85,95,active
SUB004268,CUS004357,Professional,2024-10-06,2025-10-06,,7422.65,56,active
SUB004269,CUS002927,Basic,2023-05-10,2024-05-09,,335.38,7,active
SUB004270,CUS001895,Basic,2024-10-03,2025-10-03,,716.46,15,active
SUB004271,CUS002844,Professional,2022-04-28,2023-04-28,,3730.15,30,active
SUB004272,CUS000140,Professional,2022-04-24,2023-04-24,2023-04-23,5340.56,43,cancelled
SUB004273,CUS002449,Basic,2021-10-24,2022-10-24,,762.37,15,active
SUB004274,CUS004884,Enterprise,2023-05-27,2024-05-26,,48126.65,163,active
SUB004275,CUS003686,Basic,2024-06-25,2025-06-25,,378.95,8,active
SUB004276,CUS001350,Basic,2024-09-09,2025-09-09,,322.94,7,active
SUB004277,CUS004600,Professional,2023-02-18,2024-02-18,,8177.85,64,active
SUB004278,CUS004151,Basic,2024-09-25,2025-09-25,,190.37,4,active
SUB004279,CUS001432,Professional,2022-11-14,2023-11-14,,2737.62,22,active
SUB004280,CUS003648,Basic,2023-12-21,2024-12-20,,286.03,6,active
SUB004281,CUS004557,Professional,2022-12-16,2023-12-16,,9457.14,73,active
SUB004282,CUS001672,Basic,2023-04-15,2024-04-14,2023-08-02,705.13,15,expired
SUB004283,CUS000888,Basic,2023-11-06,2024-11-05,,581.7,12,active
SUB004284,CUS001713,Basic,2023-12-27,2024-12-26,2024-06-21,303.11,6,cancelled
SUB004285,CUS004417,Basic,2024-04-12,2025-04-12,2024-08-08,576.61,12,expired
SUB004286,CUS003649,Basic,2023-06-07,2024-06-06,,424.58,9,active
SUB004287,CUS001362,Professional,2022-08-29,2023-08-29,,2140.23,16,active
SUB004288,CUS001857,Basic,2024-06-18,2025-06-18,2024-10-08,488.49,10,cancelled
SUB004289,CUS002627,Enterprise,2024-01-07,2025-01-06,,118571.79,399,active
SUB004290,CUS001010,Enterprise,2024-07-18,2025-07-18,,86160.23,283,active
SUB004291,CUS003112,Basic,2023-11-14,2024-11-13,2024-04-08,439.67,9,expired
SUB004292,CUS003250,Professional,2024-06-02,2025-06-02,,5172.62,40,active
SUB004293,CUS003009,Professional,2024-05-31,2025-05-31,,5607.72,46,active
SUB004294,CUS000848,Basic,2021-09-13,2022-09-13,,190.24,4,active
SUB004295,CUS000990,Basic,2024-10-17,2025-10-17,,626.33,12,active
SUB004296,CUS004258,Professional,2024-01-31,2025-01-30,,7458.19,60,active
SUB004297,CUS001076,Professional,2024-09-26,2025-09-26,,8275.84,64,active
SUB004298,CUS003755,Basic,2023-09-27,2024-09-26,,415.9,8,active
SUB004299,CUS002834,Professional,2024-01-05,2025-01-04,,3302.52,25,active
SUB004300,CUS001455,Basic,2022-04-16,2023-04-16,,593.98,12,active
SUB004301,CUS004276,Professional,2024-09-03,2025-09-03,,7146.7,57,active
SUB004302,CUS004999,Basic,2023-04-11,2024-04-10,,479.31,10,active
SUB004303,CUS002891,Basic,2023-11-22,2024-11-21,,727.05,15,active
SUB004304,CUS003656,Basic,2023-07-11,2024-07-10,,148.73,3,active
SUB004305,CUS002019,Basic,2021-09-14,2022-09-14,,460.64,9,active
SUB004306,CUS004854,Basic,2023-04-15,2024-04-14,,590.42,12,active
SUB004307,CUS000653,Basic,2023-07-02,2024-07-01,,288.13,6,active
SUB004308,CUS004873,Professional,2024-10-12,2025-10-12,,3471.22,27,active
SUB004309,CUS004165,Basic,2022-02-17,2023-02-17,,149.68,3,active
SUB004310,CUS002958,Basic,2024-01-29,2025-01-28,,694.09,14,active
SUB004311,CUS004349,Professional,2024-06-26,2025-06-26,,2557.54,20,active
SUB004312,CUS004213,Basic,2023-04-11,2024-04-10,,141.24,3,active
SUB004313,CUS001088,Basic,2023-10-05,2024-10-04,,661.01,13,active
SUB004314,CUS003499,Professional,2023-07-26,2024-07-25,,6007.44,47,active
SUB004315,CUS000378,Professional,2022-11-30,2023-11-30,,7155.93,55,active
SUB004316,CUS001490,Enterprise,2024-04-04,2025-04-04,,43203.97,148,active
SUB004317,CUS002130,Professional,2024-01-08,2025-01-07,,6668.95,53,active
SUB004318,CUS000524,Professional,2024-10-20,2025-10-20,,7218.51,55,active
SUB004319,CUS003098,Basic,2021-06-12,2022-06-12,,280.97,6,active
SUB004320,CUS003377,Basic,2022-06-08,2023-06-08,,94.01,2,active
SUB004321,CUS001098,Enterprise,2023-12-23,2024-12-22,,114897.86,365,active
SUB004322,CUS001929,Basic,2023-11-19,2024-11-18,2024-11-02,201.67,4,cancelled
SUB004323,CUS001644,Basic,2023-03-11,2024-03-10,,596.58,12,active
SUB004324,CUS003903,Professional,2024-05-28,2025-05-28,,2359.0,19,active
SUB004325,CUS000575,Basic,2023-03-14,2024-03-13,,691.3,14,active
SUB004326,CUS004839,Basic,2022-12-05,2023-12-05,,537.61,11,active
SUB004327,CUS004096,Basic,2024-01-20,2025-01-19,,385.93,8,active
SUB004328,CUS003483,Basic,2023-02-01,2024-02-01,,341.92,7,active
SUB004329,CUS001442,Professional,2024-08-24,2025-08-24,,4166.34,34,active
SUB004330,CUS000992,Basic,2024-04-02,2025-04-02,,90.9,2,active
SUB004331,CUS002246,Enterprise,2024-08-18,2025-08-18,,54379.37,180,active
SUB004332,CUS001019,Professional,2023-07-06,2024-07-05,,4540.54,35,active
SUB004333,CUS003951,Basic,2024-10-29,2025-10-29,,642.62,13,active
SUB004334,CUS002512,Basic,2023-09-04,2024-09-03,2024-06-07,553.52,11,cancelled
SUB004335,CUS001475,Professional,2024-08-04,2025-08-04,,5383.7,41,active
SUB004336,CUS000623,Basic,2024-07-03,2025-07-03,,618.56,12,active
SUB004337,CUS004241,Basic,2024-07-09,2025-07-09,,306.14,6,active
SUB004338,CUS002073,Basic,2022-07-23,2023-07-23,,736.5,15,active
SUB004339,CUS002580,Basic,2022-02-16,2023-02-16,,197.09,4,active
SUB004340,CUS001439,Professional,2024-06-20,2025-06-20,,2470.26,19,active
SUB004341,CUS001838,Basic,2024-08-26,2025-08-26,,510.06,11,active
SUB004342,CUS003053,Enterprise,2024-10-25,2025-10-25,,94131.48,305,active
SUB004343,CUS000027,Basic,2024-07-06,2025-07-06,,600.05,12,active
SUB004344,CUS003597,Professional,2024-04-05,2025-04-05,2024-12-26,1944.26,16,cancelled
SUB004345,CUS001022,Enterprise,2024-10-02,2025-10-02,,81640.97,259,active
SUB004346,CUS002251,Professional,2024-03-10,2025-03-10,,3430.81,27,active
SUB004347,CUS000408,Basic,2024-07-22,2025-07-22,,97.57,2,active
SUB004348,CUS004040,Basic,2022-11-17,2023-11-17,,292.52,6,active
SUB004349,CUS002066,Professional,2024-10-31,2025-10-31,,2564.48,20,active
SUB004350,CUS004463,Basic,2023-06-30,2024-06-29,,796.6,15,active
SUB004351,CUS003350,Professional,2024-06-24,2025-06-24,,2300.78,18,active
SUB004352,CUS000859,Basic,2024-10-25,2025-10-25,,339.11,7,active
SUB004353,CUS000642,Basic,2024-08-21,2025-08-21,,490.33,10,active
SUB004354,CUS000630,Basic,2024-10-04,2025-10-04,,570.54,12,active
SUB004355,CUS000786,Basic,2023-08-25,2024-08-24,2024-02-06,99.0,2,cancelled
SUB004356,CUS002342,Enterprise,2022-03-28,2023-03-28,,38914.47,134,active
SUB004357,CUS003505,Professional,2023-09-07,2024-09-06,,4069.09,31,active
SUB004358,CUS004691,Basic,2023-01-10,2024-01-10,,424.9,9,active
SUB004359,CUS003602,Basic,2024-09-06,2025-09-06,,143.98,3,active
SUB004360,CUS000604,Enterprise,2022-11-26,2023-11-26,2023-06-27,36637.39,127,cancelled
SUB004361,CUS003798,Professional,2022-06-13,2023-06-13,2024-04-15,1519.17,12,cancelled
SUB004362,CUS001288,Enterprise,2024-10-11,2025-10-11,,65310.62,233,active
SUB004363,CUS002509,Professional,2023-11-07,2024-11-06,,4364.51,37,active
SUB004364,CUS003603,Basic,2024-10-16,2025-10-16,,242.24,5,active
SUB004365,CUS000208,Enterprise,2023-12-05,2024-12-04,,114019.1,403,active
SUB004366,CUS000326,Basic,2021-12-08,2022-12-08,,103.95,2,active
SUB004367,CUS001702,Professional,2022-11-28,2023-11-28,2024-03-25,2165.45,17,cancelled
SUB004368,CUS003559,Professional,2023-05-07,2024-05-06,,1982.99,15,active
SUB004369,CUS001852,Professional,2022-05-14,2023-05-14,,7954.13,61,active
SUB004370,CUS004227,Professional,2024-04-08,2025-04-08,,6210.1,50,active
SUB004371,CUS001932,Professional,2021-05-15,2022-05-15,2022-04-10,9278.36,73,expired
SUB004372,CUS003440,Basic,2024-10-13,2025-10-13,,251.35,5,active
SUB004373,CUS000408,Basic,2023-12-20,2024-12-19,,551.74,11,active
SUB004374,CUS001637,Professional,2023-05-07,2024-05-06,,6246.85,47,active
SUB004375,CUS001821,Enterprise,2023-02-12,2024-02-12,,64268.65,220,active
SUB004376,CUS004841,Professional,2024-08-12,2025-08-12,,10004.44,76,active
SUB004377,CUS000863,Basic,2024-01-22,2025-01-21,2024-05-23,671.48,14,cancelled
SUB004378,CUS004840,Professional,2021-04-02,2022-04-02,,6811.77,51,active
SUB004379,CUS001337,Professional,2021-03-18,2022-03-18,,8405.76,63,active
SUB004380,CUS004697,Enterprise,2024-01-03,2025-01-02,,50947.09,179,active
SUB004381,CUS001800,Basic,2024-05-23,2025-05-23,,247.37,5,active
SUB004382,CUS001869,Professional,2024-04-11,2025-04-11,,6698.93,54,active
SUB004383,CUS003435,Professional,2022-06-01,2023-06-01,,5840.46,44,active
SUB004384,CUS004210,Basic,2024-03-28,2025-03-28,,517.72,11,active
SUB004385,CUS001071,Enterprise,2024-09-30,2025-09-30,,71965.44,238,active
SUB004386,CUS003752,Professional,2022-10-03,2023-10-03,,6616.77,50,active
SUB004387,CUS001619,Basic,2023-02-01,2024-02-01,,442.04,9,active
SUB004388,CUS002626,Professional,2024-05-31,2025-05-31,,1993.35,15,active
SUB004389,CUS004288,Professional,2023-07-13,2024-07-12,,1824.53,14,active
SUB004390,CUS004236,Basic,2024-04-10,2025-04-10,2024-07-20,723.61,14,expired
SUB004391,CUS000746,Basic,2021-11-24,2022-11-24,,329.77,7,active
SUB004392,CUS004380,Basic,2024-08-02,2025-08-02,,193.37,4,active
SUB004393,CUS004274,Professional,2022-06-24,2023-06-24,,7580.97,63,active
SUB004394,CUS003974,Basic,2023-10-30,2024-10-29,,533.4,11,active
SUB004395,CUS000120,Professional,2024-10-18,2025-10-18,,5811.11,47,active
SUB004396,CUS003091,Basic,2024-07-20,2025-07-20,,606.08,13,active
SUB004397,CUS001050,Professional,2024-08-19,2025-08-19,,4025.25,33,active
SUB004398,CUS001190,Professional,2024-03-02,2025-03-02,2024-04-20,3552.19,28,cancelled
SUB004399,CUS004225,Basic,2024-01-10,2025-01-09,,247.18,5,active
SUB004400,CUS000200,Basic,2022-10-06,2023-10-06,2023-11-25,199.28,4,cancelled
SUB004401,CUS002531,Basic,2024-06-02,2025-06-02,,304.31,6,active
SUB004402,CUS003029,Enterprise,2024-10-15,2025-10-15,,102239.66,331,active
SUB004403,CUS004392,Enterprise,2022-10-29,2023-10-29,,82997.48,289,active
SUB004404,CUS002179,Enterprise,2024-02-02,2025-02-01,,71642.27,246,active
SUB004405,CUS004050,Basic,2024-10-13,2025-10-13,,147.99,3,active
SUB004406,CUS002901,Basic,2023-11-09,2024-11-08,,542.93,11,active
SUB004407,CUS003243,Enterprise,2023-04-15,2024-04-14,,91525.26,292,active
SUB004408,CUS001909,Enterprise,2021-01-12,2022-01-12,,58605.37,198,active
SUB004409,CUS004076,Professional,2024-07-23,2025-07-23,,8610.28,65,active
SUB004410,CUS000043,Basic,2024-07-15,2025-07-15,,243.77,5,active
SUB004411,CUS001540,Basic,2024-05-08,2025-05-08,,347.29,7,active
SUB004412,CUS003340,Basic,2023-05-06,2024-05-05,,645.66,13,active
SUB004413,CUS000435,Professional,2024-07-21,2025-07-21,,2964.68,23,active
SUB004414,CUS003011,Professional,2021-03-19,2022-03-19,,2367.27,19,active
SUB004415,CUS000093,Basic,2024-05-24,2025-05-24,,544.22,11,active
SUB004416,CUS003480,Professional,2024-07-08,2025-07-08,,6990.91,53,active
SUB004417,CUS003476,Basic,2024-08-02,2025-08-02,,442.65,9,active
SUB004418,CUS001829,Enterprise,2024-08-29,2025-08-29,,37001.89,137,active
SUB004419,CUS000474,Professional,2024-06-24,2025-06-24,,9487.0,74,active
SUB004420,CUS000145,Basic,2023-06-23,2024-06-22,2023-12-10,200.65,4,cancelled
SUB004421,CUS004024,Basic,2023-11-26,2024-11-25,,615.16,13,active
SUB004422,CUS000147,Enterprise,2022-01-26,2023-01-26,,58309.32,188,active
SUB004423,CUS003540,Professional,2024-06-03,2025-06-03,,7321.55,58,active
SUB004424,CUS000999,Enterprise,2024-05-25,2025-05-25,,109096.27,369,active
SUB004425,CUS004371,Enterprise,2024-10-31,2025-10-31,,48787.52,162,active
SUB004426,CUS001110,Professional,2023-10-27,2024-10-26,,5368.14,43,active
SUB004427,CUS003053,Enterprise,2024-03-21,2025-03-21,,96265.33,312,active
SUB004428,CUS004338,Basic,2022-02-10,2023-02-10,,409.35,8,active
SUB004429,CUS000949,Basic,2022-10-10,2023-10-10,,282.68,6,active
SUB004430,CUS003761,Professional,2024-05-13,2025-05-13,,3588.55,28,active
SUB004431,CUS000520,Professional,2024-09-29,2025-09-29,,1650.58,12,active
SUB004432,CUS004746,Professional,2023-08-28,2024-08-27,,5626.48,42,active
SUB004433,CUS000493,Basic,2024-10-09,2025-10-09,,647.26,14,active
SUB004434,CUS003077,Basic,2023-04-18,2024-04-17,2024-08-16,153.0,3,cancelled
SUB004435,CUS001653,Professional,2024-04-08,2025-04-08,,2838.85,25,active
SUB004436,CUS004896,Professional,2023-01-25,2024-01-25,,3689.7,28,active
SUB004437,CUS001128,Basic,2021-10-13,2022-10-13,,522.84,11,active
SUB004438,CUS000988,Basic,2023-03-23,2024-03-22,,149.37,3,active
SUB004439,CUS001706,Professional,2024-05-29,2025-05-29,,1301.15,10,active
SUB004440,CUS000402,Basic,2024-03-01,2025-03-01,,590.75,12,active
SUB004441,CUS001920,Professional,2024-10-12,2025-10-12,,6187.28,47,active
SUB004442,CUS003130,Basic,2021-12-12,2022-12-12,,288.9,6,active
SUB004443,CUS002319,Basic,2024-05-01,2025-05-01,,239.86,5,active
SUB004444,CUS004450,Basic,2023-03-31,2024-03-30,,556.55,11,active
SUB004445,CUS003647,Professional,2023-11-01,2024-10-31,,7741.55,60,active
SUB004446,CUS003490,Professional,2023-01-06,2024-01-06,,1643.57,13,active
SUB004447,CUS000322,Basic,2024-02-16,2025-02-15,2024-05-01,243.47,5,cancelled
SUB004448,CUS002310,Professional,2023-04-05,2024-04-04,2023-08-25,3450.73,27,cancelled
SUB004449,CUS003731,Basic,2023-08-14,2024-08-13,,677.7,14,active
SUB004450,CUS000011,Professional,2024-01-07,2025-01-06,,5240.03,40,active
SUB004451,CUS004978,Enterprise,2024-06-03,2025-06-03,,89866.75,310,active
SUB004452,CUS004600,Professional,2024-03-26,2025-03-26,,3668.39,27,active
SUB004453,CUS003562,Basic,2023-06-13,2024-06-12,2024-11-13,395.07,8,cancelled
SUB004454,CUS002077,Basic,2021-10-02,2022-10-02,,687.77,15,active
SUB004455,CUS003322,Professional,2023-10-06,2024-10-05,,3646.77,28,active
SUB004456,CUS002894,Enterprise,2023-11-24,2024-11-23,,102399.49,354,active
SUB004457,CUS000481,Enterprise,2024-10-27,2025-10-27,,116497.69,390,active
SUB004458,CUS001719,Professional,2021-06-15,2022-06-15,,5004.15,39,active
SUB004459,CUS003430,Professional,2024-07-29,2025-07-29,,9904.51,75,active
SUB004460,CUS003689,Professional,2022-06-13,2023-06-13,2024-06-28,7788.51,59,cancelled
SUB004461,CUS002488,Basic,2023-11-19,2024-11-18,,296.28,6,active
SUB004462,CUS000005,Professional,2023-05-31,2024-05-30,,8670.18,63,active
SUB004463,CUS000162,Professional,2024-01-13,2025-01-12,,1257.28,10,active
SUB004464,CUS002927,Enterprise,2023-01-08,2024-01-08,,80515.96,257,active
SUB004465,CUS004889,Professional,2022-07-18,2023-07-18,2023-04-09,2029.37,15,cancelled
SUB004466,CUS002692,Basic,2024-06-10,2025-06-10,,247.89,5,active
SUB004467,CUS004979,Basic,2024-04-06,2025-04-06,,448.08,9,active
SUB004468,CUS004787,Professional,2024-04-03,2025-04-03,,9996.94,75,active
SUB004469,CUS004260,Basic,2024-04-26,2025-04-26,,96.92,2,active
SUB004470,CUS003898,Basic,2024-03-04,2025-03-04,,529.45,11,active
SUB004471,CUS000259,Basic,2022-05-07,2023-05-07,,578.66,12,active
SUB004472,CUS002287,Professional,2022-05-15,2023-05-15,,8992.1,69,active
SUB004473,CUS000026,Basic,2023-01-01,2024-01-01,2023-06-06,578.35,12,cancelled
SUB004474,CUS003855,Professional,2024-01-25,2025-01-24,,6915.66,55,active
SUB004475,CUS003179,Enterprise,2024-05-25,2025-05-25,,89329.64,310,active
SUB004476,CUS002852,Professional,2024-03-15,2025-03-15,,7099.81,57,active
SUB004477,CUS001526,Enterprise,2022-02-19,2023-02-19,,57876.49,198,active
SUB004478,CUS001331,Basic,2024-10-02,2025-10-02,,95.88,2,active
SUB004479,CUS004552,Basic,2022-05-05,2023-05-05,,245.92,5,active
SUB004480,CUS000172,Professional,2023-12-29,2024-12-28,,9788.63,78,active
SUB004481,CUS002782,Basic,2022-02-19,2023-02-19,,647.96,13,active
SUB004482,CUS004390,Professional,2024-05-18,2025-05-18,,1792.5,13,active
SUB004483,CUS000496,Basic,2023-09-10,2024-09-09,,664.86,13,active
SUB004484,CUS004090,Professional,2022-05-04,2023-05-04,,8073.61,65,active
SUB004485,CUS004823,Enterprise,2023-05-26,2024-05-25,,36983.67,125,active
SUB004486,CUS004747,Professional,2022-11-15,2023-11-15,,2958.31,24,active
SUB004487,CUS004766,Enterprise,2024-07-17,2025-07-17,,88205.14,293,active
SUB004488,CUS001672,Professional,2022-07-02,2023-07-02,,1431.57,11,active
SUB004489,CUS003166,Basic,2023-08-09,2024-08-08,,147.9,3,active
SUB004490,CUS003154,Professional,2022-05-30,2023-05-30,2022-10-16,5964.58,48,expired
SUB004491,CUS003105,Professional,2022-03-14,2023-03-14,,6051.24,48,active
SUB004492,CUS001764,Professional,2024-10-30,2025-10-30,,3332.88,25,active
SUB004493,CUS003773,Professional,2024-06-05,2025-06-05,,7062.76,54,active
SUB004494,CUS002372,Professional,2023-10-21,2024-10-20,,8505.48,68,active
SUB004495,CUS001430,Basic,2024-02-04,2025-02-03,,655.17,14,active
SUB004496,CUS004049,Enterprise,2024-08-31,2025-08-31,,70980.8,238,active
SUB004497,CUS000685,Basic,2023-09-23,2024-09-22,,243.95,5,active
SUB004498,CUS003406,Basic,2024-08-24,2025-08-24,,421.15,9,active
SUB004499,CUS004649,Professional,2024-06-11,2025-06-11,,3445.42,27,active
SUB004500,CUS002254,Basic,2023-07-12,2024-07-11,,481.69,10,active
SUB004501,CUS004490,Enterprise,2024-10-16,2025-10-16,,48027.97,164,active
SUB004502,CUS004779,Professional,2024-05-14,2025-05-14,,4447.37,35,active
SUB004503,CUS003401,Professional,2024-10-29,2025-10-29,,6381.69,49,active
SUB004504,CUS004638,Enterprise,2024-08-03,2025-08-03,,80083.24,267,active
SUB004505,CUS004185,Enterprise,2023-02-01,2024-02-01,,109247.56,350,active
SUB004506,CUS001978,Basic,2021-10-17,2022-10-17,,345.37,7,active
SUB004507,CUS001860,Basic,2022-06-11,2023-06-11,,755.7,15,active
SUB004508,CUS003605,Professional,2024-03-22,2025-03-22,,3198.63,26,active
SUB004509,CUS000735,Basic,2023-10-30,2024-10-29,,197.04,4,active
SUB004510,CUS001043,Basic,2023-10-02,2024-10-01,,483.61,10,active
SUB004511,CUS000741,Basic,2024-07-28,2025-07-28,,150.72,3,active
SUB004512,CUS000441,Basic,2023-10-16,2024-10-15,,741.54,15,active
SUB004513,CUS000283,Enterprise,2023-08-28,2024-08-27,,56156.05,178,active
SUB004514,CUS004987,Professional,2024-09-22,2025-09-22,,6489.22,52,active
SUB004515,CUS004517,Enterprise,2024-03-24,2025-03-24,,86883.75,298,active
SUB004516,CUS004563,Basic,2024-05-22,2025-05-22,,545.44,11,active
SUB004517,CUS003791,Professional,2023-06-28,2024-06-27,2024-08-07,9117.4,71,cancelled
SUB004518,CUS002975,Professional,2024-10-29,2025-10-29,,6985.43,56,active
SUB004519,CUS001953,Basic,2023-09-30,2024-09-29,,198.56,4,active
SUB004520,CUS003507,Enterprise,2024-10-18,2025-10-18,,81974.95,279,active
SUB004521,CUS001589,Enterprise,2024-01-12,2025-01-11,,28549.2,94,active
SUB004522,CUS001131,Basic,2022-08-20,2023-08-20,,553.02,12,active
SUB004523,CUS003408,Professional,2022-10-28,2023-10-28,,4468.64,35,active
SUB004524,CUS003669,Professional,2024-01-12,2025-01-11,,6744.84,52,active
SUB004525,CUS002567,Basic,2023-10-14,2024-10-13,,98.58,2,active
SUB004526,CUS004571,Basic,2024-04-07,2025-04-07,,602.39,12,active
SUB004527,CUS001034,Basic,2022-09-16,2023-09-16,,631.55,13,active
SUB004528,CUS000094,Basic,2023-09-01,2024-08-31,,298.61,6,active
SUB004529,CUS001304,Professional,2024-02-06,2025-02-05,,5276.14,41,active
SUB004530,CUS000656,Basic,2022-06-26,2023-06-26,,452.32,9,active
SUB004531,CUS003372,Basic,2024-09-05,2025-09-05,,278.18,6,active
SUB004532,CUS000155,Basic,2024-03-08,2025-03-08,,445.34,10,active
SUB004533,CUS003149,Professional,2024-07-26,2025-07-26,,4039.81,30,active
SUB004534,CUS003294,Basic,2023-09-07,2024-09-06,,288.15,6,active
SUB004535,CUS002317,Enterprise,2022-10-04,2023-10-04,,32053.86,114,active
SUB004536,CUS003474,Basic,2024-02-16,2025-02-15,,389.79,8,active
SUB004537,CUS002879,Enterprise,2024-04-08,2025-04-08,,58127.45,198,active
SUB004538,CUS003021,Basic,2024-09-17,2025-09-17,,496.33,10,active
SUB004539,CUS003988,Enterprise,2022-07-02,2023-07-02,,117706.57,387,active
SUB004540,CUS003097,Basic,2022-07-08,2023-07-08,,434.56,9,active
SUB004541,CUS001385,Basic,2023-04-29,2024-04-28,,607.12,12,active
SUB004542,CUS002231,Basic,2021-12-11,2022-12-11,,375.39,8,active
SUB004543,CUS001614,Basic,2024-10-05,2025-10-05,,269.81,6,active
SUB004544,CUS003358,Professional,2024-07-08,2025-07-08,,1815.33,14,active
SUB004545,CUS000451,Professional,2023-05-14,2024-05-13,,2045.37,16,active
SUB004546,CUS000826,Basic,2023-06-18,2024-06-17,,91.5,2,active
SUB004547,CUS004005,Basic,2024-07-05,2025-07-05,,250.22,5,active
SUB004548,CUS004436,Basic,2023-01-11,2024-01-11,,553.05,12,active
SUB004549,CUS000831,Professional,2023-11-05,2024-11-04,,7966.52,62,active
SUB004550,CUS002526,Basic,2023-06-21,2024-06-20,,201.26,4,active
SUB004551,CUS001489,Professional,2024-05-30,2025-05-30,,3644.46,28,active
SUB004552,CUS000373,Basic,2023-08-14,2024-08-13,,197.38,4,active
SUB004553,CUS004579,Professional,2024-04-15,2025-04-15,,1902.88,15,active
SUB004554,CUS002335,Professional,2021-04-06,2022-04-06,,2335.69,18,active
SUB004555,CUS003637,Basic,2024-10-17,2025-10-17,,199.49,4,active
SUB004556,CUS001026,Enterprise,2024-06-27,2025-06-27,,83000.23,284,active
SUB004557,CUS002717,Enterprise,2022-04-07,2023-04-07,,28429.4,99,active
SUB004558,CUS001741,Professional,2022-09-24,2023-09-24,,8086.11,61,active
SUB004559,CUS004071,Basic,2024-05-15,2025-05-15,,782.64,15,active
SUB004560,CUS001982,Enterprise,2023-01-22,2024-01-22,,19822.46,63,active
SUB004561,CUS002192,Basic,2024-04-21,2025-04-21,2024-11-09,177.98,4,expired
SUB004562,CUS004471,Enterprise,2024-08-05,2025-08-05,,106112.57,340,active
SUB004563,CUS002585,Professional,2024-05-03,2025-05-03,,9460.21,75,active
SUB004564,CUS004929,Professional,2024-08-24,2025-08-24,,4251.03,31,active
SUB004565,CUS003376,Professional,2021-05-07,2022-05-07,,6712.79,54,active
SUB004566,CUS002544,Professional,2023-11-18,2024-11-17,,8425.6,68,active
SUB004567,CUS004294,Basic,2023-06-01,2024-05-31,,489.14,10,active
SUB004568,CUS003361,Professional,2024-08-08,2025-08-08,2024-11-17,3561.22,28,cancelled
SUB004569,CUS004252,Basic,2024-05-02,2025-05-02,,677.55,14,active
SUB004570,CUS004857,Professional,2022-05-10,2023-05-10,,2665.16,20,active
SUB004571,CUS002650,Enterprise,2023-05-19,2024-05-18,,70186.71,225,active
SUB004572,CUS000555,Professional,2024-09-07,2025-09-07,,8482.21,68,active
SUB004573,CUS003262,Professional,2024-01-22,2025-01-21,,1636.87,12,active
SUB004574,CUS001927,Basic,2023-10-30,2024-10-29,,515.78,11,active
SUB004575,CUS001579,Enterprise,2024-07-11,2025-07-11,,44193.9,151,active
SUB004576,CUS000417,Basic,2024-10-29,2025-10-29,,746.83,14,active
SUB004577,CUS001877,Basic,2024-09-12,2025-09-12,,446.71,9,active
SUB004578,CUS000524,Basic,2024-09-28,2025-09-28,,143.62,3,active
SUB004579,CUS002665,Basic,2023-04-12,2024-04-11,,593.43,12,active
SUB004580,CUS000015,Basic,2023-12-31,2024-12-30,,200.84,4,active
SUB004581,CUS002990,Enterprise,2024-09-06,2025-09-06,,124037.47,410,active
SUB004582,CUS001419,Professional,2024-10-13,2025-10-13,,7008.62,52,active
SUB004583,CUS000628,Professional,2024-10-31,2025-10-31,,5128.84,41,active
SUB004584,CUS001894,Professional,2024-09-16,2025-09-16,,1890.72,15,active
SUB004585,CUS003325,Professional,2023-09-12,2024-09-11,2024-05-17,9623.52,77,cancelled
SUB004586,CUS002742,Basic,2022-03-25,2023-03-25,2023-03-18,380.6,8,cancelled
SUB004587,CUS000211,Professional,2024-06-12,2025-06-12,,4263.32,33,active
SUB004588,CUS000639,Basic,2021-03-02,2022-03-02,,707.64,15,active
SUB004589,CUS001467,Professional,2024-10-24,2025-10-24,,5342.8,41,active
SUB004590,CUS002028,Basic,2023-12-06,2024-12-05,,200.34,4,active
SUB004591,CUS000055,Professional,2024-05-29,2025-05-29,,4568.76,37,active
SUB004592,CUS003546,Professional,2022-06-01,2023-06-01,,9840.12,78,active
SUB004593,CUS001608,Basic,2022-12-13,2023-12-13,,433.12,9,active
SUB004594,CUS003174,Professional,2024-01-11,2025-01-10,,3072.24,24,active
SUB004595,CUS000699,Enterprise,2023-11-12,2024-11-11,,122180.92,411,active
SUB004596,CUS000920,Basic,2024-03-02,2025-03-02,,303.32,6,active
SUB004597,CUS004812,Basic,2024-06-04,2025-06-04,,658.84,13,active
SUB004598,CUS000087,Professional,2024-01-10,2025-01-09,,5515.4,44,active
SUB004599,CUS003624,Basic,2022-05-15,2023-05-15,,652.42,13,active
SUB004600,CUS001109,Basic,2022-07-25,2023-07-25,,770.37,15,active
SUB004601,CUS003142,Basic,2024-03-24,2025-03-24,,153.22,3,active
SUB004602,CUS001197,Basic,2024-08-15,2025-08-15,,592.22,12,active
SUB004603,CUS004365,Professional,2024-01-18,2025-01-17,,4120.15,32,active
SUB004604,CUS003289,Basic,2021-08-15,2022-08-15,,559.11,12,active
SUB004605,CUS002259,Professional,2024-09-28,2025-09-28,,4068.32,32,active
SUB004606,CUS004073,Basic,2023-08-18,2024-08-17,,696.57,15,active
SUB004607,CUS002499,Enterprise,2024-07-27,2025-07-27,,68404.89,220,active
SUB004608,CUS001387,Professional,2024-04-16,2025-04-16,,2044.95,16,active
SUB004609,CUS003324,Professional,2024-03-08,2025-03-08,,4372.73,34,active
SUB004610,CUS002196,Professional,2024-03-24,2025-03-24,2024-04-22,2776.67,22,cancelled
SUB004611,CUS003543,Basic,2023-03-22,2024-03-21,,512.39,11,active
SUB004612,CUS002642,Basic,2023-10-04,2024-10-03,,502.22,10,active
SUB004613,CUS000414,Professional,2023-02-25,2024-02-25,,10107.53,77,active
SUB004614,CUS002587,Basic,2024-03-28,2025-03-28,,151.8,3,active
SUB004615,CUS003394,Professional,2023-08-09,2024-08-08,,2785.04,23,active
SUB004616,CUS001704,Professional,2024-04-01,2025-04-01,,1754.41,13,active
SUB004617,CUS004400,Professional,2024-02-09,2025-02-08,2024-04-05,2825.52,22,cancelled
SUB004618,CUS003954,Enterprise,2024-02-14,2025-02-13,,46684.52,152,active
SUB004619,CUS002425,Professional,2023-11-08,2024-11-07,,2224.91,19,active
SUB004620,CUS004486,Basic,2024-10-12,2025-10-12,,248.52,5,active
SUB004621,CUS000435,Professional,2023-09-19,2024-09-18,,6433.4,50,active
SUB004622,CUS003500,Basic,2024-10-06,2025-10-06,,145.86,3,active
SUB004623,CUS002757,Basic,2022-02-14,2023-02-14,2023-03-09,390.65,8,cancelled
SUB004624,CUS002033,Basic,2024-02-04,2025-02-03,2024-07-27,95.96,2,cancelled
SUB004625,CUS001091,Basic,2024-07-31,2025-07-31,,419.2,9,active
SUB004626,CUS001771,Basic,2024-09-02,2025-09-02,,140.49,3,active
SUB004627,CUS002920,Professional,2021-12-20,2022-12-20,,8005.51,62,active
SUB004628,CUS001780,Professional,2022-07-18,2023-07-18,,6476.21,48,active
SUB004629,CUS000243,Enterprise,2023-01-21,2024-01-21,,118021.64,380,active
SUB004630,CUS001572,Professional,2024-08-11,2025-08-11,,1950.6,15,active
SUB004631,CUS004894,Enterprise,2023-11-22,2024-11-21,,53487.18,182,active
SUB004632,CUS002555,Basic,2022-07-16,2023-07-16,,420.31,8,active
SUB004633,CUS001101,Professional,2023-09-24,2024-09-23,,6603.71,50,active
SUB004634,CUS001252,Basic,2023-11-12,2024-11-11,,250.1,5,active
SUB004635,CUS003349,Basic,2023-09-21,2024-09-20,,280.29,6,active
SUB004636,CUS001487,Basic,2024-08-19,2025-08-19,,148.31,3,active
SUB004637,CUS004588,Professional,2024-10-21,2025-10-21,,1604.35,13,active
SUB004638,CUS002040,Professional,2024-05-04,2025-05-04,,9549.51,69,active
SUB004639,CUS000640,Basic,2024-07-25,2025-07-25,,380.46,8,active
SUB004640,CUS002182,Basic,2022-09-16,2023-09-16,2023-04-22,575.51,12,cancelled
SUB004641,CUS003282,Professional,2024-08-25,2025-08-25,,3782.06,30,active
SUB004642,CUS001022,Enterprise,2023-10-18,2024-10-17,,21839.34,74,active
SUB004643,CUS000519,Basic,2024-02-28,2025-02-27,,300.9,6,active
SUB004644,CUS000923,Basic,2023-12-08,2024-12-07,,343.04,7,active
SUB004645,CUS002940,Professional,2024-01-26,2025-01-25,,4392.5,34,active
SUB004646,CUS004752,Enterprise,2024-02-07,2025-02-06,,115866.63,378,active
SUB004647,CUS004701,Basic,2024-02-14,2025-02-13,,231.99,5,active
SUB004648,CUS000878,Basic,2024-06-25,2025-06-25,,703.96,14,active
SUB004649,CUS002703,Professional,2024-08-20,2025-08-20,,5443.53,42,active
SUB004650,CUS003730,Basic,2023-08-15,2024-08-14,,382.36,8,active
SUB004651,CUS000833,Professional,2024-10-26,2025-10-26,,8164.48,63,active
SUB004652,CUS002470,Professional,2024-06-21,2025-06-21,,2460.72,19,active
SUB004653,CUS003419,Basic,2024-02-23,2025-02-22,,400.5,9,active
SUB004654,CUS000530,Professional,2023-06-20,2024-06-19,,7165.98,53,active
SUB004655,CUS000108,Basic,2022-01-06,2023-01-06,2022-10-22,715.02,14,expired
SUB004656,CUS004582,Professional,2023-10-04,2024-10-03,,1477.24,12,active
SUB004657,CUS001430,Professional,2023-08-11,2024-08-10,,9167.89,73,active
SUB004658,CUS004737,Professional,2024-01-17,2025-01-16,,2026.67,15,active
SUB004659,CUS002781,Basic,2024-07-21,2025-07-21,,601.67,12,active
SUB004660,CUS001223,Professional,2024-08-25,2025-08-25,,1830.58,14,active
SUB004661,CUS004506,Professional,2024-03-24,2025-03-24,,6548.4,50,active
SUB004662,CUS001321,Basic,2023-08-16,2024-08-15,2024-02-27,595.7,12,cancelled
SUB004663,CUS003279,Enterprise,2023-03-14,2024-03-13,,77721.29,270,active
SUB004664,CUS003396,Professional,2023-03-04,2024-03-03,2024-04-20,6701.88,53,cancelled
SUB004665,CUS000494,Basic,2023-01-11,2024-01-11,,354.97,7,active
SUB004666,CUS002536,Enterprise,2024-04-27,2025-04-27,,51691.64,169,active
SUB004667,CUS002087,Professional,2024-09-18,2025-09-18,,7035.24,54,active
SUB004668,CUS004502,Professional,2022-05-30,2023-05-30,,4160.46,33,active
SUB004669,CUS004567,Basic,2022-12-24,2023-12-24,,506.97,10,active
SUB004670,CUS002104,Basic,2022-10-28,2023-10-28,2023-05-28,520.76,11,cancelled
SUB004671,CUS001783,Professional,2024-03-03,2025-03-03,,9226.65,68,active
SUB004672,CUS002798,Professional,2022-09-23,2023-09-23,2023-11-12,9806.55,78,cancelled
SUB004673,CUS000878,Basic,2024-08-08,2025-08-08,,617.57,13,active
SUB004674,CUS002157,Professional,2022-10-04,2023-10-04,,8264.72,64,active
SUB004675,CUS001165,Enterprise,2022-09-09,2023-09-09,,101814.07,338,active
SUB004676,CUS002779,Professional,2024-05-19,2025-05-19,,7507.42,58,active
SUB004677,CUS001790,Enterprise,2024-05-01,2025-05-01,,25378.96,89,active
SUB004678,CUS002696,Basic,2024-08-26,2025-08-26,,99.45,2,active
SUB004679,CUS001560,Basic,2022-08-03,2023-08-03,,202.72,4,active
SUB004680,CUS000501,Basic,2023-09-26,2024-09-25,,635.19,13,active
SUB004681,CUS004532,Professional,2021-04-24,2022-04-24,,4026.63,33,active
SUB004682,CUS004034,Enterprise,2024-10-30,2025-10-30,,17807.32,60,active
SUB004683,CUS003295,Basic,2024-05-21,2025-05-21,,517.63,11,active
SUB004684,CUS003918,Basic,2024-01-31,2025-01-30,2024-12-15,365.5,8,cancelled
SUB004685,CUS004823,Professional,2022-03-19,2023-03-19,,6958.87,55,active
SUB004686,CUS001912,Enterprise,2024-09-19,2025-09-19,,55615.39,176,active
SUB004687,CUS003411,Basic,2023-08-29,2024-08-28,,488.58,10,active
SUB004688,CUS004070,Professional,2023-09-22,2024-09-21,,3066.41,24,active
SUB004689,CUS003621,Professional,2023-10-09,2024-10-08,,7667.93,58,active
SUB004690,CUS002651,Basic,2023-04-18,2024-04-17,,300.29,6,active
SUB004691,CUS004238,Professional,2021-08-04,2022-08-04,,3671.46,30,active
SUB004692,CUS001353,Professional,2024-10-07,2025-10-07,,4535.48,33,active
SUB004693,CUS004375,Enterprise,2022-05-25,2023-05-25,,106879.75,355,active
SUB004694,CUS002686,Professional,2023-01-13,2024-01-13,,5723.03,43,active
SUB004695,CUS003230,Professional,2024-07-03,2025-07-03,,4547.28,36,active
SUB004696,CUS003379,Basic,2022-04-17,2023-04-17,,273.88,6,active
SUB004697,CUS003111,Professional,2024-02-07,2025-02-06,,1670.14,13,active
SUB004698,CUS000855,Basic,2024-01-26,2025-01-25,,518.21,11,active
SUB004699,CUS004121,Professional,2023-01-13,2024-01-13,,6848.67,51,active
SUB004700,CUS000201,Professional,2023-02-25,2024-02-25,2024-05-16,4536.28,37,cancelled
SUB004701,CUS003962,Basic,2024-09-02,2025-09-02,,98.09,2,active
SUB004702,CUS004042,Professional,2021-12-16,2022-12-16,,3819.48,29,active
SUB004703,CUS004539,Professional,2023-11-08,2024-11-07,,6938.74,53,active
SUB004704,CUS002314,Professional,2024-07-18,2025-07-18,,3548.67,28,active
SUB004705,CUS004619,Professional,2023-10-02,2024-10-01,,7741.63,64,active
SUB004706,CUS000588,Basic,2022-06-06,2023-06-06,,696.23,15,active
SUB004707,CUS004551,Enterprise,2023-11-20,2024-11-19,,37257.67,128,active
SUB004708,CUS002688,Professional,2021-10-04,2022-10-04,,6131.66,50,active
SUB004709,CUS002495,Basic,2024-05-23,2025-05-23,,684.19,14,active
SUB004710,CUS000602,Professional,2022-12-13,2023-12-13,,6654.53,53,active
SUB004711,CUS002875,Professional,2022-02-07,2023-02-07,,1231.63,10,active
SUB004712,CUS001249,Professional,2024-10-27,2025-10-27,,7477.17,61,active
SUB004713,CUS004750,Professional,2022-04-09,2023-04-09,,3045.31,25,active
SUB004714,CUS000261,Basic,2024-10-12,2025-10-12,,391.23,8,active
SUB004715,CUS003089,Basic,2024-03-22,2025-03-22,,95.48,2,active
SUB004716,CUS002202,Basic,2024-04-30,2025-04-30,,392.35,8,active
SUB004717,CUS000705,Professional,2023-08-17,2024-08-16,,6303.88,49,active
SUB004718,CUS003334,Enterprise,2024-01-15,2025-01-14,,103608.45,349,active
SUB004719,CUS004142,Enterprise,2024-02-07,2025-02-06,,63906.75,209,active
SUB004720,CUS002144,Professional,2024-03-26,2025-03-26,,9543.14,78,active
SUB004721,CUS002139,Professional,2024-02-26,2025-02-25,,4618.14,35,active
SUB004722,CUS001520,Basic,2024-10-30,2025-10-30,,347.71,7,active
SUB004723,CUS000423,Enterprise,2024-08-28,2025-08-28,,114021.22,384,active
SUB004724,CUS001169,Basic,2024-04-04,2025-04-04,,380.91,8,active
SUB004725,CUS002680,Enterprise,2022-10-24,2023-10-24,,94914.12,317,active
SUB004726,CUS004245,Basic,2023-02-08,2024-02-08,,447.92,9,active
SUB004727,CUS002135,Basic,2024-10-09,2025-10-09,,559.19,12,active
SUB004728,CUS002796,Professional,2024-08-27,2025-08-27,,7509.94,57,active
SUB004729,CUS001812,Basic,2022-06-03,2023-06-03,2023-01-10,571.8,11,cancelled
SUB004730,CUS002701,Basic,2023-09-17,2024-09-16,,244.44,5,active
SUB004731,CUS003747,Basic,2023-09-05,2024-09-04,,461.12,9,active
SUB004732,CUS000246,Professional,2021-06-08,2022-06-08,,4852.34,37,active
SUB004733,CUS003188,Basic,2023-06-09,2024-06-08,,494.52,10,active
SUB004734,CUS001506,Professional,2023-06-03,2024-06-02,,2139.22,17,active
SUB004735,CUS001336,Basic,2021-12-25,2022-12-25,,435.74,9,active
SUB004736,CUS001607,Enterprise,2024-08-03,2025-08-03,,83733.36,290,active
SUB004737,CUS000605,Professional,2022-11-10,2023-11-10,,5197.09,39,active
SUB004738,CUS001433,Basic,2024-07-18,2025-07-18,,143.17,3,active
SUB004739,CUS000255,Professional,2022-09-09,2023-09-09,,6984.73,51,active
SUB004740,CUS004528,Basic,2022-10-04,2023-10-04,,547.27,11,active
SUB004741,CUS003014,Basic,2022-12-27,2023-12-27,,695.46,14,active
SUB004742,CUS001717,Professional,2024-07-15,2025-07-15,,8734.72,71,active
SUB004743,CUS001375,Professional,2024-03-23,2025-03-23,,3696.13,28,active
SUB004744,CUS004904,Professional,2024-04-14,2025-04-14,,2688.11,21,active
SUB004745,CUS001222,Basic,2024-01-04,2025-01-03,,384.26,8,active
SUB004746,CUS002878,Professional,2024-06-24,2025-06-24,,3907.19,31,active
SUB004747,CUS000598,Basic,2024-04-02,2025-04-02,,187.49,4,active
SUB004748,CUS001355,Professional,2022-09-17,2023-09-17,2023-10-23,4000.38,31,cancelled
SUB004749,CUS004429,Enterprise,2023-10-27,2024-10-26,,57964.26,195,active
SUB004750,CUS000850,Professional,2023-08-17,2024-08-16,2023-12-12,3322.87,27,cancelled
SUB004751,CUS000963,Basic,2024-10-31,2025-10-31,,498.83,10,active
SUB004752,CUS004267,Professional,2022-09-09,2023-09-09,,9564.1,69,active
SUB004753,CUS002713,Basic,2024-04-12,2025-04-12,,186.23,4,active
SUB004754,CUS001549,Enterprise,2024-02-13,2025-02-12,,72666.85,244,active
SUB004755,CUS002699,Basic,2024-08-21,2025-08-21,,103.69,2,active
SUB004756,CUS000367,Professional,2024-08-20,2025-08-20,,4141.18,33,active
SUB004757,CUS004943,Basic,2023-05-24,2024-05-23,,248.77,5,active
SUB004758,CUS001990,Professional,2024-09-30,2025-09-30,,4707.8,36,active
SUB004759,CUS001438,Basic,2022-03-04,2023-03-04,,300.77,6,active
SUB004760,CUS004969,Basic,2023-09-21,2024-09-20,,208.57,4,active
SUB004761,CUS002210,Enterprise,2024-05-02,2025-05-02,,59136.81,211,active
SUB004762,CUS001206,Professional,2024-05-24,2025-05-24,,5973.64,46,active
SUB004763,CUS002468,Professional,2024-03-28,2025-03-28,2024-05-19,1394.12,11,cancelled
SUB004764,CUS002054,Basic,2022-02-24,2023-02-24,,293.59,6,active
SUB004765,CUS001169,Basic,2022-06-21,2023-06-21,,343.54,7,active
SUB004766,CUS003432,Basic,2024-03-17,2025-03-17,,242.48,5,active
SUB004767,CUS002953,Enterprise,2024-02-06,2025-02-05,,113898.13,396,active
SUB004768,CUS000048,Basic,2024-10-28,2025-10-28,,472.52,10,active
SUB004769,CUS000900,Professional,2022-09-25,2023-09-25,,2356.15,17,active
SUB004770,CUS003166,Professional,2023-03-02,2024-03-01,2024-05-27,7734.02,63,cancelled
SUB004771,CUS003001,Basic,2023-12-18,2024-12-17,,766.56,15,active
SUB004772,CUS002076,Basic,2022-07-12,2023-07-12,,472.25,10,active
SUB004773,CUS003410,Professional,2024-06-14,2025-06-14,,2459.18,19,active
SUB004774,CUS004959,Basic,2024-10-20,2025-10-20,,576.13,11,active
SUB004775,CUS002490,Professional,2024-04-28,2025-04-28,,7027.2,53,active
SUB004776,CUS004264,Enterprise,2023-12-02,2024-12-01,,73259.13,258,active
SUB004777,CUS002472,Basic,2023-02-20,2024-02-20,,435.8,9,active
SUB004778,CUS000034,Professional,2023-05-24,2024-05-23,2024-07-09,5541.98,43,expired
SUB004779,CUS000677,Basic,2022-12-29,2023-12-29,,659.98,13,active
SUB004780,CUS003004,Basic,2024-02-25,2025-02-24,,588.97,12,active
SUB004781,CUS000344,Professional,2023-11-07,2024-11-06,,6157.57,48,active
SUB004782,CUS003958,Enterprise,2022-06-11,2023-06-11,,44379.93,140,active
SUB004783,CUS002389,Professional,2024-06-02,2025-06-02,,4628.6,34,active
SUB004784,CUS002054,Basic,2023-06-05,2024-06-04,,752.97,15,active
SUB004785,CUS001156,Basic,2022-12-02,2023-12-02,,191.7,4,active
SUB004786,CUS000449,Basic,2024-03-07,2025-03-07,,444.53,10,active
SUB004787,CUS002479,Basic,2023-08-23,2024-08-22,,234.03,5,active
SUB004788,CUS004482,Basic,2023-06-23,2024-06-22,,139.06,3,active
SUB004789,CUS002527,Professional,2021-01-09,2022-01-09,,5921.29,46,active
SUB004790,CUS000392,Professional,2024-08-17,2025-08-17,,6928.2,52,active
SUB004791,CUS002280,Basic,2021-01-09,2022-01-09,,681.05,13,active
SUB004792,CUS002961,Basic,2024-10-01,2025-10-01,,665.4,13,active
SUB004793,CUS002194,Professional,2024-05-13,2025-05-13,,5660.81,45,active
SUB004794,CUS004888,Professional,2023-11-22,2024-11-21,,8069.09,62,active
SUB004795,CUS003609,Basic,2024-04-16,2025-04-16,,347.83,7,active
SUB004796,CUS004366,Professional,2024-09-16,2025-09-16,,6097.95,50,active
SUB004797,CUS004208,Professional,2024-04-26,2025-04-26,,6002.67,48,active
SUB004798,CUS002027,Professional,2024-09-01,2025-09-01,,7115.09,56,active
SUB004799,CUS002029,Enterprise,2024-02-26,2025-02-25,,37269.62,116,active
SUB004800,CUS002578,Basic,2024-05-13,2025-05-13,,446.96,9,active
SUB004801,CUS003121,Basic,2022-03-30,2023-03-30,2022-10-28,607.69,13,cancelled
SUB004802,CUS002864,Basic,2024-05-28,2025-05-28,,96.54,2,active
SUB004803,CUS004480,Basic,2024-07-02,2025-07-02,,647.01,13,active
SUB004804,CUS004584,Basic,2023-08-12,2024-08-11,,388.55,8,active
SUB004805,CUS001841,Basic,2021-11-08,2022-11-08,,532.28,11,active
SUB004806,CUS000873,Professional,2021-07-19,2022-07-19,,4762.98,36,active
SUB004807,CUS001830,Professional,2024-08-01,2025-08-01,,3653.85,27,active
SUB004808,CUS004218,Enterprise,2024-02-28,2025-02-27,,97882.31,314,active
SUB004809,CUS001478,Basic,2024-08-07,2025-08-07,,630.31,13,active
SUB004810,CUS004444,Basic,2024-10-28,2025-10-28,,243.58,5,active
SUB004811,CUS001255,Professional,2023-09-09,2024-09-08,,2424.48,19,active
SUB004812,CUS003862,Basic,2024-05-21,2025-05-21,,558.92,11,active
SUB004813,CUS000063,Basic,2024-03-28,2025-03-28,,386.66,8,active
SUB004814,CUS003260,Basic,2024-10-11,2025-10-11,,594.12,13,active
SUB004815,CUS000473,Enterprise,2023-03-08,2024-03-07,,117971.13,388,active
SUB004816,CUS001496,Professional,2024-07-25,2025-07-25,,7226.44,55,active
SUB004817,CUS000898,Professional,2021-04-22,2022-04-22,,5468.31,43,active
SUB004818,CUS000196,Enterprise,2024-09-13,2025-09-13,,51579.73,162,active
SUB004819,CUS004220,Professional,2024-03-14,2025-03-14,,1392.07,11,active
SUB004820,CUS004829,Basic,2024-07-20,2025-07-20,,771.47,15,active
SUB004821,CUS002252,Professional,2022-02-19,2023-02-19,2024-06-20,8606.8,70,cancelled
SUB004822,CUS001521,Professional,2024-07-12,2025-07-12,,10029.08,77,active
SUB004823,CUS003632,Basic,2024-09-18,2025-09-18,,380.91,8,active
SUB004824,CUS002636,Professional,2023-01-21,2024-01-21,2023-06-10,9778.93,76,cancelled
SUB004825,CUS003473,Basic,2021-08-28,2022-08-28,,100.61,2,active
SUB004826,CUS000133,Professional,2023-11-08,2024-11-07,,1769.99,14,active
SUB004827,CUS002447,Professional,2024-04-30,2025-04-30,,2894.53,23,active
SUB004828,CUS002621,Professional,2024-09-29,2025-09-29,,8319.68,65,active
SUB004829,CUS000488,Basic,2024-05-27,2025-05-27,,831.72,15,active
SUB004830,CUS003969,Enterprise,2023-10-12,2024-10-11,,42156.34,140,active
SUB004831,CUS002393,Basic,2022-01-06,2023-01-06,,689.44,14,active
SUB004832,CUS000996,Basic,2023-12-21,2024-12-20,,248.73,5,active
SUB004833,CUS001402,Basic,2024-01-17,2025-01-16,,506.63,11,active
SUB004834,CUS002407,Enterprise,2024-07-28,2025-07-28,,88887.44,288,active
SUB004835,CUS002392,Professional,2023-06-18,2024-06-17,,4098.56,31,active
SUB004836,CUS004369,Professional,2024-01-23,2025-01-22,,9312.83,77,active
SUB004837,CUS000955,Professional,2023-05-12,2024-05-11,,6992.8,50,active
SUB004838,CUS004757,Professional,2021-08-21,2022-08-21,,10192.08,79,active
SUB004839,CUS001868,Basic,2022-06-15,2023-06-15,,141.25,3,active
SUB004840,CUS000852,Enterprise,2022-08-02,2023-08-02,,82522.99,273,active
SUB004841,CUS001459,Basic,2021-08-13,2022-08-13,,237.21,5,active
SUB004842,CUS001859,Basic,2024-01-08,2025-01-07,,184.95,4,active
SUB004843,CUS000986,Basic,2024-10-01,2025-10-01,,436.79,9,active
SUB004844,CUS004963,Basic,2024-10-04,2025-10-04,,243.05,5,active
SUB004845,CUS002388,Professional,2022-11-26,2023-11-26,,9507.49,78,active
SUB004846,CUS000021,Professional,2023-04-14,2024-04-13,,2635.02,21,active
SUB004847,CUS004525,Basic,2023-07-25,2024-07-24,,661.2,14,active
SUB004848,CUS001643,Professional,2024-10-20,2025-10-20,,9044.45,71,active
SUB004849,CUS004409,Enterprise,2023-05-16,2024-05-15,,89592.97,293,active
SUB004850,CUS003314,Basic,2023-03-24,2024-03-23,,443.18,9,active
SUB004851,CUS004845,Professional,2024-09-29,2025-09-29,,1417.38,11,active
SUB004852,CUS002843,Basic,2024-07-03,2025-07-03,,229.35,5,active
SUB004853,CUS000656,Basic,2024-01-15,2025-01-14,,293.71,6,active
SUB004854,CUS004692,Basic,2024-04-05,2025-04-05,,282.81,6,active
SUB004855,CUS000495,Enterprise,2024-09-22,2025-09-22,,69974.61,249,active
SUB004856,CUS000672,Professional,2024-09-25,2025-09-25,,9706.25,73,active
SUB004857,CUS004916,Basic,2022-11-21,2023-11-21,,607.33,13,active
SUB004858,CUS004132,Basic,2023-12-26,2024-12-25,,442.45,9,active
SUB004859,CUS000180,Professional,2024-08-05,2025-08-05,,7100.82,56,active
SUB004860,CUS003533,Basic,2022-03-24,2023-03-24,2022-09-24,663.11,14,expired
SUB004861,CUS000120,Basic,2024-10-07,2025-10-07,,715.29,14,active
SUB004862,CUS004576,Professional,2024-06-12,2025-06-12,,6567.02,52,active
SUB004863,CUS002357,Enterprise,2024-10-11,2025-10-11,,98298.07,335,active
SUB004864,CUS002628,Enterprise,2022-12-02,2023-12-02,,24761.19,85,active
SUB004865,CUS000781,Enterprise,2024-07-23,2025-07-23,,35800.04,119,active
SUB004866,CUS004967,Professional,2024-07-22,2025-07-22,,6542.27,51,active
SUB004867,CUS002119,Basic,2024-04-22,2025-04-22,,716.95,15,active
SUB004868,CUS004762,Basic,2023-11-21,2024-11-20,2024-06-29,569.01,12,cancelled
SUB004869,CUS001883,Basic,2023-01-27,2024-01-27,,538.22,11,active
SUB004870,CUS003292,Enterprise,2023-11-12,2024-11-11,,120383.73,412,active
SUB004871,CUS004437,Basic,2021-12-05,2022-12-05,,207.83,4,active
SUB004872,CUS001169,Basic,2024-09-08,2025-09-08,,673.39,14,active
SUB004873,CUS002480,Professional,2023-08-16,2024-08-15,,5350.86,41,active
SUB004874,CUS002609,Professional,2024-04-06,2025-04-06,,3986.27,31,active
SUB004875,CUS003099,Basic,2023-07-07,2024-07-06,,145.51,3,active
SUB004876,CUS003916,Professional,2024-06-05,2025-06-05,,6386.9,48,active
SUB004877,CUS002856,Enterprise,2024-06-14,2025-06-14,,98843.23,324,active
SUB004878,CUS001941,Basic,2021-04-17,2022-04-17,,749.43,15,active
SUB004879,CUS002239,Professional,2024-10-28,2025-10-28,,10387.14,79,active
SUB004880,CUS004372,Basic,2023-06-12,2024-06-11,,601.01,13,active
SUB004881,CUS000620,Basic,2022-11-16,2023-11-16,,597.07,12,active
SUB004882,CUS000246,Professional,2021-12-12,2022-12-12,,3324.96,26,active
SUB004883,CUS001534,Basic,2022-09-02,2023-09-02,,192.48,4,active
SUB004884,CUS004463,Basic,2024-03-05,2025-03-05,2024-07-25,439.48,8,cancelled
SUB004885,CUS003233,Enterprise,2024-08-15,2025-08-15,,70327.43,248,active
SUB004886,CUS000349,Professional,2023-10-05,2024-10-04,2024-05-06,9387.15,73,cancelled
SUB004887,CUS004850,Basic,2023-08-25,2024-08-24,,292.24,6,active
SUB004888,CUS000465,Basic,2024-02-16,2025-02-15,,244.3,5,active
SUB004889,CUS000909,Basic,2023-03-21,2024-03-20,,614.39,13,active
SUB004890,CUS002411,Professional,2024-10-23,2025-10-23,,6110.75,47,active
SUB004891,CUS003298,Professional,2024-06-12,2025-06-12,,7311.65,59,active
SUB004892,CUS001931,Basic,2024-10-09,2025-10-09,,197.95,4,active
SUB004893,CUS003639,Professional,2024-10-13,2025-10-13,,6485.36,50,active
SUB004894,CUS002576,Enterprise,2024-08-01,2025-08-01,,123913.9,418,active
SUB004895,CUS000361,Professional,2024-10-06,2025-10-06,,9907.74,77,active
SUB004896,CUS002193,Professional,2024-07-19,2025-07-19,,4220.72,31,active
SUB004897,CUS002300,Enterprise,2023-10-13,2024-10-12,,62230.25,204,active
SUB004898,CUS001063,Basic,2024-10-20,2025-10-20,,295.78,6,active
SUB004899,CUS000692,Basic,2024-06-16,2025-06-16,,99.46,2,active
SUB004900,CUS002145,Enterprise,2023-10-10,2024-10-09,,52099.23,174,active
SUB004901,CUS002854,Professional,2024-04-22,2025-04-22,,8284.06,63,active
SUB004902,CUS001047,Professional,2023-11-13,2024-11-12,,7575.86,60,active
SUB004903,CUS002054,Professional,2022-07-17,2023-07-17,,7088.04,51,active
SUB004904,CUS001522,Professional,2021-09-21,2022-09-21,,3895.45,30,active
SUB004905,CUS004310,Professional,2023-08-12,2024-08-11,,3544.02,25,active
SUB004906,CUS004762,Basic,2024-03-29,2025-03-29,,316.81,6,active
SUB004907,CUS001105,Professional,2024-08-20,2025-08-20,,7856.97,62,active
SUB004908,CUS004059,Basic,2024-09-16,2025-09-16,,345.88,7,active
SUB004909,CUS000632,Professional,2024-05-04,2025-05-04,2024-07-24,3658.22,28,expired
SUB004910,CUS004001,Enterprise,2024-07-23,2025-07-23,,55270.15,179,active
SUB004911,CUS001716,Professional,2023-08-20,2024-08-19,2024-06-29,6350.04,49,cancelled
SUB004912,CUS001318,Professional,2022-05-25,2023-05-25,,1882.29,14,active
SUB004913,CUS003901,Professional,2023-11-10,2024-11-09,,8352.97,69,active
SUB004914,CUS003187,Basic,2024-04-20,2025-04-20,,383.63,8,active
SUB004915,CUS002402,Basic,2024-02-06,2025-02-05,,194.69,4,active
SUB004916,CUS000522,Basic,2024-07-13,2025-07-13,,717.85,15,active
SUB004917,CUS002283,Basic,2024-04-13,2025-04-13,,138.09,3,active
SUB004918,CUS003663,Enterprise,2024-08-02,2025-08-02,,99564.63,323,active
SUB004919,CUS002956,Enterprise,2024-05-15,2025-05-15,,71853.87,250,active
SUB004920,CUS001322,Enterprise,2024-05-08,2025-05-08,,85539.38,293,active
SUB004921,CUS002565,Basic,2022-11-13,2023-11-13,,352.06,7,active
SUB004922,CUS004518,Professional,2021-10-30,2022-10-30,,10627.72,79,active
SUB004923,CUS002795,Professional,2022-03-05,2023-03-05,,2908.27,23,active
SUB004924,CUS003241,Basic,2024-07-12,2025-07-12,,94.44,2,active
SUB004925,CUS003021,Professional,2024-03-17,2025-03-17,,8772.96,70,active
SUB004926,CUS004890,Enterprise,2023-07-31,2024-07-30,,69589.01,224,active
SUB004927,CUS002535,Professional,2023-06-20,2024-06-19,,5640.11,42,active
SUB004928,CUS003284,Basic,2023-03-26,2024-03-25,,297.46,6,active
SUB004929,CUS002131,Basic,2024-04-26,2025-04-26,,395.39,8,active
SUB004930,CUS002533,Basic,2024-05-13,2025-05-13,2024-09-24,701.08,15,expired
SUB004931,CUS001969,Professional,2023-06-08,2024-06-07,,1311.0,10,active
SUB004932,CUS000578,Professional,2024-02-21,2025-02-20,,4639.16,35,active
SUB004933,CUS002414,Professional,2022-08-12,2023-08-12,,2984.18,23,active
SUB004934,CUS003784,Basic,2022-04-23,2023-04-23,,592.15,12,active
SUB004935,CUS002659,Basic,2024-09-01,2025-09-01,,141.69,3,active
SUB004936,CUS000335,Basic,2022-11-23,2023-11-23,,765.06,15,active
SUB004937,CUS000566,Professional,2023-03-27,2024-03-26,2024-05-15,8354.7,68,cancelled
SUB004938,CUS002084,Basic,2023-01-21,2024-01-21,,489.72,10,active
SUB004939,CUS001033,Basic,2024-09-28,2025-09-28,,99.57,2,active
SUB004940,CUS001875,Enterprise,2023-03-25,2024-03-24,2023-09-27,31715.94,102,expired
SUB004941,CUS004615,Basic,2023-06-07,2024-06-06,,558.88,11,active
SUB004942,CUS000970,Professional,2024-09-17,2025-09-17,,4158.45,31,active
SUB004943,CUS000936,Professional,2024-06-21,2025-06-21,,9572.69,75,active
SUB004944,CUS000702,Basic,2023-03-27,2024-03-26,,105.97,2,active
SUB004945,CUS000216,Enterprise,2024-09-04,2025-09-04,,83803.68,270,active
SUB004946,CUS001028,Basic,2022-05-19,2023-05-19,,725.92,15,active
SUB004947,CUS004900,Enterprise,2022-11-13,2023-11-13,,26934.37,91,active
SUB004948,CUS001012,Professional,2024-08-05,2025-08-05,,5959.5,45,active
SUB004949,CUS003950,Basic,2021-02-07,2022-02-07,,240.99,5,active
SUB004950,CUS003582,Basic,2024-06-13,2025-06-13,,514.9,11,active
SUB004951,CUS003345,Professional,2024-07-25,2025-07-25,2024-10-15,4786.79,37,cancelled
SUB004952,CUS002935,Basic,2024-03-10,2025-03-10,,496.13,11,active
SUB004953,CUS000343,Professional,2024-10-17,2025-10-17,,5616.57,43,active
SUB004954,CUS000311,Basic,2024-10-09,2025-10-09,2024-12-26,651.22,13,expired
SUB004955,CUS004390,Basic,2023-12-20,2024-12-19,,291.26,6,active
SUB004956,CUS004308,Professional,2023-09-08,2024-09-07,,9796.02,73,active
SUB004957,CUS001238,Basic,2024-09-30,2025-09-30,,252.31,5,active
SUB004958,CUS003226,Basic,2021-11-27,2022-11-27,,236.26,5,active
SUB004959,CUS004161,Professional,2022-09-19,2023-09-19,,6072.39,47,active
SUB004960,CUS002321,Enterprise,2024-08-05,2025-08-05,,98344.18,335,active
SUB004961,CUS004949,Basic,2023-11-19,2024-11-18,2024-11-07,629.8,13,cancelled
SUB004962,CUS004527,Enterprise,2024-08-16,2025-08-16,,24879.68,80,active
SUB004963,CUS001808,Enterprise,2024-03-08,2025-03-08,,108468.47,355,active
SUB004964,CUS004874,Professional,2022-01-03,2023-01-03,2022-05-06,4401.61,35,cancelled
SUB004965,CUS000844,Professional,2024-09-09,2025-09-09,,9360.88,72,active
SUB004966,CUS004780,Professional,2023-08-24,2024-08-23,,9544.69,76,active
SUB004967,CUS002171,Professional,2024-04-26,2025-04-26,,2916.66,23,active
SUB004968,CUS000147,Enterprise,2023-08-27,2024-08-26,,51992.74,165,active
SUB004969,CUS004833,Enterprise,2023-12-22,2024-12-21,,80110.72,246,active
SUB004970,CUS004863,Professional,2023-10-23,2024-10-22,,6440.52,47,active
SUB004971,CUS000250,Professional,2023-06-25,2024-06-24,,4819.34,37,active
SUB004972,CUS001928,Enterprise,2023-09-22,2024-09-21,,26782.34,89,active
SUB004973,CUS001011,Professional,2022-11-03,2023-11-03,,6412.92,48,active
SUB004974,CUS002382,Basic,2024-09-23,2025-09-23,,688.44,14,active
SUB004975,CUS002464,Enterprise,2024-10-24,2025-10-24,,30964.55,109,active
SUB004976,CUS002923,Professional,2023-07-19,2024-07-18,,2744.25,20,active
SUB004977,CUS003843,Basic,2024-10-08,2025-10-08,,422.67,9,active
SUB004978,CUS000932,Professional,2024-09-13,2025-09-13,,2420.16,18,active
SUB004979,CUS002792,Basic,2024-08-05,2025-08-05,,653.94,13,active
SUB004980,CUS001188,Basic,2024-06-29,2025-06-29,,365.33,7,active
SUB004981,CUS000885,Basic,2024-04-08,2025-04-08,,151.44,3,active
SUB004982,CUS001917,Basic,2021-08-28,2022-08-28,,95.98,2,active
SUB004983,CUS001500,Professional,2021-01-21,2022-01-21,2024-05-20,8971.32,67,cancelled
SUB004984,CUS004578,Basic,2024-09-08,2025-09-08,,145.13,3,active
SUB004985,CUS004191,Basic,2022-12-12,2023-12-12,2023-08-09,283.94,6,cancelled
SUB004986,CUS004743,Basic,2023-09-05,2024-09-04,,596.17,13,active
SUB004987,CUS002880,Professional,2024-09-29,2025-09-29,,7963.38,62,active
SUB004988,CUS003172,Enterprise,2024-10-14,2025-10-14,,116188.69,413,active
SUB004989,CUS002478,Basic,2024-06-07,2025-06-07,,566.1,11,active
SUB004990,CUS001274,Basic,2024-10-07,2025-10-07,,416.75,9,active
SUB004991,CUS002168,Basic,2024-10-28,2025-10-28,,145.04,3,active
SUB004992,CUS001544,Basic,2024-02-01,2025-01-31,,387.37,8,active
SUB004993,CUS003784,Basic,2023-03-21,2024-03-20,,591.53,12,active
SUB004994,CUS003121,Basic,2023-02-21,2024-02-21,,475.13,10,active
SUB004995,CUS004789,Basic,2024-06-05,2025-06-05,,458.52,9,active
SUB004996,CUS002170,Basic,2022-09-06,2023-09-06,,640.64,13,active
SUB004997,CUS001111,Basic,2024-07-20,2025-07-20,,195.88,4,active
SUB004998,CUS002747,Enterprise,2021-10-17,2022-10-17,,118338.9,405,active
SUB004999,CUS001476,Basic,2021-12-28,2022-12-28,2022-07-23,199.77,4,cancelled
SUB005000,CUS004886,Professional,2022-03-24,2023-03-24,2023-02-18,4059.26,30,cancelled
SUB005001,CUS002070,Basic,2024-05-31,2025-05-31,,804.33,15,active
SUB005002,CUS000540,Professional,2023-01-24,2024-01-24,2024-06-26,2994.02,24,cancelled
SUB005003,CUS001342,Professional,2024-06-08,2025-06-08,,4750.2,37,active
SUB005004,CUS002823,Basic,2024-07-10,2025-07-10,,365.83,8,active
SUB005005,CUS002395,Professional,2021-05-05,2022-05-05,2024-05-04,6603.47,50,cancelled
SUB005006,CUS004364,Basic,2024-08-14,2025-08-14,2024-12-17,93.32,2,cancelled
SUB005007,CUS004412,Basic,2023-06-02,2024-06-01,,197.89,4,active
SUB005008,CUS004447,Basic,2022-07-05,2023-07-05,,153.35,3,active
SUB005009,CUS003759,Basic,2024-08-20,2025-08-20,,289.76,6,active
SUB005010,CUS002618,Basic,2024-10-09,2025-10-09,,331.81,7,active
SUB005011,CUS000034,Enterprise,2024-06-20,2025-06-20,,122302.46,391,active
SUB005012,CUS001248,Enterprise,2023-03-03,2024-03-02,,88560.41,289,active
SUB005013,CUS002563,Basic,2021-05-09,2022-05-09,,470.62,10,active
SUB005014,CUS000180,Basic,2024-10-29,2025-10-29,,393.92,8,active
SUB005015,CUS001106,Enterprise,2024-07-26,2025-07-26,,35968.18,124,active
SUB005016,CUS002229,Professional,2022-03-06,2023-03-06,,1739.25,13,active
SUB005017,CUS004962,Basic,2024-07-05,2025-07-05,,344.48,7,active
SUB005018,CUS001860,Basic,2022-04-05,2023-04-05,,619.44,12,active
SUB005019,CUS001361,Basic,2024-04-22,2025-04-22,,616.23,13,active
SUB005020,CUS001443,Professional,2024-06-08,2025-06-08,,5981.16,46,active
SUB005021,CUS003786,Basic,2023-07-26,2024-07-25,,734.68,15,active
SUB005022,CUS000133,Basic,2022-10-19,2023-10-19,,395.49,8,active
SUB005023,CUS002263,Professional,2024-06-28,2025-06-28,,4551.95,36,active
SUB005024,CUS004533,Enterprise,2024-06-02,2025-06-02,,53986.89,196,active
SUB005025,CUS003424,Professional,2021-05-11,2022-05-11,,6867.43,52,active
SUB005026,CUS002754,Basic,2024-09-16,2025-09-16,,196.37,4,active
SUB005027,CUS000037,Enterprise,2022-05-23,2023-05-23,,47609.3,164,active
SUB005028,CUS001987,Professional,2022-12-06,2023-12-06,,7097.12,56,active
SUB005029,CUS001074,Basic,2024-04-10,2025-04-10,,234.97,5,active
SUB005030,CUS002063,Basic,2022-05-29,2023-05-29,,549.76,12,active
SUB005031,CUS003302,Basic,2022-07-21,2023-07-21,,355.47,7,active
SUB005032,CUS001621,Professional,2023-12-05,2024-12-04,,9210.65,70,active
SUB005033,CUS004156,Enterprise,2024-10-21,2025-10-21,,60674.86,213,active
SUB005034,CUS002559,Enterprise,2024-07-17,2025-07-17,,43931.87,135,active
SUB005035,CUS004584,Professional,2024-09-22,2025-09-22,,5576.06,45,active
SUB005036,CUS004853,Basic,2024-07-18,2025-07-18,,251.13,5,active
SUB005037,CUS001129,Basic,2023-10-02,2024-10-01,2024-05-28,637.08,13,expired
SUB005038,CUS002492,Basic,2022-10-15,2023-10-15,,655.68,14,active
SUB005039,CUS001023,Basic,2024-06-26,2025-06-26,,297.6,6,active
SUB005040,CUS000997,Professional,2024-02-02,2025-02-01,,4614.02,36,active
SUB005041,CUS000534,Professional,2022-04-18,2023-04-18,2024-04-04,8576.44,68,cancelled
SUB005042,CUS000030,Basic,2024-09-05,2025-09-05,,615.15,12,active
SUB005043,CUS004517,Enterprise,2024-07-23,2025-07-23,,90742.12,297,active
SUB005044,CUS004474,Basic,2023-04-29,2024-04-28,,301.4,6,active
SUB005045,CUS000292,Professional,2024-09-11,2025-09-11,2024-12-25,2048.45,16,cancelled
SUB005046,CUS001289,Basic,2023-08-18,2024-08-17,,297.62,6,active
SUB005047,CUS000172,Enterprise,2024-08-17,2025-08-17,,54665.52,183,active
SUB005048,CUS001029,Professional,2022-06-09,2023-06-09,2024-06-09,7350.22,56,cancelled
SUB005049,CUS000214,Basic,2024-07-01,2025-07-01,,615.34,13,active
SUB005050,CUS002986,Basic,2024-05-07,2025-05-07,,359.43,8,active
SUB005051,CUS003588,Basic,2023-08-20,2024-08-19,,205.3,4,active
SUB005052,CUS004171,Basic,2023-05-19,2024-05-18,,293.85,6,active
SUB005053,CUS000214,Enterprise,2023-11-15,2024-11-14,,107354.07,352,active
SUB005054,CUS000579,Enterprise,2022-12-02,2023-12-02,,24514.33,84,active
SUB005055,CUS001776,Basic,2024-10-04,2025-10-04,,680.63,14,active
SUB005056,CUS001612,Basic,2024-05-15,2025-05-15,,670.9,13,active
SUB005057,CUS003502,Professional,2024-09-01,2025-09-01,,6532.14,50,active
SUB005058,CUS000271,Professional,2023-01-10,2024-01-10,,5836.08,42,active
SUB005059,CUS001206,Professional,2024-04-24,2025-04-24,,7316.4,55,active
SUB005060,CUS001074,Basic,2024-02-06,2025-02-05,,239.27,5,active
SUB005061,CUS003821,Professional,2023-05-08,2024-05-07,,5108.76,39,active
SUB005062,CUS001416,Basic,2023-03-20,2024-03-19,,103.77,2,active
SUB005063,CUS002317,Enterprise,2024-08-30,2025-08-30,,47003.6,156,active
SUB005064,CUS003080,Enterprise,2024-04-08,2025-04-08,,71852.26,235,active
SUB005065,CUS002003,Professional,2024-09-27,2025-09-27,,4332.12,32,active
SUB005066,CUS003944,Professional,2024-05-18,2025-05-18,,3670.72,31,active
SUB005067,CUS002234,Basic,2021-04-15,2022-04-15,,150.61,3,active
SUB005068,CUS004484,Basic,2021-08-18,2022-08-18,,667.03,13,active
SUB005069,CUS004695,Enterprise,2023-03-19,2024-03-18,,88745.13,305,active
SUB005070,CUS001659,Professional,2024-09-16,2025-09-16,,5081.34,38,active
SUB005071,CUS000014,Professional,2022-03-30,2023-03-30,,9286.31,72,active
SUB005072,CUS002915,Enterprise,2023-04-03,2024-04-02,,60759.11,216,active
SUB005073,CUS001813,Basic,2024-08-26,2025-08-26,,201.42,4,active
SUB005074,CUS002309,Basic,2024-05-06,2025-05-06,2024-11-20,97.97,2,cancelled
SUB005075,CUS003823,Professional,2023-02-18,2024-02-18,,8620.51,67,active
SUB005076,CUS001775,Basic,2024-04-15,2025-04-15,,601.3,12,active
SUB005077,CUS003026,Basic,2024-10-09,2025-10-09,,94.74,2,active
SUB005078,CUS003342,Professional,2022-06-18,2023-06-18,,4636.96,35,active
SUB005079,CUS004534,Basic,2023-09-11,2024-09-10,,332.05,7,active
SUB005080,CUS002927,Professional,2023-02-11,2024-02-11,2023-12-23,10458.96,77,expired
SUB005081,CUS004604,Basic,2022-04-26,2023-04-26,,101.91,2,active
SUB005082,CUS004935,Enterprise,2023-01-01,2024-01-01,,63018.59,200,active
SUB005083,CUS003720,Basic,2024-08-13,2025-08-13,,448.17,9,active
SUB005084,CUS003861,Professional,2023-02-22,2024-02-22,2023-06-26,5718.91,45,cancelled
SUB005085,CUS003132,Enterprise,2024-01-21,2025-01-20,,89185.57,306,active
SUB005086,CUS001709,Professional,2024-08-25,2025-08-25,,4517.12,36,active
SUB005087,CUS000948,Enterprise,2024-01-15,2025-01-14,,104909.41,353,active
SUB005088,CUS000249,Basic,2023-12-04,2024-12-03,,95.65,2,active
SUB005089,CUS001392,Professional,2024-06-11,2025-06-11,,10176.41,78,active
SUB005090,CUS000922,Professional,2024-10-27,2025-10-27,,6769.64,54,active
SUB005091,CUS004002,Basic,2024-03-20,2025-03-20,,718.99,15,active
SUB005092,CUS002249,Professional,2024-07-23,2025-07-23,,6618.58,52,active
SUB005093,CUS000701,Enterprise,2023-10-10,2024-10-09,,75337.26,259,active
SUB005094,CUS004335,Professional,2023-12-17,2024-12-16,,1656.91,13,active
SUB005095,CUS001838,Basic,2024-10-25,2025-10-25,,750.02,15,active
SUB005096,CUS003972,Basic,2024-06-05,2025-06-05,,237.42,5,active
SUB005097,CUS003832,Enterprise,2024-02-11,2025-02-10,,47542.84,166,active
SUB005098,CUS002645,Basic,2024-10-24,2025-10-24,,633.03,13,active
SUB005099,CUS003321,Basic,2024-08-24,2025-08-24,,235.23,5,active
SUB005100,CUS004973,Enterprise,2024-06-05,2025-06-05,,44757.23,143,active
SUB005101,CUS004730,Enterprise,2024-10-28,2025-10-28,,46086.78,158,active
SUB005102,CUS001235,Basic,2023-06-10,2024-06-09,,638.07,13,active
SUB005103,CUS001858,Professional,2024-09-23,2025-09-23,,4193.59,32,active
SUB005104,CUS000508,Basic,2022-09-02,2023-09-02,,187.34,4,active
SUB005105,CUS002384,Professional,2022-06-30,2023-06-30,,6008.93,48,active
SUB005106,CUS001226,Basic,2024-04-23,2025-04-23,,383.36,8,active
SUB005107,CUS001797,Professional,2024-07-15,2025-07-15,,5566.38,42,active
SUB005108,CUS000478,Basic,2022-07-20,2023-07-20,,156.42,3,active
SUB005109,CUS000726,Professional,2021-07-12,2022-07-12,,3022.35,22,active
SUB005110,CUS002747,Professional,2021-08-06,2022-08-06,2022-12-17,1886.49,14,cancelled
SUB005111,CUS004610,Professional,2023-11-07,2024-11-06,,5799.87,47,active
SUB005112,CUS000594,Basic,2024-03-09,2025-03-09,,332.48,7,active
SUB005113,CUS000209,Professional,2024-09-07,2025-09-07,,2028.97,15,active
SUB005114,CUS004922,Basic,2024-07-06,2025-07-06,,619.4,12,active
SUB005115,CUS003632,Basic,2024-07-29,2025-07-29,,554.01,11,active
SUB005116,CUS004295,Basic,2023-06-22,2024-06-21,,503.82,10,active
SUB005117,CUS000599,Professional,2024-03-19,2025-03-19,,5971.95,47,active
SUB005118,CUS003301,Professional,2023-04-05,2024-04-04,,9435.64,69,active
SUB005119,CUS002053,Basic,2023-05-31,2024-05-30,,334.22,7,active
SUB005120,CUS001305,Basic,2021-05-07,2022-05-07,,693.57,15,active
SUB005121,CUS001647,Professional,2024-07-27,2025-07-27,,8222.31,62,active
SUB005122,CUS001720,Professional,2024-10-01,2025-10-01,,7076.65,56,active
SUB005123,CUS002178,Enterprise,2024-07-02,2025-07-02,,30824.33,108,active
SUB005124,CUS004117,Professional,2024-10-18,2025-10-18,,1462.61,11,active
SUB005125,CUS003841,Basic,2023-06-23,2024-06-22,2024-06-09,642.1,14,expired
SUB005126,CUS003178,Professional,2021-02-13,2022-02-13,2022-04-08,3145.23,24,cancelled
SUB005127,CUS000815,Professional,2024-08-02,2025-08-02,,1396.82,11,active
SUB005128,CUS003145,Basic,2024-07-27,2025-07-27,,310.48,6,active
SUB005129,CUS004367,Professional,2023-11-27,2024-11-26,,7601.75,58,active
SUB005130,CUS003910,Professional,2024-09-14,2025-09-14,,5487.78,41,active
SUB005131,CUS002671,Enterprise,2024-03-24,2025-03-24,,27614.59,96,active
SUB005132,CUS003197,Professional,2024-08-06,2025-08-06,,8494.59,70,active
SUB005133,CUS002286,Professional,2024-10-15,2025-10-15,,8278.68,65,active
SUB005134,CUS003866,Professional,2024-05-14,2025-05-14,,6061.05,46,active
SUB005135,CUS003911,Basic,2024-09-14,2025-09-14,,98.24,2,active
SUB005136,CUS003159,Basic,2023-09-06,2024-09-05,,203.89,4,active
SUB005137,CUS001571,Professional,2024-05-28,2025-05-28,,4732.82,36,active
SUB005138,CUS003385,Basic,2021-12-02,2022-12-02,,613.6,13,active
SUB005139,CUS003500,Basic,2024-01-13,2025-01-12,,448.17,9,active
SUB005140,CUS001560,Basic,2024-07-06,2025-07-06,,246.47,5,active
SUB005141,CUS000281,Enterprise,2024-07-07,2025-07-07,,63084.43,202,active
SUB005142,CUS003658,Basic,2024-03-25,2025-03-25,,663.77,14,active
SUB005143,CUS004849,Basic,2024-10-13,2025-10-13,,191.45,4,active
SUB005144,CUS002808,Professional,2022-01-20,2023-01-20,,7978.31,61,active
SUB005145,CUS004362,Professional,2022-11-08,2023-11-08,,5279.95,39,active
SUB005146,CUS001789,Enterprise,2023-03-25,2024-03-24,,102435.3,345,active
SUB005147,CUS004574,Basic,2022-10-13,2023-10-13,,700.32,14,active
SUB005148,CUS001731,Professional,2024-03-21,2025-03-21,,7749.54,60,active
SUB005149,CUS000833,Professional,2024-10-23,2025-10-23,,6826.84,53,active
SUB005150,CUS001762,Professional,2022-11-14,2023-11-14,,2952.42,22,active
SUB005151,CUS000147,Enterprise,2022-10-15,2023-10-15,,52826.35,176,active
SUB005152,CUS000550,Basic,2023-05-03,2024-05-02,2024-01-24,675.37,14,cancelled
SUB005153,CUS002563,Basic,2024-04-02,2025-04-02,,625.81,13,active
SUB005154,CUS003779,Basic,2021-04-28,2022-04-28,,193.89,4,active
SUB005155,CUS001505,Professional,2024-10-29,2025-10-29,,2643.38,21,active
SUB005156,CUS003167,Professional,2024-06-28,2025-06-28,,2430.59,19,active
SUB005157,CUS004386,Basic,2023-11-22,2024-11-21,,540.11,11,active
SUB005158,CUS002865,Basic,2023-01-22,2024-01-22,,197.97,4,active
SUB005159,CUS003395,Basic,2024-09-23,2025-09-23,,236.55,5,active
SUB005160,CUS001367,Basic,2024-04-12,2025-04-12,,144.84,3,active
SUB005161,CUS002734,Basic,2022-02-17,2023-02-17,,145.09,3,active
SUB005162,CUS003762,Basic,2023-11-19,2024-11-18,,715.36,15,active
SUB005163,CUS000194,Basic,2023-05-27,2024-05-26,,192.03,4,active
SUB005164,CUS001908,Enterprise,2024-02-01,2025-01-31,,91294.14,296,active
SUB005165,CUS002224,Basic,2024-07-23,2025-07-23,,616.07,12,active
SUB005166,CUS001495,Professional,2022-12-17,2023-12-17,,2296.56,18,active
SUB005167,CUS002576,Enterprise,2024-09-17,2025-09-17,,116915.29,401,active
SUB005168,CUS004153,Professional,2023-02-01,2024-02-01,,5917.12,46,active
SUB005169,CUS003553,Enterprise,2024-10-17,2025-10-17,,107657.69,359,active
SUB005170,CUS001347,Enterprise,2022-12-09,2023-12-09,,95547.68,312,active
SUB005171,CUS002519,Basic,2022-10-21,2023-10-21,,193.28,4,active
SUB005172,CUS002743,Basic,2023-11-23,2024-11-22,,576.85,12,active
SUB005173,CUS001196,Basic,2023-11-01,2024-10-31,,425.64,8,active
SUB005174,CUS003386,Basic,2021-01-01,2022-01-01,,327.47,7,active
SUB005175,CUS000944,Professional,2023-09-14,2024-09-13,,3858.99,29,active
SUB005176,CUS001612,Professional,2024-05-23,2025-05-23,,10586.63,78,active
SUB005177,CUS000016,Basic,2024-10-23,2025-10-23,,291.39,6,active
SUB005178,CUS000377,Basic,2023-08-28,2024-08-27,2024-04-09,497.54,10,cancelled
SUB005179,CUS001763,Professional,2022-07-13,2023-07-13,2023-11-04,4371.45,36,cancelled
SUB005180,CUS000938,Basic,2023-08-15,2024-08-14,,245.21,5,active
SUB005181,CUS000439,Professional,2021-08-25,2022-08-25,2024-05-27,3490.11,26,cancelled
SUB005182,CUS002071,Professional,2023-06-23,2024-06-22,,9586.26,74,active
SUB005183,CUS004669,Enterprise,2021-10-30,2022-10-30,2023-02-02,62574.6,209,cancelled
SUB005184,CUS003886,Basic,2022-05-07,2023-05-07,,259.87,5,active
SUB005185,CUS001216,Basic,2024-09-30,2025-09-30,,453.64,9,active
SUB005186,CUS000547,Professional,2021-11-06,2022-11-06,,4230.33,32,active
SUB005187,CUS001767,Professional,2023-11-29,2024-11-28,,9275.18,74,active
SUB005188,CUS002401,Basic,2024-06-25,2025-06-25,,627.3,14,active
SUB005189,CUS000587,Enterprise,2024-10-19,2025-10-19,,19991.66,66,active
SUB005190,CUS004300,Basic,2024-05-13,2025-05-13,,98.02,2,active
SUB005191,CUS001465,Professional,2022-09-28,2023-09-28,2024-06-22,3046.19,23,cancelled
SUB005192,CUS003237,Enterprise,2024-08-14,2025-08-14,,93094.47,310,active
SUB005193,CUS002028,Basic,2022-03-21,2023-03-21,,490.76,10,active
SUB005194,CUS002976,Basic,2024-09-14,2025-09-14,,637.68,13,active
SUB005195,CUS000655,Basic,2022-11-25,2023-11-25,,329.68,7,active
SUB005196,CUS000595,Basic,2024-10-07,2025-10-07,,687.54,15,active
SUB005197,CUS004088,Basic,2024-06-01,2025-06-01,,332.37,7,active
SUB005198,CUS002575,Professional,2024-01-27,2025-01-26,,5704.99,46,active
SUB005199,CUS003545,Professional,2023-03-30,2024-03-29,,4378.97,34,active
SUB005200,CUS001701,Basic,2024-07-08,2025-07-08,,369.59,8,active
SUB005201,CUS003351,Enterprise,2022-09-03,2023-09-03,,115843.78,394,active
SUB005202,CUS000947,Basic,2024-04-17,2025-04-17,,680.02,13,active
SUB005203,CUS000758,Professional,2023-09-19,2024-09-18,,7205.14,56,active
SUB005204,CUS002985,Professional,2024-05-11,2025-05-11,,9949.71,77,active
SUB005205,CUS001971,Professional,2024-08-13,2025-08-13,,4646.52,36,active
SUB005206,CUS004156,Enterprise,2024-10-23,2025-10-23,,118981.11,395,active
SUB005207,CUS002874,Basic,2022-09-22,2023-09-22,,144.29,3,active
SUB005208,CUS001539,Professional,2022-10-19,2023-10-19,,9747.33,76,active
SUB005209,CUS003586,Basic,2024-10-18,2025-10-18,,528.78,11,active
SUB005210,CUS003537,Professional,2023-05-08,2024-05-07,,3423.26,28,active
SUB005211,CUS004035,Basic,2021-08-13,2022-08-13,,255.06,5,active
SUB005212,CUS002335,Basic,2021-03-18,2022-03-18,,617.33,13,active
SUB005213,CUS002498,Basic,2023-06-23,2024-06-22,,620.94,12,active
SUB005214,CUS003268,Basic,2022-04-09,2023-04-09,,190.75,4,active
SUB005215,CUS004854,Basic,2023-03-21,2024-03-20,2024-03-23,93.34,2,cancelled
SUB005216,CUS004521,Enterprise,2023-08-16,2024-08-15,,58743.69,184,active
SUB005217,CUS003300,Professional,2024-03-28,2025-03-28,,9051.64,74,active
SUB005218,CUS003163,Basic,2024-09-03,2025-09-03,,451.16,10,active
SUB005219,CUS004500,Basic,2024-03-06,2025-03-06,,558.23,12,active
SUB005220,CUS004280,Professional,2023-09-22,2024-09-21,2024-08-31,5905.37,46,expired
SUB005221,CUS001043,Professional,2024-08-15,2025-08-15,,1475.52,12,active
SUB005222,CUS004175,Enterprise,2024-10-20,2025-10-20,,74743.64,255,active
SUB005223,CUS003656,Basic,2024-07-07,2025-07-07,,91.03,2,active
SUB005224,CUS000780,Basic,2021-10-24,2022-10-24,,712.11,14,active
SUB005225,CUS003688,Basic,2023-02-05,2024-02-05,,646.36,13,active
SUB005226,CUS004815,Professional,2024-10-31,2025-10-31,,2219.12,18,active
SUB005227,CUS001083,Professional,2023-06-19,2024-06-18,2024-10-29,4267.64,36,cancelled
SUB005228,CUS000272,Professional,2023-02-04,2024-02-04,,1499.03,12,active
SUB005229,CUS000973,Professional,2024-04-25,2025-04-25,,8707.75,66,active
SUB005230,CUS004015,Professional,2022-06-27,2023-06-27,,4551.29,34,active
SUB005231,CUS002978,Professional,2022-08-19,2023-08-19,,9979.03,78,active
SUB005232,CUS002049,Basic,2022-12-27,2023-12-27,,577.68,12,active
SUB005233,CUS004785,Basic,2024-02-29,2025-02-28,,336.05,7,active
SUB005234,CUS002080,Enterprise,2024-03-31,2025-03-31,2024-10-15,58019.53,192,cancelled
SUB005235,CUS002632,Enterprise,2021-07-26,2022-07-26,,56713.42,184,active
SUB005236,CUS003160,Basic,2023-06-19,2024-06-18,,585.05,12,active
SUB005237,CUS002992,Professional,2023-06-29,2024-06-28,,9166.46,72,active
SUB005238,CUS003462,Professional,2024-04-15,2025-04-15,,9276.75,70,active
SUB005239,CUS003217,Enterprise,2024-09-26,2025-09-26,,89672.0,285,active
SUB005240,CUS002614,Basic,2024-03-21,2025-03-21,,485.08,10,active
SUB005241,CUS000143,Basic,2024-08-30,2025-08-30,,294.87,6,active
SUB005242,CUS004869,Basic,2024-09-29,2025-09-29,,238.56,5,active
SUB005243,CUS000197,Basic,2024-09-16,2025-09-16,,196.55,4,active
SUB005244,CUS002173,Professional,2023-01-08,2024-01-08,,4743.03,38,active
SUB005245,CUS000056,Professional,2024-06-27,2025-06-27,,4739.69,35,active
SUB005246,CUS002908,Basic,2022-12-03,2023-12-03,,303.12,6,active
SUB005247,CUS002133,Basic,2022-11-07,2023-11-07,,571.77,11,active
SUB005248,CUS001678,Professional,2023-07-13,2024-07-12,2024-06-06,4932.39,39,cancelled
SUB005249,CUS002504,Basic,2023-11-30,2024-11-29,,525.51,10,active
SUB005250,CUS002918,Professional,2024-10-31,2025-10-31,,4813.86,37,active
SUB005251,CUS002272,Professional,2024-09-23,2025-09-23,,2953.11,23,active
SUB005252,CUS003816,Basic,2024-04-30,2025-04-30,,102.32,2,active
SUB005253,CUS000159,Professional,2023-02-21,2024-02-21,2024-06-22,1492.71,12,cancelled
SUB005254,CUS000646,Basic,2022-04-17,2023-04-17,,98.11,2,active
SUB005255,CUS003934,Professional,2024-04-04,2025-04-04,,5644.93,44,active
SUB005256,CUS001607,Professional,2024-09-25,2025-09-25,,7722.23,59,active
SUB005257,CUS002345,Basic,2024-08-21,2025-08-21,,192.96,4,active
SUB005258,CUS001377,Basic,2024-10-30,2025-10-30,,144.22,3,active
SUB005259,CUS003694,Basic,2024-04-18,2025-04-18,,676.86,14,active
SUB005260,CUS000054,Basic,2024-10-03,2025-10-03,,339.51,7,active
SUB005261,CUS001345,Basic,2024-04-21,2025-04-21,,393.08,8,active
SUB005262,CUS001328,Enterprise,2024-08-13,2025-08-13,,89368.98,286,active
SUB005263,CUS002391,Basic,2021-12-05,2022-12-05,2023-01-08,588.92,13,cancelled
SUB005264,CUS002050,Basic,2022-08-30,2023-08-30,,603.77,12,active
SUB005265,CUS002971,Basic,2024-01-31,2025-01-30,,289.14,6,active
SUB005266,CUS004733,Basic,2023-05-25,2024-05-24,,633.01,13,active
SUB005267,CUS004172,Professional,2024-05-26,2025-05-26,,9307.01,75,active
SUB005268,CUS003709,Basic,2022-05-08,2023-05-08,,687.11,14,active
SUB005269,CUS002281,Basic,2023-10-16,2024-10-15,,724.93,15,active
SUB005270,CUS003002,Professional,2023-12-13,2024-12-12,2024-05-14,7807.05,61,cancelled
SUB005271,CUS001604,Basic,2022-09-24,2023-09-24,2024-01-02,450.0,9,cancelled
SUB005272,CUS000909,Basic,2024-03-02,2025-03-02,,651.17,13,active
SUB005273,CUS002647,Basic,2024-02-09,2025-02-08,,154.31,3,active
SUB005274,CUS000167,Professional,2022-06-08,2023-06-08,,4926.71,39,active
SUB005275,CUS004150,Basic,2022-10-19,2023-10-19,,752.55,15,active
SUB005276,CUS003471,Basic,2024-08-09,2025-08-09,,200.35,4,active
SUB005277,CUS000641,Basic,2024-09-25,2025-09-25,,344.05,7,active
SUB005278,CUS004012,Basic,2024-01-09,2025-01-08,2024-06-22,674.58,13,cancelled
SUB005279,CUS003357,Professional,2022-06-07,2023-06-07,2022-11-08,7062.62,56,cancelled
SUB005280,CUS004851,Basic,2023-12-16,2024-12-15,,394.07,8,active
SUB005281,CUS003345,Professional,2021-04-13,2022-04-13,2021-06-30,8213.74,63,cancelled
SUB005282,CUS004060,Professional,2023-11-30,2024-11-29,,2224.65,18,active
SUB005283,CUS000660,Professional,2024-06-08,2025-06-08,,4849.6,36,active
SUB005284,CUS002939,Professional,2024-02-02,2025-02-01,,1799.26,14,active
SUB005285,CUS004135,Basic,2024-03-08,2025-03-08,,746.25,15,active
SUB005286,CUS002447,Professional,2023-10-10,2024-10-09,,3675.58,27,active
SUB005287,CUS001912,Basic,2024-10-15,2025-10-15,,345.58,7,active
SUB005288,CUS000572,Basic,2021-12-22,2022-12-22,,147.21,3,active
SUB005289,CUS000120,Basic,2024-10-25,2025-10-25,,196.46,4,active
SUB005290,CUS003431,Basic,2024-02-19,2025-02-18,,94.55,2,active
SUB005291,CUS001457,Basic,2022-10-08,2023-10-08,,435.13,9,active
SUB005292,CUS000964,Professional,2021-01-09,2022-01-09,,6287.5,49,active
SUB005293,CUS001326,Basic,2024-10-26,2025-10-26,,196.67,4,active
SUB005294,CUS003157,Enterprise,2022-10-31,2023-10-31,,118475.59,378,active
SUB005295,CUS004321,Enterprise,2023-01-17,2024-01-17,,42295.1,137,active
SUB005296,CUS004921,Basic,2023-09-08,2024-09-07,,431.93,9,active
SUB005297,CUS004410,Professional,2024-08-04,2025-08-04,,8507.0,66,active
SUB005298,CUS000498,Basic,2022-06-21,2023-06-21,,411.22,8,active
SUB005299,CUS000636,Professional,2023-10-25,2024-10-24,2024-08-01,3272.84,27,cancelled
SUB005300,CUS004972,Professional,2024-03-14,2025-03-14,,1407.7,11,active
SUB005301,CUS002765,Basic,2024-07-11,2025-07-11,,701.4,15,active
SUB005302,CUS003362,Enterprise,2022-07-04,2023-07-04,,24018.23,74,active
SUB005303,CUS002637,Professional,2023-01-03,2024-01-03,,2252.28,17,active
SUB005304,CUS000638,Enterprise,2024-10-24,2025-10-24,,21741.7,74,active
SUB005305,CUS004019,Professional,2022-01-29,2023-01-29,,4767.02,37,active
SUB005306,CUS000932,Basic,2024-05-29,2025-05-29,,380.73,8,active
SUB005307,CUS003970,Professional,2022-09-21,2023-09-21,,5795.62,42,active
SUB005308,CUS002225,Professional,2024-05-16,2025-05-16,,4983.14,42,active
SUB005309,CUS003774,Enterprise,2024-10-18,2025-10-18,,88913.47,294,active
SUB005310,CUS000394,Basic,2021-07-01,2022-07-01,,97.76,2,active
SUB005311,CUS001658,Enterprise,2023-05-05,2024-05-04,,111258.33,386,active
SUB005312,CUS002409,Enterprise,2024-04-08,2025-04-08,,113509.82,383,active
SUB005313,CUS002339,Basic,2023-12-02,2024-12-01,2024-10-14,693.31,15,expired
SUB005314,CUS004754,Professional,2022-12-27,2023-12-27,,5851.77,43,active
SUB005315,CUS000169,Basic,2022-08-12,2023-08-12,,98.09,2,active
SUB005316,CUS003977,Basic,2024-10-12,2025-10-12,,556.26,11,active
SUB005317,CUS002718,Professional,2024-05-20,2025-05-20,,2663.05,21,active
SUB005318,CUS000367,Basic,2022-10-08,2023-10-08,,256.53,5,active
SUB005319,CUS002001,Professional,2022-05-08,2023-05-08,2023-08-05,2453.98,19,cancelled
SUB005320,CUS000351,Basic,2024-09-02,2025-09-02,,762.6,15,active
SUB005321,CUS002730,Basic,2023-08-28,2024-08-27,,149.92,3,active
SUB005322,CUS003081,Professional,2024-08-03,2025-08-03,,9792.46,76,active
SUB005323,CUS004358,Professional,2024-07-26,2025-07-26,,2536.76,19,active
SUB005324,CUS001407,Enterprise,2021-12-26,2022-12-26,,137805.65,402,active
SUB005325,CUS000889,Basic,2024-10-03,2025-10-03,,423.54,9,active
SUB005326,CUS001610,Professional,2024-02-26,2025-02-25,,5523.53,43,active
SUB005327,CUS001740,Professional,2024-10-02,2025-10-02,,3325.29,27,active
SUB005328,CUS002806,Professional,2021-09-14,2022-09-14,,6936.24,53,active
SUB005329,CUS000151,Basic,2024-08-16,2025-08-16,,197.55,4,active
SUB005330,CUS000085,Enterprise,2024-03-12,2025-03-12,,70571.89,221,active
SUB005331,CUS001415,Enterprise,2024-09-02,2025-09-02,,42965.6,145,active
SUB005332,CUS000265,Basic,2023-03-13,2024-03-12,2024-06-13,506.32,10,expired
SUB005333,CUS000549,Professional,2024-09-25,2025-09-25,,3588.31,30,active
SUB005334,CUS000444,Professional,2024-07-02,2025-07-02,,2723.39,21,active
SUB005335,CUS002453,Basic,2021-12-02,2022-12-02,,190.03,4,active
SUB005336,CUS000346,Basic,2024-07-20,2025-07-20,,150.05,3,active
SUB005337,CUS002782,Basic,2022-08-22,2023-08-22,2022-11-13,101.95,2,cancelled
SUB005338,CUS002526,Basic,2023-10-24,2024-10-23,,623.62,13,active
SUB005339,CUS001451,Professional,2023-07-06,2024-07-05,2024-06-04,2497.37,19,cancelled
SUB005340,CUS000128,Basic,2023-10-26,2024-10-25,,338.72,7,active
SUB005341,CUS002294,Professional,2022-10-06,2023-10-06,,7494.39,58,active
SUB005342,CUS004904,Basic,2024-07-27,2025-07-27,2024-12-02,646.17,13,cancelled
SUB005343,CUS000115,Professional,2024-08-25,2025-08-25,,8961.62,72,active
SUB005344,CUS000125,Basic,2024-10-03,2025-10-03,,283.72,6,active
SUB005345,CUS004848,Basic,2023-11-30,2024-11-29,,757.31,15,active
SUB005346,CUS002020,Professional,2024-08-23,2025-08-23,,3778.25,30,active
SUB005347,CUS001234,Basic,2023-03-14,2024-03-13,,614.34,12,active
SUB005348,CUS002235,Basic,2024-09-26,2025-09-26,,321.69,7,active
SUB005349,CUS003215,Professional,2023-06-03,2024-06-02,,8526.28,64,active
SUB005350,CUS000568,Basic,2024-10-16,2025-10-16,,294.08,6,active
SUB005351,CUS000483,Professional,2023-03-19,2024-03-18,,4114.48,32,active
SUB005352,CUS004150,Basic,2023-05-02,2024-05-01,,394.02,8,active
SUB005353,CUS004105,Professional,2021-12-25,2022-12-25,,6491.01,53,active
SUB005354,CUS003897,Basic,2023-03-10,2024-03-09,,763.87,15,active
SUB005355,CUS003534,Enterprise,2024-01-18,2025-01-17,,60077.39,204,active
SUB005356,CUS004658,Basic,2023-11-03,2024-11-02,2024-02-14,285.42,6,expired
SUB005357,CUS001472,Professional,2023-01-23,2024-01-23,,8187.6,59,active
SUB005358,CUS003373,Basic,2024-10-02,2025-10-02,,338.81,7,active
SUB005359,CUS002453,Basic,2022-06-05,2023-06-05,,475.19,10,active
SUB005360,CUS002570,Enterprise,2024-10-07,2025-10-07,,118082.74,384,active
SUB005361,CUS004398,Enterprise,2024-08-16,2025-08-16,,54316.31,180,active
SUB005362,CUS004834,Professional,2024-10-26,2025-10-26,,3472.55,26,active
SUB005363,CUS001980,Basic,2024-10-06,2025-10-06,,393.14,8,active
SUB005364,CUS000880,Professional,2024-06-18,2025-06-18,,1333.12,10,active
SUB005365,CUS003348,Basic,2024-05-10,2025-05-10,,682.76,13,active
SUB005366,CUS000388,Professional,2023-09-05,2024-09-04,,7032.38,56,active
SUB005367,CUS003790,Basic,2022-02-27,2023-02-27,,144.64,3,active
SUB005368,CUS002369,Enterprise,2024-04-07,2025-04-07,,75072.81,266,active
SUB005369,CUS002818,Professional,2023-03-26,2024-03-25,2024-06-16,6405.07,49,cancelled
SUB005370,CUS003514,Enterprise,2024-09-14,2025-09-14,,98201.2,327,active
SUB005371,CUS004982,Basic,2024-08-16,2025-08-16,,767.48,15,active
SUB005372,CUS002739,Professional,2022-10-02,2023-10-02,,3350.64,26,active
SUB005373,CUS003702,Professional,2021-06-15,2022-06-15,,7459.95,58,active
SUB005374,CUS000460,Professional,2024-02-27,2025-02-26,,7403.37,57,active
SUB005375,CUS003463,Basic,2024-07-23,2025-07-23,,242.99,5,active
SUB005376,CUS004465,Enterprise,2024-06-01,2025-06-01,,35736.48,118,active
SUB005377,CUS000940,Professional,2022-11-30,2023-11-30,2023-02-14,2730.47,21,cancelled
SUB005378,CUS000794,Basic,2021-01-12,2022-01-12,2021-12-24,549.17,11,cancelled
SUB005379,CUS000817,Basic,2024-10-31,2025-10-31,,583.31,12,active
SUB005380,CUS002652,Professional,2022-08-05,2023-08-05,,2498.19,19,active
SUB005381,CUS004729,Professional,2024-07-28,2025-07-28,,9356.82,71,active
SUB005382,CUS002375,Basic,2023-10-20,2024-10-19,,532.84,11,active
SUB005383,CUS003604,Enterprise,2024-06-30,2025-06-30,,59927.21,201,active
SUB005384,CUS003635,Professional,2021-01-27,2022-01-27,,5641.05,44,active
SUB005385,CUS004954,Basic,2023-09-12,2024-09-11,,140.69,3,active
SUB005386,CUS002316,Basic,2024-08-24,2025-08-24,,337.17,7,active
SUB005387,CUS003597,Basic,2023-04-30,2024-04-29,,553.35,11,active
SUB005388,CUS004568,Enterprise,2022-11-28,2023-11-28,,124065.63,403,active
SUB005389,CUS001307,Professional,2024-07-19,2025-07-19,,7701.19,59,active
SUB005390,CUS001636,Basic,2023-09-23,2024-09-22,,236.31,5,active
SUB005391,CUS002444,Professional,2023-04-04,2024-04-03,,2268.12,17,active
SUB005392,CUS001076,Professional,2024-06-09,2025-06-09,,8104.35,59,active
SUB005393,CUS003746,Basic,2023-09-04,2024-09-03,2024-03-13,200.07,4,expired
SUB005394,CUS004675,Basic,2024-05-07,2025-05-07,,97.99,2,active
SUB005395,CUS003934,Enterprise,2024-03-20,2025-03-20,,62341.18,215,active
SUB005396,CUS003776,Basic,2023-04-29,2024-04-28,,440.78,9,active
SUB005397,CUS002252,Basic,2024-03-24,2025-03-24,2024-12-12,529.66,11,expired
SUB005398,CUS002611,Professional,2021-08-04,2022-08-04,,4227.34,33,active
SUB005399,CUS002759,Basic,2023-12-31,2024-12-30,,512.11,10,active
SUB005400,CUS002046,Professional,2024-10-11,2025-10-11,,2526.76,19,active
SUB005401,CUS002364,Professional,2023-08-12,2024-08-11,,3058.84,24,active
SUB005402,CUS002132,Basic,2022-06-04,2023-06-04,,196.6,4,active
SUB005403,CUS004760,Basic,2024-03-20,2025-03-20,,538.91,11,active
SUB005404,CUS004203,Basic,2024-09-19,2025-09-19,,482.57,10,active
SUB005405,CUS000434,Basic,2024-05-14,2025-05-14,2024-11-03,280.18,6,cancelled
SUB005406,CUS004009,Professional,2022-09-03,2023-09-03,,10353.61,78,active
SUB005407,CUS000804,Professional,2023-06-12,2024-06-11,2024-06-09,5642.12,42,cancelled
SUB005408,CUS001963,Enterprise,2024-07-13,2025-07-13,,63503.6,217,active
SUB005409,CUS000679,Enterprise,2021-11-20,2022-11-20,,54342.71,186,active
SUB005410,CUS001602,Basic,2021-09-30,2022-09-30,,556.13,11,active
SUB005411,CUS002875,Professional,2023-04-17,2024-04-16,,5543.7,44,active
SUB005412,CUS002429,Basic,2022-09-24,2023-09-24,,606.08,13,active
SUB005413,CUS000182,Professional,2023-12-14,2024-12-13,,1777.93,14,active
SUB005414,CUS000702,Basic,2022-10-26,2023-10-26,,256.63,5,active
SUB005415,CUS003930,Basic,2021-04-16,2022-04-16,2021-08-12,336.72,7,cancelled
SUB005416,CUS001559,Professional,2022-08-25,2023-08-25,,1765.02,14,active
SUB005417,CUS000344,Enterprise,2022-11-15,2023-11-15,2023-06-29,67048.24,228,cancelled
SUB005418,CUS003437,Basic,2022-07-02,2023-07-02,,94.05,2,active
SUB005419,CUS000759,Professional,2023-03-16,2024-03-15,,4060.69,33,active
SUB005420,CUS004059,Enterprise,2024-09-24,2025-09-24,,100430.32,339,active
SUB005421,CUS002863,Professional,2021-05-06,2022-05-06,2022-02-15,8095.99,66,cancelled
SUB005422,CUS003577,Basic,2023-05-25,2024-05-24,,241.58,5,active
SUB005423,CUS003565,Basic,2024-09-27,2025-09-27,,445.07,9,active
SUB005424,CUS001243,Basic,2024-07-24,2025-07-24,,248.23,5,active
SUB005425,CUS003368,Professional,2024-09-10,2025-09-10,,9884.1,77,active
SUB005426,CUS004138,Professional,2022-07-26,2023-07-26,2022-12-29,1606.66,13,cancelled
SUB005427,CUS003694,Basic,2023-12-06,2024-12-05,2024-05-10,289.77,6,cancelled
SUB005428,CUS002903,Enterprise,2024-09-23,2025-09-23,,111058.97,367,active
SUB005429,CUS004906,Professional,2024-07-07,2025-07-07,,9226.17,70,active
SUB005430,CUS004190,Basic,2022-10-04,2023-10-04,,679.45,14,active
SUB005431,CUS004706,Basic,2024-05-04,2025-05-04,,477.93,10,active
SUB005432,CUS001981,Enterprise,2024-08-31,2025-08-31,,95658.38,319,active
SUB005433,CUS003049,Enterprise,2024-01-17,2025-01-16,,40160.56,136,active
SUB005434,CUS001750,Professional,2024-10-31,2025-10-31,,2736.84,22,active
SUB005435,CUS003198,Basic,2023-09-17,2024-09-16,,693.37,14,active
SUB005436,CUS001000,Professional,2024-01-17,2025-01-16,2024-07-22,7486.83,58,cancelled
SUB005437,CUS002662,Enterprise,2024-02-20,2025-02-19,,109215.57,380,active
SUB005438,CUS002806,Professional,2023-01-24,2024-01-24,,6812.1,54,active
SUB005439,CUS003794,Basic,2023-12-04,2024-12-03,,97.35,2,active
SUB005440,CUS001257,Professional,2024-09-20,2025-09-20,,5617.48,46,active
SUB005441,CUS001710,Basic,2024-06-12,2025-06-12,,191.01,4,active
SUB005442,CUS002683,Professional,2024-05-21,2025-05-21,,7383.74,56,active
SUB005443,CUS001058,Basic,2021-07-06,2022-07-06,,674.24,14,active
SUB005444,CUS002828,Basic,2023-09-03,2024-09-02,,428.68,9,active
SUB005445,CUS002362,Enterprise,2022-09-19,2023-09-19,,44066.95,142,active
SUB005446,CUS001781,Basic,2024-07-29,2025-07-29,,396.8,8,active
SUB005447,CUS003171,Basic,2022-08-18,2023-08-18,,552.12,11,active
SUB005448,CUS004607,Basic,2024-07-04,2025-07-04,,238.27,5,active
SUB005449,CUS004065,Enterprise,2022-06-29,2023-06-29,,28122.25,95,active
SUB005450,CUS004180,Enterprise,2024-10-27,2025-10-27,,71732.89,240,active
SUB005451,CUS000694,Enterprise,2023-01-20,2024-01-20,,107891.75,358,active
SUB005452,CUS003376,Professional,2023-05-23,2024-05-22,,1811.16,13,active
SUB005453,CUS002740,Professional,2024-05-19,2025-05-19,,6727.75,52,active
SUB005454,CUS001295,Basic,2022-09-07,2023-09-07,,152.58,3,active
SUB005455,CUS004167,Professional,2023-01-09,2024-01-09,2023-09-14,1532.65,11,cancelled
SUB005456,CUS002410,Professional,2024-05-07,2025-05-07,,5196.43,38,active
SUB005457,CUS002086,Basic,2024-04-01,2025-04-01,,344.89,7,active
SUB005458,CUS000407,Basic,2024-02-16,2025-02-15,,458.71,9,active
SUB005459,CUS004012,Professional,2024-10-08,2025-10-08,,2721.09,21,active
SUB005460,CUS002337,Professional,2022-03-01,2023-03-01,,3220.6,25,active
SUB005461,CUS001295,Basic,2022-07-25,2023-07-25,2023-02-10,151.33,3,cancelled
SUB005462,CUS001600,Basic,2024-08-20,2025-08-20,,555.67,11,active
SUB005463,CUS003865,Basic,2024-05-29,2025-05-29,,398.96,8,active
SUB005464,CUS001245,Enterprise,2023-02-26,2024-02-26,,123357.41,415,active
SUB005465,CUS004613,Basic,2024-10-22,2025-10-22,,433.55,9,active
SUB005466,CUS001254,Basic,2022-06-20,2023-06-20,,281.58,6,active
SUB005467,CUS004871,Basic,2023-11-21,2024-11-20,,147.84,3,active
SUB005468,CUS001126,Basic,2024-09-20,2025-09-20,,592.87,12,active
SUB005469,CUS000077,Professional,2024-06-15,2025-06-15,,10221.7,77,active
SUB005470,CUS003870,Professional,2024-06-13,2025-06-13,,7099.88,58,active
SUB005471,CUS004291,Basic,2024-01-23,2025-01-22,,393.43,8,active
SUB005472,CUS004457,Basic,2022-07-31,2023-07-31,,145.96,3,active
SUB005473,CUS003443,Professional,2023-06-03,2024-06-02,,2059.85,16,active
SUB005474,CUS001051,Professional,2024-09-20,2025-09-20,,5788.76,43,active
SUB005475,CUS003406,Basic,2023-07-19,2024-07-18,2024-04-20,511.98,10,cancelled
SUB005476,CUS003535,Professional,2024-01-05,2025-01-04,,6412.11,48,active
SUB005477,CUS004109,Professional,2024-10-03,2025-10-03,,6212.32,48,active
SUB005478,CUS004687,Enterprise,2023-11-13,2024-11-12,,99798.0,336,active
SUB005479,CUS004010,Professional,2021-07-04,2022-07-04,,10486.01,78,active
SUB005480,CUS003175,Professional,2024-10-13,2025-10-13,,3418.04,25,active
SUB005481,CUS000049,Basic,2023-07-25,2024-07-24,,672.65,13,active
SUB005482,CUS000595,Professional,2024-10-03,2025-10-03,,1312.09,10,active
SUB005483,CUS003195,Enterprise,2024-05-01,2025-05-01,,48505.74,162,active
SUB005484,CUS002522,Professional,2024-02-29,2025-02-28,,4888.55,37,active
SUB005485,CUS004146,Basic,2023-06-13,2024-06-12,,452.66,9,active
SUB005486,CUS003190,Professional,2022-10-14,2023-10-14,,3434.23,27,active
SUB005487,CUS002268,Basic,2024-09-23,2025-09-23,,292.02,6,active
SUB005488,CUS002462,Professional,2024-05-06,2025-05-06,,6566.92,46,active
SUB005489,CUS001483,Enterprise,2024-10-26,2025-10-26,,89916.93,305,active
SUB005490,CUS003426,Professional,2023-08-01,2024-07-31,,3321.16,25,active
SUB005491,CUS001453,Professional,2024-10-14,2025-10-14,,5827.17,46,active
SUB005492,CUS004488,Basic,2024-02-28,2025-02-27,,341.51,7,active
SUB005493,CUS001167,Professional,2024-04-17,2025-04-17,,6241.88,50,active
SUB005494,CUS001498,Basic,2022-07-16,2023-07-16,,284.54,6,active
SUB005495,CUS001452,Professional,2024-10-30,2025-10-30,,9620.5,73,active
SUB005496,CUS003440,Basic,2024-10-28,2025-10-28,,498.55,10,active
SUB005497,CUS002704,Professional,2022-11-04,2023-11-04,,2334.26,17,active
SUB005498,CUS002176,Professional,2023-09-08,2024-09-07,,6972.35,54,active
SUB005499,CUS002445,Professional,2024-06-13,2025-06-13,,6355.41,49,active
SUB005500,CUS000822,Professional,2023-07-22,2024-07-21,,5409.87,42,active
SUB005501,CUS003729,Basic,2024-10-18,2025-10-18,,94.66,2,active
SUB005502,CUS004479,Professional,2022-08-20,2023-08-20,2023-06-18,1316.61,10,expired
SUB005503,CUS000664,Basic,2024-04-10,2025-04-10,,194.84,4,active
SUB005504,CUS002829,Basic,2022-04-04,2023-04-04,2023-01-18,558.46,12,cancelled
SUB005505,CUS002240,Enterprise,2023-09-21,2024-09-20,,55595.26,179,active
SUB005506,CUS004829,Professional,2022-03-18,2023-03-18,,9101.25,72,active
SUB005507,CUS003859,Basic,2024-06-10,2025-06-10,,297.4,6,active
SUB005508,CUS004462,Professional,2023-08-28,2024-08-27,,6402.0,49,active
SUB005509,CUS004917,Professional,2022-10-13,2023-10-13,,7537.04,58,active
SUB005510,CUS001202,Professional,2023-09-19,2024-09-18,,6223.27,50,active
SUB005511,CUS002886,Basic,2024-09-26,2025-09-26,,719.52,14,active
SUB005512,CUS001937,Enterprise,2024-02-12,2025-02-11,,59731.77,205,active
SUB005513,CUS003069,Professional,2022-05-05,2023-05-05,,2711.94,23,active
SUB005514,CUS001487,Professional,2024-02-15,2025-02-14,,7438.54,56,active
SUB005515,CUS002950,Professional,2021-01-07,2022-01-07,,7164.9,54,active
SUB005516,CUS004461,Enterprise,2022-03-19,2023-03-19,,72770.0,254,active
SUB005517,CUS002627,Enterprise,2024-09-16,2025-09-16,,74436.36,249,active
SUB005518,CUS002410,Basic,2021-02-03,2022-02-03,,457.67,9,active
SUB005519,CUS002141,Basic,2023-12-08,2024-12-07,,668.48,13,active
SUB005520,CUS003958,Professional,2021-07-09,2022-07-09,,2240.01,17,active
SUB005521,CUS003275,Enterprise,2023-12-02,2024-12-01,,26765.85,87,active
SUB005522,CUS001196,Basic,2022-04-24,2023-04-24,,602.75,12,active
SUB005523,CUS000274,Enterprise,2023-08-13,2024-08-12,,31244.28,105,active
SUB005524,CUS004348,Professional,2023-09-13,2024-09-12,,3102.08,25,active
SUB005525,CUS004966,Basic,2023-11-14,2024-11-13,,728.28,15,active
SUB005526,CUS002234,Basic,2024-06-20,2025-06-20,,407.42,8,active
SUB005527,CUS001613,Basic,2021-11-05,2022-11-05,,610.94,12,active
SUB005528,CUS000767,Basic,2024-08-20,2025-08-20,,296.09,6,active
SUB005529,CUS004895,Enterprise,2024-04-30,2025-04-30,,120863.86,409,active
SUB005530,CUS000057,Basic,2024-08-15,2025-08-15,,363.83,7,active
SUB005531,CUS001745,Basic,2024-10-10,2025-10-10,,196.85,4,active
SUB005532,CUS001694,Professional,2023-07-10,2024-07-09,,6989.52,53,active
SUB005533,CUS000433,Enterprise,2021-03-05,2022-03-05,,17755.16,62,active
SUB005534,CUS000491,Basic,2024-03-03,2025-03-03,,537.94,11,active
SUB005535,CUS003087,Professional,2023-12-15,2024-12-14,,4954.46,37,active
SUB005536,CUS001426,Professional,2024-03-13,2025-03-13,,3070.42,25,active
SUB005537,CUS002861,Professional,2024-04-14,2025-04-14,,7987.17,62,active
SUB005538,CUS004346,Professional,2022-12-01,2023-12-01,,7196.55,55,active
SUB005539,CUS003337,Basic,2024-10-27,2025-10-27,,411.6,8,active
SUB005540,CUS002540,Professional,2024-05-19,2025-05-19,,2668.13,20,active
SUB005541,CUS004807,Professional,2022-08-29,2023-08-29,,6558.94,48,active
SUB005542,CUS002297,Professional,2021-02-21,2022-02-21,2024-05-09,9956.68,75,cancelled
SUB005543,CUS004177,Professional,2024-10-24,2025-10-24,,5985.75,45,active
SUB005544,CUS003369,Professional,2024-09-17,2025-09-17,,8977.44,72,active
SUB005545,CUS002548,Basic,2024-06-12,2025-06-12,,662.37,14,active
SUB005546,CUS004401,Professional,2022-10-30,2023-10-30,,4917.17,36,active
SUB005547,CUS004854,Basic,2024-05-11,2025-05-11,,144.67,3,active
SUB005548,CUS003712,Basic,2024-09-14,2025-09-14,,480.71,10,active
SUB005549,CUS004017,Professional,2022-06-19,2023-06-19,,4624.67,39,active
SUB005550,CUS001518,Basic,2024-10-01,2025-10-01,,304.91,6,active
SUB005551,CUS002592,Enterprise,2024-07-01,2025-07-01,,83888.51,292,active
SUB005552,CUS000570,Enterprise,2022-10-11,2023-10-11,2023-02-01,63020.2,217,cancelled
SUB005553,CUS002955,Professional,2024-10-18,2025-10-18,,3750.34,28,active
SUB005554,CUS002859,Professional,2024-03-31,2025-03-31,2024-05-09,8569.97,72,cancelled
SUB005555,CUS004784,Basic,2024-02-07,2025-02-06,,256.65,5,active
SUB005556,CUS004734,Professional,2024-07-20,2025-07-20,,6889.08,55,active
SUB005557,CUS000528,Basic,2022-03-25,2023-03-25,,243.74,5,active
SUB005558,CUS003966,Basic,2023-11-17,2024-11-16,,667.37,14,active
SUB005559,CUS000465,Basic,2023-08-07,2024-08-06,,467.19,10,active
SUB005560,CUS002118,Professional,2024-08-22,2025-08-22,,5148.52,41,active
SUB005561,CUS001885,Enterprise,2024-10-24,2025-10-24,,114975.6,396,active
SUB005562,CUS000475,Enterprise,2022-04-24,2023-04-24,,76965.7,269,active
SUB005563,CUS004919,Professional,2023-10-28,2024-10-27,2024-01-28,3942.97,29,cancelled
SUB005564,CUS004395,Professional,2023-10-11,2024-10-10,2024-12-02,1370.85,11,cancelled
SUB005565,CUS001383,Professional,2023-12-19,2024-12-18,,5783.04,48,active
SUB005566,CUS004524,Basic,2023-09-17,2024-09-16,,590.97,13,active
SUB005567,CUS002721,Basic,2024-06-02,2025-06-02,,298.48,6,active
SUB005568,CUS001232,Basic,2024-02-26,2025-02-25,,598.34,13,active
SUB005569,CUS000297,Professional,2022-06-17,2023-06-17,,3974.06,31,active
SUB005570,CUS001072,Basic,2024-02-10,2025-02-09,,104.76,2,active
SUB005571,CUS003165,Professional,2024-10-06,2025-10-06,,6231.42,48,active
SUB005572,CUS001876,Basic,2023-06-13,2024-06-12,,99.11,2,active
SUB005573,CUS002837,Basic,2024-03-06,2025-03-06,,288.55,6,active
SUB005574,CUS002830,Basic,2024-09-07,2025-09-07,,391.82,8,active
SUB005575,CUS001482,Basic,2024-09-23,2025-09-23,,243.15,5,active
SUB005576,CUS003744,Professional,2024-09-19,2025-09-19,,10170.72,78,active
SUB005577,CUS000023,Professional,2023-12-01,2024-11-30,2024-08-27,1910.75,14,cancelled
SUB005578,CUS003463,Professional,2024-06-09,2025-06-09,,5209.95,41,active
SUB005579,CUS000087,Professional,2021-12-31,2022-12-31,2024-05-11,1379.87,11,cancelled
SUB005580,CUS003287,Basic,2024-10-21,2025-10-21,,97.74,2,active
SUB005581,CUS000983,Enterprise,2023-11-01,2024-10-31,,59028.15,191,active
SUB005582,CUS000135,Enterprise,2023-07-01,2024-06-30,,83910.21,284,active
SUB005583,CUS000360,Professional,2024-07-08,2025-07-08,,9504.85,73,active
SUB005584,CUS003538,Professional,2023-09-07,2024-09-06,,7353.29,56,active
SUB005585,CUS000392,Basic,2024-06-29,2025-06-29,,684.99,13,active
SUB005586,CUS003926,Basic,2023-12-14,2024-12-13,,252.91,5,active
SUB005587,CUS001182,Professional,2024-10-22,2025-10-22,,1750.84,14,active
SUB005588,CUS004778,Professional,2024-07-21,2025-07-21,,5478.91,46,active
SUB005589,CUS003890,Professional,2023-06-05,2024-06-04,,6872.98,53,active
SUB005590,CUS003324,Professional,2023-04-10,2024-04-09,,2390.51,19,active
SUB005591,CUS004672,Enterprise,2024-09-07,2025-09-07,,119623.91,407,active
SUB005592,CUS003577,Basic,2023-10-15,2024-10-14,,94.58,2,active
SUB005593,CUS000119,Basic,2024-02-23,2025-02-22,,722.0,15,active
SUB005594,CUS001551,Enterprise,2024-07-06,2025-07-06,,46373.56,158,active
SUB005595,CUS004033,Basic,2024-09-18,2025-09-18,,97.6,2,active
SUB005596,CUS000822,Professional,2024-07-01,2025-07-01,,6046.2,48,active
SUB005597,CUS001535,Basic,2024-01-17,2025-01-16,,191.08,4,active
SUB005598,CUS000282,Basic,2021-11-17,2022-11-17,,698.73,14,active
SUB005599,CUS003173,Professional,2023-06-12,2024-06-11,,2450.78,19,active
SUB005600,CUS002892,Basic,2021-08-04,2022-08-04,,294.05,6,active
SUB005601,CUS002482,Professional,2024-08-19,2025-08-19,,9658.28,75,active
SUB005602,CUS001904,Basic,2024-08-20,2025-08-20,,522.11,11,active
SUB005603,CUS002571,Basic,2023-12-16,2024-12-15,,771.96,15,active
SUB005604,CUS004152,Basic,2024-10-29,2025-10-29,,682.31,13,active
SUB005605,CUS003083,Basic,2024-02-07,2025-02-06,2024-07-14,562.36,11,cancelled
SUB005606,CUS000662,Basic,2022-08-08,2023-08-08,,367.79,8,active
SUB005607,CUS000833,Basic,2024-10-26,2025-10-26,,574.38,12,active
SUB005608,CUS003501,Basic,2022-11-05,2023-11-05,,552.36,11,active
SUB005609,CUS001385,Professional,2024-01-24,2025-01-23,,6155.05,49,active
SUB005610,CUS003504,Enterprise,2021-01-10,2022-01-10,,40541.21,139,active
SUB005611,CUS003542,Professional,2024-02-10,2025-02-09,,1719.32,14,active
SUB005612,CUS001515,Professional,2023-08-03,2024-08-02,,5094.57,40,active
SUB005613,CUS001641,Basic,2024-10-26,2025-10-26,,666.27,14,active
SUB005614,CUS000293,Professional,2023-10-31,2024-10-30,,9219.96,78,active
SUB005615,CUS002814,Professional,2023-08-27,2024-08-26,,7917.73,59,active
SUB005616,CUS004433,Enterprise,2024-02-13,2025-02-12,,59155.34,195,active
SUB005617,CUS003625,Basic,2024-10-31,2025-10-31,,93.42,2,active
SUB005618,CUS000304,Basic,2024-07-15,2025-07-15,,656.35,13,active
SUB005619,CUS002025,Basic,2024-08-13,2025-08-13,,196.87,4,active
SUB005620,CUS003395,Basic,2024-06-20,2025-06-20,,305.93,6,active
SUB005621,CUS000484,Basic,2022-06-26,2023-06-26,,301.56,6,active
SUB005622,CUS004695,Basic,2023-07-18,2024-07-17,,238.35,5,active
SUB005623,CUS001356,Basic,2023-10-12,2024-10-11,,300.88,6,active
SUB005624,CUS001981,Enterprise,2022-09-17,2023-09-17,,50563.08,165,active
SUB005625,CUS002061,Professional,2022-05-31,2023-05-31,,10166.2,76,active
SUB005626,CUS004172,Enterprise,2024-08-04,2025-08-04,2024-11-26,60649.88,196,cancelled
SUB005627,CUS003307,Professional,2021-06-12,2022-06-12,,10102.0,73,active
SUB005628,CUS001144,Professional,2024-05-29,2025-05-29,,1466.31,11,active
SUB005629,CUS002072,Basic,2024-09-01,2025-09-01,,667.16,14,active
SUB005630,CUS001146,Professional,2022-10-23,2023-10-23,2023-07-17,2985.41,23,cancelled
SUB005631,CUS004083,Enterprise,2023-06-30,2024-06-29,,99655.49,346,active
SUB005632,CUS000783,Basic,2024-07-09,2025-07-09,,510.74,10,active
SUB005633,CUS001352,Professional,2023-08-30,2024-08-29,2024-06-05,5631.03,45,cancelled
SUB005634,CUS000610,Professional,2024-04-08,2025-04-08,,6675.53,48,active
SUB005635,CUS004434,Basic,2023-12-01,2024-11-30,,145.5,3,active
SUB005636,CUS002221,Basic,2024-03-17,2025-03-17,,636.02,13,active
SUB005637,CUS004654,Professional,2023-09-29,2024-09-28,,8756.23,69,active
SUB005638,CUS003716,Basic,2023-08-18,2024-08-17,,525.48,11,active
SUB005639,CUS001693,Enterprise,2024-08-24,2025-08-24,,21128.39,72,active
SUB005640,CUS001692,Basic,2024-07-21,2025-07-21,,642.17,13,active
SUB005641,CUS000240,Basic,2022-04-23,2023-04-23,,98.06,2,active
SUB005642,CUS004726,Enterprise,2024-03-31,2025-03-31,,55371.94,188,active
SUB005643,CUS001798,Basic,2023-01-04,2024-01-04,,742.88,15,active
SUB005644,CUS002807,Basic,2024-08-15,2025-08-15,,624.9,13,active
SUB005645,CUS003569,Basic,2024-08-05,2025-08-05,,244.96,5,active
SUB005646,CUS001591,Basic,2024-04-04,2025-04-04,,520.28,10,active
SUB005647,CUS001058,Basic,2022-05-10,2023-05-10,2023-08-05,240.09,5,cancelled
SUB005648,CUS004362,Basic,2023-11-20,2024-11-19,,145.44,3,active
SUB005649,CUS000850,Enterprise,2023-11-09,2024-11-08,2024-07-01,118208.86,412,cancelled
SUB005650,CUS001163,Basic,2024-09-08,2025-09-08,,290.52,6,active
SUB005651,CUS002109,Basic,2024-08-22,2025-08-22,,744.64,15,active
SUB005652,CUS002262,Enterprise,2023-11-08,2024-11-07,,111224.43,379,active
SUB005653,CUS002685,Basic,2022-12-01,2023-12-01,2024-04-19,611.71,13,cancelled
SUB005654,CUS001279,Professional,2024-10-30,2025-10-30,,10319.94,79,active
SUB005655,CUS004084,Basic,2024-09-14,2025-09-14,,498.01,10,active
SUB005656,CUS000714,Basic,2022-12-15,2023-12-15,,400.42,8,active
SUB005657,CUS000822,Basic,2024-09-10,2025-09-10,,375.0,8,active
SUB005658,CUS004096,Enterprise,2023-04-13,2024-04-12,,121890.31,389,active
SUB005659,CUS000031,Basic,2024-06-30,2025-06-30,,288.98,6,active
SUB005660,CUS000149,Professional,2023-03-24,2024-03-23,,7964.82,64,active
SUB005661,CUS000867,Enterprise,2024-01-06,2025-01-05,,22609.69,73,active
SUB005662,CUS004750,Basic,2022-06-24,2023-06-24,,256.45,5,active
SUB005663,CUS001536,Basic,2023-11-17,2024-11-16,,290.76,6,active
SUB005664,CUS001554,Professional,2024-07-11,2025-07-11,,1628.12,13,active
SUB005665,CUS002276,Professional,2024-10-29,2025-10-29,,4846.89,37,active
SUB005666,CUS000280,Professional,2021-07-11,2022-07-11,,6395.17,52,active
SUB005667,CUS004821,Basic,2024-06-16,2025-06-16,,587.14,11,active
SUB005668,CUS001466,Professional,2023-12-05,2024-12-04,2024-05-23,2735.48,22,cancelled
SUB005669,CUS003338,Professional,2024-04-15,2025-04-15,,6007.97,46,active
SUB005670,CUS000421,Basic,2024-10-07,2025-10-07,,438.52,9,active
SUB005671,CUS001726,Professional,2022-08-14,2023-08-14,,4744.2,38,active
SUB005672,CUS002951,Professional,2024-07-23,2025-07-23,,1871.62,15,active
SUB005673,CUS003271,Basic,2024-05-01,2025-05-01,,203.74,4,active
SUB005674,CUS000531,Professional,2023-11-17,2024-11-16,,7970.15,61,active
SUB005675,CUS004910,Enterprise,2024-04-30,2025-04-30,,52508.73,180,active
SUB005676,CUS001251,Enterprise,2023-02-12,2024-02-12,2024-05-08,88235.24,301,expired
SUB005677,CUS000537,Basic,2024-10-03,2025-10-03,,333.23,7,active
SUB005678,CUS002153,Enterprise,2024-06-22,2025-06-22,,71815.28,233,active
SUB005679,CUS003414,Basic,2023-02-05,2024-02-05,,758.73,15,active
SUB005680,CUS001142,Basic,2023-02-09,2024-02-09,,499.04,10,active
SUB005681,CUS000802,Enterprise,2024-07-05,2025-07-05,,89591.69,297,active
SUB005682,CUS004057,Enterprise,2024-03-18,2025-03-18,,104500.76,342,active
SUB005683,CUS001087,Basic,2024-10-28,2025-10-28,,138.52,3,active
SUB005684,CUS002738,Basic,2024-03-16,2025-03-16,,742.08,15,active
SUB005685,CUS003429,Enterprise,2024-04-25,2025-04-25,,25434.87,82,active
SUB005686,CUS001131,Basic,2021-06-06,2022-06-06,,740.94,15,active
SUB005687,CUS003438,Basic,2022-10-28,2023-10-28,,736.36,15,active
SUB005688,CUS004435,Basic,2023-08-13,2024-08-12,,287.46,6,active
SUB005689,CUS001819,Basic,2024-09-14,2025-09-14,,288.14,6,active
SUB005690,CUS001229,Professional,2023-06-23,2024-06-22,,6711.78,53,active
SUB005691,CUS004645,Professional,2024-08-03,2025-08-03,,1690.09,13,active
SUB005692,CUS002562,Basic,2022-04-08,2023-04-08,,433.51,9,active
SUB005693,CUS004557,Professional,2024-10-16,2025-10-16,,8936.78,74,active
SUB005694,CUS000215,Professional,2022-01-04,2023-01-04,,9016.92,68,active
SUB005695,CUS002973,Enterprise,2022-04-01,2023-04-01,,36840.26,121,active
SUB005696,CUS000716,Professional,2023-09-06,2024-09-05,,8489.26,65,active
SUB005697,CUS004993,Basic,2023-12-31,2024-12-30,2024-04-02,142.18,3,cancelled
SUB005698,CUS002851,Enterprise,2022-10-04,2023-10-04,2023-11-08,80808.31,275,cancelled
SUB005699,CUS004977,Professional,2024-06-27,2025-06-27,,1576.12,12,active
SUB005700,CUS000322,Professional,2021-06-06,2022-06-06,,3098.86,24,active
SUB005701,CUS003127,Basic,2023-03-07,2024-03-06,2024-04-15,239.02,5,cancelled
SUB005702,CUS004591,Professional,2022-07-22,2023-07-22,,2427.62,18,active
SUB005703,CUS003585,Basic,2024-10-15,2025-10-15,,618.11,13,active
SUB005704,CUS000417,Professional,2024-10-28,2025-10-28,,7277.92,63,active
SUB005705,CUS003478,Basic,2022-07-31,2023-07-31,,638.95,13,active
SUB005706,CUS002839,Professional,2024-10-18,2025-10-18,,2721.32,21,active
SUB005707,CUS001107,Enterprise,2022-08-20,2023-08-20,,20373.26,68,active
SUB005708,CUS002750,Professional,2024-03-14,2025-03-14,,8110.48,62,active
SUB005709,CUS000864,Professional,2023-06-22,2024-06-21,,1264.85,10,active
SUB005710,CUS001903,Professional,2024-10-28,2025-10-28,,4276.25,32,active
SUB005711,CUS001047,Basic,2023-09-19,2024-09-18,,139.97,3,active
SUB005712,CUS004137,Basic,2022-05-22,2023-05-22,,636.52,13,active
SUB005713,CUS004514,Professional,2023-12-12,2024-12-11,,4289.93,34,active
SUB005714,CUS003893,Enterprise,2022-05-20,2023-05-20,,100599.08,325,active
SUB005715,CUS003193,Basic,2024-10-27,2025-10-27,,333.46,7,active
SUB005716,CUS001262,Basic,2022-02-16,2023-02-16,,147.36,3,active
SUB005717,CUS001608,Basic,2022-08-10,2023-08-10,,737.19,15,active
SUB005718,CUS004927,Professional,2024-03-17,2025-03-17,,2078.15,16,active
SUB005719,CUS000097,Professional,2024-10-12,2025-10-12,,6285.23,50,active
SUB005720,CUS002467,Basic,2024-09-25,2025-09-25,2024-12-28,645.15,13,cancelled
SUB005721,CUS001270,Basic,2023-07-30,2024-07-29,,98.1,2,active
SUB005722,CUS003448,Professional,2024-07-22,2025-07-22,,9399.63,72,active
SUB005723,CUS000601,Professional,2024-09-18,2025-09-18,,2858.28,21,active
SUB005724,CUS004723,Basic,2021-11-13,2022-11-13,,590.39,12,active
SUB005725,CUS001228,Basic,2023-05-25,2024-05-24,,662.11,14,active
SUB005726,CUS001115,Basic,2024-04-16,2025-04-16,,157.09,3,active
SUB005727,CUS000076,Basic,2024-09-28,2025-09-28,,354.75,7,active
SUB005728,CUS003801,Basic,2023-01-14,2024-01-14,,350.85,7,active
SUB005729,CUS001445,Professional,2023-11-21,2024-11-20,,5896.07,46,active
SUB005730,CUS004764,Basic,2022-09-13,2023-09-13,,402.15,8,active
SUB005731,CUS001343,Enterprise,2024-02-10,2025-02-09,,27469.48,99,active
SUB005732,CUS000252,Basic,2023-06-30,2024-06-29,,258.26,5,active
SUB005733,CUS002350,Basic,2023-03-12,2024-03-11,,454.83,9,active
SUB005734,CUS004830,Professional,2023-01-31,2024-01-31,,8845.84,69,active
SUB005735,CUS002163,Basic,2024-10-15,2025-10-15,,454.44,9,active
SUB005736,CUS000343,Enterprise,2024-09-03,2025-09-03,,109054.97,357,active
SUB005737,CUS001590,Basic,2023-03-31,2024-03-30,,661.76,14,active
SUB005738,CUS002727,Basic,2021-10-08,2022-10-08,,690.3,14,active
SUB005739,CUS001246,Professional,2024-09-29,2025-09-29,,2875.25,22,active
SUB005740,CUS004010,Basic,2023-06-19,2024-06-18,2024-06-29,731.56,15,cancelled
SUB005741,CUS004368,Professional,2023-05-29,2024-05-28,,4992.4,39,active
SUB005742,CUS004558,Professional,2024-10-24,2025-10-24,,8383.36,63,active
SUB005743,CUS003891,Professional,2023-12-09,2024-12-08,,6619.53,51,active
SUB005744,CUS002008,Professional,2024-10-24,2025-10-24,,9760.97,71,active
SUB005745,CUS004505,Basic,2024-08-19,2025-08-19,,95.76,2,active
SUB005746,CUS003936,Professional,2023-09-05,2024-09-04,2024-04-29,4056.31,31,cancelled
SUB005747,CUS003056,Basic,2024-02-21,2025-02-20,,237.11,5,active
SUB005748,CUS004560,Professional,2024-04-06,2025-04-06,,6074.71,46,active
SUB005749,CUS003151,Professional,2024-08-23,2025-08-23,,9421.62,76,active
SUB005750,CUS003342,Basic,2024-10-18,2025-10-18,,593.93,12,active
SUB005751,CUS001662,Professional,2024-05-12,2025-05-12,,2552.28,19,active
SUB005752,CUS003692,Basic,2024-03-20,2025-03-20,,687.25,14,active
SUB005753,CUS000738,Basic,2024-09-14,2025-09-14,,614.91,13,active
SUB005754,CUS004315,Basic,2023-05-05,2024-05-04,,303.72,6,active
SUB005755,CUS004863,Basic,2023-12-06,2024-12-05,,446.56,9,active
SUB005756,CUS004620,Basic,2022-04-15,2023-04-15,,488.54,10,active
SUB005757,CUS004083,Basic,2024-08-30,2025-08-30,,378.72,8,active
SUB005758,CUS002433,Professional,2024-10-08,2025-10-08,,6451.65,53,active
SUB005759,CUS004311,Basic,2023-09-18,2024-09-17,,105.72,2,active
SUB005760,CUS003823,Professional,2024-05-27,2025-05-27,,6826.25,54,active
SUB005761,CUS001278,Basic,2024-06-02,2025-06-02,,709.46,15,active
SUB005762,CUS003863,Professional,2022-03-09,2023-03-09,,8738.19,67,active
SUB005763,CUS002443,Enterprise,2024-10-23,2025-10-23,,111013.06,385,active
SUB005764,CUS003122,Basic,2024-07-13,2025-07-13,,99.71,2,active
SUB005765,CUS001917,Basic,2021-08-17,2022-08-17,,153.95,3,active
SUB005766,CUS004862,Basic,2021-08-23,2022-08-23,,235.93,5,active
SUB005767,CUS004226,Basic,2024-03-16,2025-03-16,,630.34,13,active
SUB005768,CUS003624,Professional,2023-08-06,2024-08-05,,7987.66,61,active
SUB005769,CUS001563,Basic,2024-09-08,2025-09-08,,656.75,14,active
SUB005770,CUS003779,Professional,2022-12-16,2023-12-16,,8117.68,65,active
SUB005771,CUS001914,Professional,2024-09-05,2025-09-05,,6937.53,54,active
SUB005772,CUS001178,Basic,2022-03-20,2023-03-20,,680.71,13,active
SUB005773,CUS002743,Professional,2024-03-14,2025-03-14,,1376.65,11,active
SUB005774,CUS001364,Professional,2024-03-26,2025-03-26,,8046.56,63,active
SUB005775,CUS003589,Professional,2023-11-13,2024-11-12,2024-04-12,6589.18,47,cancelled
SUB005776,CUS001824,Basic,2023-02-22,2024-02-22,,151.09,3,active
SUB005777,CUS001111,Basic,2024-06-23,2025-06-23,,92.19,2,active
SUB005778,CUS001925,Professional,2024-06-21,2025-06-21,,9340.03,73,active
SUB005779,CUS001565,Basic,2023-04-11,2024-04-10,,750.05,15,active
SUB005780,CUS003502,Enterprise,2024-10-25,2025-10-25,,101152.92,322,active
SUB005781,CUS002959,Professional,2024-03-03,2025-03-03,,2705.78,20,active
SUB005782,CUS001086,Professional,2023-08-11,2024-08-10,2024-05-10,7102.55,54,cancelled
SUB005783,CUS004599,Professional,2023-03-24,2024-03-23,,5818.42,44,active
SUB005784,CUS004103,Basic,2024-10-18,2025-10-18,,420.95,9,active
SUB005785,CUS000626,Basic,2023-01-30,2024-01-30,,95.62,2,active
SUB005786,CUS000942,Enterprise,2022-11-10,2023-11-10,,91050.23,319,active
SUB005787,CUS003370,Professional,2024-02-24,2025-02-23,,5346.11,40,active
SUB005788,CUS004344,Basic,2024-07-04,2025-07-04,,397.17,8,active
SUB005789,CUS003093,Professional,2024-08-01,2025-08-01,,3884.4,30,active
SUB005790,CUS001977,Basic,2023-01-17,2024-01-17,,103.29,2,active
SUB005791,CUS001626,Enterprise,2024-05-02,2025-05-02,,107230.45,352,active
SUB005792,CUS000790,Professional,2024-06-09,2025-06-09,,3219.33,24,active
SUB005793,CUS003616,Professional,2024-09-21,2025-09-21,,4104.86,31,active
SUB005794,CUS003578,Basic,2024-10-30,2025-10-30,,100.93,2,active
SUB005795,CUS000123,Basic,2024-08-31,2025-08-31,,424.91,9,active
SUB005796,CUS003451,Enterprise,2024-02-26,2025-02-25,,51017.24,165,active
SUB005797,CUS000194,Professional,2024-10-24,2025-10-24,,5638.86,43,active
SUB005798,CUS004961,Professional,2023-12-23,2024-12-22,,6866.31,54,active
SUB005799,CUS002197,Basic,2022-09-27,2023-09-27,,401.39,8,active
SUB005800,CUS003423,Basic,2024-05-26,2025-05-26,,102.41,2,active
SUB005801,CUS004098,Basic,2023-06-28,2024-06-27,,244.16,5,active
SUB005802,CUS001018,Professional,2023-02-19,2024-02-19,,5024.63,40,active
SUB005803,CUS002824,Basic,2021-04-26,2022-04-26,,477.94,10,active
SUB005804,CUS001953,Basic,2024-03-26,2025-03-26,,186.43,4,active
SUB005805,CUS002528,Enterprise,2023-09-22,2024-09-21,,98384.95,331,active
SUB005806,CUS000767,Basic,2024-09-10,2025-09-10,,650.16,13,active
SUB005807,CUS002848,Basic,2024-09-23,2025-09-23,,363.81,7,active
SUB005808,CUS000795,Professional,2023-01-20,2024-01-20,,7647.08,61,active
SUB005809,CUS004384,Enterprise,2021-02-21,2022-02-21,,108387.89,358,active
SUB005810,CUS002363,Enterprise,2024-10-20,2025-10-20,,110119.22,368,active
SUB005811,CUS002320,Professional,2023-02-25,2024-02-25,,8511.44,66,active
SUB005812,CUS002103,Professional,2023-06-02,2024-06-01,,4639.53,38,active
SUB005813,CUS000770,Professional,2024-04-19,2025-04-19,,9706.01,78,active
SUB005814,CUS000813,Basic,2022-11-13,2023-11-13,,156.34,3,active
SUB005815,CUS003433,Enterprise,2024-02-03,2025-02-02,,90701.66,293,active
SUB005816,CUS001172,Basic,2024-03-02,2025-03-02,,494.85,10,active
SUB005817,CUS003165,Basic,2024-10-27,2025-10-27,,199.17,4,active
SUB005818,CUS002817,Professional,2021-11-27,2022-11-27,,8867.89,67,active
SUB005819,CUS004089,Professional,2023-10-05,2024-10-04,,3555.33,28,active
SUB005820,CUS002600,Professional,2024-09-20,2025-09-20,,8647.01,68,active
SUB005821,CUS000265,Basic,2023-05-29,2024-05-28,2024-06-10,239.72,5,expired
SUB005822,CUS004697,Basic,2023-06-08,2024-06-07,,542.19,11,active
SUB005823,CUS003854,Professional,2024-09-21,2025-09-21,,6809.28,55,active
SUB005824,CUS004178,Professional,2021-07-11,2022-07-11,,2016.03,16,active
SUB005825,CUS003000,Enterprise,2022-08-17,2023-08-17,,55990.44,184,active
SUB005826,CUS004856,Basic,2024-07-19,2025-07-19,2024-11-18,435.55,9,cancelled
SUB005827,CUS002212,Professional,2022-06-24,2023-06-24,,5812.61,48,active
SUB005828,CUS002909,Basic,2023-10-08,2024-10-07,,338.45,7,active
SUB005829,CUS004224,Professional,2024-03-14,2025-03-14,,6047.29,46,active
SUB005830,CUS002544,Basic,2023-05-18,2024-05-17,,639.59,13,active
SUB005831,CUS000732,Enterprise,2022-11-14,2023-11-14,,106900.31,380,active
SUB005832,CUS000380,Enterprise,2023-09-18,2024-09-17,,117725.14,380,active
SUB005833,CUS004341,Basic,2023-04-25,2024-04-24,,291.46,6,active
SUB005834,CUS000090,Basic,2023-08-20,2024-08-19,,99.16,2,active
SUB005835,CUS001499,Basic,2023-04-16,2024-04-15,,507.92,10,active
SUB005836,CUS000998,Professional,2024-02-07,2025-02-06,,9376.2,73,active
SUB005837,CUS003570,Professional,2023-08-01,2024-07-31,,9510.07,79,active
SUB005838,CUS003598,Professional,2022-08-03,2023-08-03,,2464.67,18,active
SUB005839,CUS002725,Enterprise,2023-04-21,2024-04-20,,115600.73,419,active
SUB005840,CUS004460,Professional,2023-02-06,2024-02-06,2024-05-01,9562.39,75,cancelled
SUB005841,CUS000069,Basic,2024-08-02,2025-08-02,,768.33,15,active
SUB005842,CUS002907,Professional,2024-03-16,2025-03-16,,8809.63,70,active
SUB005843,CUS004391,Professional,2022-04-27,2023-04-27,2023-08-24,4666.4,37,cancelled
SUB005844,CUS002409,Professional,2023-03-01,2024-02-29,,6017.01,47,active
SUB005845,CUS000433,Professional,2024-10-28,2025-10-28,,2307.32,18,active
SUB005846,CUS001904,Professional,2024-09-10,2025-09-10,,4128.82,33,active
SUB005847,CUS001650,Basic,2021-05-25,2022-05-25,,670.73,14,active
SUB005848,CUS000683,Enterprise,2023-10-04,2024-10-03,,19545.56,63,active
SUB005849,CUS000526,Enterprise,2024-05-19,2025-05-19,,105345.33,359,active
SUB005850,CUS004421,Basic,2023-10-10,2024-10-09,,199.45,4,active
SUB005851,CUS003700,Basic,2024-08-19,2025-08-19,,379.48,8,active
SUB005852,CUS001201,Professional,2023-12-11,2024-12-10,,10684.81,79,active
SUB005853,CUS003054,Professional,2021-03-24,2022-03-24,2024-04-23,5595.8,42,cancelled
SUB005854,CUS001832,Basic,2024-10-31,2025-10-31,,537.31,11,active
SUB005855,CUS000298,Basic,2023-10-14,2024-10-13,,501.0,10,active
SUB005856,CUS000999,Enterprise,2023-04-25,2024-04-24,,69598.75,221,active
SUB005857,CUS000622,Professional,2024-01-01,2024-12-31,,7468.61,60,active
SUB005858,CUS003456,Professional,2024-07-26,2025-07-26,,4223.91,34,active
SUB005859,CUS000353,Enterprise,2023-09-24,2024-09-23,,88450.68,292,active
SUB005860,CUS003926,Basic,2024-10-16,2025-10-16,,421.05,9,active
SUB005861,CUS002078,Enterprise,2024-07-29,2025-07-29,,65033.89,230,active
SUB005862,CUS003182,Basic,2022-11-29,2023-11-29,,693.76,15,active
SUB005863,CUS000832,Basic,2024-09-09,2025-09-09,,689.56,14,active
SUB005864,CUS003946,Enterprise,2024-10-11,2025-10-11,,16939.62,61,active
SUB005865,CUS004564,Professional,2024-10-27,2025-10-27,,1653.32,13,active
SUB005866,CUS003392,Basic,2024-04-23,2025-04-23,,517.4,12,active
SUB005867,CUS000587,Basic,2024-07-15,2025-07-15,,497.51,10,active
SUB005868,CUS002601,Professional,2023-01-10,2024-01-10,,8401.89,64,active
SUB005869,CUS002563,Basic,2022-06-18,2023-06-18,,145.91,3,active
SUB005870,CUS004046,Basic,2023-04-28,2024-04-27,,612.32,12,active
SUB005871,CUS001225,Basic,2023-01-06,2024-01-06,2023-11-16,151.09,3,cancelled
SUB005872,CUS004322,Professional,2024-10-11,2025-10-11,,3511.95,28,active
SUB005873,CUS002951,Basic,2022-11-09,2023-11-09,,379.96,8,active
SUB005874,CUS003614,Basic,2023-03-26,2024-03-25,2024-05-16,656.7,13,cancelled
SUB005875,CUS003343,Professional,2022-09-30,2023-09-30,,1849.28,14,active
SUB005876,CUS003240,Basic,2021-09-04,2022-09-04,,339.77,7,active
SUB005877,CUS000779,Basic,2024-07-25,2025-07-25,2024-11-03,183.93,4,cancelled
SUB005878,CUS003882,Professional,2024-01-09,2025-01-08,2024-09-02,6393.39,48,cancelled
SUB005879,CUS004364,Basic,2024-09-09,2025-09-09,,147.34,3,active
SUB005880,CUS000253,Basic,2021-10-20,2022-10-20,2022-05-07,244.5,5,expired
SUB005881,CUS001243,Basic,2023-12-12,2024-12-11,,264.79,6,active
SUB005882,CUS000552,Professional,2021-09-14,2022-09-14,,6570.28,50,active
SUB005883,CUS000502,Basic,2024-04-17,2025-04-17,,97.79,2,active
SUB005884,CUS004942,Basic,2024-04-21,2025-04-21,,288.44,6,active
SUB005885,CUS001189,Professional,2024-07-25,2025-07-25,,2379.24,19,active
SUB005886,CUS002625,Basic,2024-10-22,2025-10-22,,344.33,7,active
SUB005887,CUS000333,Basic,2024-10-05,2025-10-05,,498.03,10,active
SUB005888,CUS001996,Enterprise,2024-03-04,2025-03-04,,106200.35,360,active
SUB005889,CUS004969,Basic,2024-07-17,2025-07-17,,449.63,9,active
SUB005890,CUS001943,Professional,2022-04-08,2023-04-08,,2352.15,19,active
SUB005891,CUS002213,Professional,2021-02-12,2022-02-12,,1764.77,14,active
SUB005892,CUS004907,Professional,2024-08-20,2025-08-20,,5548.14,42,active
SUB005893,CUS001699,Professional,2024-07-31,2025-07-31,,2925.0,23,active
SUB005894,CUS001969,Professional,2022-05-01,2023-05-01,,2598.28,19,active
SUB005895,CUS004921,Basic,2021-09-22,2022-09-22,,692.65,14,active
SUB005896,CUS000232,Enterprise,2024-07-31,2025-07-31,,113276.8,395,active
SUB005897,CUS003190,Professional,2023-04-01,2024-03-31,,3169.81,26,active
SUB005898,CUS000898,Enterprise,2024-01-11,2025-01-10,,73730.1,240,active
SUB005899,CUS003814,Enterprise,2024-08-27,2025-08-27,,105645.26,361,active
SUB005900,CUS000563,Basic,2023-02-23,2024-02-23,,758.58,15,active
SUB005901,CUS001805,Professional,2023-06-18,2024-06-17,,9871.73,78,active
SUB005902,CUS001628,Enterprise,2024-04-04,2025-04-04,,88047.43,292,active
SUB005903,CUS004597,Basic,2022-05-13,2023-05-13,,726.37,15,active
SUB005904,CUS001512,Basic,2024-01-11,2025-01-10,,494.38,10,active
SUB005905,CUS001082,Basic,2024-09-06,2025-09-06,,703.51,14,active
SUB005906,CUS000464,Basic,2024-03-09,2025-03-09,,686.46,14,active
SUB005907,CUS001241,Professional,2024-08-07,2025-08-07,,9898.83,75,active
SUB005908,CUS004273,Enterprise,2024-10-13,2025-10-13,,33184.43,118,active
SUB005909,CUS002007,Professional,2022-07-15,2023-07-15,,3010.16,23,active
SUB005910,CUS004388,Basic,2024-05-20,2025-05-20,,343.28,7,active
SUB005911,CUS002492,Enterprise,2024-05-04,2025-05-04,,61621.45,208,active
SUB005912,CUS002681,Professional,2024-10-28,2025-10-28,,5555.6,47,active
SUB005913,CUS002134,Basic,2024-10-13,2025-10-13,,461.38,10,active
SUB005914,CUS002284,Basic,2023-07-16,2024-07-15,,642.07,13,active
SUB005915,CUS002428,Enterprise,2024-10-19,2025-10-19,,109577.21,362,active
SUB005916,CUS002707,Professional,2023-12-29,2024-12-28,,1308.48,10,active
SUB005917,CUS001361,Professional,2023-06-13,2024-06-12,,9414.62,73,active
SUB005918,CUS001103,Professional,2021-05-15,2022-05-15,,8404.02,68,active
SUB005919,CUS002386,Professional,2024-04-20,2025-04-20,,8332.01,67,active
SUB005920,CUS004382,Basic,2024-01-18,2025-01-17,,453.83,10,active
SUB005921,CUS004144,Professional,2024-05-04,2025-05-04,,4146.0,32,active
SUB005922,CUS003400,Enterprise,2024-06-01,2025-06-01,,26472.26,83,active
SUB005923,CUS002563,Enterprise,2022-01-31,2023-01-31,,105803.6,355,active
SUB005924,CUS000726,Enterprise,2024-04-14,2025-04-14,,32305.9,111,active
SUB005925,CUS003003,Basic,2024-02-11,2025-02-10,,441.4,9,active
SUB005926,CUS000638,Professional,2024-10-29,2025-10-29,,8987.12,70,active
SUB005927,CUS003412,Basic,2022-01-30,2023-01-30,,184.09,4,active
SUB005928,CUS000871,Professional,2022-08-03,2023-08-03,,4294.87,33,active
SUB005929,CUS003409,Enterprise,2021-07-08,2022-07-08,,70295.77,236,active
SUB005930,CUS001283,Professional,2024-09-30,2025-09-30,2024-12-29,10001.93,78,cancelled
SUB005931,CUS004583,Professional,2021-06-25,2022-06-25,2022-02-07,1793.7,13,cancelled
SUB005932,CUS001039,Basic,2024-01-28,2025-01-27,,634.74,13,active
SUB005933,CUS002304,Professional,2023-09-18,2024-09-17,,1509.52,11,active
SUB005934,CUS001482,Basic,2024-10-19,2025-10-19,,428.23,9,active
SUB005935,CUS000310,Basic,2023-08-26,2024-08-25,,417.69,9,active
SUB005936,CUS000761,Basic,2022-04-08,2023-04-08,,238.06,5,active
SUB005937,CUS002341,Professional,2023-04-11,2024-04-10,,5103.3,38,active
SUB005938,CUS002141,Basic,2023-09-03,2024-09-02,,715.49,15,active
SUB005939,CUS002056,Professional,2024-06-29,2025-06-29,,1348.17,11,active
SUB005940,CUS004809,Professional,2024-01-04,2025-01-03,,8354.33,64,active
SUB005941,CUS004743,Professional,2023-09-22,2024-09-21,,2545.37,20,active
SUB005942,CUS000973,Professional,2021-01-30,2022-01-30,,7764.03,59,active
SUB005943,CUS004751,Enterprise,2021-11-19,2022-11-19,,28029.28,96,active
SUB005944,CUS002171,Basic,2024-07-15,2025-07-15,,331.92,7,active
SUB005945,CUS002305,Professional,2024-07-09,2025-07-09,,5596.18,41,active
SUB005946,CUS002945,Basic,2024-09-03,2025-09-03,,237.86,5,active
SUB005947,CUS003169,Basic,2024-08-29,2025-08-29,,142.7,3,active
SUB005948,CUS001078,Professional,2023-03-05,2024-03-04,,4719.04,36,active
SUB005949,CUS003359,Basic,2024-08-26,2025-08-26,,221.1,5,active
SUB005950,CUS000621,Professional,2024-08-05,2025-08-05,,2249.25,17,active
SUB005951,CUS001537,Professional,2023-06-12,2024-06-11,,4797.62,35,active
SUB005952,CUS002360,Professional,2023-11-11,2024-11-10,,9037.65,68,active
SUB005953,CUS003823,Enterprise,2021-06-05,2022-06-05,,42351.43,147,active
SUB005954,CUS003822,Professional,2024-05-21,2025-05-21,,3143.36,25,active
SUB005955,CUS000248,Basic,2024-05-28,2025-05-28,,98.22,2,active
SUB005956,CUS001597,Basic,2022-02-08,2023-02-08,,744.39,15,active
SUB005957,CUS000143,Basic,2023-01-17,2024-01-17,,155.3,3,active
SUB005958,CUS001911,Basic,2024-05-29,2025-05-29,2024-10-17,620.29,12,cancelled
SUB005959,CUS000389,Basic,2024-03-01,2025-03-01,,632.2,13,active
SUB005960,CUS002745,Professional,2024-02-15,2025-02-14,,1772.42,14,active
SUB005961,CUS003120,Professional,2024-03-31,2025-03-31,,1631.12,13,active
SUB005962,CUS001926,Professional,2024-10-03,2025-10-03,,7650.77,58,active
SUB005963,CUS001582,Basic,2024-09-17,2025-09-17,,254.26,5,active
SUB005964,CUS002147,Basic,2024-10-17,2025-10-17,,196.47,4,active
SUB005965,CUS004708,Enterprise,2024-09-13,2025-09-13,,59797.45,200,active
SUB005966,CUS001700,Basic,2023-02-14,2024-02-14,,210.5,4,active
SUB005967,CUS002660,Professional,2024-10-31,2025-10-31,,6075.23,46,active
SUB005968,CUS001535,Basic,2024-01-29,2025-01-28,,363.83,8,active
SUB005969,CUS001436,Professional,2023-11-14,2024-11-13,,2705.75,21,active
SUB005970,CUS002477,Basic,2023-12-12,2024-12-11,,493.46,10,active
SUB005971,CUS002324,Enterprise,2023-10-14,2024-10-13,,82930.49,280,active
SUB005972,CUS003224,Professional,2024-05-15,2025-05-15,,5387.87,40,active
SUB005973,CUS002226,Professional,2023-06-14,2024-06-13,,8033.2,63,active
SUB005974,CUS001036,Professional,2024-06-18,2025-06-18,,1868.31,15,active
SUB005975,CUS004478,Professional,2024-09-15,2025-09-15,,2641.66,21,active
SUB005976,CUS000111,Basic,2023-07-17,2024-07-16,,300.94,6,active
SUB005977,CUS000610,Basic,2024-07-17,2025-07-17,,186.71,4,active
SUB005978,CUS001972,Basic,2023-08-20,2024-08-19,,433.39,9,active
SUB005979,CUS001642,Basic,2024-09-14,2025-09-14,,756.79,15,active
SUB005980,CUS000941,Basic,2023-11-23,2024-11-22,,93.33,2,active
SUB005981,CUS002948,Basic,2024-05-28,2025-05-28,,377.77,8,active
SUB005982,CUS004136,Enterprise,2024-09-25,2025-09-25,,99566.33,354,active
SUB005983,CUS002914,Enterprise,2024-07-11,2025-07-11,,75303.29,260,active
SUB005984,CUS002883,Basic,2022-08-03,2023-08-03,,577.25,12,active
SUB005985,CUS004189,Professional,2022-07-07,2023-07-07,,2302.72,18,active
SUB005986,CUS002029,Basic,2024-02-01,2025-01-31,,237.14,5,active
SUB005987,CUS003081,Professional,2024-06-16,2025-06-16,,7127.36,56,active
SUB005988,CUS004160,Basic,2023-07-16,2024-07-15,2023-10-12,405.44,8,cancelled
SUB005989,CUS000970,Professional,2024-10-20,2025-10-20,,2740.66,21,active
SUB005990,CUS000911,Enterprise,2023-04-03,2024-04-02,,119537.23,372,active
SUB005991,CUS002013,Basic,2022-06-28,2023-06-28,,239.23,5,active
SUB005992,CUS004088,Professional,2021-07-11,2022-07-11,,6856.48,54,active
SUB005993,CUS003381,Professional,2023-07-13,2024-07-12,,5966.02,46,active
SUB005994,CUS004087,Professional,2022-10-30,2023-10-30,,5320.44,42,active
SUB005995,CUS004480,Professional,2023-12-26,2024-12-25,,4381.92,34,active
SUB005996,CUS002759,Basic,2023-09-27,2024-09-26,,502.82,11,active
SUB005997,CUS003593,Enterprise,2022-09-28,2023-09-28,,66697.27,226,active
SUB005998,CUS003769,Basic,2024-02-06,2025-02-05,,656.57,13,active
SUB005999,CUS003732,Professional,2023-02-06,2024-02-06,,5228.61,38,active
SUB006000,CUS004271,Basic,2023-03-14,2024-03-13,,360.39,7,active
SUB006001,CUS002511,Professional,2024-03-06,2025-03-06,,1943.53,15,active
SUB006002,CUS004511,Enterprise,2024-01-03,2025-01-02,,95467.19,314,active
SUB006003,CUS003794,Enterprise,2021-09-22,2022-09-22,,48998.31,162,active
SUB006004,CUS002760,Basic,2023-08-09,2024-08-08,,240.25,5,active
SUB006005,CUS002594,Basic,2024-07-28,2025-07-28,,189.42,4,active
SUB006006,CUS001717,Professional,2024-07-31,2025-07-31,,1561.45,12,active
SUB006007,CUS002873,Basic,2022-12-22,2023-12-22,,634.54,13,active
SUB006008,CUS004821,Basic,2024-07-23,2025-07-23,,403.52,8,active
SUB006009,CUS000468,Professional,2024-03-12,2025-03-12,,7213.36,61,active
SUB006010,CUS003371,Basic,2023-04-30,2024-04-29,,146.11,3,active
SUB006011,CUS000794,Basic,2023-06-25,2024-06-24,,715.03,14,active
SUB006012,CUS004834,Professional,2024-10-03,2025-10-03,,7501.34,57,active
SUB006013,CUS003006,Basic,2023-07-03,2024-07-02,,378.51,8,active
SUB006014,CUS003104,Professional,2024-04-03,2025-04-03,,8616.28,70,active
SUB006015,CUS001423,Professional,2024-10-25,2025-10-25,,1287.92,10,active
SUB006016,CUS000939,Professional,2023-10-26,2024-10-25,,6892.35,52,active
SUB006017,CUS004582,Basic,2023-12-04,2024-12-03,,399.08,8,active
SUB006018,CUS002262,Enterprise,2023-05-31,2024-05-30,,38426.67,128,active
SUB006019,CUS003992,Basic,2024-01-22,2025-01-21,,150.3,3,active
SUB006020,CUS003941,Basic,2024-03-28,2025-03-28,,543.86,11,active
SUB006021,CUS003573,Professional,2023-03-20,2024-03-19,2024-01-27,4609.71,35,cancelled
SUB006022,CUS001158,Basic,2023-11-19,2024-11-18,,556.68,11,active
SUB006023,CUS000154,Basic,2022-12-28,2023-12-28,,530.61,11,active
SUB006024,CUS004654,Professional,2024-06-28,2025-06-28,,3625.02,29,active
SUB006025,CUS003723,Professional,2024-10-08,2025-10-08,,6349.97,48,active
SUB006026,CUS001164,Professional,2024-08-03,2025-08-03,,8868.58,70,active
SUB006027,CUS003928,Enterprise,2024-07-01,2025-07-01,,43745.01,157,active
SUB006028,CUS003905,Enterprise,2023-11-30,2024-11-29,,91041.91,290,active
SUB006029,CUS003269,Professional,2024-06-03,2025-06-03,,9891.17,76,active
SUB006030,CUS003519,Professional,2021-08-21,2022-08-21,,7536.84,58,active
SUB006031,CUS001886,Professional,2023-06-23,2024-06-22,,6280.09,49,active
SUB006032,CUS001477,Professional,2021-07-17,2022-07-17,2022-10-19,4647.3,35,cancelled
SUB006033,CUS004397,Professional,2023-09-27,2024-09-26,2024-10-14,8008.41,65,cancelled
SUB006034,CUS000330,Basic,2023-03-27,2024-03-26,,637.08,13,active
SUB006035,CUS003631,Professional,2024-09-14,2025-09-14,,5080.7,39,active
SUB006036,CUS001789,Enterprise,2021-04-17,2022-04-17,,26514.66,87,active
SUB006037,CUS001279,Professional,2024-05-24,2025-05-24,2024-10-29,2910.87,24,expired
SUB006038,CUS004570,Basic,2024-10-30,2025-10-30,,750.28,15,active
SUB006039,CUS002517,Enterprise,2021-12-21,2022-12-21,,80136.27,272,active
SUB006040,CUS000835,Professional,2024-01-11,2025-01-10,,3025.4,24,active
SUB006041,CUS001985,Basic,2024-01-08,2025-01-07,,416.9,9,active
SUB006042,CUS000684,Basic,2024-09-25,2025-09-25,,369.8,7,active
SUB006043,CUS001768,Professional,2024-05-18,2025-05-18,,6806.33,53,active
SUB006044,CUS001057,Basic,2023-04-23,2024-04-22,,543.63,11,active
SUB006045,CUS003697,Basic,2021-11-06,2022-11-06,,613.55,13,active
SUB006046,CUS002719,Professional,2024-08-14,2025-08-14,,2319.8,19,active
SUB006047,CUS001413,Basic,2024-02-13,2025-02-12,,403.18,8,active
SUB006048,CUS001076,Professional,2024-10-27,2025-10-27,,8357.53,68,active
SUB006049,CUS001267,Basic,2023-03-30,2024-03-29,,768.53,15,active
SUB006050,CUS004263,Basic,2024-01-26,2025-01-25,,416.7,8,active
SUB006051,CUS000007,Professional,2023-02-09,2024-02-09,2024-06-22,7529.93,60,cancelled
SUB006052,CUS003545,Basic,2024-01-05,2025-01-04,,626.72,13,active
SUB006053,CUS004660,Professional,2024-09-13,2025-09-13,,1175.18,10,active
SUB006054,CUS002308,Professional,2024-08-14,2025-08-14,,2422.61,20,active
SUB006055,CUS001521,Enterprise,2024-05-30,2025-05-30,,27199.53,89,active
SUB006056,CUS001959,Basic,2024-08-03,2025-08-03,,102.3,2,active
SUB006057,CUS000259,Basic,2023-06-09,2024-06-08,,476.59,10,active
SUB006058,CUS000290,Professional,2023-11-20,2024-11-19,,7190.74,57,active
SUB006059,CUS003076,Basic,2021-10-21,2022-10-21,,277.73,6,active
SUB006060,CUS003800,Basic,2024-08-29,2025-08-29,,188.25,4,active
SUB006061,CUS003657,Professional,2024-09-20,2025-09-20,,2159.98,16,active
SUB006062,CUS003966,Basic,2023-11-14,2024-11-13,,247.66,5,active
SUB006063,CUS000117,Professional,2024-06-21,2025-06-21,,2901.48,24,active
SUB006064,CUS000057,Basic,2024-07-10,2025-07-10,,599.66,12,active
SUB006065,CUS003180,Basic,2023-03-27,2024-03-26,,477.6,9,active
SUB006066,CUS003132,Enterprise,2023-07-08,2024-07-07,,123553.29,419,active
SUB006067,CUS001155,Basic,2023-10-10,2024-10-09,,430.72,9,active
SUB006068,CUS004419,Basic,2022-12-10,2023-12-10,,549.97,11,active
SUB006069,CUS002167,Professional,2023-05-13,2024-05-12,,9214.54,69,active
SUB006070,CUS003899,Basic,2024-01-24,2025-01-23,,302.45,6,active
SUB006071,CUS002436,Basic,2022-10-30,2023-10-30,,193.82,4,active
SUB006072,CUS003995,Basic,2024-09-26,2025-09-26,,434.51,9,active
SUB006073,CUS000711,Basic,2024-08-04,2025-08-04,,184.17,4,active
SUB006074,CUS003413,Enterprise,2022-07-02,2023-07-02,,96998.22,339,active
SUB006075,CUS000051,Professional,2021-07-11,2022-07-11,,2873.83,22,active
SUB006076,CUS000998,Professional,2023-03-12,2024-03-11,2024-04-09,3544.42,28,cancelled
SUB006077,CUS002642,Enterprise,2023-07-19,2024-07-18,,122742.57,407,active
SUB006078,CUS001528,Basic,2024-09-25,2025-09-25,,728.86,15,active
SUB006079,CUS004658,Professional,2024-06-13,2025-06-13,2024-11-05,4395.48,34,cancelled
SUB006080,CUS000303,Basic,2024-09-23,2025-09-23,,539.37,11,active
SUB006081,CUS003613,Professional,2023-06-12,2024-06-11,2024-06-19,5427.12,41,cancelled
SUB006082,CUS000030,Basic,2024-07-15,2025-07-15,,454.1,9,active
SUB006083,CUS001650,Professional,2024-09-20,2025-09-20,,3609.83,28,active
SUB006084,CUS001749,Enterprise,2024-03-27,2025-03-27,,36217.2,122,active
SUB006085,CUS001859,Basic,2024-09-24,2025-09-24,,97.88,2,active
SUB006086,CUS002693,Basic,2024-10-04,2025-10-04,,381.24,8,active
SUB006087,CUS001154,Basic,2024-07-10,2025-07-10,,661.22,13,active
SUB006088,CUS004738,Basic,2023-07-05,2024-07-04,2023-11-23,528.4,11,cancelled
SUB006089,CUS002109,Basic,2023-12-30,2024-12-29,,243.63,5,active
SUB006090,CUS000981,Basic,2024-10-17,2025-10-17,,295.81,6,active
SUB006091,CUS002236,Professional,2024-06-05,2025-06-05,,3390.39,26,active
SUB006092,CUS004011,Professional,2024-06-10,2025-06-10,,1432.36,11,active
SUB006093,CUS003305,Professional,2024-08-18,2025-08-18,,7317.83,57,active
SUB006094,CUS001330,Basic,2024-05-21,2025-05-21,,414.57,8,active
SUB006095,CUS003887,Basic,2023-12-24,2024-12-23,,196.52,4,active
SUB006096,CUS003036,Professional,2024-02-08,2025-02-07,2024-05-27,2429.44,19,cancelled
SUB006097,CUS004609,Enterprise,2023-12-07,2024-12-06,,70236.32,221,active
SUB006098,CUS004139,Basic,2024-09-18,2025-09-18,,95.33,2,active
SUB006099,CUS004406,Professional,2024-08-11,2025-08-11,,4113.11,30,active
SUB006100,CUS003697,Basic,2021-07-26,2022-07-26,,364.62,8,active
SUB006101,CUS003850,Professional,2023-01-17,2024-01-17,2024-06-19,7885.55,62,cancelled
SUB006102,CUS004770,Basic,2024-10-06,2025-10-06,,645.91,14,active
SUB006103,CUS004955,Professional,2023-12-15,2024-12-14,,6019.65,49,active
SUB006104,CUS004763,Professional,2021-07-28,2022-07-28,,5765.96,44,active
SUB006105,CUS003262,Basic,2023-07-16,2024-07-15,,296.94,6,active
SUB006106,CUS004518,Basic,2023-03-09,2024-03-08,,239.78,5,active
SUB006107,CUS003309,Basic,2024-01-02,2025-01-01,,103.6,2,active
SUB006108,CUS001840,Professional,2024-05-19,2025-05-19,,10059.12,75,active
SUB006109,CUS000302,Enterprise,2024-06-04,2025-06-04,,19698.37,66,active
SUB006110,CUS000704,Enterprise,2024-09-20,2025-09-20,,96345.17,344,active
SUB006111,CUS004404,Basic,2024-02-09,2025-02-08,,557.09,11,active
SUB006112,CUS002097,Professional,2022-02-04,2023-02-04,2023-02-10,3043.7,24,expired
SUB006113,CUS004607,Basic,2023-12-03,2024-12-02,,544.51,11,active
SUB006114,CUS000112,Enterprise,2021-06-11,2022-06-11,,82061.91,267,active
SUB006115,CUS002438,Basic,2024-03-14,2025-03-14,,386.49,8,active
SUB006116,CUS002736,Basic,2024-09-16,2025-09-16,,358.35,7,active
SUB006117,CUS000616,Basic,2021-08-26,2022-08-26,,435.14,9,active
SUB006118,CUS000996,Professional,2023-08-28,2024-08-27,,6440.2,49,active
SUB006119,CUS001819,Professional,2024-08-24,2025-08-24,,3575.06,27,active
SUB006120,CUS002083,Professional,2024-02-27,2025-02-26,,2795.5,21,active
SUB006121,CUS004100,Enterprise,2023-11-13,2024-11-12,,35849.61,113,active
SUB006122,CUS002203,Basic,2024-03-29,2025-03-29,,666.26,14,active
SUB006123,CUS002043,Professional,2024-08-06,2025-08-06,,7309.23,59,active
SUB006124,CUS003232,Basic,2022-09-06,2023-09-06,,629.83,13,active
SUB006125,CUS002459,Basic,2022-07-19,2023-07-19,,216.88,4,active
SUB006126,CUS004841,Professional,2024-10-19,2025-10-19,,4998.62,37,active
SUB006127,CUS003975,Basic,2023-04-29,2024-04-28,,576.68,12,active
SUB006128,CUS003849,Professional,2024-08-11,2025-08-11,,9939.55,78,active
SUB006129,CUS000529,Enterprise,2024-10-20,2025-10-20,,86066.44,288,active
SUB006130,CUS002311,Professional,2024-06-10,2025-06-10,,1823.26,14,active
SUB006131,CUS003207,Basic,2024-10-25,2025-10-25,,350.7,7,active
SUB006132,CUS001380,Professional,2024-10-15,2025-10-15,,3830.41,29,active
SUB006133,CUS002082,Professional,2024-10-11,2025-10-11,,9408.21,70,active
SUB006134,CUS000077,Basic,2023-11-19,2024-11-18,,681.65,13,active
SUB006135,CUS001915,Basic,2023-12-28,2024-12-27,,487.71,10,active
SUB006136,CUS003032,Basic,2022-10-05,2023-10-05,,97.27,2,active
SUB006137,CUS001406,Enterprise,2024-03-20,2025-03-20,,97412.02,330,active
SUB006138,CUS001660,Basic,2024-02-25,2025-02-24,,145.58,3,active
SUB006139,CUS003521,Professional,2024-10-06,2025-10-06,,5226.63,40,active
SUB006140,CUS004451,Basic,2023-01-30,2024-01-30,,751.35,15,active
SUB006141,CUS000137,Basic,2024-07-17,2025-07-17,,415.68,8,active
SUB006142,CUS004331,Professional,2022-12-21,2023-12-21,,6541.54,52,active
SUB006143,CUS002329,Basic,2024-01-22,2025-01-21,,396.92,8,active
SUB006144,CUS002591,Professional,2022-12-03,2023-12-03,,4507.36,36,active
SUB006145,CUS003591,Professional,2024-10-20,2025-10-20,,5756.43,44,active
SUB006146,CUS002721,Basic,2024-09-11,2025-09-11,,589.42,11,active
SUB006147,CUS001733,Professional,2023-12-26,2024-12-25,,4236.62,33,active
SUB006148,CUS000409,Basic,2023-07-28,2024-07-27,,798.09,15,active
SUB006149,CUS001013,Basic,2024-03-25,2025-03-25,,190.26,4,active
SUB006150,CUS001467,Basic,2024-09-03,2025-09-03,,723.16,15,active
SUB006151,CUS002499,Professional,2024-09-23,2025-09-23,,6500.11,51,active
SUB006152,CUS003690,Professional,2023-06-07,2024-06-06,,3114.95,24,active
SUB006153,CUS000045,Professional,2024-02-14,2025-02-13,,9109.59,71,active
SUB006154,CUS001003,Enterprise,2024-10-18,2025-10-18,,53417.12,174,active
SUB006155,CUS004564,Basic,2024-10-10,2025-10-10,,531.45,12,active
SUB006156,CUS004224,Professional,2022-06-24,2023-06-24,,6353.37,51,active
SUB006157,CUS001440,Basic,2023-07-19,2024-07-18,2024-01-12,626.99,12,expired
SUB006158,CUS002099,Basic,2024-06-17,2025-06-17,,698.79,15,active
SUB006159,CUS004953,Professional,2022-06-07,2023-06-07,,7770.78,61,active
SUB006160,CUS003869,Basic,2024-06-01,2025-06-01,,500.5,10,active
SUB006161,CUS002086,Professional,2023-09-13,2024-09-12,,6182.14,48,active
SUB006162,CUS000206,Professional,2024-07-13,2025-07-13,2024-12-08,4380.7,35,cancelled
SUB006163,CUS000041,Basic,2023-09-01,2024-08-31,,398.11,8,active
SUB006164,CUS001198,Basic,2023-09-23,2024-09-22,2024-03-10,453.9,9,expired
SUB006165,CUS004081,Professional,2023-04-07,2024-04-06,2023-08-11,9220.24,73,cancelled
SUB006166,CUS000997,Professional,2024-03-05,2025-03-05,2024-06-26,9289.6,71,cancelled
SUB006167,CUS000948,Enterprise,2024-03-26,2025-03-26,,74537.96,242,active
SUB006168,CUS004914,Professional,2024-02-07,2025-02-06,,2543.69,19,active
SUB006169,CUS004323,Basic,2023-07-22,2024-07-21,,347.44,7,active
SUB006170,CUS000137,Basic,2024-04-23,2025-04-23,,155.8,3,active
SUB006171,CUS000258,Basic,2024-09-12,2025-09-12,,441.73,9,active
SUB006172,CUS001921,Basic,2023-08-30,2024-08-29,,378.51,8,active
SUB006173,CUS004622,Professional,2024-06-08,2025-06-08,,9216.98,72,active
SUB006174,CUS004960,Professional,2024-09-04,2025-09-04,,3765.23,28,active
SUB006175,CUS001323,Enterprise,2022-01-24,2023-01-24,,58509.34,202,active
SUB006176,CUS000176,Basic,2024-08-05,2025-08-05,,451.55,10,active
SUB006177,CUS001634,Basic,2023-11-26,2024-11-25,,448.1,9,active
SUB006178,CUS000024,Basic,2024-04-12,2025-04-12,2024-08-17,241.19,5,cancelled
SUB006179,CUS003742,Professional,2024-02-01,2025-01-31,,2087.25,15,active
SUB006180,CUS000989,Enterprise,2024-08-24,2025-08-24,,27160.98,90,active
SUB006181,CUS001885,Enterprise,2024-09-27,2025-09-27,,24955.76,80,active
SUB006182,CUS000978,Professional,2024-10-27,2025-10-27,,3803.56,30,active
SUB006183,CUS004637,Basic,2021-09-26,2022-09-26,,250.09,5,active
SUB006184,CUS000371,Basic,2024-09-11,2025-09-11,,744.56,15,active
SUB006185,CUS000537,Professional,2022-11-09,2023-11-09,,8519.38,63,active
SUB006186,CUS004640,Basic,2024-09-22,2025-09-22,,493.28,10,active
SUB006187,CUS004732,Basic,2024-05-29,2025-05-29,,577.22,12,active
SUB006188,CUS000939,Professional,2023-10-06,2024-10-05,,6149.71,46,active
SUB006189,CUS002220,Basic,2023-12-20,2024-12-19,,429.98,9,active
SUB006190,CUS004386,Enterprise,2024-09-03,2025-09-03,,61574.66,212,active
SUB006191,CUS003879,Basic,2024-06-29,2025-06-29,,684.94,14,active
SUB006192,CUS002713,Basic,2024-05-01,2025-05-01,,193.76,4,active
SUB006193,CUS004036,Professional,2024-07-19,2025-07-19,,4001.34,31,active
SUB006194,CUS000708,Professional,2024-05-16,2025-05-16,,4913.39,39,active
SUB006195,CUS000244,Professional,2022-10-08,2023-10-08,,7373.12,55,active
SUB006196,CUS000753,Enterprise,2023-11-02,2024-11-01,2024-09-17,81990.26,264,cancelled
SUB006197,CUS000896,Professional,2023-05-30,2024-05-29,,4380.76,33,active
SUB006198,CUS003370,Basic,2024-05-28,2025-05-28,,603.06,12,active
SUB006199,CUS001961,Basic,2024-09-27,2025-09-27,,595.8,13,active
SUB006200,CUS001905,Basic,2023-05-19,2024-05-18,,639.59,13,active
SUB006201,CUS001481,Professional,2024-05-17,2025-05-17,,7706.63,58,active
SUB006202,CUS001803,Basic,2024-05-20,2025-05-20,,205.2,4,active
SUB006203,CUS004322,Basic,2024-01-30,2025-01-29,,97.3,2,active
SUB006204,CUS004925,Professional,2024-08-20,2025-08-20,,7553.58,56,active
SUB006205,CUS002282,Basic,2024-10-05,2025-10-05,,148.58,3,active
SUB006206,CUS004628,Basic,2023-02-09,2024-02-09,,534.84,12,active
SUB006207,CUS001748,Basic,2022-08-16,2023-08-16,2023-03-09,488.3,10,cancelled
SUB006208,CUS000087,Professional,2024-08-18,2025-08-18,,8138.44,65,active
SUB006209,CUS000511,Basic,2021-04-07,2022-04-07,,287.7,6,active
SUB006210,CUS000813,Basic,2024-03-03,2025-03-03,,406.43,8,active
SUB006211,CUS001076,Enterprise,2024-07-23,2025-07-23,,71902.89,238,active
SUB006212,CUS000562,Professional,2024-03-07,2025-03-07,,1393.25,11,active
SUB006213,CUS000054,Basic,2024-07-07,2025-07-07,,478.4,10,active
SUB006214,CUS004215,Professional,2023-05-06,2024-05-05,,5239.11,40,active
SUB006215,CUS002648,Basic,2024-06-14,2025-06-14,,389.47,8,active
SUB006216,CUS001839,Professional,2021-05-03,2022-05-03,2024-04-19,4492.93,34,cancelled
SUB006217,CUS000042,Basic,2023-10-31,2024-10-30,2024-05-02,333.08,7,expired
SUB006218,CUS001112,Professional,2024-10-05,2025-10-05,,7764.18,61,active
SUB006219,CUS003982,Enterprise,2024-08-31,2025-08-31,,92792.66,323,active
SUB006220,CUS003133,Professional,2023-09-29,2024-09-28,2024-02-07,1644.51,13,cancelled
SUB006221,CUS002501,Basic,2023-07-14,2024-07-13,2023-12-28,738.29,14,cancelled
SUB006222,CUS003077,Professional,2024-01-21,2025-01-20,2024-08-22,6660.77,53,cancelled
SUB006223,CUS000114,Enterprise,2022-12-22,2023-12-22,2023-04-15,31756.91,108,cancelled
SUB006224,CUS003640,Basic,2023-10-03,2024-10-02,,380.69,8,active
SUB006225,CUS004827,Enterprise,2024-08-07,2025-08-07,,71002.65,239,active
SUB006226,CUS003574,Basic,2024-06-21,2025-06-21,2024-11-21,684.26,14,cancelled
SUB006227,CUS002962,Basic,2023-02-24,2024-02-24,,664.16,13,active
SUB006228,CUS003106,Professional,2024-10-21,2025-10-21,,4196.55,33,active
SUB006229,CUS001301,Basic,2023-06-13,2024-06-12,2023-11-16,688.74,14,expired
SUB006230,CUS000676,Enterprise,2024-10-10,2025-10-10,,32967.74,118,active
SUB006231,CUS004198,Basic,2024-03-21,2025-03-21,,332.62,7,active
SUB006232,CUS003100,Professional,2024-04-11,2025-04-11,,5088.28,38,active
SUB006233,CUS003091,Professional,2024-10-24,2025-10-24,,3754.08,30,active
SUB006234,CUS000773,Basic,2024-09-06,2025-09-06,,352.22,7,active
SUB006235,CUS003253,Professional,2023-04-30,2024-04-29,,4493.55,36,active
SUB006236,CUS001695,Basic,2022-12-25,2023-12-25,,438.33,9,active
SUB006237,CUS002379,Professional,2024-08-03,2025-08-03,,3418.57,25,active
SUB006238,CUS001897,Professional,2023-12-10,2024-12-09,,3838.55,29,active
SUB006239,CUS002761,Basic,2024-09-04,2025-09-04,,684.78,15,active
SUB006240,CUS000902,Basic,2022-11-22,2023-11-22,,599.77,11,active
SUB006241,CUS001339,Professional,2023-11-29,2024-11-28,,2361.9,19,active
SUB006242,CUS000387,Basic,2022-03-14,2023-03-14,,208.8,4,active
SUB006243,CUS002010,Basic,2024-02-10,2025-02-09,,385.88,8,active
SUB006244,CUS000606,Professional,2024-08-05,2025-08-05,,1357.97,11,active
SUB006245,CUS003775,Professional,2024-09-25,2025-09-25,,2666.23,21,active
SUB006246,CUS000684,Professional,2024-10-14,2025-10-14,,6050.41,48,active
SUB006247,CUS000960,Basic,2024-05-07,2025-05-07,,432.54,9,active
SUB006248,CUS001134,Professional,2022-09-11,2023-09-11,2024-05-20,9565.96,74,cancelled
SUB006249,CUS000373,Basic,2024-01-27,2025-01-26,,647.66,13,active
SUB006250,CUS000971,Basic,2024-08-31,2025-08-31,,360.05,7,active
SUB006251,CUS002873,Professional,2022-12-26,2023-12-26,,10267.48,79,active
SUB006252,CUS003353,Basic,2023-07-28,2024-07-27,,540.46,11,active
SUB006253,CUS004911,Basic,2024-10-03,2025-10-03,,716.41,15,active
SUB006254,CUS003530,Basic,2024-09-12,2025-09-12,,485.19,10,active
SUB006255,CUS000161,Enterprise,2024-05-05,2025-05-05,,52870.39,180,active
SUB006256,CUS000638,Professional,2024-09-27,2025-09-27,,6385.6,52,active
SUB006257,CUS004027,Professional,2024-01-13,2025-01-12,,5339.66,38,active
SUB006258,CUS003085,Basic,2023-01-30,2024-01-30,,444.74,9,active
SUB006259,CUS004644,Basic,2023-02-26,2024-02-26,,692.12,14,active
SUB006260,CUS004261,Professional,2022-08-17,2023-08-17,,2017.47,15,active
SUB006261,CUS003448,Professional,2023-05-06,2024-05-05,,8214.1,70,active
SUB006262,CUS001690,Basic,2022-12-26,2023-12-26,,739.75,14,active
SUB006263,CUS004760,Enterprise,2023-04-20,2024-04-19,,113974.57,393,active
SUB006264,CUS004864,Professional,2024-10-21,2025-10-21,,7875.74,63,active
SUB006265,CUS002047,Basic,2024-06-25,2025-06-25,,240.34,5,active
SUB006266,CUS000193,Professional,2024-04-16,2025-04-16,2024-10-28,8140.1,61,cancelled
SUB006267,CUS001567,Basic,2024-10-30,2025-10-30,,158.03,3,active
SUB006268,CUS003905,Enterprise,2022-05-28,2023-05-28,,30983.47,98,active
SUB006269,CUS003267,Enterprise,2024-01-07,2025-01-06,,89950.73,306,active
SUB006270,CUS001669,Professional,2023-03-04,2024-03-03,,5802.28,48,active
SUB006271,CUS004344,Basic,2024-03-23,2025-03-23,,627.76,13,active
SUB006272,CUS000429,Professional,2021-04-20,2022-04-20,,6305.63,50,active
SUB006273,CUS003469,Professional,2021-10-19,2022-10-19,,9361.17,77,active
SUB006274,CUS000553,Basic,2023-07-08,2024-07-07,,600.0,12,active
SUB006275,CUS002374,Basic,2024-09-29,2025-09-29,,637.1,13,active
SUB006276,CUS004196,Basic,2023-06-26,2024-06-25,,598.3,12,active
SUB006277,CUS003119,Professional,2024-10-20,2025-10-20,,3572.2,27,active
SUB006278,CUS002256,Basic,2024-04-19,2025-04-19,,602.09,12,active
SUB006279,CUS003063,Professional,2024-02-01,2025-01-31,,7722.56,60,active
SUB006280,CUS003001,Basic,2023-12-03,2024-12-02,,362.69,7,active
SUB006281,CUS002622,Professional,2023-03-01,2024-02-29,,4183.99,33,active
SUB006282,CUS001108,Basic,2024-07-22,2025-07-22,,191.62,4,active
SUB006283,CUS003062,Basic,2024-10-08,2025-10-08,,340.22,7,active
SUB006284,CUS000667,Basic,2023-04-25,2024-04-24,,648.99,13,active
SUB006285,CUS004400,Basic,2023-11-01,2024-10-31,,200.68,4,active
SUB006286,CUS000221,Professional,2024-01-01,2024-12-31,,7902.74,62,active
SUB006287,CUS004203,Professional,2024-10-26,2025-10-26,,8546.36,67,active
SUB006288,CUS002549,Basic,2024-09-04,2025-09-04,,512.38,10,active
SUB006289,CUS003848,Professional,2024-10-14,2025-10-14,,3692.88,30,active
SUB006290,CUS000020,Professional,2022-06-22,2023-06-22,2024-06-02,5231.91,37,cancelled
SUB006291,CUS000531,Basic,2024-08-18,2025-08-18,,96.97,2,active
SUB006292,CUS000128,Basic,2023-08-02,2024-08-01,,729.74,15,active
SUB006293,CUS004242,Professional,2022-11-18,2023-11-18,,1568.03,12,active
SUB006294,CUS004912,Basic,2024-03-29,2025-03-29,,499.12,10,active
SUB006295,CUS000564,Basic,2024-07-28,2025-07-28,,670.28,14,active
SUB006296,CUS001639,Basic,2023-12-03,2024-12-02,,495.8,10,active
SUB006297,CUS001011,Professional,2023-03-05,2024-03-04,,9733.19,78,active
SUB006298,CUS004894,Enterprise,2023-03-28,2024-03-27,,94845.42,324,active
SUB006299,CUS000366,Basic,2021-06-27,2022-06-27,,92.5,2,active
SUB006300,CUS003089,Professional,2023-06-04,2024-06-03,,3370.52,26,active
SUB006301,CUS001912,Professional,2024-09-14,2025-09-14,,6410.2,50,active
SUB006302,CUS002647,Basic,2024-09-18,2025-09-18,,227.73,5,active
SUB006303,CUS003222,Professional,2021-01-14,2022-01-14,2024-06-11,4407.39,35,cancelled
SUB006304,CUS002709,Basic,2022-06-29,2023-06-29,,97.9,2,active
SUB006305,CUS002360,Basic,2024-10-16,2025-10-16,,252.37,5,active
SUB006306,CUS003387,Enterprise,2023-02-17,2024-02-17,,29129.69,102,active
SUB006307,CUS004507,Enterprise,2024-09-29,2025-09-29,,84909.02,287,active
SUB006308,CUS002706,Basic,2021-12-17,2022-12-17,,471.13,10,active
SUB006309,CUS004463,Professional,2023-11-07,2024-11-06,,3042.3,23,active
SUB006310,CUS003766,Basic,2023-09-27,2024-09-26,,574.25,12,active
SUB006311,CUS003998,Basic,2024-06-19,2025-06-19,,149.67,3,active
SUB006312,CUS000022,Professional,2024-07-07,2025-07-07,,7897.69,62,active
SUB006313,CUS001923,Basic,2024-09-25,2025-09-25,,368.62,8,active
SUB006314,CUS002543,Professional,2023-10-20,2024-10-19,,1544.21,12,active
SUB006315,CUS000307,Enterprise,2021-09-14,2022-09-14,,110056.32,384,active
SUB006316,CUS000609,Basic,2023-09-03,2024-09-02,2024-05-25,407.36,8,cancelled
SUB006317,CUS003892,Basic,2023-07-27,2024-07-26,,573.3,11,active
SUB006318,CUS002319,Basic,2021-09-16,2022-09-16,,350.66,7,active
SUB006319,CUS001376,Basic,2024-07-22,2025-07-22,,479.01,10,active
SUB006320,CUS004515,Professional,2024-05-01,2025-05-01,,5293.12,41,active
SUB006321,CUS003607,Professional,2024-10-09,2025-10-09,,4039.61,31,active
SUB006322,CUS002713,Professional,2024-10-01,2025-10-01,,6560.96,49,active
SUB006323,CUS001070,Basic,2021-07-01,2022-07-01,,243.38,5,active
SUB006324,CUS000255,Basic,2023-12-25,2024-12-24,,695.8,14,active
SUB006325,CUS002391,Professional,2024-04-16,2025-04-16,,3399.72,28,active
SUB006326,CUS004797,Basic,2024-08-26,2025-08-26,,691.8,14,active
SUB006327,CUS001222,Basic,2023-05-03,2024-05-02,,190.1,4,active
SUB006328,CUS002201,Basic,2024-02-13,2025-02-12,,343.51,7,active
SUB006329,CUS000383,Enterprise,2024-01-16,2025-01-15,,87881.41,305,active
SUB006330,CUS002446,Professional,2021-04-21,2022-04-21,,4972.59,38,active
SUB006331,CUS003808,Basic,2021-11-08,2022-11-08,,200.38,4,active
SUB006332,CUS001594,Enterprise,2023-08-16,2024-08-15,,72361.05,244,active
SUB006333,CUS003027,Professional,2023-02-09,2024-02-09,,2877.07,23,active
SUB006334,CUS002846,Basic,2023-06-10,2024-06-09,,399.87,8,active
SUB006335,CUS001145,Basic,2023-08-29,2024-08-28,,155.01,3,active
SUB006336,CUS001428,Basic,2023-06-24,2024-06-23,,313.77,6,active
SUB006337,CUS001092,Basic,2024-03-20,2025-03-20,,645.83,13,active
SUB006338,CUS002957,Basic,2023-09-01,2024-08-31,,346.34,7,active
SUB006339,CUS001882,Professional,2024-08-20,2025-08-20,,5906.97,48,active
SUB006340,CUS004606,Professional,2024-07-07,2025-07-07,,8500.73,63,active
SUB006341,CUS000838,Basic,2022-10-07,2023-10-07,,315.11,7,active
SUB006342,CUS002778,Enterprise,2021-04-13,2022-04-13,,69769.37,224,active
SUB006343,CUS004836,Professional,2021-04-22,2022-04-22,,4390.09,34,active
SUB006344,CUS001358,Professional,2023-06-29,2024-06-28,,3422.57,29,active
SUB006345,CUS003654,Professional,2023-01-17,2024-01-17,,6264.95,48,active
SUB006346,CUS001524,Enterprise,2023-09-28,2024-09-27,,101400.67,341,active
SUB006347,CUS002516,Professional,2022-04-11,2023-04-11,2024-05-06,7364.49,58,cancelled
SUB006348,CUS004518,Basic,2024-01-06,2025-01-05,,728.06,15,active
SUB006349,CUS002303,Enterprise,2024-08-22,2025-08-22,,96512.84,323,active
SUB006350,CUS002489,Professional,2024-07-11,2025-07-11,,8636.36,67,active
SUB006351,CUS004446,Professional,2023-10-08,2024-10-07,,6116.87,50,active
SUB006352,CUS000213,Basic,2024-08-02,2025-08-02,,645.98,13,active
SUB006353,CUS002945,Basic,2024-05-17,2025-05-17,,676.89,14,active
SUB006354,CUS004225,Basic,2024-07-12,2025-07-12,,258.61,5,active
SUB006355,CUS002250,Basic,2024-10-11,2025-10-11,,403.8,8,active
SUB006356,CUS004387,Enterprise,2024-07-29,2025-07-29,,120270.26,389,active
SUB006357,CUS004203,Basic,2024-09-20,2025-09-20,,521.93,10,active
SUB006358,CUS004817,Professional,2024-09-23,2025-09-23,,2911.11,22,active
SUB006359,CUS001613,Basic,2022-09-05,2023-09-05,,195.0,4,active
SUB006360,CUS000764,Enterprise,2024-08-02,2025-08-02,,35933.72,132,active
SUB006361,CUS004673,Professional,2023-07-04,2024-07-03,,4422.98,34,active
SUB006362,CUS003635,Basic,2023-11-13,2024-11-12,,779.52,15,active
SUB006363,CUS004508,Basic,2024-05-19,2025-05-19,,758.01,15,active
SUB006364,CUS003680,Enterprise,2023-08-25,2024-08-24,,108077.43,368,active
SUB006365,CUS003658,Basic,2023-07-29,2024-07-28,2024-12-21,392.82,8,cancelled
SUB006366,CUS002921,Basic,2023-01-12,2024-01-12,,336.33,7,active
SUB006367,CUS002110,Basic,2021-10-18,2022-10-18,,99.05,2,active
SUB006368,CUS003980,Professional,2024-05-20,2025-05-20,,8108.51,64,active
SUB006369,CUS000769,Basic,2022-12-06,2023-12-06,,102.94,2,active
SUB006370,CUS003200,Enterprise,2021-06-22,2022-06-22,,93981.14,313,active
SUB006371,CUS003425,Basic,2024-10-16,2025-10-16,,296.65,6,active
SUB006372,CUS001159,Basic,2024-01-04,2025-01-03,,475.8,10,active
SUB006373,CUS002021,Enterprise,2023-09-10,2024-09-09,,35650.05,121,active
SUB006374,CUS003350,Basic,2022-01-28,2023-01-28,,235.09,5,active
SUB006375,CUS000742,Professional,2024-08-14,2025-08-14,,9884.08,73,active
SUB006376,CUS003829,Professional,2024-06-20,2025-06-20,,5954.08,47,active
SUB006377,CUS001324,Basic,2023-06-11,2024-06-10,,443.47,9,active
SUB006378,CUS003575,Enterprise,2023-12-12,2024-12-11,,26016.68,92,active
SUB006379,CUS002165,Enterprise,2023-10-30,2024-10-29,,108434.93,379,active
SUB006380,CUS003790,Professional,2024-04-03,2025-04-03,,6904.96,54,active
SUB006381,CUS004828,Basic,2024-09-16,2025-09-16,,193.86,4,active
SUB006382,CUS003521,Professional,2024-05-09,2025-05-09,,6895.56,53,active
SUB006383,CUS001122,Basic,2021-11-25,2022-11-25,,786.74,15,active
SUB006384,CUS004099,Professional,2024-04-02,2025-04-02,2024-11-12,1678.49,14,cancelled
SUB006385,CUS002164,Professional,2024-01-19,2025-01-18,,5603.54,42,active
SUB006386,CUS002474,Enterprise,2024-06-30,2025-06-30,,47153.12,155,active
SUB006387,CUS002790,Professional,2024-04-11,2025-04-11,,5048.37,40,active
SUB006388,CUS003035,Professional,2023-06-18,2024-06-17,,9147.03,72,active
SUB006389,CUS004269,Enterprise,2024-03-18,2025-03-18,,44122.46,142,active
SUB006390,CUS003554,Professional,2021-11-24,2022-11-24,,7336.97,57,active
SUB006391,CUS002746,Basic,2022-01-14,2023-01-14,,96.9,2,active
SUB006392,CUS000303,Professional,2024-02-09,2025-02-08,,6337.53,51,active
SUB006393,CUS001540,Professional,2024-05-13,2025-05-13,,6636.93,53,active
SUB006394,CUS004731,Basic,2021-04-22,2022-04-22,,375.31,8,active
SUB006395,CUS003772,Enterprise,2023-09-21,2024-09-20,,73673.26,239,active
SUB006396,CUS004141,Basic,2024-10-04,2025-10-04,,381.24,8,active
SUB006397,CUS002004,Professional,2022-03-05,2023-03-05,2024-04-21,4326.31,35,cancelled
SUB006398,CUS003610,Basic,2023-07-12,2024-07-11,,542.3,11,active
SUB006399,CUS003202,Enterprise,2024-05-11,2025-05-11,,36307.27,125,active
SUB006400,CUS000319,Basic,2024-09-03,2025-09-03,,723.14,14,active
SUB006401,CUS003921,Basic,2022-12-16,2023-12-16,2023-10-11,147.21,3,cancelled
SUB006402,CUS002422,Basic,2024-02-06,2025-02-05,,542.87,11,active
SUB006403,CUS002471,Basic,2024-02-02,2025-02-01,,394.85,8,active
SUB006404,CUS000868,Professional,2024-09-15,2025-09-15,,4473.64,34,active
SUB006405,CUS003520,Basic,2023-09-22,2024-09-21,,150.66,3,active
SUB006406,CUS002704,Professional,2024-02-28,2025-02-27,,7102.28,55,active
SUB006407,CUS000774,Basic,2023-12-09,2024-12-08,,283.55,6,active
SUB006408,CUS001454,Basic,2023-09-01,2024-08-31,,438.63,9,active
SUB006409,CUS003685,Professional,2024-09-14,2025-09-14,,6463.39,50,active
SUB006410,CUS000870,Basic,2024-09-03,2025-09-03,,646.81,14,active
SUB006411,CUS000995,Professional,2022-09-13,2023-09-13,2023-03-20,4301.89,36,expired
SUB006412,CUS001680,Basic,2024-03-22,2025-03-22,,140.76,3,active
SUB006413,CUS004594,Professional,2024-10-31,2025-10-31,,4086.51,34,active
SUB006414,CUS003973,Basic,2023-11-24,2024-11-23,,626.15,13,active
SUB006415,CUS002449,Basic,2024-03-07,2025-03-07,,429.07,9,active
SUB006416,CUS002254,Professional,2021-09-22,2022-09-22,,5693.61,44,active
SUB006417,CUS002536,Professional,2023-05-23,2024-05-22,,5155.89,39,active
SUB006418,CUS000266,Basic,2023-07-18,2024-07-17,,643.45,13,active
SUB006419,CUS000804,Professional,2021-06-06,2022-06-06,,9167.31,70,active
SUB006420,CUS000616,Basic,2024-07-16,2025-07-16,,303.73,6,active
SUB006421,CUS000053,Basic,2023-09-14,2024-09-13,2023-12-07,581.29,12,cancelled
SUB006422,CUS001008,Enterprise,2024-02-14,2025-02-13,,46735.79,172,active
SUB006423,CUS003858,Enterprise,2024-04-06,2025-04-06,,54183.72,193,active
SUB006424,CUS002431,Basic,2024-09-05,2025-09-05,,548.4,11,active
SUB006425,CUS002866,Basic,2023-07-21,2024-07-20,,394.69,8,active
SUB006426,CUS004055,Professional,2023-12-22,2024-12-21,,1453.52,11,active
SUB006427,CUS002188,Basic,2023-04-04,2024-04-03,,215.5,4,active
SUB006428,CUS001670,Professional,2022-11-13,2023-11-13,,2339.83,18,active
SUB006429,CUS004790,Professional,2022-09-04,2023-09-04,,2828.51,22,active
SUB006430,CUS004814,Basic,2023-08-14,2024-08-13,,446.34,9,active
SUB006431,CUS000661,Professional,2024-10-07,2025-10-07,,4079.66,33,active
SUB006432,CUS002870,Professional,2022-12-11,2023-12-11,,4899.11,37,active
SUB006433,CUS000772,Professional,2022-01-30,2023-01-30,,6411.32,50,active
SUB006434,CUS000760,Basic,2021-06-23,2022-06-23,,674.52,13,active
SUB006435,CUS000734,Enterprise,2024-06-14,2025-06-14,,112335.69,398,active
SUB006436,CUS000764,Professional,2023-01-06,2024-01-06,2024-05-12,3741.59,29,expired
SUB006437,CUS004589,Professional,2024-01-14,2025-01-13,,3911.16,31,active
SUB006438,CUS001410,Basic,2023-10-22,2024-10-21,,424.54,9,active
SUB006439,CUS002320,Professional,2023-10-20,2024-10-19,,2108.98,16,active
SUB006440,CUS004765,Professional,2022-10-18,2023-10-18,,3571.86,28,active
SUB006441,CUS000162,Enterprise,2023-06-15,2024-06-14,,85428.27,273,active
SUB006442,CUS004440,Enterprise,2024-09-28,2025-09-28,,101531.75,346,active
SUB006443,CUS002740,Basic,2024-09-05,2025-09-05,,483.27,10,active
SUB006444,CUS003329,Professional,2021-09-05,2022-09-05,,4695.27,34,active
SUB006445,CUS002424,Basic,2024-01-09,2025-01-08,,280.1,6,active
SUB006446,CUS003489,Enterprise,2024-03-24,2025-03-24,,100325.75,345,active
SUB006447,CUS003212,Enterprise,2022-10-25,2023-10-25,,53866.3,202,active
SUB006448,CUS004513,Professional,2024-06-04,2025-06-04,,3809.47,30,active
SUB006449,CUS004811,Basic,2024-05-16,2025-05-16,,100.37,2,active
SUB006450,CUS003200,Basic,2021-03-18,2022-03-18,,397.62,8,active
SUB006451,CUS002583,Basic,2022-09-06,2023-09-06,2023-02-03,640.22,13,cancelled
SUB006452,CUS004688,Basic,2024-07-18,2025-07-18,,237.49,5,active
SUB006453,CUS001836,Professional,2024-03-24,2025-03-24,,3203.51,25,active
SUB006454,CUS000935,Basic,2024-08-07,2025-08-07,,144.95,3,active
SUB006455,CUS003383,Basic,2023-08-23,2024-08-22,,440.92,9,active
SUB006456,CUS004130,Professional,2022-02-05,2023-02-05,,5191.46,40,active
SUB006457,CUS003402,Professional,2022-10-01,2023-10-01,,8536.88,67,active
SUB006458,CUS000749,Enterprise,2023-03-03,2024-03-02,,92168.78,308,active
SUB006459,CUS002130,Basic,2021-06-19,2022-06-19,,195.33,4,active
SUB006460,CUS000476,Basic,2023-03-08,2024-03-07,,334.9,7,active
SUB006461,CUS001325,Professional,2022-10-03,2023-10-03,2023-02-28,6726.67,52,cancelled
SUB006462,CUS000047,Basic,2021-10-24,2022-10-24,,140.43,3,active
SUB006463,CUS000486,Professional,2023-03-25,2024-03-24,,7918.95,61,active
SUB006464,CUS001532,Enterprise,2022-05-07,2023-05-07,,110352.32,384,active
SUB006465,CUS002481,Basic,2022-08-29,2023-08-29,,734.34,15,active
SUB006466,CUS004441,Enterprise,2022-09-20,2023-09-20,,125194.71,412,active
SUB006467,CUS004252,Basic,2024-05-25,2025-05-25,,94.82,2,active
SUB006468,CUS000497,Enterprise,2024-01-15,2025-01-14,,83648.35,270,active
SUB006469,CUS001503,Enterprise,2021-09-25,2022-09-25,,78793.1,248,active
SUB006470,CUS002726,Professional,2024-10-24,2025-10-24,,4790.47,38,active
SUB006471,CUS003297,Professional,2022-09-14,2023-09-14,,5133.86,40,active
SUB006472,CUS002042,Basic,2023-12-27,2024-12-26,,510.78,10,active
SUB006473,CUS001484,Professional,2023-10-29,2024-10-28,,7857.3,65,active
SUB006474,CUS004364,Basic,2024-01-06,2025-01-05,,588.69,12,active
SUB006475,CUS001760,Basic,2024-08-10,2025-08-10,,145.45,3,active
SUB006476,CUS002370,Professional,2022-05-16,2023-05-16,,6387.15,48,active
SUB006477,CUS003803,Basic,2023-10-28,2024-10-27,,97.16,2,active
SUB006478,CUS003199,Basic,2023-11-26,2024-11-25,,248.88,5,active
SUB006479,CUS000104,Enterprise,2022-01-08,2023-01-08,,69402.16,239,active
SUB006480,CUS002369,Professional,2023-01-24,2024-01-24,,5198.56,39,active
SUB006481,CUS003726,Enterprise,2024-09-03,2025-09-03,,58314.28,203,active
SUB006482,CUS000756,Professional,2024-08-13,2025-08-13,,5317.27,40,active
SUB006483,CUS000728,Enterprise,2023-05-04,2024-05-03,,49466.57,165,active
SUB006484,CUS003370,Professional,2024-03-07,2025-03-07,,4024.57,34,active
SUB006485,CUS000978,Basic,2024-10-27,2025-10-27,,294.65,6,active
SUB006486,CUS004536,Basic,2024-05-16,2025-05-16,,550.45,11,active
SUB006487,CUS003225,Basic,2022-03-28,2023-03-28,2022-07-06,93.78,2,expired
SUB006488,CUS004683,Enterprise,2024-09-23,2025-09-23,,36847.29,127,active
SUB006489,CUS004302,Basic,2021-01-07,2022-01-07,,245.76,5,active
SUB006490,CUS002146,Professional,2024-09-03,2025-09-03,,4687.54,37,active
SUB006491,CUS003484,Enterprise,2024-09-04,2025-09-04,,70773.08,234,active
SUB006492,CUS000872,Basic,2024-10-28,2025-10-28,,680.98,14,active
SUB006493,CUS001369,Professional,2024-09-29,2025-09-29,,4060.37,33,active
SUB006494,CUS004123,Enterprise,2021-12-28,2022-12-28,,45918.04,142,active
SUB006495,CUS004556,Professional,2024-06-26,2025-06-26,,5863.42,46,active
SUB006496,CUS003912,Basic,2024-07-22,2025-07-22,,147.64,3,active
SUB006497,CUS002970,Basic,2024-04-02,2025-04-02,,676.52,13,active
SUB006498,CUS003206,Basic,2024-03-29,2025-03-29,,555.28,11,active
SUB006499,CUS003845,Professional,2024-08-18,2025-08-18,,7230.96,55,active
SUB006500,CUS003047,Professional,2024-01-01,2024-12-31,,6153.69,46,active
SUB006501,CUS003396,Enterprise,2023-09-21,2024-09-20,,106669.82,350,active
SUB006502,CUS002080,Enterprise,2024-02-18,2025-02-17,,38401.09,126,active
SUB006503,CUS001543,Professional,2024-04-20,2025-04-20,,9209.24,70,active
SUB006504,CUS000648,Basic,2023-03-13,2024-03-12,2023-12-20,292.26,6,cancelled
SUB006505,CUS003148,Professional,2024-07-23,2025-07-23,,5755.67,43,active
SUB006506,CUS002387,Basic,2021-09-07,2022-09-07,,100.31,2,active
SUB006507,CUS004328,Basic,2024-07-19,2025-07-19,,135.17,3,active
SUB006508,CUS002620,Professional,2021-10-08,2022-10-08,,8634.7,65,active
SUB006509,CUS002597,Basic,2024-10-14,2025-10-14,,571.67,12,active
SUB006510,CUS001400,Professional,2024-06-21,2025-06-21,,3642.71,28,active
SUB006511,CUS003340,Professional,2023-05-22,2024-05-21,,3886.39,32,active
SUB006512,CUS001449,Professional,2024-06-09,2025-06-09,,4170.09,33,active
SUB006513,CUS001212,Basic,2021-01-10,2022-01-10,,193.5,4,active
SUB006514,CUS001746,Basic,2024-07-12,2025-07-12,,249.6,5,active
SUB006515,CUS002822,Professional,2021-08-29,2022-08-29,,3032.32,24,active
SUB006516,CUS002605,Enterprise,2023-12-22,2024-12-21,,17132.72,62,active
SUB006517,CUS001786,Enterprise,2024-05-06,2025-05-06,,106968.25,364,active
SUB006518,CUS001828,Professional,2024-05-29,2025-05-29,,4963.99,39,active
SUB006519,CUS000973,Professional,2023-03-01,2024-02-29,,5142.47,39,active
SUB006520,CUS002877,Professional,2023-08-10,2024-08-09,,6742.76,52,active
SUB006521,CUS001360,Basic,2024-10-18,2025-10-18,,524.54,11,active
SUB006522,CUS000856,Basic,2024-04-02,2025-04-02,2024-09-16,643.18,13,cancelled
SUB006523,CUS000340,Basic,2023-11-29,2024-11-28,,104.29,2,active
SUB006524,CUS001817,Enterprise,2024-08-24,2025-08-24,,64739.52,208,active
SUB006525,CUS002190,Professional,2022-03-31,2023-03-31,,6139.31,51,active
SUB006526,CUS003064,Basic,2022-03-11,2023-03-11,,745.43,14,active
SUB006527,CUS001969,Basic,2023-12-08,2024-12-07,2024-12-15,612.36,12,cancelled
SUB006528,CUS002290,Basic,2024-07-23,2025-07-23,,724.07,14,active
SUB006529,CUS003136,Basic,2023-07-26,2024-07-25,,185.57,4,active
SUB006530,CUS004168,Professional,2023-06-17,2024-06-16,,9661.85,76,active
SUB006531,CUS003139,Enterprise,2023-10-30,2024-10-29,2024-09-19,95514.68,313,cancelled
SUB006532,CUS002253,Enterprise,2023-06-12,2024-06-11,,99967.43,348,active
SUB006533,CUS000173,Professional,2023-07-25,2024-07-24,,6175.01,47,active
SUB006534,CUS002328,Basic,2024-09-01,2025-09-01,,103.6,2,active
SUB006535,CUS003013,Professional,2022-07-12,2023-07-12,2024-05-08,4462.35,35,cancelled
SUB006536,CUS003464,Basic,2023-02-08,2024-02-08,,623.06,12,active
SUB006537,CUS000110,Professional,2024-08-29,2025-08-29,,6872.93,52,active
SUB006538,CUS002581,Basic,2022-11-20,2023-11-20,,320.69,7,active
SUB006539,CUS004754,Basic,2022-07-04,2023-07-04,,427.59,9,active
SUB006540,CUS003457,Enterprise,2022-05-28,2023-05-28,,61808.99,199,active
SUB006541,CUS004650,Professional,2023-01-08,2024-01-08,,2735.47,22,active
SUB006542,CUS000904,Enterprise,2024-09-16,2025-09-16,,120704.37,389,active
SUB006543,CUS002251,Professional,2022-09-18,2023-09-18,2023-08-23,8564.48,65,expired
SUB006544,CUS000785,Professional,2023-07-30,2024-07-29,,1825.75,14,active
SUB006545,CUS004948,Basic,2022-02-04,2023-02-04,,144.03,3,active
SUB006546,CUS002791,Basic,2023-08-18,2024-08-17,,346.62,7,active
SUB006547,CUS000145,Basic,2024-05-06,2025-05-06,,259.43,5,active
SUB006548,CUS001619,Basic,2024-07-24,2025-07-24,,241.66,5,active
SUB006549,CUS003808,Professional,2022-09-09,2023-09-09,,3162.11,24,active
SUB006550,CUS003121,Professional,2023-05-26,2024-05-25,,10078.27,73,active
SUB006551,CUS002550,Basic,2024-02-19,2025-02-18,,692.3,14,active
SUB006552,CUS003376,Enterprise,2024-04-23,2025-04-23,,53483.52,182,active
SUB006553,CUS002833,Basic,2024-02-23,2025-02-22,,577.68,12,active
SUB006554,CUS003547,Professional,2024-04-29,2025-04-29,,8371.44,70,active
SUB006555,CUS004403,Enterprise,2022-08-08,2023-08-08,,18610.95,65,active
SUB006556,CUS002250,Professional,2024-09-03,2025-09-03,,9659.02,74,active
SUB006557,CUS000618,Enterprise,2024-05-17,2025-05-17,,29369.18,95,active
SUB006558,CUS001127,Professional,2023-10-09,2024-10-08,,2795.68,22,active
SUB006559,CUS004138,Basic,2021-02-18,2022-02-18,,101.28,2,active
SUB006560,CUS002241,Professional,2024-08-20,2025-08-20,,6119.69,46,active
SUB006561,CUS001264,Professional,2021-10-25,2022-10-25,,9037.43,72,active
SUB006562,CUS002981,Basic,2024-09-19,2025-09-19,,719.67,15,active
SUB006563,CUS001924,Basic,2024-08-29,2025-08-29,,373.53,8,active
SUB006564,CUS000042,Basic,2024-03-13,2025-03-13,,603.31,12,active
SUB006565,CUS002191,Professional,2024-08-23,2025-08-23,,5031.66,39,active
SUB006566,CUS001622,Enterprise,2023-07-24,2024-07-23,,94953.21,308,active
SUB006567,CUS001792,Professional,2024-10-13,2025-10-13,,4891.76,38,active
SUB006568,CUS001378,Enterprise,2022-11-16,2023-11-16,,67662.73,234,active
SUB006569,CUS002293,Professional,2023-06-24,2024-06-23,,5830.91,44,active
SUB006570,CUS003864,Professional,2023-08-14,2024-08-13,2024-09-05,9124.06,76,cancelled
SUB006571,CUS001029,Basic,2023-01-12,2024-01-12,,484.22,10,active
SUB006572,CUS001469,Professional,2023-10-29,2024-10-28,,8785.27,70,active
SUB006573,CUS004483,Enterprise,2023-08-02,2024-08-01,,30551.59,97,active
SUB006574,CUS001366,Basic,2023-12-14,2024-12-13,2024-03-05,624.01,12,cancelled
SUB006575,CUS001851,Enterprise,2023-02-27,2024-02-27,,20936.55,69,active
SUB006576,CUS004586,Professional,2023-06-24,2024-06-23,2024-06-03,4297.14,34,cancelled
SUB006577,CUS001841,Enterprise,2023-03-15,2024-03-14,,38992.48,123,active
SUB006578,CUS002133,Basic,2024-05-13,2025-05-13,2024-08-22,95.6,2,cancelled
SUB006579,CUS000868,Professional,2022-07-27,2023-07-27,2024-06-26,7487.81,61,cancelled
SUB006580,CUS002176,Basic,2023-07-01,2024-06-30,,501.51,11,active
SUB006581,CUS000305,Basic,2022-09-26,2023-09-26,,688.46,14,active
SUB006582,CUS000141,Professional,2024-04-13,2025-04-13,,6184.1,51,active
SUB006583,CUS002850,Professional,2022-09-04,2023-09-04,,6228.69,46,active
SUB006584,CUS002351,Basic,2023-03-06,2024-03-05,,288.03,6,active
SUB006585,CUS002593,Basic,2024-10-30,2025-10-30,,374.35,8,active
SUB006586,CUS003704,Professional,2021-03-25,2022-03-25,2024-04-29,8846.45,66,cancelled
SUB006587,CUS002659,Professional,2024-10-14,2025-10-14,,5318.18,40,active
SUB006588,CUS000967,Enterprise,2024-04-18,2025-04-18,,64230.75,203,active
SUB006589,CUS002062,Basic,2021-12-12,2022-12-12,,460.85,10,active
SUB006590,CUS000241,Professional,2023-01-10,2024-01-10,,9148.56,76,active
SUB006591,CUS002988,Enterprise,2021-10-24,2022-10-24,,31848.61,101,active
SUB006592,CUS001300,Enterprise,2023-10-24,2024-10-23,,70104.53,260,active
SUB006593,CUS004625,Basic,2024-01-13,2025-01-12,,93.83,2,active
SUB006594,CUS004417,Basic,2023-05-05,2024-05-04,,294.57,6,active
SUB006595,CUS000490,Professional,2024-02-08,2025-02-07,,4427.91,36,active
SUB006596,CUS000843,Basic,2023-07-02,2024-07-01,,691.07,14,active
SUB006597,CUS003722,Basic,2024-09-04,2025-09-04,,376.24,8,active
SUB006598,CUS003612,Professional,2023-05-09,2024-05-08,2024-03-27,8898.43,66,cancelled
SUB006599,CUS004320,Professional,2024-10-19,2025-10-19,,3967.23,30,active
SUB006600,CUS000203,Basic,2024-07-04,2025-07-04,,346.3,7,active
SUB006601,CUS002317,Enterprise,2024-04-17,2025-04-17,2024-10-21,55513.59,188,cancelled
SUB006602,CUS001525,Basic,2022-12-13,2023-12-13,,94.46,2,active
SUB006603,CUS000799,Professional,2024-08-07,2025-08-07,,2953.01,23,active
SUB006604,CUS002882,Basic,2023-09-04,2024-09-03,,562.65,12,active
SUB006605,CUS001766,Professional,2024-05-10,2025-05-10,,9635.86,70,active
SUB006606,CUS001057,Basic,2021-11-07,2022-11-07,,594.57,12,active
SUB006607,CUS004416,Professional,2024-04-26,2025-04-26,,9880.65,79,active
SUB006608,CUS004029,Basic,2024-03-29,2025-03-29,,103.37,2,active
SUB006609,CUS001967,Basic,2024-08-31,2025-08-31,,195.68,4,active
SUB006610,CUS003210,Professional,2022-04-28,2023-04-28,,7036.4,52,active
SUB006611,CUS000339,Professional,2023-02-11,2024-02-11,2024-01-07,8786.62,65,cancelled
SUB006612,CUS002490,Basic,2024-01-07,2025-01-06,,298.49,6,active
SUB006613,CUS002776,Basic,2024-04-06,2025-04-06,,702.34,15,active
SUB006614,CUS001684,Professional,2023-12-21,2024-12-20,,7456.36,59,active
SUB006615,CUS001979,Professional,2024-04-22,2025-04-22,,6679.42,46,active
SUB006616,CUS000788,Basic,2024-04-09,2025-04-09,,432.49,9,active
SUB006617,CUS000174,Basic,2024-10-26,2025-10-26,,242.79,5,active
SUB006618,CUS001242,Basic,2024-08-31,2025-08-31,,433.72,9,active
SUB006619,CUS000931,Enterprise,2022-11-01,2023-11-01,,62170.89,215,active
SUB006620,CUS002160,Basic,2024-10-19,2025-10-19,,200.83,4,active
SUB006621,CUS004959,Basic,2021-10-31,2022-10-31,,467.04,10,active
SUB006622,CUS000140,Professional,2022-10-01,2023-10-01,,2254.48,18,active
SUB006623,CUS003034,Basic,2024-10-30,2025-10-30,,346.71,7,active
SUB006624,CUS001231,Professional,2023-05-07,2024-05-06,,1790.16,14,active
SUB006625,CUS004880,Basic,2024-10-23,2025-10-23,,344.96,7,active
SUB006626,CUS004902,Basic,2023-04-16,2024-04-15,,342.63,7,active
SUB006627,CUS004378,Basic,2023-08-13,2024-08-12,2024-02-08,422.91,9,expired
SUB006628,CUS004453,Enterprise,2023-08-27,2024-08-26,,123844.78,394,active
SUB006629,CUS002649,Enterprise,2024-09-17,2025-09-17,,65612.91,211,active
SUB006630,CUS002260,Basic,2023-12-08,2024-12-07,,663.06,14,active
SUB006631,CUS004047,Basic,2024-03-22,2025-03-22,,298.91,6,active
SUB006632,CUS001128,Basic,2023-07-29,2024-07-28,,385.27,8,active
SUB006633,CUS001804,Basic,2023-02-24,2024-02-24,,305.15,6,active
SUB006634,CUS003792,Enterprise,2024-09-13,2025-09-13,,57901.9,188,active
SUB006635,CUS002638,Enterprise,2024-03-18,2025-03-18,,26532.3,85,active
SUB006636,CUS002036,Basic,2022-04-25,2023-04-25,,379.0,8,active
SUB006637,CUS002196,Enterprise,2024-03-22,2025-03-22,,84022.51,295,active
SUB006638,CUS003237,Enterprise,2024-06-15,2025-06-15,,29352.84,105,active
SUB006639,CUS002926,Basic,2023-12-11,2024-12-10,,589.47,11,active
SUB006640,CUS004474,Basic,2023-06-03,2024-06-02,,606.65,12,active
SUB006641,CUS001770,Professional,2024-10-07,2025-10-07,,8615.74,64,active
SUB006642,CUS001913,Basic,2022-07-18,2023-07-18,,93.08,2,active
SUB006643,CUS004021,Basic,2024-07-10,2025-07-10,,701.26,14,active
SUB006644,CUS000595,Professional,2024-06-24,2025-06-24,,5212.75,43,active
SUB006645,CUS003484,Professional,2024-09-09,2025-09-09,,7208.02,55,active
SUB006646,CUS004476,Enterprise,2022-06-29,2023-06-29,,119087.26,398,active
SUB006647,CUS002602,Enterprise,2022-09-03,2023-09-03,,112729.69,381,active
SUB006648,CUS001052,Professional,2023-05-27,2024-05-26,,2784.16,22,active
SUB006649,CUS001287,Enterprise,2022-11-29,2023-11-29,,83118.33,267,active
SUB006650,CUS003219,Basic,2024-03-25,2025-03-25,,432.93,9,active
SUB006651,CUS003868,Professional,2024-09-09,2025-09-09,,6215.08,46,active
SUB006652,CUS002210,Professional,2024-05-01,2025-05-01,,1674.22,13,active
SUB006653,CUS002653,Basic,2021-03-16,2022-03-16,,645.33,13,active
SUB006654,CUS004720,Basic,2024-10-29,2025-10-29,,149.83,3,active
SUB006655,CUS001045,Professional,2023-08-23,2024-08-22,2024-05-24,2752.58,21,cancelled
SUB006656,CUS004145,Professional,2024-05-06,2025-05-06,,4291.04,33,active
SUB006657,CUS001902,Professional,2023-07-21,2024-07-20,,1525.91,11,active
SUB006658,CUS002801,Basic,2024-09-30,2025-09-30,,662.17,13,active
SUB006659,CUS001173,Basic,2022-01-15,2023-01-15,2023-03-23,133.85,3,cancelled
SUB006660,CUS002380,Basic,2022-09-11,2023-09-11,,194.57,4,active
SUB006661,CUS001131,Professional,2023-07-17,2024-07-16,2024-01-12,5428.38,40,cancelled
SUB006662,CUS002343,Enterprise,2024-08-18,2025-08-18,,83370.86,287,active
SUB006663,CUS002145,Enterprise,2022-03-10,2023-03-10,,32297.25,108,active
SUB006664,CUS002840,Basic,2024-08-27,2025-08-27,,343.95,7,active
SUB006665,CUS004378,Basic,2023-04-05,2024-04-04,,155.19,3,active
SUB006666,CUS001325,Enterprise,2022-10-12,2023-10-12,,109457.54,380,active
SUB006667,CUS001032,Basic,2023-07-04,2024-07-03,2023-10-09,284.71,6,cancelled
SUB006668,CUS003776,Basic,2021-07-10,2022-07-10,2022-10-13,299.2,6,expired
SUB006669,CUS004680,Basic,2024-04-02,2025-04-02,,595.09,12,active
SUB006670,CUS001606,Professional,2024-08-15,2025-08-15,,9326.36,71,active
SUB006671,CUS000590,Basic,2024-07-06,2025-07-06,,445.97,9,active
SUB006672,CUS001626,Enterprise,2021-12-18,2022-12-18,2023-01-12,47939.34,161,expired
SUB006673,CUS002646,Basic,2023-11-19,2024-11-18,,599.53,12,active
SUB006674,CUS002175,Basic,2023-07-03,2024-07-02,,444.17,9,active
SUB006675,CUS003273,Professional,2022-11-18,2023-11-18,2024-05-02,8823.4,69,cancelled
SUB006676,CUS002107,Enterprise,2023-11-28,2024-11-27,,109191.15,366,active
SUB006677,CUS002748,Professional,2024-10-31,2025-10-31,,6075.05,48,active
SUB006678,CUS000050,Enterprise,2023-03-20,2024-03-19,,58901.49,202,active
SUB006679,CUS001732,Professional,2023-04-04,2024-04-03,,3024.9,23,active
SUB006680,CUS001779,Professional,2024-06-11,2025-06-11,,8370.77,68,active
SUB006681,CUS002660,Professional,2024-09-28,2025-09-28,,3302.76,25,active
SUB006682,CUS003079,Enterprise,2023-09-13,2024-09-12,,90056.67,304,active
SUB006683,CUS000953,Basic,2024-05-26,2025-05-26,,146.47,3,active
SUB006684,CUS002794,Professional,2024-07-27,2025-07-27,,3076.79,24,active
SUB006685,CUS001729,Professional,2023-07-30,2024-07-29,,7482.51,57,active
SUB006686,CUS000317,Basic,2022-01-15,2023-01-15,,670.0,13,active
SUB006687,CUS004997,Basic,2024-10-02,2025-10-02,,625.12,12,active
SUB006688,CUS001786,Professional,2024-05-15,2025-05-15,,9762.29,73,active
SUB006689,CUS000571,Basic,2023-09-13,2024-09-12,,147.4,3,active
SUB006690,CUS000520,Professional,2024-06-20,2025-06-20,,8221.78,62,active
SUB006691,CUS002999,Basic,2023-03-05,2024-03-04,,364.26,8,active
SUB006692,CUS000207,Basic,2024-08-15,2025-08-15,,600.51,12,active
SUB006693,CUS004316,Enterprise,2024-06-23,2025-06-23,,86377.22,285,active
SUB006694,CUS002154,Professional,2021-07-24,2022-07-24,,6467.36,53,active
SUB006695,CUS002331,Professional,2024-07-13,2025-07-13,,6950.7,55,active
SUB006696,CUS001936,Professional,2024-09-17,2025-09-17,,1432.79,11,active
SUB006697,CUS003828,Professional,2023-11-30,2024-11-29,2024-05-07,4575.31,35,cancelled
SUB006698,CUS000615,Professional,2022-07-24,2023-07-24,,8132.63,61,active
SUB006699,CUS001725,Professional,2024-07-06,2025-07-06,,6963.47,51,active
SUB006700,CUS001431,Professional,2023-12-19,2024-12-18,,2951.51,23,active
SUB006701,CUS002041,Professional,2023-04-28,2024-04-27,,7679.45,62,active
SUB006702,CUS000170,Professional,2023-04-18,2024-04-17,2024-05-18,3981.33,30,expired
SUB006703,CUS001756,Basic,2023-04-29,2024-04-28,2023-12-01,563.3,11,cancelled
SUB006704,CUS004898,Enterprise,2024-04-26,2025-04-26,,94928.47,304,active
SUB006705,CUS004352,Professional,2021-10-09,2022-10-09,,3409.26,26,active
SUB006706,CUS002355,Basic,2024-09-04,2025-09-04,,157.29,3,active
SUB006707,CUS004664,Enterprise,2024-04-18,2025-04-18,,34055.35,115,active
SUB006708,CUS004748,Enterprise,2022-03-20,2023-03-20,,99457.16,315,active
SUB006709,CUS003975,Basic,2022-07-18,2023-07-18,,564.12,12,active
SUB006710,CUS004876,Professional,2023-09-16,2024-09-15,,2731.67,23,active
SUB006711,CUS003907,Basic,2022-03-15,2023-03-15,2023-01-20,234.91,5,expired
SUB006712,CUS001606,Basic,2023-09-16,2024-09-15,,240.07,5,active
SUB006713,CUS003637,Basic,2024-06-29,2025-06-29,2024-09-21,196.0,4,cancelled
SUB006714,CUS004632,Enterprise,2022-06-28,2023-06-28,,22849.95,79,active
SUB006715,CUS001396,Professional,2024-05-14,2025-05-14,,7645.04,59,active
SUB006716,CUS001743,Professional,2024-06-30,2025-06-30,,9366.35,71,active
SUB006717,CUS002579,Professional,2021-12-10,2022-12-10,,6399.02,49,active
SUB006718,CUS000779,Enterprise,2024-08-11,2025-08-11,,53858.06,181,active
SUB006719,CUS001480,Basic,2022-04-11,2023-04-11,,612.75,12,active
SUB006720,CUS003989,Professional,2023-11-06,2024-11-05,,6018.53,48,active
SUB006721,CUS004792,Basic,2023-04-24,2024-04-23,,388.69,8,active
SUB006722,CUS004756,Professional,2024-04-28,2025-04-28,,9109.21,72,active
SUB006723,CUS001810,Basic,2022-04-23,2023-04-23,2023-06-23,551.31,11,expired
SUB006724,CUS001124,Basic,2024-10-13,2025-10-13,,241.35,5,active
SUB006725,CUS000210,Basic,2024-02-15,2025-02-14,,347.8,7,active
SUB006726,CUS004920,Professional,2023-08-21,2024-08-20,,5838.17,44,active
SUB006727,CUS002220,Professional,2024-05-23,2025-05-23,,1520.54,12,active
SUB006728,CUS001677,Basic,2024-06-16,2025-06-16,,508.85,11,active
SUB006729,CUS003375,Enterprise,2022-11-07,2023-11-07,,57252.1,193,active
SUB006730,CUS000002,Professional,2024-10-31,2025-10-31,,4013.05,32,active
SUB006731,CUS000515,Professional,2023-04-04,2024-04-03,,9709.67,77,active
SUB006732,CUS003550,Professional,2021-11-25,2022-11-25,2022-04-20,6717.03,57,cancelled
SUB006733,CUS004048,Professional,2024-04-16,2025-04-16,,2798.73,23,active
SUB006734,CUS004512,Basic,2024-09-21,2025-09-21,,554.09,11,active
SUB006735,CUS002621,Professional,2024-10-02,2025-10-02,,5240.24,42,active
SUB006736,CUS000352,Enterprise,2023-09-24,2024-09-23,,114794.74,369,active
SUB006737,CUS002888,Professional,2023-07-09,2024-07-08,2024-05-18,3773.07,30,cancelled
SUB006738,CUS004157,Professional,2023-01-31,2024-01-31,2023-05-20,7084.57,54,cancelled
SUB006739,CUS002301,Basic,2023-07-17,2024-07-16,,437.09,9,active
SUB006740,CUS000856,Professional,2023-11-06,2024-11-05,,7915.99,60,active
SUB006741,CUS003336,Basic,2024-09-26,2025-09-26,,631.35,13,active
SUB006742,CUS001820,Enterprise,2024-10-12,2025-10-12,,93683.08,311,active
SUB006743,CUS004368,Basic,2024-09-01,2025-09-01,,102.22,2,active
SUB006744,CUS001784,Professional,2022-07-06,2023-07-06,,10096.77,77,active
SUB006745,CUS000762,Enterprise,2024-05-18,2025-05-18,,84913.19,291,active
SUB006746,CUS002048,Professional,2024-05-14,2025-05-14,2024-10-27,6147.67,51,expired
SUB006747,CUS003062,Professional,2023-05-03,2024-05-02,,5782.87,45,active
SUB006748,CUS004793,Basic,2024-07-22,2025-07-22,,149.21,3,active
SUB006749,CUS004559,Basic,2024-06-18,2025-06-18,,492.64,10,active
SUB006750,CUS004478,Professional,2024-09-09,2025-09-09,,4501.32,36,active
SUB006751,CUS002227,Basic,2023-10-29,2024-10-28,,541.86,11,active
SUB006752,CUS002502,Professional,2024-10-01,2025-10-01,,6335.0,48,active
SUB006753,CUS001997,Enterprise,2021-04-07,2022-04-07,,121356.79,387,active
SUB006754,CUS004393,Professional,2023-10-27,2024-10-26,,1919.7,15,active
SUB006755,CUS002275,Professional,2023-08-18,2024-08-17,,8125.4,58,active
SUB006756,CUS004444,Basic,2024-04-27,2025-04-27,,360.45,7,active
SUB006757,CUS003763,Professional,2024-09-01,2025-09-01,,5449.91,42,active
SUB006758,CUS002842,Basic,2024-02-15,2025-02-14,,692.28,14,active
SUB006759,CUS000260,Basic,2023-09-26,2024-09-25,2024-06-11,770.73,15,cancelled
SUB006760,CUS000043,Basic,2024-10-11,2025-10-11,,520.83,11,active
SUB006761,CUS000046,Enterprise,2024-03-14,2025-03-14,,116241.46,400,active
SUB006762,CUS000112,Enterprise,2024-05-17,2025-05-17,,72236.95,253,active
SUB006763,CUS002936,Basic,2023-12-04,2024-12-03,,388.5,8,active
SUB006764,CUS003823,Professional,2022-06-19,2023-06-19,,8257.72,66,active
SUB006765,CUS004590,Basic,2024-02-06,2025-02-05,,725.87,15,active
SUB006766,CUS004534,Basic,2024-03-04,2025-03-04,,538.35,11,active
SUB006767,CUS000405,Professional,2022-03-22,2023-03-22,,5279.38,43,active
SUB006768,CUS000294,Professional,2024-10-30,2025-10-30,,1892.36,14,active
SUB006769,CUS000472,Enterprise,2022-10-25,2023-10-25,,61983.15,199,active
SUB006770,CUS001894,Professional,2024-10-14,2025-10-14,,7234.64,57,active
SUB006771,CUS004840,Enterprise,2022-12-10,2023-12-10,,88376.64,281,active
SUB006772,CUS001197,Basic,2024-09-01,2025-09-01,,546.33,11,active
SUB006773,CUS004286,Professional,2024-08-09,2025-08-09,,9243.42,69,active
SUB006774,CUS002977,Professional,2024-03-01,2025-03-01,,2211.75,18,active
SUB006775,CUS003086,Basic,2024-03-17,2025-03-17,,242.12,5,active
SUB006776,CUS002666,Professional,2022-12-07,2023-12-07,,10283.24,78,active
SUB006777,CUS002559,Enterprise,2024-05-26,2025-05-26,,122481.21,412,active
SUB006778,CUS000861,Enterprise,2024-03-31,2025-03-31,,62403.49,210,active
SUB006779,CUS003856,Professional,2024-03-06,2025-03-06,,6682.02,52,active
SUB006780,CUS001939,Basic,2023-11-15,2024-11-14,2024-09-29,744.61,15,expired
SUB006781,CUS000752,Professional,2024-04-24,2025-04-24,,7640.69,59,active
SUB006782,CUS001253,Professional,2023-05-25,2024-05-24,,4081.04,30,active
SUB006783,CUS001385,Professional,2022-10-22,2023-10-22,,1992.52,16,active
SUB006784,CUS000985,Basic,2021-12-21,2022-12-21,,442.46,9,active
SUB006785,CUS000250,Professional,2021-05-02,2022-05-02,,6873.27,52,active
SUB006786,CUS004861,Basic,2022-01-01,2023-01-01,,562.41,12,active
SUB006787,CUS004159,Basic,2023-02-25,2024-02-25,2024-05-05,193.64,4,expired
SUB006788,CUS003925,Professional,2023-11-07,2024-11-06,,5061.61,39,active
SUB006789,CUS000508,Enterprise,2022-05-11,2023-05-11,,68295.92,217,active
SUB006790,CUS000980,Enterprise,2024-06-23,2025-06-23,,50772.22,169,active
SUB006791,CUS004430,Professional,2022-11-30,2023-11-30,,4237.51,32,active
SUB006792,CUS003623,Basic,2024-09-18,2025-09-18,,756.18,15,active
SUB006793,CUS001314,Basic,2024-02-21,2025-02-20,,221.37,5,active
SUB006794,CUS003872,Enterprise,2023-03-23,2024-03-22,,105244.26,351,active
SUB006795,CUS003247,Basic,2024-07-30,2025-07-30,,96.51,2,active
SUB006796,CUS004717,Professional,2024-06-22,2025-06-22,2024-10-04,9505.07,70,cancelled
SUB006797,CUS003125,Enterprise,2022-07-29,2023-07-29,,116092.06,379,active
SUB006798,CUS002623,Professional,2022-02-24,2023-02-24,2022-07-09,4653.23,35,cancelled
SUB006799,CUS004011,Basic,2022-02-16,2023-02-16,2023-01-01,498.91,10,cancelled
SUB006800,CUS001986,Professional,2024-02-27,2025-02-26,,6085.24,47,active
SUB006801,CUS004219,Professional,2024-04-09,2025-04-09,,8364.67,63,active
SUB006802,CUS003304,Basic,2024-06-22,2025-06-22,,734.45,15,active
SUB006803,CUS002800,Professional,2024-09-28,2025-09-28,,2021.98,15,active
SUB006804,CUS004305,Basic,2024-05-02,2025-05-02,,377.33,8,active
SUB006805,CUS001460,Basic,2024-07-18,2025-07-18,,507.8,10,active
SUB006806,CUS000624,Enterprise,2022-11-15,2023-11-15,,35424.45,120,active
SUB006807,CUS000693,Professional,2022-08-09,2023-08-09,,4358.24,33,active
SUB006808,CUS003110,Professional,2024-07-02,2025-07-02,,4266.63,35,active
SUB006809,CUS001084,Professional,2022-12-10,2023-12-10,,2864.79,22,active
SUB006810,CUS000083,Professional,2023-06-17,2024-06-16,2024-04-16,4106.17,32,cancelled
SUB006811,CUS004278,Professional,2024-06-17,2025-06-17,,8758.08,68,active
SUB006812,CUS000768,Basic,2024-10-08,2025-10-08,,597.59,13,active
SUB006813,CUS001935,Professional,2024-03-28,2025-03-28,,7361.46,57,active
SUB006814,CUS004424,Basic,2023-12-19,2024-12-18,,147.67,3,active
SUB006815,CUS003402,Basic,2023-05-03,2024-05-02,,413.5,9,active
SUB006816,CUS004449,Basic,2023-12-07,2024-12-06,,282.16,6,active
SUB006817,CUS003290,Basic,2023-02-24,2024-02-24,2023-11-11,197.08,4,cancelled
SUB006818,CUS001619,Basic,2024-06-13,2025-06-13,2024-10-17,198.79,4,cancelled
SUB006819,CUS000499,Basic,2024-05-21,2025-05-21,,195.65,4,active
SUB006820,CUS003913,Professional,2023-05-19,2024-05-18,,8915.0,69,active
SUB006821,CUS004420,Professional,2021-07-15,2022-07-15,,7230.8,56,active
SUB006822,CUS002440,Enterprise,2024-08-05,2025-08-05,,117025.96,399,active
SUB006823,CUS000895,Basic,2024-09-28,2025-09-28,,535.64,11,active
SUB006824,CUS000556,Enterprise,2024-04-09,2025-04-09,,79897.43,281,active
SUB006825,CUS000236,Professional,2022-09-09,2023-09-09,2024-05-04,5938.93,47,cancelled
SUB006826,CUS002209,Professional,2024-10-08,2025-10-08,,2704.98,21,active
SUB006827,CUS002973,Professional,2022-05-19,2023-05-19,,5652.37,42,active
SUB006828,CUS004903,Basic,2022-10-18,2023-10-18,2024-02-04,195.17,4,cancelled
SUB006829,CUS004701,Basic,2024-03-17,2025-03-17,,682.96,13,active
SUB006830,CUS001974,Professional,2024-04-03,2025-04-03,,9639.96,70,active
SUB006831,CUS000816,Professional,2024-07-16,2025-07-16,,1939.72,15,active
SUB006832,CUS002015,Basic,2023-03-05,2024-03-04,,144.87,3,active
SUB006833,CUS004016,Professional,2024-10-28,2025-10-28,,1670.77,12,active
SUB006834,CUS003191,Basic,2024-09-22,2025-09-22,,100.56,2,active
SUB006835,CUS000212,Basic,2024-08-08,2025-08-08,,497.52,10,active
SUB006836,CUS001829,Basic,2024-10-22,2025-10-22,,525.39,11,active
SUB006837,CUS001231,Enterprise,2023-01-06,2024-01-06,2023-08-02,19144.2,65,cancelled
SUB006838,CUS003518,Basic,2021-07-27,2022-07-27,,709.26,15,active
SUB006839,CUS000690,Enterprise,2022-02-07,2023-02-07,,22334.6,71,active
SUB006840,CUS003879,Basic,2024-05-24,2025-05-24,,448.74,9,active
SUB006841,CUS000253,Basic,2021-09-19,2022-09-19,2022-06-10,727.02,15,cancelled
SUB006842,CUS004749,Professional,2024-04-03,2025-04-03,,2283.62,18,active
SUB006843,CUS001689,Enterprise,2021-05-25,2022-05-25,,105059.95,364,active
SUB006844,CUS003143,Basic,2024-02-16,2025-02-15,,342.16,7,active
SUB006845,CUS004635,Professional,2023-12-29,2024-12-28,2024-05-15,7007.62,54,cancelled
SUB006846,CUS003070,Enterprise,2021-05-24,2022-05-24,,45681.02,166,active
SUB006847,CUS000495,Enterprise,2024-04-29,2025-04-29,,97651.49,338,active
SUB006848,CUS002917,Enterprise,2024-06-27,2025-06-27,,75607.22,259,active
SUB006849,CUS003508,Professional,2023-11-24,2024-11-23,2024-05-22,10444.27,78,cancelled
SUB006850,CUS000368,Professional,2024-10-23,2025-10-23,,9487.48,75,active
SUB006851,CUS004202,Basic,2021-12-28,2022-12-28,,321.46,7,active
SUB006852,CUS004934,Professional,2023-09-15,2024-09-14,,6697.58,54,active
SUB006853,CUS004612,Basic,2022-05-19,2023-05-19,,103.91,2,active
SUB006854,CUS004338,Professional,2022-11-03,2023-11-03,,4838.04,38,active
SUB006855,CUS002002,Professional,2024-03-28,2025-03-28,,3356.41,27,active
SUB006856,CUS003788,Basic,2024-06-23,2025-06-23,,645.82,14,active
SUB006857,CUS001638,Professional,2023-09-03,2024-09-02,,5422.63,42,active
SUB006858,CUS000291,Professional,2021-03-18,2022-03-18,2021-07-31,4535.5,35,expired
SUB006859,CUS004284,Basic,2024-04-22,2025-04-22,,149.27,3,active
SUB006860,CUS002663,Professional,2024-09-30,2025-09-30,,2826.23,20,active
SUB006861,CUS000561,Professional,2023-10-02,2024-10-01,,3825.97,31,active
SUB006862,CUS003666,Basic,2022-12-11,2023-12-11,,193.47,4,active
SUB006863,CUS003387,Professional,2023-09-20,2024-09-19,,4430.89,34,active
SUB006864,CUS003007,Enterprise,2024-03-01,2025-03-01,,61533.94,209,active
SUB006865,CUS001578,Professional,2024-01-15,2025-01-14,,4786.94,40,active
SUB006866,CUS002072,Basic,2024-06-18,2025-06-18,,399.02,8,active
SUB006867,CUS002366,Basic,2023-07-16,2024-07-15,,335.42,7,active
SUB006868,CUS002711,Basic,2024-06-25,2025-06-25,2024-09-24,141.53,3,cancelled
SUB006869,CUS004248,Basic,2024-10-26,2025-10-26,,332.27,7,active
SUB006870,CUS002783,Basic,2023-09-09,2024-09-08,,671.58,13,active
SUB006871,CUS003293,Professional,2021-10-12,2022-10-12,,2157.84,16,active
SUB006872,CUS004293,Basic,2023-09-06,2024-09-05,,377.03,8,active
SUB006873,CUS003680,Professional,2021-02-13,2022-02-13,,3029.52,25,active
SUB006874,CUS002715,Basic,2022-06-26,2023-06-26,,101.08,2,active
SUB006875,CUS002409,Professional,2023-10-21,2024-10-20,2024-10-18,10925.13,79,cancelled
SUB006876,CUS002195,Professional,2023-11-29,2024-11-28,,3348.77,24,active
SUB006877,CUS000565,Enterprise,2023-10-26,2024-10-25,,73034.78,257,active
SUB006878,CUS000118,Basic,2024-01-28,2025-01-27,,102.66,2,active
SUB006879,CUS004164,Enterprise,2024-06-18,2025-06-18,,27801.78,93,active
SUB006880,CUS002635,Basic,2023-04-24,2024-04-23,,593.98,13,active
SUB006881,CUS004200,Basic,2024-09-23,2025-09-23,,380.21,8,active
SUB006882,CUS002953,Enterprise,2023-10-11,2024-10-10,,96828.7,333,active
SUB006883,CUS004026,Professional,2024-08-30,2025-08-30,,5245.87,40,active
SUB006884,CUS002396,Professional,2023-06-26,2024-06-25,,4667.48,38,active
SUB006885,CUS002628,Enterprise,2024-09-29,2025-09-29,,78764.17,255,active
SUB006886,CUS002044,Professional,2024-08-22,2025-08-22,,9704.86,74,active
SUB006887,CUS000442,Professional,2024-01-13,2025-01-12,,10421.24,78,active
SUB006888,CUS003577,Basic,2024-06-22,2025-06-22,,718.02,15,active
SUB006889,CUS001856,Basic,2024-06-18,2025-06-18,,198.72,4,active
SUB006890,CUS001517,Professional,2023-12-14,2024-12-13,,9572.87,77,active
SUB006891,CUS003177,Professional,2024-10-22,2025-10-22,,3565.49,27,active
SUB006892,CUS004467,Basic,2023-06-09,2024-06-08,,194.37,4,active
SUB006893,CUS001826,Professional,2023-09-01,2024-08-31,,6675.32,52,active
SUB006894,CUS004589,Professional,2021-05-25,2022-05-25,2024-04-03,6829.17,53,cancelled
SUB006895,CUS004634,Professional,2024-09-19,2025-09-19,,1695.93,14,active
SUB006896,CUS003082,Professional,2024-04-06,2025-04-06,2024-10-29,2687.44,20,cancelled
SUB006897,CUS002990,Enterprise,2024-04-01,2025-04-01,2024-08-09,48578.48,162,cancelled
SUB006898,CUS002079,Basic,2022-08-22,2023-08-22,2022-11-08,663.62,13,cancelled
SUB006899,CUS003709,Basic,2023-08-30,2024-08-29,,305.53,6,active
SUB006900,CUS001354,Professional,2024-04-30,2025-04-30,,7143.7,57,active
SUB006901,CUS004246,Enterprise,2021-02-26,2022-02-26,,20139.96,68,active
SUB006902,CUS000095,Enterprise,2023-12-07,2024-12-06,2024-02-27,72954.86,258,cancelled
SUB006903,CUS002101,Professional,2024-04-17,2025-04-17,2024-07-14,8879.32,66,cancelled
SUB006904,CUS001919,Professional,2021-12-28,2022-12-28,2024-04-15,6914.68,53,cancelled
SUB006905,CUS003566,Basic,2023-05-02,2024-05-01,2024-08-13,690.83,14,cancelled
SUB006906,CUS001553,Professional,2024-09-02,2025-09-02,,6259.92,49,active
SUB006907,CUS003006,Professional,2023-05-30,2024-05-29,2024-04-27,9595.86,77,cancelled
SUB006908,CUS003092,Basic,2023-07-03,2024-07-02,2024-02-21,460.8,9,cancelled
SUB006909,CUS000280,Professional,2023-06-18,2024-06-17,,10906.32,79,active
SUB006910,CUS002740,Basic,2024-08-22,2025-08-22,,256.33,5,active
SUB006911,CUS003461,Professional,2023-06-18,2024-06-17,,8464.12,66,active
SUB006912,CUS002655,Basic,2022-08-31,2023-08-31,,496.69,10,active
SUB006913,CUS003556,Basic,2022-01-30,2023-01-30,2022-05-17,152.5,3,cancelled
SUB006914,CUS002181,Basic,2023-11-02,2024-11-01,,737.42,15,active
SUB006915,CUS004739,Basic,2023-08-05,2024-08-04,,418.68,8,active
SUB006916,CUS002730,Basic,2024-05-21,2025-05-21,,409.13,8,active
SUB006917,CUS001179,Basic,2024-10-08,2025-10-08,,752.88,14,active
SUB006918,CUS000397,Basic,2024-10-26,2025-10-26,,98.67,2,active
SUB006919,CUS004428,Basic,2024-08-18,2025-08-18,,493.44,11,active
SUB006920,CUS004663,Basic,2021-10-14,2022-10-14,,98.25,2,active
SUB006921,CUS001133,Enterprise,2024-03-14,2025-03-14,,75526.92,256,active
SUB006922,CUS002694,Basic,2024-07-24,2025-07-24,,640.85,13,active
SUB006923,CUS003962,Basic,2024-08-08,2025-08-08,2024-11-26,468.52,9,cancelled
SUB006924,CUS001002,Professional,2023-11-20,2024-11-19,,8352.54,66,active
SUB006925,CUS003009,Enterprise,2024-04-24,2025-04-24,,23514.09,81,active
SUB006926,CUS002548,Basic,2024-06-01,2025-06-01,,239.45,5,active
SUB006927,CUS003711,Professional,2023-03-06,2024-03-05,,10681.9,77,active
SUB006928,CUS002269,Enterprise,2023-09-17,2024-09-16,,25299.32,86,active
SUB006929,CUS000028,Basic,2023-08-18,2024-08-17,,642.78,13,active
SUB006930,CUS004702,Professional,2024-04-08,2025-04-08,,9613.58,70,active
SUB006931,CUS000109,Basic,2024-10-18,2025-10-18,,752.07,15,active
SUB006932,CUS001366,Professional,2024-07-05,2025-07-05,2024-11-26,1425.85,12,cancelled
SUB006933,CUS002579,Professional,2021-12-04,2022-12-04,2022-02-28,7482.29,59,cancelled
SUB006934,CUS004251,Professional,2024-02-26,2025-02-25,,9201.84,73,active
SUB006935,CUS001408,Professional,2023-11-05,2024-11-04,2024-02-26,6056.58,50,cancelled
SUB006936,CUS000925,Professional,2021-04-28,2022-04-28,2022-05-30,9260.02,73,cancelled
SUB006937,CUS002852,Basic,2024-05-08,2025-05-08,,221.66,5,active
SUB006938,CUS001247,Enterprise,2022-11-14,2023-11-14,,33566.57,111,active
SUB006939,CUS004373,Professional,2023-04-16,2024-04-15,,10064.62,78,active
SUB006940,CUS000012,Professional,2023-08-07,2024-08-06,2024-11-17,6164.33,49,cancelled
SUB006941,CUS003614,Basic,2023-03-31,2024-03-30,,458.97,10,active
SUB006942,CUS003497,Basic,2024-06-06,2025-06-06,,205.57,4,active
SUB006943,CUS003480,Basic,2024-01-30,2025-01-29,,192.1,4,active
SUB006944,CUS001081,Professional,2023-05-03,2024-05-02,,10180.62,76,active
SUB006945,CUS003023,Enterprise,2021-10-26,2022-10-26,2022-04-02,93472.66,314,expired
SUB006946,CUS004923,Basic,2024-07-13,2025-07-13,,206.01,4,active
SUB006947,CUS001694,Professional,2023-08-25,2024-08-24,2024-05-15,5397.19,41,cancelled
SUB006948,CUS004924,Basic,2022-03-24,2023-03-24,,147.57,3,active
SUB006949,CUS001480,Basic,2022-08-17,2023-08-17,2023-04-22,380.48,8,cancelled
SUB006950,CUS004439,Professional,2024-05-04,2025-05-04,,8091.91,60,active
SUB006951,CUS000361,Basic,2024-08-05,2025-08-05,,145.94,3,active
SUB006952,CUS001950,Professional,2024-05-10,2025-05-10,,3884.94,31,active
SUB006953,CUS003754,Enterprise,2024-07-27,2025-07-27,2024-11-24,55902.6,188,cancelled
SUB006954,CUS002069,Basic,2021-10-06,2022-10-06,,733.81,15,active
SUB006955,CUS002487,Basic,2023-09-24,2024-09-23,,504.99,10,active
SUB006956,CUS001529,Basic,2022-05-04,2023-05-04,2023-01-11,457.72,10,cancelled
SUB006957,CUS004598,Basic,2022-10-26,2023-10-26,,796.31,15,active
SUB006958,CUS000304,Basic,2024-08-25,2025-08-25,,597.54,12,active
SUB006959,CUS003187,Professional,2023-11-26,2024-11-25,,5672.84,44,active
SUB006960,CUS002678,Enterprise,2023-04-12,2024-04-11,,48887.08,161,active
SUB006961,CUS004944,Professional,2022-07-16,2023-07-16,,5860.1,48,active
SUB006962,CUS003439,Enterprise,2024-07-19,2025-07-19,,70570.03,235,active
SUB006963,CUS003663,Professional,2024-10-28,2025-10-28,,2506.79,19,active
SUB006964,CUS003415,Basic,2024-10-01,2025-10-01,,484.95,10,active
SUB006965,CUS002419,Enterprise,2024-10-08,2025-10-08,,73075.04,240,active
SUB006966,CUS003530,Professional,2024-09-20,2025-09-20,,7424.53,56,active
SUB006967,CUS003714,Professional,2023-10-08,2024-10-07,,8422.64,67,active
SUB006968,CUS002207,Professional,2024-09-21,2025-09-21,,10232.5,76,active
SUB006969,CUS003971,Enterprise,2024-02-20,2025-02-19,2024-05-21,78471.16,263,cancelled
SUB006970,CUS003229,Enterprise,2024-06-23,2025-06-23,,66979.87,210,active
SUB006971,CUS004086,Basic,2024-08-08,2025-08-08,,204.98,4,active
SUB006972,CUS003883,Professional,2024-04-27,2025-04-27,,5102.57,39,active
SUB006973,CUS003393,Basic,2024-10-24,2025-10-24,,238.04,5,active
SUB006974,CUS002486,Enterprise,2024-04-14,2025-04-14,,25017.96,84,active
SUB006975,CUS002943,Professional,2024-09-22,2025-09-22,,7078.17,53,active
SUB006976,CUS001178,Basic,2021-04-23,2022-04-23,2022-02-26,576.48,12,cancelled
SUB006977,CUS004001,Enterprise,2024-10-11,2025-10-11,,74366.37,245,active
SUB006978,CUS001141,Professional,2024-05-17,2025-05-17,,4338.42,33,active
SUB006979,CUS001802,Professional,2024-05-03,2025-05-03,2024-09-22,8095.01,63,cancelled
SUB006980,CUS000186,Enterprise,2022-01-20,2023-01-20,,57789.83,199,active
SUB006981,CUS000146,Professional,2023-06-07,2024-06-06,,8036.57,59,active
SUB006982,CUS003675,Professional,2024-05-09,2025-05-09,,8786.71,67,active
SUB006983,CUS003184,Basic,2021-05-15,2022-05-15,,242.41,5,active
SUB006984,CUS001997,Professional,2023-04-06,2024-04-05,,5393.59,43,active
SUB006985,CUS002924,Professional,2024-10-02,2025-10-02,,7983.41,60,active
SUB006986,CUS004535,Enterprise,2023-09-21,2024-09-20,,123187.03,413,active
SUB006987,CUS000543,Basic,2024-01-23,2025-01-22,,354.73,7,active
SUB006988,CUS001886,Enterprise,2022-06-30,2023-06-30,,90566.44,313,active
SUB006989,CUS001914,Professional,2024-08-06,2025-08-06,,6387.95,49,active
SUB006990,CUS002986,Professional,2023-05-04,2024-05-03,,3044.01,24,active
SUB006991,CUS002669,Basic,2022-01-26,2023-01-26,,571.85,11,active
SUB006992,CUS004376,Basic,2021-05-18,2022-05-18,,545.95,11,active
SUB006993,CUS000259,Professional,2024-07-16,2025-07-16,,8341.77,67,active
SUB006994,CUS001095,Enterprise,2024-05-27,2025-05-27,,90782.61,294,active
SUB006995,CUS001979,Professional,2021-12-21,2022-12-21,,7536.18,56,active
SUB006996,CUS002090,Basic,2024-10-10,2025-10-10,,484.22,10,active
SUB006997,CUS001189,Enterprise,2021-11-23,2022-11-23,,111271.29,383,active
SUB006998,CUS004402,Professional,2024-08-24,2025-08-24,,3571.62,30,active
SUB006999,CUS004611,Enterprise,2024-01-03,2025-01-02,,119239.58,384,active
SUB007000,CUS003775,Enterprise,2024-03-05,2025-03-05,,47430.66,169,active
SUB007001,CUS002015,Professional,2023-02-09,2024-02-09,,2575.63,20,active
SUB007002,CUS003541,Basic,2024-04-09,2025-04-09,,368.33,8,active
SUB007003,CUS001236,Basic,2024-08-27,2025-08-27,,729.24,14,active
SUB007004,CUS000747,Basic,2021-02-13,2022-02-13,,410.31,8,active
SUB007005,CUS003407,Basic,2024-10-22,2025-10-22,,99.03,2,active
SUB007006,CUS000459,Basic,2023-05-20,2024-05-19,,457.17,9,active
SUB007007,CUS000609,Professional,2024-10-16,2025-10-16,,4879.32,38,active
SUB007008,CUS002318,Professional,2022-01-05,2023-01-05,,5637.43,45,active
SUB007009,CUS003472,Professional,2024-09-04,2025-09-04,,5464.39,45,active
SUB007010,CUS004266,Professional,2023-01-23,2024-01-23,,7159.1,54,active
SUB007011,CUS004185,Enterprise,2024-02-20,2025-02-19,,60283.29,209,active
SUB007012,CUS003326,Basic,2022-01-22,2023-01-22,,426.66,8,active
SUB007013,CUS002653,Professional,2022-11-28,2023-11-28,2024-04-21,6322.86,51,cancelled
SUB007014,CUS004196,Basic,2024-10-13,2025-10-13,,101.47,2,active
SUB007015,CUS004608,Enterprise,2024-06-02,2025-06-02,,126815.46,406,active
SUB007016,CUS000013,Basic,2022-05-26,2023-05-26,,653.83,14,active
SUB007017,CUS004048,Basic,2021-03-24,2022-03-24,,434.06,9,active
SUB007018,CUS001068,Professional,2024-01-14,2025-01-13,2024-04-11,3199.05,25,cancelled
SUB007019,CUS004713,Enterprise,2022-11-12,2023-11-12,,111032.44,331,active
SUB007020,CUS001378,Professional,2022-12-17,2023-12-17,,3325.2,26,active
SUB007021,CUS001169,Basic,2021-09-13,2022-09-13,,611.62,13,active
SUB007022,CUS004691,Basic,2023-10-21,2024-10-20,2024-01-23,548.28,11,cancelled
SUB007023,CUS003753,Professional,2024-05-09,2025-05-09,,9568.83,77,active
SUB007024,CUS002997,Basic,2024-07-02,2025-07-02,2024-12-09,146.68,3,cancelled
SUB007025,CUS000899,Professional,2024-06-13,2025-06-13,,5585.62,44,active
SUB007026,CUS001158,Professional,2021-11-05,2022-11-05,2022-09-01,1707.4,13,cancelled
SUB007027,CUS003705,Professional,2023-02-26,2024-02-26,,8346.76,66,active
SUB007028,CUS002045,Enterprise,2023-07-04,2024-07-03,,104433.97,358,active
SUB007029,CUS000957,Basic,2024-03-24,2025-03-24,,762.76,15,active
SUB007030,CUS001968,Basic,2021-04-14,2022-04-14,,643.44,13,active
SUB007031,CUS004908,Enterprise,2024-08-25,2025-08-25,,32623.21,109,active
SUB007032,CUS004058,Enterprise,2023-07-14,2024-07-13,,106243.88,381,active
SUB007033,CUS002610,Professional,2024-01-29,2025-01-28,,3822.42,29,active
SUB007034,CUS004413,Professional,2023-04-23,2024-04-22,,9135.0,72,active
SUB007035,CUS003835,Basic,2024-01-03,2025-01-02,,692.68,14,active
SUB007036,CUS003823,Professional,2024-02-24,2025-02-23,,5430.29,45,active
SUB007037,CUS003881,Basic,2023-10-17,2024-10-16,,692.66,14,active
SUB007038,CUS000327,Enterprise,2024-06-11,2025-06-11,,71040.93,236,active
SUB007039,CUS002630,Professional,2024-04-24,2025-04-24,,5758.36,45,active
SUB007040,CUS003017,Professional,2024-05-18,2025-05-18,,4624.98,37,active
SUB007041,CUS003909,Basic,2024-01-04,2025-01-03,,153.0,3,active
SUB007042,CUS000107,Professional,2024-10-02,2025-10-02,,3391.99,27,active
SUB007043,CUS003041,Basic,2021-10-05,2022-10-05,,202.24,4,active
SUB007044,CUS003114,Basic,2024-03-07,2025-03-07,,406.37,8,active
SUB007045,CUS003596,Enterprise,2023-08-04,2024-08-03,,29899.95,103,active
SUB007046,CUS001766,Enterprise,2024-06-09,2025-06-09,,84991.46,277,active
SUB007047,CUS004386,Basic,2023-09-26,2024-09-25,,289.58,6,active
SUB007048,CUS004931,Basic,2023-08-19,2024-08-18,,601.14,12,active
SUB007049,CUS002604,Professional,2024-10-29,2025-10-29,,6987.37,56,active
SUB007050,CUS001040,Basic,2024-10-10,2025-10-10,,292.82,6,active
SUB007051,CUS002421,Basic,2022-10-19,2023-10-19,,638.72,13,active
SUB007052,CUS004760,Professional,2023-06-20,2024-06-19,2024-04-26,9922.78,77,cancelled
SUB007053,CUS002533,Basic,2024-10-20,2025-10-20,,248.27,5,active
SUB007054,CUS003467,Basic,2023-06-23,2024-06-22,,618.97,13,active
SUB007055,CUS003862,Professional,2024-09-22,2025-09-22,,1265.06,10,active
SUB007056,CUS004995,Professional,2021-11-15,2022-11-15,,3173.35,24,active
SUB007057,CUS002360,Professional,2024-06-08,2025-06-08,,7246.88,57,active
SUB007058,CUS004758,Professional,2024-05-26,2025-05-26,,4182.91,33,active
SUB007059,CUS000596,Enterprise,2024-01-10,2025-01-09,,38014.93,131,active
SUB007060,CUS003316,Professional,2024-02-16,2025-02-15,,2665.38,21,active
SUB007061,CUS000197,Basic,2024-09-23,2025-09-23,,708.58,15,active
SUB007062,CUS000710,Basic,2022-09-03,2023-09-03,,100.5,2,active
SUB007063,CUS004204,Basic,2022-09-22,2023-09-22,,144.69,3,active
SUB007064,CUS001778,Basic,2024-07-20,2025-07-20,,282.85,6,active
SUB007065,CUS003836,Professional,2023-11-18,2024-11-17,,2049.32,16,active
SUB007066,CUS004971,Basic,2024-06-04,2025-06-04,,186.42,4,active
SUB007067,CUS004003,Basic,2023-03-17,2024-03-16,,380.26,8,active
SUB007068,CUS004050,Professional,2023-08-25,2024-08-24,,5945.08,44,active
SUB007069,CUS004077,Basic,2024-06-14,2025-06-14,,471.34,10,active
SUB007070,CUS000608,Professional,2023-06-19,2024-06-18,,8342.91,65,active
SUB007071,CUS000947,Professional,2023-12-03,2024-12-02,,6253.28,45,active
SUB007072,CUS001581,Basic,2023-08-15,2024-08-14,,444.85,9,active
SUB007073,CUS001236,Basic,2024-03-21,2025-03-21,,721.86,15,active
SUB007074,CUS002036,Basic,2022-03-09,2023-03-09,,455.91,10,active
SUB007075,CUS001046,Basic,2022-07-02,2023-07-02,2023-11-07,739.29,15,cancelled
SUB007076,CUS000296,Professional,2023-09-11,2024-09-10,,6527.76,52,active
SUB007077,CUS004958,Professional,2024-10-14,2025-10-14,,5523.78,42,active
SUB007078,CUS001608,Professional,2022-08-04,2023-08-04,,7682.75,61,active
SUB007079,CUS004290,Basic,2022-07-05,2023-07-05,,197.9,4,active
SUB007080,CUS004853,Professional,2024-06-04,2025-06-04,,3930.38,29,active
SUB007081,CUS003311,Professional,2021-05-07,2022-05-07,,10034.34,76,active
SUB007082,CUS003965,Professional,2023-02-07,2024-02-07,,5414.1,44,active
SUB007083,CUS003568,Professional,2024-10-16,2025-10-16,,6728.89,52,active
SUB007084,CUS004188,Professional,2023-02-08,2024-02-08,2023-12-24,6267.46,47,cancelled
SUB007085,CUS003446,Basic,2023-06-30,2024-06-29,,231.97,5,active
SUB007086,CUS003108,Basic,2022-09-17,2023-09-17,,363.26,7,active
SUB007087,CUS001964,Professional,2023-02-19,2024-02-19,,3111.27,24,active
SUB007088,CUS002387,Professional,2021-12-15,2022-12-15,2022-11-23,10133.41,77,cancelled
SUB007089,CUS004240,Enterprise,2024-07-12,2025-07-12,,61148.18,207,active
SUB007090,CUS004112,Professional,2023-09-23,2024-09-22,2024-05-16,2713.39,21,cancelled
SUB007091,CUS004822,Enterprise,2024-02-29,2025-02-28,2024-11-18,60824.32,210,cancelled
SUB007092,CUS001837,Professional,2024-04-26,2025-04-26,,3807.58,28,active
SUB007093,CUS000544,Basic,2024-10-15,2025-10-15,,208.3,4,active
SUB007094,CUS002630,Basic,2024-10-05,2025-10-05,,579.5,11,active
SUB007095,CUS001467,Basic,2024-08-31,2025-08-31,,413.75,9,active
SUB007096,CUS002464,Professional,2024-10-28,2025-10-28,,9917.08,76,active
SUB007097,CUS003427,Professional,2023-04-22,2024-04-21,,9690.37,74,active
SUB007098,CUS001540,Professional,2023-11-11,2024-11-10,,9561.9,76,active
SUB007099,CUS001093,Professional,2023-04-21,2024-04-20,,5488.7,42,active
SUB007100,CUS003911,Professional,2024-03-21,2025-03-21,,7350.82,60,active
SUB007101,CUS002152,Professional,2023-02-25,2024-02-25,,10715.9,79,active
SUB007102,CUS002456,Professional,2023-07-01,2024-06-30,2024-04-05,2807.79,23,expired
SUB007103,CUS002701,Enterprise,2023-06-21,2024-06-20,2024-08-25,86565.16,287,cancelled
SUB007104,CUS001825,Professional,2023-04-04,2024-04-03,,8749.17,66,active
SUB007105,CUS004358,Professional,2021-10-17,2022-10-17,,4041.38,32,active
SUB007106,CUS002541,Professional,2022-08-30,2023-08-30,2023-02-12,2974.34,22,cancelled
SUB007107,CUS004296,Basic,2023-11-18,2024-11-17,,137.61,3,active
SUB007108,CUS002289,Basic,2024-09-14,2025-09-14,,195.79,4,active
SUB007109,CUS002793,Basic,2024-09-20,2025-09-20,,138.32,3,active
SUB007110,CUS003024,Basic,2024-10-29,2025-10-29,,476.74,10,active
SUB007111,CUS000056,Professional,2021-05-02,2022-05-02,,9888.09,78,active
SUB007112,CUS000456,Basic,2024-04-04,2025-04-04,,720.73,15,active
SUB007113,CUS002403,Basic,2022-05-24,2023-05-24,,614.16,12,active
SUB007114,CUS002386,Professional,2024-02-25,2025-02-24,,3216.37,26,active
SUB007115,CUS000958,Basic,2023-10-06,2024-10-05,,139.0,3,active
SUB007116,CUS004372,Basic,2023-01-20,2024-01-20,,96.52,2,active
SUB007117,CUS001351,Enterprise,2024-09-23,2025-09-23,,63339.25,211,active
SUB007118,CUS001412,Enterprise,2023-03-15,2024-03-14,2023-09-24,65417.18,215,cancelled
SUB007119,CUS004275,Enterprise,2022-12-25,2023-12-25,,86789.85,279,active
SUB007120,CUS000211,Professional,2021-09-14,2022-09-14,,1789.39,15,active
SUB007121,CUS001800,Basic,2022-04-26,2023-04-26,2023-06-19,155.69,3,cancelled
SUB007122,CUS003288,Professional,2024-06-12,2025-06-12,,1628.96,13,active
SUB007123,CUS000687,Basic,2024-10-20,2025-10-20,,630.79,13,active
SUB007124,CUS004613,Enterprise,2024-10-30,2025-10-30,,61643.95,206,active
SUB007125,CUS000780,Basic,2024-05-31,2025-05-31,,316.94,7,active
SUB007126,CUS000070,Basic,2024-10-31,2025-10-31,,627.36,13,active
SUB007127,CUS000997,Professional,2024-03-10,2025-03-10,,3737.41,28,active
SUB007128,CUS000566,Basic,2024-04-11,2025-04-11,,651.08,13,active
SUB007129,CUS004546,Basic,2023-01-26,2024-01-26,,481.42,10,active
SUB007130,CUS001581,Enterprise,2022-08-16,2023-08-16,,73801.21,245,active
SUB007131,CUS004871,Basic,2022-02-07,2023-02-07,,697.08,14,active
SUB007132,CUS004657,Professional,2022-08-04,2023-08-04,2023-01-08,2173.14,17,cancelled
SUB007133,CUS003901,Basic,2024-03-10,2025-03-10,,598.14,12,active
SUB007134,CUS003819,Professional,2023-07-25,2024-07-24,,3761.58,30,active
SUB007135,CUS001879,Basic,2024-05-02,2025-05-02,2024-08-22,94.76,2,cancelled
SUB007136,CUS002188,Basic,2023-01-21,2024-01-21,,678.87,14,active
SUB007137,CUS000823,Basic,2023-10-27,2024-10-26,2024-01-25,179.44,4,expired
SUB007138,CUS002033,Basic,2024-01-06,2025-01-05,2024-06-07,100.38,2,cancelled
SUB007139,CUS002495,Professional,2024-05-02,2025-05-02,,5175.02,40,active
SUB007140,CUS004351,Professional,2024-10-20,2025-10-20,,7295.82,57,active
SUB007141,CUS003848,Professional,2024-06-20,2025-06-20,,9414.35,71,active
SUB007142,CUS004947,Basic,2024-09-26,2025-09-26,,397.31,8,active
SUB007143,CUS001129,Professional,2023-10-05,2024-10-04,,10436.64,78,active
SUB007144,CUS003055,Professional,2022-10-08,2023-10-08,,10482.24,77,active
SUB007145,CUS001258,Basic,2024-03-10,2025-03-10,,743.5,15,active
SUB007146,CUS000296,Enterprise,2021-07-09,2022-07-09,2022-06-07,82485.42,283,expired
SUB007147,CUS002145,Enterprise,2022-06-09,2023-06-09,,108224.85,353,active
SUB007148,CUS001723,Professional,2023-04-12,2024-04-11,,2641.07,21,active
SUB007149,CUS002380,Basic,2023-10-28,2024-10-27,,524.62,11,active
SUB007150,CUS000008,Professional,2021-10-29,2022-10-29,2022-05-08,7533.04,59,expired
SUB007151,CUS001740,Basic,2024-10-31,2025-10-31,,254.93,5,active
SUB007152,CUS003203,Basic,2024-10-24,2025-10-24,,704.01,14,active
SUB007153,CUS004956,Professional,2024-08-10,2025-08-10,,4388.99,33,active
SUB007154,CUS004719,Enterprise,2022-06-30,2023-06-30,,46544.34,155,active
SUB007155,CUS000511,Basic,2023-02-26,2024-02-26,,149.93,3,active
SUB007156,CUS002686,Professional,2023-04-06,2024-04-05,,6585.65,50,active
SUB007157,CUS003555,Professional,2024-07-05,2025-07-05,,2517.85,20,active
SUB007158,CUS001162,Professional,2024-09-01,2025-09-01,,9610.9,73,active
SUB007159,CUS003101,Basic,2023-07-23,2024-07-22,2024-07-28,293.96,6,cancelled
SUB007160,CUS000994,Enterprise,2024-10-02,2025-10-02,,37140.01,126,active
SUB007161,CUS002864,Basic,2022-11-23,2023-11-23,,725.82,15,active
SUB007162,CUS001249,Professional,2024-10-14,2025-10-14,,2024.09,16,active
SUB007163,CUS001426,Basic,2022-10-26,2023-10-26,2023-03-17,485.18,10,cancelled
SUB007164,CUS000485,Professional,2022-07-27,2023-07-27,,6061.28,47,active
SUB007165,CUS003477,Professional,2024-06-05,2025-06-05,,7524.14,57,active
SUB007166,CUS003960,Professional,2024-05-23,2025-05-23,,5840.02,43,active
SUB007167,CUS001120,Basic,2024-06-01,2025-06-01,,99.95,2,active
SUB007168,CUS004049,Professional,2023-08-24,2024-08-23,,7512.68,58,active
SUB007169,CUS004772,Professional,2024-10-16,2025-10-16,,6598.32,55,active
SUB007170,CUS001492,Professional,2023-03-18,2024-03-17,,1539.14,11,active
SUB007171,CUS001922,Basic,2023-05-10,2024-05-09,,191.14,4,active
SUB007172,CUS002852,Professional,2024-06-19,2025-06-19,,9068.37,72,active
SUB007173,CUS004784,Basic,2024-09-15,2025-09-15,,255.84,5,active
SUB007174,CUS003106,Basic,2024-03-11,2025-03-11,,235.56,5,active
SUB007175,CUS003162,Professional,2023-01-09,2024-01-09,,8755.47,67,active
SUB007176,CUS002960,Enterprise,2024-07-02,2025-07-02,,94718.15,322,active
SUB007177,CUS003858,Professional,2023-07-22,2024-07-21,,1917.89,15,active
SUB007178,CUS003412,Basic,2022-10-23,2023-10-23,,638.11,13,active
SUB007179,CUS000156,Basic,2024-10-01,2025-10-01,,234.76,5,active
SUB007180,CUS004280,Professional,2023-09-14,2024-09-13,2024-06-28,8477.2,66,cancelled
SUB007181,CUS001014,Enterprise,2023-06-26,2024-06-25,,37168.39,120,active
SUB007182,CUS004370,Professional,2023-02-10,2024-02-10,,9778.4,76,active
SUB007183,CUS004606,Enterprise,2024-07-24,2025-07-24,2024-12-12,106724.8,318,cancelled
SUB007184,CUS000827,Basic,2024-06-13,2025-06-13,,147.47,3,active
SUB007185,CUS001384,Enterprise,2022-08-20,2023-08-20,,47841.78,167,active
SUB007186,CUS003111,Basic,2023-04-26,2024-04-25,,625.37,13,active
SUB007187,CUS003347,Professional,2024-06-08,2025-06-08,,6975.41,58,active
SUB007188,CUS000731,Professional,2024-01-07,2025-01-06,,8165.79,61,active
SUB007189,CUS001870,Professional,2021-11-18,2022-11-18,2024-05-16,4087.46,30,cancelled
SUB007190,CUS001573,Enterprise,2023-08-04,2024-08-03,,22163.14,72,active
SUB007191,CUS004709,Basic,2024-07-22,2025-07-22,,475.59,10,active
SUB007192,CUS000721,Professional,2024-08-16,2025-08-16,,7253.53,58,active
SUB007193,CUS002773,Professional,2022-02-15,2023-02-15,2022-08-15,3969.78,30,expired
SUB007194,CUS001616,Basic,2022-05-17,2023-05-17,,673.49,14,active
SUB007195,CUS002614,Professional,2021-11-28,2022-11-28,,3127.85,25,active
SUB007196,CUS003329,Basic,2022-11-20,2023-11-20,,142.0,3,active
SUB007197,CUS004876,Basic,2024-03-02,2025-03-02,,365.44,7,active
SUB007198,CUS000634,Basic,2024-01-28,2025-01-27,,626.65,13,active
SUB007199,CUS000176,Basic,2024-04-29,2025-04-29,,705.97,14,active
SUB007200,CUS002910,Basic,2024-06-19,2025-06-19,,499.43,10,active
SUB007201,CUS001798,Basic,2021-12-25,2022-12-25,,142.63,3,active
SUB007202,CUS003015,Basic,2024-08-11,2025-08-11,,196.28,4,active
SUB007203,CUS002542,Basic,2023-07-04,2024-07-03,,283.7,6,active
SUB007204,CUS003076,Basic,2024-07-08,2025-07-08,,617.8,12,active
SUB007205,CUS000202,Basic,2024-09-28,2025-09-28,,569.26,12,active
SUB007206,CUS002588,Enterprise,2024-09-22,2025-09-22,,59656.05,197,active
SUB007207,CUS001399,Basic,2022-02-06,2023-02-06,,240.76,5,active
SUB007208,CUS000787,Enterprise,2023-12-11,2024-12-10,,71462.27,247,active
SUB007209,CUS001159,Enterprise,2023-08-18,2024-08-17,,92151.4,297,active
SUB007210,CUS002123,Enterprise,2022-02-05,2023-02-05,,63405.92,216,active
SUB007211,CUS002900,Basic,2023-10-26,2024-10-25,2024-09-05,550.35,12,cancelled
SUB007212,CUS003232,Basic,2022-12-08,2023-12-08,,99.46,2,active
SUB007213,CUS002498,Basic,2021-09-04,2022-09-04,,525.65,11,active
SUB007214,CUS002881,Basic,2021-08-18,2022-08-18,,344.89,7,active
SUB007215,CUS001064,Basic,2024-03-17,2025-03-17,,353.28,7,active
SUB007216,CUS004666,Enterprise,2023-09-14,2024-09-13,,58124.57,192,active
SUB007217,CUS002371,Basic,2024-01-06,2025-01-05,,404.19,8,active
SUB007218,CUS000181,Professional,2023-06-21,2024-06-20,,5541.25,45,active
SUB007219,CUS003617,Professional,2023-11-01,2024-10-31,2024-04-10,6854.96,51,expired
SUB007220,CUS000232,Enterprise,2022-02-25,2023-02-25,,31068.16,105,active
SUB007221,CUS001110,Professional,2024-04-24,2025-04-24,,5270.02,43,active
SUB007222,CUS004301,Basic,2023-10-11,2024-10-10,2024-04-16,671.86,15,cancelled
SUB007223,CUS003751,Professional,2023-10-31,2024-10-30,,1658.9,13,active
SUB007224,CUS003522,Professional,2024-02-21,2025-02-20,,8028.82,64,active
SUB007225,CUS004815,Enterprise,2024-10-11,2025-10-11,,96590.28,332,active
SUB007226,CUS001409,Basic,2023-10-10,2024-10-09,,347.01,7,active
SUB007227,CUS004534,Basic,2023-06-13,2024-06-12,,675.35,13,active
SUB007228,CUS003754,Professional,2023-11-27,2024-11-26,,8370.25,67,active
SUB007229,CUS002362,Basic,2023-07-15,2024-07-14,,294.95,6,active
SUB007230,CUS002593,Professional,2024-10-22,2025-10-22,,6448.26,51,active
SUB007231,CUS002168,Basic,2023-08-31,2024-08-30,,378.46,8,active
SUB007232,CUS002414,Professional,2024-07-17,2025-07-17,,7091.54,57,active
SUB007233,CUS004423,Basic,2023-06-10,2024-06-09,2024-07-28,569.98,11,cancelled
SUB007234,CUS004761,Professional,2021-03-15,2022-03-15,,9292.31,72,active
SUB007235,CUS003547,Professional,2024-04-20,2025-04-20,,5766.38,45,active
SUB007236,CUS001140,Basic,2024-08-10,2025-08-10,,430.42,9,active
SUB007237,CUS004846,Professional,2024-09-08,2025-09-08,,6335.88,49,active
SUB007238,CUS001841,Professional,2021-07-19,2022-07-19,2022-08-02,9585.07,76,cancelled
SUB007239,CUS002323,Basic,2022-07-16,2023-07-16,,209.24,4,active
SUB007240,CUS002252,Basic,2022-11-03,2023-11-03,,148.3,3,active
SUB007241,CUS003523,Enterprise,2024-09-09,2025-09-09,,111169.99,370,active
SUB007242,CUS003171,Enterprise,2023-04-19,2024-04-18,2023-07-24,55541.14,185,cancelled
SUB007243,CUS001913,Professional,2022-11-17,2023-11-17,,8364.09,62,active
SUB007244,CUS002307,Basic,2024-08-04,2025-08-04,,440.66,9,active
SUB007245,CUS001273,Professional,2023-04-16,2024-04-15,,7610.93,60,active
SUB007246,CUS003348,Basic,2024-03-06,2025-03-06,,98.55,2,active
SUB007247,CUS001409,Enterprise,2023-08-03,2024-08-02,,92798.98,302,active
SUB007248,CUS002632,Professional,2022-03-16,2023-03-16,2022-12-05,7657.44,57,expired
SUB007249,CUS003394,Professional,2023-11-18,2024-11-17,2024-12-24,9097.95,70,cancelled
SUB007250,CUS003725,Basic,2024-05-22,2025-05-22,,444.54,9,active
SUB007251,CUS001653,Professional,2024-03-26,2025-03-26,,7475.0,56,active
SUB007252,CUS001875,Basic,2023-06-17,2024-06-16,2024-07-02,177.24,4,cancelled
SUB007253,CUS002462,Professional,2023-06-18,2024-06-17,2024-06-22,2717.36,21,cancelled
SUB007254,CUS002200,Professional,2024-05-16,2025-05-16,,3538.12,28,active
SUB007255,CUS001845,Professional,2021-09-21,2022-09-21,,6592.37,51,active
SUB007256,CUS003855,Professional,2023-09-10,2024-09-09,,7966.97,61,active
SUB007257,CUS002677,Professional,2023-08-17,2024-08-16,,4173.26,31,active
SUB007258,CUS003039,Basic,2024-08-25,2025-08-25,,373.0,8,active
SUB007259,CUS003245,Enterprise,2023-10-11,2024-10-10,2023-12-27,92105.43,316,cancelled
SUB007260,CUS003843,Basic,2024-10-23,2025-10-23,,712.12,15,active
SUB007261,CUS003931,Professional,2023-08-08,2024-08-07,,6944.3,55,active
SUB007262,CUS001095,Enterprise,2022-03-29,2023-03-29,,80558.99,283,active
SUB007263,CUS002406,Professional,2023-10-08,2024-10-07,,7487.13,54,active
SUB007264,CUS000424,Basic,2024-06-11,2025-06-11,,201.97,4,active
SUB007265,CUS003595,Basic,2024-06-08,2025-06-08,,429.03,9,active
SUB007266,CUS001538,Professional,2024-02-14,2025-02-13,,7873.27,61,active
SUB007267,CUS000305,Professional,2023-01-10,2024-01-10,,9908.89,78,active
SUB007268,CUS003328,Professional,2022-04-18,2023-04-18,,4539.67,35,active
SUB007269,CUS003356,Professional,2024-09-06,2025-09-06,,4770.28,38,active
SUB007270,CUS000280,Enterprise,2024-04-29,2025-04-29,,74728.23,264,active
SUB007271,CUS001494,Basic,2024-02-11,2025-02-10,,336.13,7,active
SUB007272,CUS000845,Professional,2022-11-12,2023-11-12,2023-08-04,8114.2,60,cancelled
SUB007273,CUS004737,Basic,2023-12-30,2024-12-29,,139.36,3,active
SUB007274,CUS001160,Basic,2023-02-13,2024-02-13,,101.76,2,active
SUB007275,CUS001482,Professional,2024-09-02,2025-09-02,,10259.2,78,active
SUB007276,CUS004615,Professional,2021-01-24,2022-01-24,2022-05-02,3561.48,28,cancelled
SUB007277,CUS001662,Enterprise,2023-10-20,2024-10-19,,45413.71,148,active
SUB007278,CUS003672,Basic,2024-07-10,2025-07-10,,444.22,9,active
SUB007279,CUS001352,Enterprise,2022-12-13,2023-12-13,,50900.22,184,active
SUB007280,CUS003438,Professional,2022-10-24,2023-10-24,,3052.16,24,active
SUB007281,CUS000717,Professional,2022-04-03,2023-04-03,,6747.21,53,active
SUB007282,CUS000450,Basic,2024-04-10,2025-04-10,,308.87,6,active
SUB007283,CUS003117,Professional,2023-11-24,2024-11-23,,1780.66,14,active
SUB007284,CUS001757,Professional,2024-09-13,2025-09-13,,2817.06,22,active
SUB007285,CUS002970,Basic,2023-08-18,2024-08-17,,423.08,9,active
SUB007286,CUS000914,Professional,2024-10-11,2025-10-11,,5406.0,42,active
SUB007287,CUS004353,Basic,2022-10-16,2023-10-16,2023-05-09,704.42,15,cancelled
SUB007288,CUS003067,Basic,2024-06-30,2025-06-30,2024-10-09,559.49,11,cancelled
SUB007289,CUS001758,Enterprise,2021-08-20,2022-08-20,,116955.84,397,active
SUB007290,CUS001877,Basic,2024-07-26,2025-07-26,,234.78,5,active
SUB007291,CUS001651,Professional,2023-06-19,2024-06-18,,5246.79,39,active
SUB007292,CUS003878,Professional,2022-09-18,2023-09-18,,6770.68,55,active
SUB007293,CUS000808,Professional,2023-12-17,2024-12-16,,2342.75,18,active
SUB007294,CUS004022,Enterprise,2024-10-27,2025-10-27,,78795.09,278,active
SUB007295,CUS000100,Enterprise,2024-07-05,2025-07-05,,47122.36,156,active
SUB007296,CUS001743,Basic,2024-07-08,2025-07-08,,101.66,2,active
SUB007297,CUS003173,Professional,2024-03-28,2025-03-28,,3530.05,28,active
SUB007298,CUS004352,Basic,2024-08-02,2025-08-02,,469.77,10,active
SUB007299,CUS002221,Professional,2021-12-12,2022-12-12,,4457.29,36,active
SUB007300,CUS004119,Professional,2023-09-24,2024-09-23,,7596.25,59,active
SUB007301,CUS002768,Basic,2024-03-25,2025-03-25,,104.61,2,active
SUB007302,CUS002148,Professional,2023-09-22,2024-09-21,2024-02-16,4549.94,34,expired
SUB007303,CUS002452,Basic,2022-12-19,2023-12-19,,612.09,12,active
SUB007304,CUS001777,Basic,2022-08-30,2023-08-30,,235.83,5,active
SUB007305,CUS001380,Professional,2024-10-20,2025-10-20,,4688.34,35,active
SUB007306,CUS000816,Professional,2024-01-13,2025-01-12,,6539.37,49,active
SUB007307,CUS004695,Professional,2023-02-12,2024-02-12,,5736.59,44,active
SUB007308,CUS001055,Professional,2024-10-09,2025-10-09,,1261.49,10,active
SUB007309,CUS001552,Enterprise,2024-02-29,2025-02-28,,72965.06,236,active
SUB007310,CUS002960,Enterprise,2024-07-26,2025-07-26,,79106.58,271,active
SUB007311,CUS004378,Professional,2021-10-02,2022-10-02,,5410.66,41,active
SUB007312,CUS002149,Enterprise,2023-12-10,2024-12-09,,90274.87,306,active
SUB007313,CUS004008,Basic,2024-10-19,2025-10-19,,236.55,5,active
SUB007314,CUS004610,Professional,2023-06-29,2024-06-28,2023-12-10,5468.32,43,cancelled
SUB007315,CUS003251,Basic,2021-11-29,2022-11-29,,680.87,13,active
SUB007316,CUS000192,Basic,2023-06-14,2024-06-13,,376.0,8,active
SUB007317,CUS001143,Basic,2024-05-03,2025-05-03,,354.9,7,active
SUB007318,CUS001691,Basic,2023-11-29,2024-11-28,,655.73,13,active
SUB007319,CUS001256,Enterprise,2023-10-17,2024-10-16,,78426.59,264,active
SUB007320,CUS003750,Enterprise,2024-10-11,2025-10-11,,99109.12,338,active
SUB007321,CUS001904,Basic,2024-08-13,2025-08-13,,234.3,5,active
SUB007322,CUS003249,Professional,2021-10-01,2022-10-01,,7549.81,56,active
SUB007323,CUS000690,Enterprise,2022-04-25,2023-04-25,,20345.06,71,active
SUB007324,CUS004750,Basic,2021-01-27,2022-01-27,,663.27,15,active
SUB007325,CUS003995,Professional,2024-06-13,2025-06-13,,8344.98,64,active
SUB007326,CUS001748,Basic,2023-05-22,2024-05-21,,140.05,3,active
SUB007327,CUS002385,Basic,2024-06-30,2025-06-30,,732.18,15,active
SUB007328,CUS001157,Basic,2022-02-14,2023-02-14,,140.09,3,active
SUB007329,CUS003959,Professional,2024-01-13,2025-01-12,,8846.27,70,active
SUB007330,CUS004868,Basic,2024-09-25,2025-09-25,,589.43,12,active
SUB007331,CUS000451,Basic,2024-01-15,2025-01-14,,197.86,4,active
SUB007332,CUS003607,Basic,2024-09-21,2025-09-21,,769.44,15,active
SUB007333,CUS003773,Professional,2024-06-29,2025-06-29,,8772.43,68,active
SUB007334,CUS000582,Professional,2023-03-13,2024-03-12,,4661.42,36,active
SUB007335,CUS004765,Basic,2024-03-28,2025-03-28,,194.35,4,active
SUB007336,CUS000839,Professional,2021-12-02,2022-12-02,,4394.66,33,active
SUB007337,CUS000693,Professional,2023-05-02,2024-05-01,2024-04-22,8548.64,69,cancelled
SUB007338,CUS002508,Basic,2021-03-30,2022-03-30,,434.25,9,active
SUB007339,CUS003684,Enterprise,2024-09-18,2025-09-18,,70261.85,235,active
SUB007340,CUS003087,Professional,2023-07-19,2024-07-18,,2373.26,19,active
SUB007341,CUS002643,Professional,2023-04-15,2024-04-14,,10282.95,76,active
SUB007342,CUS003252,Basic,2022-01-30,2023-01-30,,594.55,12,active
SUB007343,CUS002879,Professional,2024-09-01,2025-09-01,,2716.25,22,active
SUB007344,CUS003679,Enterprise,2024-03-06,2025-03-06,,100990.0,333,active
SUB007345,CUS001037,Enterprise,2023-03-20,2024-03-19,,28143.91,90,active
SUB007346,CUS002534,Basic,2024-10-02,2025-10-02,,95.53,2,active
SUB007347,CUS002109,Professional,2024-08-10,2025-08-10,,2838.1,21,active
SUB007348,CUS002991,Enterprise,2024-05-29,2025-05-29,,102574.07,340,active
SUB007349,CUS000567,Basic,2023-12-09,2024-12-08,,148.04,3,active
SUB007350,CUS001173,Basic,2022-02-23,2023-02-23,,408.44,8,active
SUB007351,CUS004520,Basic,2024-06-24,2025-06-24,,493.49,10,active
SUB007352,CUS000879,Professional,2024-10-31,2025-10-31,,10199.45,78,active
SUB007353,CUS003827,Basic,2023-04-18,2024-04-17,,737.37,15,active
SUB007354,CUS004362,Professional,2023-05-16,2024-05-15,,1695.14,14,active
SUB007355,CUS004131,Basic,2024-10-30,2025-10-30,,646.17,13,active
SUB007356,CUS003972,Basic,2022-02-03,2023-02-03,,543.76,11,active
SUB007357,CUS001148,Professional,2022-02-27,2023-02-27,,4836.8,38,active
SUB007358,CUS003374,Basic,2021-05-13,2022-05-13,,490.9,11,active
SUB007359,CUS000123,Professional,2023-04-18,2024-04-17,,9490.22,72,active
SUB007360,CUS003646,Basic,2024-09-22,2025-09-22,,712.87,15,active
SUB007361,CUS003068,Basic,2023-10-28,2024-10-27,,564.81,12,active
SUB007362,CUS001983,Professional,2024-07-16,2025-07-16,,7779.45,63,active
SUB007363,CUS000877,Basic,2024-07-27,2025-07-27,,502.04,11,active
SUB007364,CUS004411,Basic,2024-07-07,2025-07-07,,348.54,7,active
SUB007365,CUS000161,Enterprise,2024-03-19,2025-03-19,,33983.86,105,active
SUB007366,CUS003631,Basic,2024-08-23,2025-08-23,,432.05,9,active
SUB007367,CUS000986,Basic,2024-10-01,2025-10-01,,554.49,11,active
SUB007368,CUS003727,Enterprise,2024-08-13,2025-08-13,,31292.14,105,active
SUB007369,CUS003090,Basic,2023-03-27,2024-03-26,,148.42,3,active
SUB007370,CUS003959,Basic,2024-04-29,2025-04-29,,684.4,14,active
SUB007371,CUS001402,Professional,2024-06-21,2025-06-21,,2650.64,20,active
SUB007372,CUS001661,Basic,2024-02-06,2025-02-05,,516.21,11,active
SUB007373,CUS000525,Basic,2023-02-16,2024-02-16,,344.2,7,active
SUB007374,CUS000654,Basic,2023-07-29,2024-07-28,,509.46,10,active
SUB007375,CUS002831,Enterprise,2022-03-19,2023-03-19,2022-12-15,102623.12,335,expired
SUB007376,CUS002484,Professional,2022-10-25,2023-10-25,,3653.26,28,active
SUB007377,CUS001149,Professional,2024-07-14,2025-07-14,,1682.72,13,active
SUB007378,CUS003231,Professional,2024-03-31,2025-03-31,,2292.67,18,active
SUB007379,CUS004985,Enterprise,2023-12-13,2024-12-12,,46658.76,158,active
SUB007380,CUS001162,Enterprise,2024-05-13,2025-05-13,2024-12-10,29688.19,105,cancelled
SUB007381,CUS004306,Basic,2024-03-09,2025-03-09,,598.36,12,active
SUB007382,CUS004173,Basic,2022-06-21,2023-06-21,,102.68,2,active
SUB007383,CUS001739,Basic,2024-06-20,2025-06-20,,99.01,2,active
SUB007384,CUS004396,Professional,2021-08-26,2022-08-26,,6066.53,47,active
SUB007385,CUS001427,Basic,2023-12-20,2024-12-19,,200.11,4,active
SUB007386,CUS001881,Basic,2023-04-20,2024-04-19,,680.5,15,active
SUB007387,CUS001082,Basic,2024-09-25,2025-09-25,,336.91,7,active
SUB007388,CUS003782,Basic,2024-10-14,2025-10-14,,195.49,4,active
SUB007389,CUS000456,Professional,2022-10-21,2023-10-21,2023-08-15,3517.52,29,cancelled
SUB007390,CUS003048,Professional,2021-06-22,2022-06-22,,4540.36,35,active
SUB007391,CUS001302,Professional,2024-05-07,2025-05-07,,1689.01,14,active
SUB007392,CUS001016,Basic,2022-03-08,2023-03-08,,602.22,12,active
SUB007393,CUS000018,Basic,2021-08-09,2022-08-09,2022-08-22,444.49,9,cancelled
SUB007394,CUS004858,Enterprise,2024-10-30,2025-10-30,,31482.28,106,active
SUB007395,CUS002071,Basic,2023-10-28,2024-10-27,,402.45,8,active
SUB007396,CUS001814,Professional,2023-05-12,2024-05-11,,2463.61,19,active
SUB007397,CUS003842,Professional,2024-06-27,2025-06-27,,9180.25,70,active
SUB007398,CUS002427,Enterprise,2023-07-12,2024-07-11,,103272.83,342,active
SUB007399,CUS003985,Professional,2024-03-18,2025-03-18,,5880.5,47,active
SUB007400,CUS000633,Basic,2023-09-11,2024-09-10,,361.83,7,active
SUB007401,CUS002300,Basic,2024-01-14,2025-01-13,,511.36,10,active
SUB007402,CUS000152,Professional,2024-01-06,2025-01-05,2024-05-01,2749.65,21,cancelled
SUB007403,CUS002283,Basic,2023-06-16,2024-06-15,,640.35,13,active
SUB007404,CUS003525,Basic,2022-10-08,2023-10-08,2023-08-24,653.73,13,cancelled
SUB007405,CUS001761,Enterprise,2024-09-16,2025-09-16,,101773.13,326,active
SUB007406,CUS000680,Basic,2024-06-30,2025-06-30,,104.53,2,active
SUB007407,CUS002446,Professional,2021-11-23,2022-11-23,,6707.42,53,active
SUB007408,CUS000558,Professional,2021-04-30,2022-04-30,,5883.76,44,active
SUB007409,CUS001253,Basic,2023-05-20,2024-05-19,,537.35,11,active
SUB007410,CUS000131,Basic,2024-01-24,2025-01-23,,231.2,5,active
SUB007411,CUS003896,Basic,2023-03-22,2024-03-21,,201.75,4,active
SUB007412,CUS001030,Basic,2024-09-12,2025-09-12,,463.65,9,active
SUB007413,CUS001174,Basic,2024-06-26,2025-06-26,,405.35,8,active
SUB007414,CUS003503,Professional,2024-10-02,2025-10-02,,1410.6,11,active
SUB007415,CUS002143,Professional,2022-11-17,2023-11-17,,9413.98,72,active
SUB007416,CUS001349,Basic,2022-06-20,2023-06-20,,150.6,3,active
SUB007417,CUS004473,Enterprise,2024-01-18,2025-01-17,,99428.7,326,active
SUB007418,CUS000658,Professional,2021-11-07,2022-11-07,,10226.09,76,active
SUB007419,CUS001795,Professional,2023-08-19,2024-08-18,,1998.86,15,active
SUB007420,CUS001419,Enterprise,2022-11-29,2023-11-29,,93448.67,319,active
SUB007421,CUS001336,Basic,2022-05-10,2023-05-10,,196.18,4,active
SUB007422,CUS004692,Basic,2022-05-17,2023-05-17,,288.81,6,active
SUB007423,CUS003657,Professional,2024-07-05,2025-07-05,,8043.13,62,active
SUB007424,CUS002262,Professional,2021-11-15,2022-11-15,,3014.05,25,active
SUB007425,CUS001736,Professional,2022-08-27,2023-08-27,,5921.36,43,active
SUB007426,CUS003261,Professional,2023-06-17,2024-06-16,,3262.47,26,active
SUB007427,CUS002346,Basic,2024-04-04,2025-04-04,,529.32,11,active
SUB007428,CUS004173,Basic,2021-06-06,2022-06-06,,393.14,8,active
SUB007429,CUS002476,Professional,2023-10-28,2024-10-27,,4788.41,39,active
SUB007430,CUS002365,Basic,2024-03-15,2025-03-15,,387.4,8,active
SUB007431,CUS001464,Basic,2024-02-21,2025-02-20,,295.73,6,active
SUB007432,CUS000665,Basic,2024-06-14,2025-06-14,,310.96,6,active
SUB007433,CUS000206,Basic,2024-10-26,2025-10-26,,689.41,14,active
SUB007434,CUS001452,Basic,2024-10-31,2025-10-31,,193.22,4,active
SUB007435,CUS004102,Professional,2022-09-23,2023-09-23,,7435.07,60,active
SUB007436,CUS001489,Basic,2024-08-20,2025-08-20,,737.34,14,active
SUB007437,CUS003443,Professional,2021-11-20,2022-11-20,2022-08-29,1422.81,11,cancelled
SUB007438,CUS000804,Basic,2023-12-25,2024-12-24,,147.42,3,active
SUB007439,CUS003058,Basic,2024-06-05,2025-06-05,,513.13,11,active
SUB007440,CUS001198,Professional,2024-03-31,2025-03-31,,4072.44,31,active
SUB007441,CUS000827,Professional,2024-10-04,2025-10-04,,8086.07,64,active
SUB007442,CUS000159,Basic,2024-04-03,2025-04-03,2024-11-30,669.81,13,cancelled
SUB007443,CUS003170,Enterprise,2024-10-16,2025-10-16,,67456.88,222,active
SUB007444,CUS003640,Basic,2023-08-14,2024-08-13,,689.0,14,active
SUB007445,CUS003988,Enterprise,2024-08-15,2025-08-15,,84691.59,297,active
SUB007446,CUS004601,Basic,2022-10-15,2023-10-15,,195.33,4,active
SUB007447,CUS000619,Professional,2022-09-09,2023-09-09,,9346.53,73,active
SUB007448,CUS004712,Basic,2024-03-06,2025-03-06,,541.32,11,active
SUB007449,CUS004188,Professional,2024-10-16,2025-10-16,,8167.16,68,active
SUB007450,CUS004941,Enterprise,2024-05-01,2025-05-01,,59922.65,207,active
SUB007451,CUS003594,Basic,2023-04-07,2024-04-06,,192.6,4,active
SUB007452,CUS004106,Basic,2023-05-30,2024-05-29,,648.15,13,active
SUB007453,CUS001688,Professional,2023-12-22,2024-12-21,,5292.51,44,active
SUB007454,CUS000251,Professional,2021-07-19,2022-07-19,,2975.25,22,active
SUB007455,CUS003268,Professional,2023-09-14,2024-09-13,2024-06-01,2422.93,18,cancelled
SUB007456,CUS000092,Basic,2023-01-29,2024-01-29,,189.18,4,active
SUB007457,CUS003010,Professional,2024-08-03,2025-08-03,,1401.48,10,active
SUB007458,CUS002675,Basic,2023-01-11,2024-01-11,,296.45,6,active
SUB007459,CUS003511,Professional,2024-08-08,2025-08-08,,7581.98,59,active
SUB007460,CUS004930,Professional,2024-02-20,2025-02-19,,5794.02,44,active
SUB007461,CUS002448,Professional,2023-11-19,2024-11-18,,8769.48,67,active
SUB007462,CUS004905,Basic,2024-01-21,2025-01-20,,639.61,13,active
SUB007463,CUS001725,Professional,2024-09-09,2025-09-09,,4840.03,39,active
SUB007464,CUS003844,Enterprise,2023-10-01,2024-09-30,,87444.2,297,active
SUB007465,CUS001046,Basic,2022-04-27,2023-04-27,,297.68,6,active
SUB007466,CUS003361,Basic,2024-09-12,2025-09-12,,252.15,5,active
SUB007467,CUS002368,Basic,2024-05-14,2025-05-14,,257.34,5,active
SUB007468,CUS002906,Basic,2024-01-11,2025-01-10,,289.3,6,active
SUB007469,CUS003170,Professional,2024-09-04,2025-09-04,,2975.23,23,active
SUB007470,CUS001737,Basic,2023-11-24,2024-11-23,,526.54,11,active
SUB007471,CUS004452,Professional,2022-12-12,2023-12-12,2024-01-05,1875.14,14,cancelled
SUB007472,CUS002598,Basic,2024-05-10,2025-05-10,,242.33,5,active
SUB007473,CUS003929,Basic,2022-10-28,2023-10-28,2023-08-31,383.93,8,cancelled
SUB007474,CUS003600,Basic,2022-01-29,2023-01-29,,736.59,15,active
SUB007475,CUS002657,Basic,2023-01-09,2024-01-09,2023-07-04,645.83,14,cancelled
SUB007476,CUS000395,Basic,2022-08-22,2023-08-22,,99.86,2,active
SUB007477,CUS002059,Professional,2024-01-26,2025-01-25,,8166.48,64,active
SUB007478,CUS000096,Professional,2022-10-13,2023-10-13,2024-06-11,9197.21,65,cancelled
SUB007479,CUS001700,Enterprise,2024-08-26,2025-08-26,,29253.05,100,active
SUB007480,CUS000912,Basic,2024-03-16,2025-03-16,,728.12,15,active
SUB007481,CUS003216,Basic,2024-02-18,2025-02-17,,608.93,12,active
SUB007482,CUS003943,Professional,2023-08-01,2024-07-31,,9542.21,72,active
SUB007483,CUS002383,Professional,2024-04-07,2025-04-07,,5614.44,42,active
SUB007484,CUS002897,Basic,2023-05-01,2024-04-30,,485.2,10,active
SUB007485,CUS003839,Professional,2024-06-12,2025-06-12,,6810.18,55,active
SUB007486,CUS002291,Basic,2022-07-15,2023-07-15,,642.91,12,active
SUB007487,CUS004509,Professional,2021-10-22,2022-10-22,,7091.89,54,active
SUB007488,CUS002245,Basic,2024-05-20,2025-05-20,,543.26,11,active
SUB007489,CUS003803,Professional,2024-03-24,2025-03-24,,9815.23,74,active
SUB007490,CUS004485,Professional,2023-02-27,2024-02-27,,1231.16,10,active
SUB007491,CUS004493,Enterprise,2023-07-05,2024-07-04,,114747.12,390,active
SUB007492,CUS000877,Professional,2023-05-16,2024-05-15,2024-10-11,3977.31,32,cancelled
SUB007493,CUS001809,Basic,2024-10-29,2025-10-29,,197.15,4,active
SUB007494,CUS001916,Basic,2023-11-16,2024-11-15,,326.46,7,active
SUB007495,CUS002699,Professional,2021-07-22,2022-07-22,,9242.94,70,active
SUB007496,CUS004939,Enterprise,2023-12-30,2024-12-29,,87810.77,282,active
SUB007497,CUS003333,Professional,2024-10-22,2025-10-22,,4696.21,35,active
SUB007498,CUS000267,Professional,2023-12-07,2024-12-06,,2619.77,20,active
SUB007499,CUS002452,Basic,2023-11-03,2024-11-02,,394.64,8,active
SUB007500,CUS001792,Basic,2024-08-27,2025-08-27,,579.4,12,active
SUB007501,CUS000078,Professional,2022-07-30,2023-07-30,,3537.68,27,active
SUB007502,CUS003719,Basic,2024-01-23,2025-01-22,,195.25,4,active
SUB007503,CUS001040,Basic,2024-09-21,2025-09-21,,503.73,11,active
SUB007504,CUS001723,Basic,2023-10-29,2024-10-28,,479.42,10,active
SUB007505,CUS002215,Professional,2021-06-01,2022-06-01,,1458.35,11,active
SUB007506,CUS002952,Professional,2024-07-07,2025-07-07,,4213.19,34,active
SUB007507,CUS001335,Professional,2024-08-09,2025-08-09,,5819.94,47,active
SUB007508,CUS003390,Professional,2022-08-29,2023-08-29,2023-11-18,1280.98,10,expired
SUB007509,CUS003548,Enterprise,2023-11-26,2024-11-25,,21551.59,78,active
SUB007510,CUS002895,Professional,2024-06-28,2025-06-28,,10318.94,78,active
SUB007511,CUS003405,Enterprise,2024-08-05,2025-08-05,,29653.87,97,active
SUB007512,CUS001908,Enterprise,2023-10-07,2024-10-06,,97307.33,315,active
SUB007513,CUS001498,Basic,2023-08-31,2024-08-30,,691.31,14,active
SUB007514,CUS000303,Professional,2024-05-03,2025-05-03,,4129.92,33,active
SUB007515,CUS001376,Basic,2024-09-14,2025-09-14,,93.78,2,active
SUB007516,CUS003664,Enterprise,2022-05-23,2023-05-23,,126173.02,414,active
SUB007517,CUS002161,Professional,2022-06-01,2023-06-01,2023-10-06,3305.76,25,cancelled
SUB007518,CUS002844,Professional,2024-02-05,2025-02-04,,6817.68,55,active
SUB007519,CUS003546,Professional,2024-05-18,2025-05-18,,7524.55,61,active
SUB007520,CUS003210,Enterprise,2024-02-27,2025-02-26,,58564.96,196,active
SUB007521,CUS001172,Basic,2024-08-18,2025-08-18,,738.51,15,active
SUB007522,CUS002062,Basic,2022-02-18,2023-02-18,,404.83,8,active
SUB007523,CUS002922,Basic,2023-12-28,2024-12-27,,200.54,4,active
SUB007524,CUS001425,Basic,2024-01-06,2025-01-05,,342.04,7,active
SUB007525,CUS002661,Professional,2024-07-23,2025-07-23,,8956.25,67,active
SUB007526,CUS003822,Basic,2024-07-21,2025-07-21,,96.8,2,active
SUB007527,CUS002425,Enterprise,2024-10-27,2025-10-27,,110322.58,373,active
SUB007528,CUS004991,Basic,2021-07-14,2022-07-14,,252.27,5,active
SUB007529,CUS004074,Basic,2024-05-25,2025-05-25,,506.42,10,active
SUB007530,CUS000871,Professional,2023-04-10,2024-04-09,2024-04-12,10541.88,79,cancelled
SUB007531,CUS002654,Basic,2024-08-12,2025-08-12,,292.15,6,active
SUB007532,CUS003473,Professional,2023-01-19,2024-01-19,,4138.35,32,active
SUB007533,CUS001805,Enterprise,2023-05-03,2024-05-02,,33052.43,114,active
SUB007534,CUS001897,Enterprise,2022-08-21,2023-08-21,2023-09-04,111955.71,363,cancelled
SUB007535,CUS004186,Enterprise,2024-03-28,2025-03-28,,84915.47,290,active
SUB007536,CUS000397,Enterprise,2024-10-30,2025-10-30,,86490.95,311,active
SUB007537,CUS001466,Professional,2023-09-25,2024-09-24,,1778.12,14,active
SUB007538,CUS004231,Basic,2024-10-20,2025-10-20,,332.73,7,active
SUB007539,CUS004627,Basic,2022-12-13,2023-12-13,,310.5,7,active
SUB007540,CUS000098,Professional,2024-08-29,2025-08-29,,9986.45,79,active
SUB007541,CUS002266,Basic,2023-09-13,2024-09-12,,151.03,3,active
SUB007542,CUS003153,Basic,2023-07-20,2024-07-19,2024-11-14,447.39,9,expired
SUB007543,CUS000756,Professional,2022-09-16,2023-09-16,2023-03-21,7458.98,57,cancelled
SUB007544,CUS000965,Basic,2021-12-11,2022-12-11,,308.67,6,active
SUB007545,CUS003688,Basic,2023-02-18,2024-02-18,,336.05,7,active
SUB007546,CUS003103,Professional,2024-08-03,2025-08-03,,3219.54,26,active
SUB007547,CUS001055,Basic,2024-08-03,2025-08-03,,548.32,11,active
SUB007548,CUS004753,Basic,2023-10-10,2024-10-09,,446.51,9,active
SUB007549,CUS004714,Professional,2024-08-16,2025-08-16,,1972.53,16,active
SUB007550,CUS003290,Basic,2022-12-09,2023-12-09,,97.4,2,active
SUB007551,CUS004157,Basic,2023-05-12,2024-05-11,,199.69,4,active
SUB007552,CUS004121,Professional,2021-12-03,2022-12-03,,7423.72,57,active
SUB007553,CUS004549,Basic,2022-01-18,2023-01-18,2023-01-29,552.81,11,expired
SUB007554,CUS002115,Professional,2022-11-24,2023-11-24,,3023.16,24,active
SUB007555,CUS001588,Professional,2024-09-28,2025-09-28,,7968.73,65,active
SUB007556,CUS004910,Enterprise,2022-10-25,2023-10-25,,30391.42,105,active
SUB007557,CUS001506,Basic,2024-03-15,2025-03-15,2024-09-20,201.93,4,cancelled
SUB007558,CUS003410,Professional,2022-09-17,2023-09-17,,4411.31,33,active
SUB007559,CUS000458,Enterprise,2024-10-18,2025-10-18,,37155.85,125,active
SUB007560,CUS001927,Basic,2021-10-12,2022-10-12,2022-09-03,773.91,15,cancelled
SUB007561,CUS004408,Basic,2024-08-10,2025-08-10,,682.11,14,active
SUB007562,CUS001586,Basic,2024-05-10,2025-05-10,,336.85,7,active
SUB007563,CUS002825,Enterprise,2022-08-20,2023-08-20,,61963.16,218,active
SUB007564,CUS004831,Professional,2024-08-01,2025-08-01,,9906.68,77,active
SUB007565,CUS000593,Professional,2024-10-21,2025-10-21,,8562.44,64,active
SUB007566,CUS000033,Professional,2024-10-21,2025-10-21,,2020.91,15,active
SUB007567,CUS002815,Enterprise,2024-09-04,2025-09-04,,30398.62,98,active
SUB007568,CUS004370,Basic,2024-07-18,2025-07-18,,349.0,7,active
SUB007569,CUS003368,Enterprise,2024-10-10,2025-10-10,,67246.19,213,active
SUB007570,CUS000513,Basic,2023-12-19,2024-12-18,,142.02,3,active
SUB007571,CUS003621,Enterprise,2023-10-26,2024-10-25,,92174.75,296,active
SUB007572,CUS003492,Professional,2024-09-05,2025-09-05,,8597.81,66,active
SUB007573,CUS002330,Basic,2024-03-23,2025-03-23,2024-09-18,493.61,10,cancelled
SUB007574,CUS003906,Basic,2021-03-20,2022-03-20,2022-04-03,605.27,13,cancelled
SUB007575,CUS001038,Basic,2024-02-05,2025-02-04,,595.02,12,active
SUB007576,CUS002205,Professional,2024-09-22,2025-09-22,,8723.68,65,active
SUB007577,CUS002725,Professional,2024-07-13,2025-07-13,,4178.61,35,active
SUB007578,CUS000262,Professional,2024-09-11,2025-09-11,,7425.15,56,active
SUB007579,CUS001137,Enterprise,2024-10-29,2025-10-29,,37411.79,136,active
SUB007580,CUS004287,Enterprise,2023-04-13,2024-04-12,,17334.19,61,active
SUB007581,CUS001263,Basic,2024-09-04,2025-09-04,,341.87,7,active
SUB007582,CUS004361,Enterprise,2021-11-13,2022-11-13,,92459.97,293,active
SUB007583,CUS000346,Basic,2024-06-09,2025-06-09,,341.46,7,active
SUB007584,CUS001978,Basic,2024-09-30,2025-09-30,,448.25,9,active
SUB007585,CUS003721,Basic,2024-07-13,2025-07-13,,332.08,7,active
SUB007586,CUS001564,Professional,2024-05-01,2025-05-01,,9993.58,78,active
SUB007587,CUS002573,Basic,2024-05-25,2025-05-25,,537.96,11,active
SUB007588,CUS002093,Professional,2024-02-09,2025-02-08,2024-07-12,10635.76,78,cancelled
SUB007589,CUS000738,Professional,2024-02-23,2025-02-22,,5904.42,47,active
SUB007590,CUS003724,Professional,2024-10-24,2025-10-24,,2394.45,19,active
SUB007591,CUS004308,Enterprise,2022-10-10,2023-10-10,,108904.41,351,active
SUB007592,CUS000891,Enterprise,2024-04-21,2025-04-21,,107302.97,362,active
SUB007593,CUS004860,Basic,2024-01-19,2025-01-18,,590.33,12,active
SUB007594,CUS002162,Basic,2024-02-29,2025-02-28,,397.97,8,active
SUB007595,CUS000018,Professional,2022-10-19,2023-10-19,,3279.28,26,active
SUB007596,CUS001657,Professional,2024-09-11,2025-09-11,,7543.22,63,active
SUB007597,CUS001845,Professional,2022-06-04,2023-06-04,,6558.86,49,active
SUB007598,CUS001111,Basic,2023-05-26,2024-05-25,,442.79,9,active
SUB007599,CUS001976,Professional,2024-10-30,2025-10-30,,4806.14,39,active
SUB007600,CUS000415,Professional,2023-01-21,2024-01-21,,7553.25,57,active
SUB007601,CUS003364,Basic,2023-01-10,2024-01-10,2023-06-07,734.24,14,expired
SUB007602,CUS000199,Professional,2022-05-13,2023-05-13,,9541.31,71,active
SUB007603,CUS003857,Enterprise,2023-10-21,2024-10-20,,125423.82,391,active
SUB007604,CUS000323,Enterprise,2022-07-30,2023-07-30,2022-10-17,107592.9,376,cancelled
SUB007605,CUS003678,Professional,2023-05-10,2024-05-09,,5595.45,43,active
SUB007606,CUS002589,Basic,2024-10-29,2025-10-29,,744.13,15,active
SUB007607,CUS004214,Professional,2024-02-12,2025-02-11,2024-07-27,8864.62,69,cancelled
SUB007608,CUS003235,Enterprise,2022-01-14,2023-01-14,,116159.07,393,active
SUB007609,CUS000597,Professional,2021-06-29,2022-06-29,2024-06-11,1156.38,10,cancelled
SUB007610,CUS002639,Basic,2024-01-06,2025-01-05,,259.51,5,active
SUB007611,CUS002497,Basic,2023-06-21,2024-06-20,,277.36,6,active
SUB007612,CUS000133,Basic,2021-12-06,2022-12-06,,303.3,6,active
SUB007613,CUS001863,Basic,2024-10-07,2025-10-07,,735.28,15,active
SUB007614,CUS003645,Basic,2022-11-20,2023-11-20,,146.84,3,active
SUB007615,CUS000802,Professional,2024-09-28,2025-09-28,,2433.37,19,active
SUB007616,CUS001334,Basic,2022-04-04,2023-04-04,,592.1,12,active
SUB007617,CUS004269,Enterprise,2021-04-07,2022-04-07,,79177.79,259,active
SUB007618,CUS003651,Basic,2023-11-27,2024-11-26,,151.9,3,active
SUB007619,CUS000651,Professional,2024-02-11,2025-02-10,,5779.42,45,active
SUB007620,CUS000523,Basic,2023-12-06,2024-12-05,,328.53,7,active
SUB007621,CUS003002,Enterprise,2022-12-18,2023-12-18,,108975.67,381,active
SUB007622,CUS004104,Enterprise,2022-02-20,2023-02-20,2022-12-11,85834.66,277,cancelled
SUB007623,CUS003652,Basic,2023-01-07,2024-01-07,,436.81,9,active
SUB007624,CUS004727,Professional,2024-03-04,2025-03-04,,8954.86,72,active
SUB007625,CUS002255,Basic,2022-02-16,2023-02-16,,238.64,5,active
SUB007626,CUS000826,Basic,2024-10-09,2025-10-09,,586.07,12,active
SUB007627,CUS003749,Basic,2024-09-17,2025-09-17,,234.0,5,active
SUB007628,CUS003815,Enterprise,2024-07-04,2025-07-04,,110808.1,371,active
SUB007629,CUS000304,Basic,2024-05-13,2025-05-13,,358.04,7,active
SUB007630,CUS004959,Basic,2022-11-07,2023-11-07,,390.37,8,active
SUB007631,CUS000279,Basic,2024-10-22,2025-10-22,,551.62,12,active
SUB007632,CUS004315,Professional,2024-06-13,2025-06-13,2024-09-17,1462.1,11,expired
SUB007633,CUS002016,Enterprise,2024-04-28,2025-04-28,,66782.9,215,active
SUB007634,CUS001791,Basic,2024-06-28,2025-06-28,,611.93,12,active
SUB007635,CUS000490,Professional,2022-09-20,2023-09-20,,6204.78,48,active
SUB007636,CUS000761,Basic,2023-05-15,2024-05-14,2024-06-30,423.99,8,cancelled
SUB007637,CUS000816,Enterprise,2024-08-23,2025-08-23,,38337.74,125,active
SUB007638,CUS002465,Enterprise,2023-02-24,2024-02-24,2023-10-31,57470.15,174,cancelled
SUB007639,CUS003453,Basic,2023-11-17,2024-11-16,,615.82,12,active
SUB007640,CUS003033,Professional,2024-07-14,2025-07-14,,9812.02,73,active
SUB007641,CUS001864,Basic,2024-07-11,2025-07-11,,191.73,4,active
SUB007642,CUS004277,Enterprise,2021-06-03,2022-06-03,,87880.06,304,active
SUB007643,CUS004598,Basic,2024-01-09,2025-01-08,,442.78,9,active
SUB007644,CUS004055,Professional,2021-04-23,2022-04-23,2024-05-11,1537.57,12,cancelled
SUB007645,CUS000782,Enterprise,2023-09-28,2024-09-27,,65129.08,222,active
SUB007646,CUS003256,Basic,2024-10-28,2025-10-28,,195.11,4,active
SUB007647,CUS001379,Basic,2021-09-02,2022-09-02,,729.91,15,active
SUB007648,CUS003494,Enterprise,2022-01-15,2023-01-15,,30107.0,103,active
SUB007649,CUS003128,Professional,2024-04-30,2025-04-30,,6466.39,49,active
SUB007650,CUS004244,Basic,2024-05-19,2025-05-19,,286.27,6,active
SUB007651,CUS002113,Professional,2021-11-20,2022-11-20,2022-11-02,10046.81,78,cancelled
SUB007652,CUS002243,Professional,2022-04-27,2023-04-27,,9263.77,75,active
SUB007653,CUS001473,Enterprise,2024-08-20,2025-08-20,,46507.35,155,active
SUB007654,CUS001478,Basic,2024-04-20,2025-04-20,,296.07,6,active
SUB007655,CUS003558,Professional,2022-09-20,2023-09-20,,2867.17,23,active
SUB007656,CUS001393,Basic,2022-10-06,2023-10-06,,196.48,4,active
SUB007657,CUS002898,Professional,2023-12-16,2024-12-15,,8870.53,69,active
SUB007658,CUS001962,Basic,2022-08-24,2023-08-24,2023-04-21,674.94,14,cancelled
SUB007659,CUS000614,Professional,2023-06-24,2024-06-23,,1269.62,10,active
SUB007660,CUS003873,Basic,2021-03-10,2022-03-10,,298.61,6,active
SUB007661,CUS003327,Professional,2024-06-26,2025-06-26,,2840.81,22,active
SUB007662,CUS003943,Basic,2023-10-25,2024-10-24,2024-05-11,405.14,8,cancelled
SUB007663,CUS003061,Professional,2024-09-30,2025-09-30,,3978.27,32,active
SUB007664,CUS004526,Professional,2022-12-10,2023-12-10,,6023.2,47,active
SUB007665,CUS004286,Basic,2024-04-24,2025-04-24,,143.84,3,active
SUB007666,CUS000292,Basic,2024-07-26,2025-07-26,2024-12-22,441.93,9,cancelled
SUB007667,CUS000724,Enterprise,2023-12-18,2024-12-17,,60967.02,202,active
SUB007668,CUS000161,Enterprise,2024-01-10,2025-01-09,,71371.19,249,active
SUB007669,CUS000645,Professional,2024-05-26,2025-05-26,,4872.07,37,active
SUB007670,CUS002328,Professional,2024-09-24,2025-09-24,,10407.38,75,active
SUB007671,CUS000839,Basic,2022-01-26,2023-01-26,,246.46,5,active
SUB007672,CUS000990,Professional,2024-06-11,2025-06-11,,6879.5,55,active
SUB007673,CUS000061,Basic,2023-03-26,2024-03-25,,145.5,3,active
SUB007674,CUS001207,Professional,2023-12-02,2024-12-01,2024-06-13,4718.85,37,cancelled
SUB007675,CUS001832,Basic,2024-10-03,2025-10-03,,143.57,3,active
SUB007676,CUS004529,Basic,2023-03-29,2024-03-28,,452.16,9,active
SUB007677,CUS001139,Basic,2023-06-10,2024-06-09,2024-05-31,275.24,6,cancelled
SUB007678,CUS002586,Basic,2021-10-02,2022-10-02,2023-01-31,544.14,11,cancelled
SUB007679,CUS003202,Enterprise,2024-04-18,2025-04-18,,78438.72,251,active
SUB007680,CUS001665,Basic,2023-09-16,2024-09-15,,204.41,4,active
SUB007681,CUS000686,Basic,2024-10-14,2025-10-14,,558.33,11,active
SUB007682,CUS004652,Professional,2021-01-01,2022-01-01,,4788.75,38,active
SUB007683,CUS003183,Basic,2022-06-25,2023-06-25,,257.5,5,active
SUB007684,CUS003585,Professional,2024-10-23,2025-10-23,,8231.28,63,active
SUB007685,CUS003067,Basic,2024-09-01,2025-09-01,,411.53,8,active
SUB007686,CUS000325,Basic,2022-07-13,2023-07-13,,101.71,2,active
SUB007687,CUS003054,Professional,2021-02-19,2022-02-19,,8738.11,67,active
SUB007688,CUS002156,Professional,2023-10-31,2024-10-30,2024-04-13,4348.43,34,cancelled
SUB007689,CUS003993,Professional,2024-03-04,2025-03-04,,10196.2,73,active
SUB007690,CUS004665,Enterprise,2022-07-02,2023-07-02,,76261.62,272,active
SUB007691,CUS000408,Basic,2023-02-11,2024-02-11,,730.54,15,active
SUB007692,CUS001075,Professional,2023-08-07,2024-08-06,,6378.04,52,active
SUB007693,CUS003032,Basic,2023-05-21,2024-05-20,2024-01-21,541.21,11,cancelled
SUB007694,CUS001049,Basic,2022-06-08,2023-06-08,,644.95,13,active
SUB007695,CUS004782,Basic,2024-04-29,2025-04-29,,478.97,10,active
SUB007696,CUS001339,Professional,2024-09-02,2025-09-02,,6827.58,54,active
SUB007697,CUS001310,Professional,2023-12-13,2024-12-12,,4060.24,33,active
SUB007698,CUS001844,Basic,2024-09-28,2025-09-28,,248.88,5,active
SUB007699,CUS004656,Enterprise,2022-05-19,2023-05-19,,111177.3,378,active
SUB007700,CUS000905,Basic,2021-12-04,2022-12-04,,149.17,3,active
SUB007701,CUS002192,Basic,2024-08-06,2025-08-06,,288.61,6,active
SUB007702,CUS004162,Enterprise,2024-08-16,2025-08-16,,94095.03,312,active
SUB007703,CUS003739,Basic,2024-06-12,2025-06-12,,150.81,3,active
SUB007704,CUS003795,Basic,2023-10-06,2024-10-05,,199.28,4,active
SUB007705,CUS001817,Professional,2023-11-20,2024-11-19,,5068.09,39,active
SUB007706,CUS000784,Professional,2024-07-26,2025-07-26,2024-12-10,2699.2,21,cancelled
SUB007707,CUS000120,Professional,2024-10-15,2025-10-15,,2885.4,22,active
SUB007708,CUS003188,Basic,2023-08-09,2024-08-08,,95.93,2,active
SUB007709,CUS002361,Basic,2024-08-04,2025-08-04,,729.97,15,active
SUB007710,CUS003966,Basic,2023-06-09,2024-06-08,,297.57,6,active
SUB007711,CUS004481,Professional,2022-05-21,2023-05-21,,4350.09,32,active
SUB007712,CUS004319,Basic,2023-07-05,2024-07-04,,191.8,4,active
SUB007713,CUS000682,Basic,2024-06-28,2025-06-28,2024-12-02,712.23,15,cancelled
SUB007714,CUS003053,Enterprise,2024-03-12,2025-03-12,,45599.69,151,active
SUB007715,CUS004540,Basic,2024-03-21,2025-03-21,,561.77,11,active
SUB007716,CUS004974,Basic,2023-10-30,2024-10-29,,151.18,3,active
SUB007717,CUS002408,Professional,2023-04-16,2024-04-15,2024-08-14,4002.06,31,cancelled
SUB007718,CUS004334,Professional,2022-07-26,2023-07-26,2023-12-12,8610.16,64,cancelled
SUB007719,CUS003375,Professional,2023-04-09,2024-04-08,,2416.54,20,active
SUB007720,CUS001527,Professional,2024-10-27,2025-10-27,,2938.47,22,active
SUB007721,CUS003105,Basic,2022-10-01,2023-10-01,,726.92,15,active
SUB007722,CUS002871,Basic,2024-09-24,2025-09-24,,651.05,13,active
SUB007723,CUS002078,Enterprise,2023-02-03,2024-02-03,,77077.58,249,active
SUB007724,CUS000962,Basic,2024-10-13,2025-10-13,,246.66,5,active
SUB007725,CUS001112,Basic,2024-08-07,2025-08-07,,589.44,12,active
SUB007726,CUS004556,Basic,2023-04-28,2024-04-27,2024-05-02,531.61,11,cancelled
SUB007727,CUS001293,Professional,2024-09-01,2025-09-01,,6285.31,46,active
SUB007728,CUS002125,Basic,2022-10-25,2023-10-25,,743.86,15,active
SUB007729,CUS001558,Basic,2023-12-27,2024-12-26,,493.81,10,active
SUB007730,CUS003815,Enterprise,2024-06-12,2025-06-12,,59811.3,190,active
SUB007731,CUS003109,Basic,2024-09-05,2025-09-05,,336.97,7,active
SUB007732,CUS003541,Basic,2023-09-07,2024-09-06,,388.57,8,active
SUB007733,CUS001188,Basic,2023-09-23,2024-09-22,,151.82,3,active
SUB007734,CUS003783,Professional,2021-05-11,2022-05-11,,9316.76,68,active
SUB007735,CUS004001,Professional,2024-07-13,2025-07-13,,2971.62,23,active
SUB007736,CUS001151,Professional,2023-10-12,2024-10-11,2024-08-07,9282.93,71,expired
SUB007737,CUS000902,Basic,2024-03-06,2025-03-06,,138.83,3,active
SUB007738,CUS002322,Professional,2022-07-11,2023-07-11,2023-01-10,7548.19,56,cancelled
SUB007739,CUS001601,Basic,2023-05-31,2024-05-30,,141.43,3,active
SUB007740,CUS002657,Professional,2024-08-20,2025-08-20,,3164.11,25,active
SUB007741,CUS000179,Basic,2023-04-09,2024-04-08,,345.26,7,active
SUB007742,CUS003891,Professional,2024-01-30,2025-01-29,,3656.02,29,active
SUB007743,CUS002819,Enterprise,2022-11-01,2023-11-01,,20066.61,72,active
SUB007744,CUS004048,Basic,2021-12-30,2022-12-30,,93.76,2,active
SUB007745,CUS004330,Enterprise,2022-05-26,2023-05-26,,97809.85,326,active
SUB007746,CUS000908,Professional,2022-05-08,2023-05-08,,2986.63,22,active
SUB007747,CUS002729,Enterprise,2023-09-07,2024-09-06,,48955.35,156,active
SUB007748,CUS004626,Professional,2021-07-31,2022-07-31,2024-04-05,2091.6,16,cancelled
SUB007749,CUS002955,Professional,2024-10-20,2025-10-20,,4410.06,34,active
SUB007750,CUS003949,Basic,2021-08-02,2022-08-02,,554.05,11,active
SUB007751,CUS002186,Basic,2024-05-17,2025-05-17,,461.46,9,active
SUB007752,CUS001411,Professional,2022-10-23,2023-10-23,,4922.08,38,active
SUB007753,CUS000200,Basic,2023-11-11,2024-11-10,,738.9,15,active
SUB007754,CUS003937,Basic,2024-04-29,2025-04-29,,98.7,2,active
SUB007755,CUS003824,Professional,2024-04-07,2025-04-07,,9616.2,72,active
SUB007756,CUS001432,Professional,2022-04-15,2023-04-15,2024-04-26,1965.14,16,cancelled
SUB007757,CUS002875,Enterprise,2024-03-24,2025-03-24,,34404.72,115,active
SUB007758,CUS000659,Basic,2022-01-07,2023-01-07,,248.44,5,active
SUB007759,CUS003167,Professional,2024-06-01,2025-06-01,,4456.72,37,active
SUB007760,CUS003518,Basic,2021-12-02,2022-12-02,2022-12-11,455.16,9,cancelled
SUB007761,CUS002668,Basic,2022-08-31,2023-08-31,,254.23,5,active
SUB007762,CUS002189,Enterprise,2024-06-21,2025-06-21,,19225.74,69,active
SUB007763,CUS000064,Professional,2023-10-11,2024-10-10,,2669.81,21,active
SUB007764,CUS002089,Professional,2024-10-18,2025-10-18,,4964.07,39,active
SUB007765,CUS002894,Basic,2024-08-29,2025-08-29,,474.76,10,active
SUB007766,CUS002248,Professional,2024-08-20,2025-08-20,,2386.58,19,active
SUB007767,CUS002127,Professional,2024-01-10,2025-01-09,,8105.04,64,active
SUB007768,CUS001793,Enterprise,2023-11-06,2024-11-05,,99554.88,326,active
SUB007769,CUS002382,Basic,2024-05-19,2025-05-19,,767.09,15,active
SUB007770,CUS004333,Basic,2023-09-21,2024-09-20,,549.41,11,active
SUB007771,CUS004075,Enterprise,2023-05-04,2024-05-03,,40810.54,141,active
SUB007772,CUS002943,Professional,2023-12-14,2024-12-13,2024-06-12,3977.15,30,cancelled
SUB007773,CUS000157,Basic,2024-04-19,2025-04-19,,700.5,14,active
SUB007774,CUS004426,Basic,2023-10-04,2024-10-03,,131.91,3,active
SUB007775,CUS002257,Basic,2023-02-19,2024-02-19,,664.64,13,active
SUB007776,CUS002910,Professional,2023-09-11,2024-09-10,,5961.73,46,active
SUB007777,CUS004005,Professional,2024-08-24,2025-08-24,,3893.12,30,active
SUB007778,CUS004915,Professional,2024-08-23,2025-08-23,,9205.94,76,active
SUB007779,CUS004406,Professional,2023-02-20,2024-02-20,,10221.51,75,active
SUB007780,CUS001605,Enterprise,2022-02-20,2023-02-20,,34790.53,115,active
SUB007781,CUS001713,Basic,2023-08-17,2024-08-16,,503.29,10,active
SUB007782,CUS000283,Professional,2024-04-22,2025-04-22,,2337.44,19,active
SUB007783,CUS000699,Basic,2023-06-27,2024-06-26,,349.14,7,active
SUB007784,CUS002145,Enterprise,2023-07-05,2024-07-04,,113907.06,374,active
SUB007785,CUS001901,Professional,2021-12-05,2022-12-05,,3848.93,30,active
SUB007786,CUS002128,Professional,2021-09-23,2022-09-23,,5911.74,48,active
SUB007787,CUS001990,Professional,2024-03-05,2025-03-05,,3475.51,27,active
SUB007788,CUS004018,Basic,2023-10-11,2024-10-10,2024-04-01,236.81,5,cancelled
SUB007789,CUS004445,Professional,2022-05-02,2023-05-02,,2894.49,23,active
SUB007790,CUS004332,Basic,2023-11-14,2024-11-13,,560.88,11,active
SUB007791,CUS004663,Professional,2021-08-08,2022-08-08,,1811.48,14,active
SUB007792,CUS002446,Professional,2022-05-01,2023-05-01,,4244.95,33,active
SUB007793,CUS001975,Professional,2023-10-01,2024-09-30,,4824.02,39,active
SUB007794,CUS004904,Basic,2024-02-03,2025-02-02,,440.29,9,active
SUB007795,CUS002022,Professional,2023-11-18,2024-11-17,,7570.99,59,active
SUB007796,CUS002234,Professional,2022-07-11,2023-07-11,,9840.86,79,active
SUB007797,CUS001609,Basic,2024-08-06,2025-08-06,,457.75,9,active
SUB007798,CUS000903,Basic,2024-01-28,2025-01-27,,558.57,11,active
SUB007799,CUS000547,Enterprise,2023-03-12,2024-03-11,,99195.17,341,active
SUB007800,CUS002137,Basic,2024-04-26,2025-04-26,,347.75,7,active
SUB007801,CUS001463,Professional,2024-04-10,2025-04-10,2024-10-14,2895.24,24,cancelled
SUB007802,CUS003366,Enterprise,2024-07-18,2025-07-18,,69233.66,229,active
SUB007803,CUS001679,Basic,2024-09-29,2025-09-29,,100.68,2,active
SUB007804,CUS001987,Professional,2023-06-28,2024-06-27,2024-11-16,2974.34,24,cancelled
SUB007805,CUS001341,Enterprise,2024-07-16,2025-07-16,,64617.95,216,active
SUB007806,CUS003001,Professional,2024-01-21,2025-01-20,,7126.69,55,active
SUB007807,CUS000068,Basic,2022-03-16,2023-03-16,2023-02-03,107.91,2,cancelled
SUB007808,CUS004084,Basic,2024-09-02,2025-09-02,,213.7,4,active
SUB007809,CUS002461,Professional,2022-09-15,2023-09-15,,10044.92,77,active
SUB007810,CUS002058,Basic,2023-09-08,2024-09-07,,239.31,5,active
SUB007811,CUS000992,Enterprise,2024-04-10,2025-04-10,,91070.59,302,active
SUB007812,CUS002771,Basic,2024-02-23,2025-02-22,,713.04,14,active
SUB007813,CUS001813,Basic,2024-05-23,2025-05-23,,230.65,5,active
SUB007814,CUS004735,Basic,2024-05-05,2025-05-05,2024-08-03,272.48,6,cancelled
SUB007815,CUS003126,Basic,2022-12-13,2023-12-13,,94.07,2,active
SUB007816,CUS003296,Professional,2021-10-13,2022-10-13,,7814.08,59,active
SUB007817,CUS001886,Enterprise,2023-09-08,2024-09-07,,74128.7,241,active
SUB007818,CUS003235,Enterprise,2022-09-17,2023-09-17,,61332.98,202,active
SUB007819,CUS001121,Professional,2024-08-16,2025-08-16,,5226.59,39,active
SUB007820,CUS001576,Professional,2021-03-03,2022-03-03,2022-04-22,5255.39,41,cancelled
SUB007821,CUS001081,Professional,2024-02-06,2025-02-05,,9199.92,72,active
SUB007822,CUS002184,Basic,2022-07-23,2023-07-23,,446.94,9,active
SUB007823,CUS000642,Professional,2024-02-25,2025-02-24,,5332.33,39,active
SUB007824,CUS000411,Basic,2023-09-27,2024-09-26,,347.94,7,active
SUB007825,CUS003109,Professional,2024-09-08,2025-09-08,,2442.79,19,active
SUB007826,CUS002148,Professional,2021-10-27,2022-10-27,2022-03-02,4186.2,32,cancelled
SUB007827,CUS000542,Professional,2024-04-01,2025-04-01,,6500.36,48,active
SUB007828,CUS003740,Enterprise,2021-09-21,2022-09-21,,77941.9,264,active
SUB007829,CUS002185,Basic,2024-10-18,2025-10-18,,482.32,10,active
SUB007830,CUS003771,Basic,2024-06-02,2025-06-02,,626.43,13,active
SUB007831,CUS003315,Basic,2024-05-05,2025-05-05,,201.59,4,active
SUB007832,CUS001218,Enterprise,2024-09-01,2025-09-01,,50316.21,173,active
SUB007833,CUS003255,Enterprise,2024-08-23,2025-08-23,,107608.0,352,active
SUB007834,CUS000039,Professional,2022-07-25,2023-07-25,,8442.7,69,active
SUB007835,CUS004945,Basic,2024-09-20,2025-09-20,,145.66,3,active
SUB007836,CUS003517,Enterprise,2023-04-09,2024-04-08,,28943.86,97,active
SUB007837,CUS002884,Basic,2021-11-03,2022-11-03,2022-11-14,572.73,11,cancelled
SUB007838,CUS003216,Basic,2021-12-31,2022-12-31,,658.63,13,active
SUB007839,CUS000488,Professional,2022-07-08,2023-07-08,2023-07-28,7006.61,55,cancelled
SUB007840,CUS001412,Professional,2023-10-04,2024-10-03,,1519.9,12,active
SUB007841,CUS003665,Professional,2024-04-09,2025-04-09,2024-12-14,1259.56,10,cancelled
SUB007842,CUS000838,Basic,2022-05-21,2023-05-21,2022-12-09,659.06,14,expired
SUB007843,CUS002482,Enterprise,2024-02-22,2025-02-21,,79608.97,252,active
SUB007844,CUS000851,Enterprise,2024-06-27,2025-06-27,,113233.16,389,active
SUB007845,CUS004913,Enterprise,2022-08-03,2023-08-03,,106831.95,337,active
SUB007846,CUS000474,Professional,2024-01-22,2025-01-21,,2071.17,16,active
SUB007847,CUS004135,Professional,2023-08-12,2024-08-11,,3344.32,26,active
SUB007848,CUS004134,Enterprise,2024-03-02,2025-03-02,,58204.14,194,active
SUB007849,CUS004319,Professional,2021-01-18,2022-01-18,2021-05-11,2285.87,17,cancelled
SUB007850,CUS001096,Enterprise,2022-04-17,2023-04-17,,17693.58,61,active
SUB007851,CUS002670,Professional,2021-01-15,2022-01-15,,8402.85,64,active
SUB007852,CUS000201,Basic,2022-04-23,2023-04-23,,440.4,9,active
SUB007853,CUS000381,Basic,2024-07-17,2025-07-17,,695.68,14,active
SUB007854,CUS003615,Basic,2024-10-19,2025-10-19,,291.9,6,active
SUB007855,CUS003772,Professional,2024-01-23,2025-01-22,2024-07-14,6750.62,53,cancelled
SUB007856,CUS002453,Professional,2021-05-09,2022-05-09,,6305.83,48,active
SUB007857,CUS003441,Enterprise,2023-09-05,2024-09-04,,89349.41,314,active
SUB007858,CUS004801,Basic,2024-06-11,2025-06-11,,308.34,6,active
SUB007859,CUS004820,Professional,2024-05-30,2025-05-30,,7639.76,59,active
SUB007860,CUS001301,Basic,2024-03-28,2025-03-28,,240.29,5,active
SUB007861,CUS002807,Professional,2023-10-19,2024-10-18,,10061.14,77,active
SUB007862,CUS002217,Professional,2024-04-05,2025-04-05,2024-07-27,7425.99,59,expired
SUB007863,CUS001269,Basic,2021-03-28,2022-03-28,,196.54,4,active
SUB007864,CUS003767,Professional,2024-06-22,2025-06-22,,9445.02,73,active
SUB007865,CUS000115,Professional,2024-10-17,2025-10-17,,7138.07,53,active
SUB007866,CUS004014,Basic,2022-12-27,2023-12-27,,445.3,9,active
SUB007867,CUS003760,Basic,2023-10-14,2024-10-13,,706.2,15,active
SUB007868,CUS004768,Professional,2024-07-25,2025-07-25,,6317.96,48,active
SUB007869,CUS001364,Professional,2024-05-21,2025-05-21,2024-08-27,5951.49,45,cancelled
SUB007870,CUS004636,Professional,2023-05-31,2024-05-30,,7424.96,61,active
SUB007871,CUS004616,Professional,2024-09-28,2025-09-28,,1854.53,15,active
SUB007872,CUS003919,Enterprise,2024-08-19,2025-08-19,,57925.95,181,active
SUB007873,CUS000961,Basic,2021-10-14,2022-10-14,,193.72,4,active
SUB007874,CUS001567,Professional,2024-10-21,2025-10-21,,2679.78,21,active
SUB007875,CUS003777,Professional,2022-03-14,2023-03-14,,8374.74,65,active
SUB007876,CUS002715,Basic,2022-09-21,2023-09-21,2023-02-22,191.6,4,cancelled
SUB007877,CUS001371,Enterprise,2024-07-11,2025-07-11,,91987.74,328,active
SUB007878,CUS001265,Basic,2024-10-22,2025-10-22,,376.6,8,active
SUB007879,CUS004211,Enterprise,2024-10-17,2025-10-17,,89740.19,307,active
SUB007880,CUS000516,Professional,2024-01-05,2025-01-04,,9251.22,73,active
SUB007881,CUS001225,Basic,2022-08-12,2023-08-12,,143.04,3,active
SUB007882,CUS001161,Professional,2024-10-25,2025-10-25,,2200.75,18,active
SUB007883,CUS001949,Professional,2024-09-16,2025-09-16,,7084.04,56,active
SUB007884,CUS003408,Basic,2024-03-26,2025-03-26,,101.83,2,active
SUB007885,CUS003699,Basic,2024-06-29,2025-06-29,,143.54,3,active
SUB007886,CUS003107,Professional,2024-06-07,2025-06-07,,7946.97,62,active
SUB007887,CUS004790,Enterprise,2024-05-27,2025-05-27,,37064.96,118,active
SUB007888,CUS003120,Professional,2023-09-15,2024-09-14,,3902.79,31,active
SUB007889,CUS000614,Basic,2022-12-16,2023-12-16,,216.97,4,active
SUB007890,CUS000570,Enterprise,2024-07-27,2025-07-27,,24050.08,78,active
SUB007891,CUS000512,Professional,2024-04-23,2025-04-23,2024-11-06,9701.16,75,cancelled
SUB007892,CUS004675,Basic,2024-04-27,2025-04-27,,728.62,15,active
SUB007893,CUS003858,Professional,2024-05-12,2025-05-12,,7563.33,56,active
SUB007894,CUS001119,Professional,2024-05-19,2025-05-19,2024-09-03,9440.27,75,cancelled
SUB007895,CUS004704,Basic,2024-02-04,2025-02-03,,241.29,5,active
SUB007896,CUS003876,Basic,2024-10-30,2025-10-30,,103.51,2,active
SUB007897,CUS000416,Basic,2021-03-08,2022-03-08,2022-03-19,580.27,12,cancelled
SUB007898,CUS000132,Basic,2024-08-25,2025-08-25,,144.6,3,active
SUB007899,CUS003465,Professional,2023-04-18,2024-04-17,2024-04-06,9576.7,76,cancelled
SUB007900,CUS004619,Professional,2024-07-22,2025-07-22,,5412.39,45,active
SUB007901,CUS002338,Basic,2023-10-22,2024-10-21,,304.44,6,active
SUB007902,CUS004288,Professional,2021-10-17,2022-10-17,,6697.91,52,active
SUB007903,CUS002051,Professional,2024-09-17,2025-09-17,,6156.16,46,active
SUB007904,CUS004553,Basic,2024-04-25,2025-04-25,,535.81,11,active
SUB007905,CUS003619,Basic,2024-05-20,2025-05-20,,386.21,8,active
SUB007906,CUS003579,Professional,2022-09-17,2023-09-17,,3654.13,29,active
SUB007907,CUS002880,Enterprise,2024-07-21,2025-07-21,,70110.13,229,active
SUB007908,CUS000218,Basic,2024-04-05,2025-04-05,,619.07,13,active
SUB007909,CUS002946,Basic,2021-12-07,2022-12-07,,595.91,12,active
SUB007910,CUS002413,Basic,2023-01-29,2024-01-29,2024-06-27,392.52,8,cancelled
SUB007911,CUS002226,Basic,2022-08-13,2023-08-13,,188.85,4,active
SUB007912,CUS000052,Basic,2021-09-07,2022-09-07,,530.54,11,active
SUB007913,CUS001462,Professional,2023-09-28,2024-09-27,,5936.09,46,active
SUB007914,CUS003227,Basic,2024-07-22,2025-07-22,,242.34,5,active
SUB007915,CUS003210,Enterprise,2024-02-11,2025-02-10,2024-06-22,37303.58,117,cancelled
SUB007916,CUS004605,Basic,2024-10-27,2025-10-27,,691.64,14,active
SUB007917,CUS002748,Professional,2024-10-04,2025-10-04,,2434.18,19,active
SUB007918,CUS003320,Basic,2024-10-27,2025-10-27,,145.13,3,active
SUB007919,CUS002068,Enterprise,2022-10-27,2023-10-27,,93132.69,314,active
SUB007920,CUS000111,Professional,2023-03-11,2024-03-10,,8837.9,70,active
SUB007921,CUS000661,Basic,2024-03-12,2025-03-12,,571.06,12,active
SUB007922,CUS001180,Basic,2023-11-08,2024-11-07,,400.21,8,active
SUB007923,CUS003914,Basic,2024-01-02,2025-01-01,,619.69,12,active
SUB007924,CUS000317,Enterprise,2024-02-11,2025-02-10,,45613.91,155,active
SUB007925,CUS001309,Professional,2023-12-18,2024-12-17,,6023.18,46,active
SUB007926,CUS001386,Enterprise,2022-03-04,2023-03-04,,71551.85,245,active
SUB007927,CUS000077,Basic,2024-01-29,2025-01-28,,147.53,3,active
SUB007928,CUS000038,Basic,2023-10-21,2024-10-20,,187.02,4,active
SUB007929,CUS004195,Professional,2023-03-18,2024-03-17,,7383.64,59,active
SUB007930,CUS002513,Basic,2024-02-12,2025-02-11,,142.43,3,active
SUB007931,CUS001006,Basic,2021-10-18,2022-10-18,,536.26,11,active
SUB007932,CUS004377,Enterprise,2022-03-27,2023-03-27,,80865.59,282,active
SUB007933,CUS004940,Professional,2023-07-17,2024-07-16,,7608.58,64,active
SUB007934,CUS003299,Professional,2022-07-25,2023-07-25,,6509.15,53,active
SUB007935,CUS002121,Professional,2023-02-02,2024-02-02,,6667.02,52,active
SUB007936,CUS003730,Professional,2022-12-04,2023-12-04,2024-06-21,3762.65,30,cancelled
SUB007937,CUS003181,Basic,2023-11-08,2024-11-07,,672.1,14,active
SUB007938,CUS004645,Enterprise,2024-05-24,2025-05-24,,55827.04,185,active
SUB007939,CUS004008,Professional,2024-10-25,2025-10-25,,2255.27,18,active
SUB007940,CUS001437,Professional,2022-02-21,2023-02-21,,8361.5,65,active
SUB007941,CUS003938,Professional,2023-09-05,2024-09-04,2024-04-16,10814.47,78,cancelled
SUB007942,CUS002868,Professional,2024-10-28,2025-10-28,,7636.79,60,active
SUB007943,CUS001342,Enterprise,2021-07-30,2022-07-30,,107459.43,362,active
SUB007944,CUS004835,Professional,2024-09-30,2025-09-30,,8365.94,64,active
SUB007945,CUS003935,Enterprise,2024-05-10,2025-05-10,,92070.29,317,active
SUB007946,CUS000866,Basic,2024-05-12,2025-05-12,,719.78,15,active
SUB007947,CUS004518,Enterprise,2022-08-16,2023-08-16,,53938.28,181,active
SUB007948,CUS003939,Professional,2022-02-19,2023-02-19,,5454.81,42,active
SUB007949,CUS002172,Basic,2024-10-31,2025-10-31,,379.23,8,active
SUB007950,CUS004322,Basic,2021-08-18,2022-08-18,,149.87,3,active
SUB007951,CUS004951,Basic,2022-03-16,2023-03-16,,154.96,3,active
SUB007952,CUS002560,Enterprise,2023-01-17,2024-01-17,,43241.92,155,active
SUB007953,CUS001176,Professional,2024-10-29,2025-10-29,,1961.52,15,active
SUB007954,CUS004526,Professional,2023-01-31,2024-01-31,2023-12-04,9258.31,72,cancelled
SUB007955,CUS004900,Enterprise,2023-08-13,2024-08-12,2024-08-17,32548.02,110,cancelled
SUB007956,CUS003712,Basic,2022-11-08,2023-11-08,2023-06-18,495.6,10,cancelled
SUB007957,CUS004195,Enterprise,2024-06-07,2025-06-07,,48268.85,154,active
SUB007958,CUS004872,Professional,2024-08-04,2025-08-04,,8981.1,69,active
SUB007959,CUS001687,Enterprise,2024-10-22,2025-10-22,,63352.75,205,active
SUB007960,CUS001652,Enterprise,2023-08-05,2024-08-04,,51656.42,173,active
SUB007961,CUS004519,Basic,2023-09-25,2024-09-24,,297.76,6,active
SUB007962,CUS004537,Professional,2024-08-02,2025-08-02,,5694.5,45,active
SUB007963,CUS001193,Basic,2024-07-16,2025-07-16,,539.71,11,active
SUB007964,CUS003859,Professional,2022-04-05,2023-04-05,,8560.73,67,active
SUB007965,CUS001655,Enterprise,2022-08-22,2023-08-22,,48018.85,160,active
SUB007966,CUS000671,Professional,2023-06-12,2024-06-11,2024-08-29,5711.75,47,expired
SUB007967,CUS001710,Basic,2024-05-16,2025-05-16,,376.7,8,active
SUB007968,CUS004295,Basic,2023-12-10,2024-12-09,,663.49,13,active
SUB007969,CUS002441,Enterprise,2024-05-11,2025-05-11,,87177.74,278,active
SUB007970,CUS003180,Basic,2023-07-14,2024-07-13,,460.31,10,active
SUB007971,CUS004725,Professional,2021-01-17,2022-01-17,,2528.8,20,active
SUB007972,CUS002596,Professional,2024-04-05,2025-04-05,,2135.6,17,active
SUB007973,CUS003884,Professional,2024-06-27,2025-06-27,,7157.91,55,active
SUB007974,CUS002987,Enterprise,2024-10-22,2025-10-22,,79598.94,267,active
SUB007975,CUS000853,Basic,2024-04-20,2025-04-20,,752.5,15,active
SUB007976,CUS004806,Enterprise,2024-08-07,2025-08-07,,68651.04,241,active
SUB007977,CUS004091,Professional,2023-06-13,2024-06-12,,3656.24,28,active
SUB007978,CUS002944,Professional,2022-09-22,2023-09-22,,8542.01,67,active
SUB007979,CUS002766,Basic,2023-10-07,2024-10-06,,286.41,6,active
SUB007980,CUS003723,Enterprise,2024-10-20,2025-10-20,,74387.53,245,active
SUB007981,CUS001465,Basic,2024-04-27,2025-04-27,,631.49,13,active
SUB007982,CUS004976,Professional,2023-07-24,2024-07-23,,6041.63,47,active
SUB007983,CUS001880,Professional,2024-06-18,2025-06-18,,9182.28,68,active
SUB007984,CUS000323,Professional,2023-05-22,2024-05-21,,5690.08,44,active
SUB007985,CUS004603,Basic,2024-05-09,2025-05-09,,314.01,6,active
SUB007986,CUS002684,Enterprise,2024-08-16,2025-08-16,,73323.29,267,active
SUB007987,CUS001284,Basic,2024-03-04,2025-03-04,,538.82,11,active
SUB007988,CUS004585,Basic,2024-07-13,2025-07-13,,141.28,3,active
SUB007989,CUS001359,Basic,2022-06-18,2023-06-18,,663.72,14,active
SUB007990,CUS002827,Basic,2023-10-20,2024-10-19,2024-09-26,574.51,12,expired
SUB007991,CUS001495,Professional,2022-07-26,2023-07-26,,1864.32,14,active
SUB007992,CUS002039,Enterprise,2024-03-10,2025-03-10,,84002.11,285,active
SUB007993,CUS000471,Basic,2023-10-20,2024-10-19,,517.46,11,active
SUB007994,CUS004115,Basic,2024-04-29,2025-04-29,2024-12-16,250.66,5,expired
SUB007995,CUS003584,Basic,2023-05-16,2024-05-15,,610.64,13,active
SUB007996,CUS004776,Professional,2023-12-07,2024-12-06,,7783.3,57,active
SUB007997,CUS001282,Basic,2024-05-30,2025-05-30,,140.36,3,active
SUB007998,CUS001932,Professional,2024-05-11,2025-05-11,,4214.19,33,active
SUB007999,CUS004877,Professional,2024-05-31,2025-05-31,,6333.68,46,active
SUB008000,CUS002749,Professional,2024-07-13,2025-07-13,,7396.99,58,active
