ticket_id,customer_id,created_date,resolved_date,ticket_category,severity,resolution_hours,satisfaction_score,status
TKT0000001,CUS002606,2024-12-25,2024-12-25,Performance,Medium,9.85,3.8,resolved
TKT0000002,CUS004238,2023-10-24,2023-10-24,Performance,Low,7.61,3.9,resolved
TKT0000003,CUS002310,2024-05-23,2024-05-23,Integration,High,13.9,5.0,resolved
TKT0000004,CUS001017,2023-06-24,2023-06-24,Account,Low,14.58,4.4,resolved
TKT0000005,CUS004186,2023-01-16,2023-01-17,Technical,High,24.76,3.4,resolved
TKT0000006,CUS000228,2023-02-24,2023-02-24,Billing,High,9.27,4.8,resolved
TKT0000007,CUS002988,2024-07-16,2024-07-16,Billing,High,5.98,5.0,resolved
TKT0000008,CUS004676,2024-12-07,2024-12-10,Technical,Medium,78.44,1.2,resolved
TKT0000009,CUS001362,2023-06-02,2023-06-02,Billing,High,19.49,5.0,resolved
TKT0000010,CUS001264,2023-01-04,2023-01-04,Integration,Medium,9.63,4.8,resolved
TKT0000011,CUS000530,2023-08-08,2023-08-08,Performance,Low,7.14,5.0,resolved
TKT0000012,CUS002525,2024-09-03,2024-09-04,Performance,Medium,30.13,3.3,resolved
TKT0000013,CUS003192,2023-06-11,2023-06-11,Integration,Medium,6.13,5.0,resolved
TKT0000014,CUS002562,2023-11-08,2023-11-08,Performance,Medium,10.48,5.0,resolved
TKT0000015,CUS001696,2023-11-11,2023-11-11,Performance,Medium,15.97,4.4,resolved
TKT0000016,CUS002157,2024-10-25,2024-10-25,Account,Medium,11.77,3.7,resolved
TKT0000017,CUS004162,2023-06-06,2023-06-06,Account,Medium,5.77,4.9,resolved
TKT0000018,CUS004716,2024-10-01,2024-10-01,Billing,Low,8.13,,resolved
TKT0000019,CUS001634,2024-09-15,2024-09-15,Integration,Medium,10.34,5.0,resolved
TKT0000020,CUS003192,2023-02-22,2023-02-22,Account,Medium,5.05,4.6,resolved
TKT0000021,CUS004120,2024-05-12,2024-05-12,Billing,High,9.34,4.7,resolved
TKT0000022,CUS003176,2023-04-30,2023-05-01,Account,High,25.89,4.1,resolved
TKT0000023,CUS004444,2024-04-15,2024-04-16,Technical,Critical,31.95,3.0,resolved
TKT0000024,CUS003322,2023-02-16,2023-02-16,Performance,Medium,14.98,4.5,resolved
TKT0000025,CUS001233,2024-06-25,2024-06-25,Account,High,10.02,,resolved
TKT0000026,CUS003030,2023-01-30,2023-01-30,Technical,High,15.15,2.9,resolved
TKT0000027,CUS002808,2023-08-20,2023-08-20,Integration,Critical,2.82,4.9,resolved
TKT0000028,CUS001700,2024-05-27,2024-05-28,Technical,Medium,29.64,2.6,resolved
TKT0000029,CUS000406,2024-02-09,2024-02-09,Integration,Medium,20.15,4.9,resolved
TKT0000030,CUS004156,2023-05-02,2023-05-02,Performance,Medium,19.7,3.7,resolved
TKT0000031,CUS003958,2024-04-15,2024-04-15,Performance,Medium,20.04,3.7,resolved
TKT0000032,CUS000139,2024-10-29,2024-10-29,Technical,Medium,15.22,4.8,resolved
TKT0000033,CUS003626,2024-02-16,2024-02-16,Billing,Medium,15.33,2.7,resolved
TKT0000034,CUS003280,2023-02-07,2023-02-07,Account,High,5.46,4.1,resolved
TKT0000035,CUS001833,2024-02-28,2024-02-28,Technical,High,11.59,5.0,resolved
TKT0000036,CUS003943,2023-02-02,2023-02-02,Technical,Medium,7.16,4.7,resolved
TKT0000037,CUS004139,2023-02-15,2023-02-15,Technical,Medium,8.19,3.7,resolved
TKT0000038,CUS004298,2023-05-12,2023-05-13,Technical,Low,28.51,3.1,resolved
TKT0000039,CUS000385,2023-11-30,2023-11-30,Technical,Low,14.38,3.5,resolved
TKT0000040,CUS001897,2023-03-02,2023-03-02,Billing,Medium,20.52,3.6,resolved
TKT0000041,CUS000147,2024-02-27,2024-02-27,Account,Low,10.16,4.3,resolved
TKT0000042,CUS003651,2023-06-20,2023-06-20,Billing,Low,10.25,5.0,resolved
TKT0000043,CUS002117,2023-03-21,2023-03-21,Billing,Low,11.49,3.8,resolved
TKT0000044,CUS003750,2024-04-16,2024-04-16,Technical,Low,10.94,3.6,resolved
TKT0000045,CUS003967,2023-05-14,2023-05-15,Account,Critical,25.81,3.5,resolved
TKT0000046,CUS000329,2023-05-02,2023-05-04,Technical,Medium,60.48,1.8,resolved
TKT0000047,CUS004715,2024-02-20,2024-02-21,Billing,Medium,25.47,3.5,resolved
TKT0000048,CUS002495,2024-02-23,2024-02-23,Billing,Medium,7.94,4.7,resolved
TKT0000049,CUS004839,2023-05-08,2023-05-08,Account,Medium,7.11,5.0,resolved
TKT0000050,CUS000688,2023-12-26,2023-12-26,Billing,Low,7.53,4.0,resolved
TKT0000051,CUS001760,2024-01-10,2024-01-10,Account,High,7.04,4.6,resolved
TKT0000052,CUS002306,2023-06-22,2023-06-22,Billing,Medium,3.55,5.0,resolved
TKT0000053,CUS004693,2023-06-11,2023-06-11,Integration,Medium,11.2,5.0,resolved
TKT0000054,CUS000532,2024-12-02,2024-12-02,Billing,Medium,8.11,4.9,resolved
TKT0000055,CUS002755,2023-05-10,2023-05-10,Account,Medium,10.29,3.4,resolved
TKT0000056,CUS000669,2024-12-12,2024-12-12,Integration,Medium,7.67,5.0,resolved
TKT0000057,CUS001120,2024-08-02,2024-08-02,Performance,Low,10.85,5.0,resolved
TKT0000058,CUS003053,2023-02-17,2023-02-17,Technical,Medium,6.95,5.0,resolved
TKT0000059,CUS001406,2024-08-15,2024-08-15,Account,Medium,7.04,4.5,resolved
TKT0000060,CUS001438,2023-10-18,2023-10-20,Account,Medium,59.53,1.4,resolved
TKT0000061,CUS003352,2023-08-30,2023-08-30,Billing,High,4.9,5.0,resolved
TKT0000062,CUS004034,2024-02-23,2024-02-26,Billing,Low,72.41,1.4,resolved
TKT0000063,CUS000165,2023-08-25,2023-08-25,Performance,Low,4.51,5.0,resolved
TKT0000064,CUS001126,2024-01-16,2024-01-16,Technical,High,6.25,4.6,resolved
TKT0000065,CUS002643,2023-10-29,2023-10-29,Billing,Low,4.79,5.0,resolved
TKT0000066,CUS004548,2024-02-04,2024-02-04,Technical,Critical,8.22,,resolved
TKT0000067,CUS001863,2023-05-26,2023-05-26,Account,Medium,2.11,,resolved
TKT0000068,CUS001449,2024-09-29,2024-09-29,Billing,High,19.26,5.0,resolved
TKT0000069,CUS000473,2024-02-06,2024-02-06,Billing,Low,6.28,4.8,resolved
TKT0000070,CUS001046,2024-08-03,2024-08-03,Technical,Critical,21.03,2.8,resolved
TKT0000071,CUS002495,2024-12-11,2024-12-12,Integration,Medium,30.55,4.3,resolved
TKT0000072,CUS001473,2024-05-11,2024-05-11,Billing,Low,7.58,,resolved
TKT0000073,CUS002987,2024-07-10,2024-07-10,Account,Medium,13.34,4.2,resolved
TKT0000074,CUS001512,2024-10-27,2024-10-27,Account,Medium,5.93,4.6,resolved
TKT0000075,CUS001189,2023-07-24,2023-07-24,Billing,Medium,17.52,4.0,resolved
TKT0000076,CUS003226,2024-07-29,2024-07-29,Integration,Low,12.99,4.3,resolved
TKT0000077,CUS003629,2023-09-14,2023-09-14,Integration,Low,4.81,5.0,resolved
TKT0000078,CUS004602,2023-03-28,2023-03-29,Billing,Low,24.31,4.1,resolved
TKT0000079,CUS002842,2023-05-22,2023-05-22,Technical,Medium,9.8,3.9,resolved
TKT0000080,CUS004735,2024-07-21,2024-07-21,Billing,Low,15.56,,resolved
TKT0000081,CUS001081,2024-05-26,2024-05-26,Billing,High,16.06,4.5,resolved
TKT0000082,CUS002654,2024-07-28,2024-07-28,Billing,Low,19.84,3.6,resolved
TKT0000083,CUS002320,2023-09-05,2023-09-05,Billing,Low,5.52,,resolved
TKT0000084,CUS003461,2024-09-17,2024-09-17,Technical,Medium,18.64,4.2,resolved
TKT0000085,CUS001160,2024-10-02,2024-10-02,Integration,High,10.74,5.0,resolved
TKT0000086,CUS000656,2023-01-24,2023-01-24,Integration,Medium,9.0,5.0,resolved
TKT0000087,CUS002205,2024-06-11,2024-06-11,Integration,Low,7.02,4.5,resolved
TKT0000088,CUS003406,2024-12-30,2024-12-30,Technical,Medium,19.88,4.1,resolved
TKT0000089,CUS003586,2023-09-20,2023-09-20,Integration,Low,4.36,,resolved
TKT0000090,CUS003373,2024-06-30,2024-06-30,Account,Low,6.25,5.0,resolved
TKT0000091,CUS003243,2023-10-09,2023-10-09,Technical,Low,3.69,5.0,resolved
TKT0000092,CUS000803,2024-09-08,2024-09-08,Technical,Medium,17.6,3.3,resolved
TKT0000093,CUS003954,2023-04-08,2023-04-08,Integration,Low,11.62,4.4,resolved
TKT0000094,CUS002818,2024-07-13,2024-07-13,Performance,Medium,20.02,3.0,resolved
TKT0000095,CUS000340,2023-12-10,2023-12-10,Billing,Medium,7.87,4.4,resolved
TKT0000096,CUS001281,2024-11-15,2024-11-15,Account,Medium,9.29,4.7,resolved
TKT0000097,CUS001335,2024-11-13,2024-11-13,Performance,Low,9.31,5.0,resolved
TKT0000098,CUS000669,2024-07-16,2024-07-16,Billing,High,12.93,5.0,resolved
TKT0000099,CUS000713,2024-04-11,2024-04-11,Account,Low,8.71,3.8,resolved
TKT0000100,CUS004457,2023-08-27,2023-08-27,Integration,High,11.12,4.7,resolved
TKT0000101,CUS002265,2023-12-19,2023-12-19,Performance,High,13.9,,resolved
TKT0000102,CUS002080,2024-04-29,2024-04-29,Performance,Low,23.48,3.9,resolved
TKT0000103,CUS004045,2023-10-26,2023-10-27,Account,Medium,36.31,2.2,resolved
TKT0000104,CUS001834,2024-10-25,2024-10-25,Billing,High,12.36,3.9,resolved
TKT0000105,CUS001595,2024-03-23,2024-03-24,Billing,Low,29.69,3.4,resolved
TKT0000106,CUS001029,2023-12-29,2023-12-30,Integration,Low,31.22,3.9,resolved
TKT0000107,CUS000439,2024-10-24,2024-10-24,Performance,Low,10.92,3.9,resolved
TKT0000108,CUS000996,2023-04-16,2023-04-16,Performance,High,17.13,,resolved
TKT0000109,CUS004091,2023-10-17,2023-10-17,Account,Medium,3.19,4.8,resolved
TKT0000110,CUS002833,2023-02-15,2023-02-15,Integration,High,6.33,3.7,resolved
TKT0000111,CUS002957,2024-03-24,2024-03-24,Technical,Medium,16.12,4.0,resolved
TKT0000112,CUS001848,2024-12-18,2024-12-18,Integration,High,5.24,,resolved
TKT0000113,CUS002467,2024-12-18,2024-12-19,Billing,Medium,33.97,2.6,resolved
TKT0000114,CUS003296,2024-07-28,2024-07-28,Performance,Medium,20.05,3.7,resolved
TKT0000115,CUS002092,2024-03-11,2024-03-11,Performance,Medium,13.77,4.0,resolved
TKT0000116,CUS001665,2023-01-06,2023-01-06,Integration,Low,12.63,4.9,resolved
TKT0000117,CUS001258,2024-05-20,2024-05-20,Technical,Low,19.61,3.0,resolved
TKT0000118,CUS001057,2023-11-09,2023-11-09,Performance,Low,11.83,4.1,resolved
TKT0000119,CUS002871,2024-10-04,2024-10-04,Technical,High,19.9,5.0,resolved
TKT0000120,CUS000359,2024-11-04,2024-11-04,Billing,High,21.6,4.7,resolved
TKT0000121,CUS000804,2023-11-30,2023-11-30,Technical,Medium,18.55,4.8,resolved
TKT0000122,CUS002976,2024-12-14,2024-12-14,Integration,Medium,4.61,5.0,resolved
TKT0000123,CUS004026,2023-02-14,2023-02-14,Integration,Medium,8.83,4.0,resolved
TKT0000124,CUS001332,2024-07-02,2024-07-02,Technical,Low,12.39,5.0,resolved
TKT0000125,CUS000046,2023-11-17,2023-11-17,Performance,Medium,17.32,2.8,resolved
TKT0000126,CUS003344,2024-03-04,2024-03-04,Integration,Medium,13.77,4.0,resolved
TKT0000127,CUS000199,2023-04-07,2023-04-07,Technical,Low,23.51,4.3,resolved
TKT0000128,CUS001671,2023-11-02,2023-11-02,Account,Low,6.92,4.9,resolved
TKT0000129,CUS002265,2024-10-11,2024-10-11,Performance,Medium,6.94,4.9,resolved
TKT0000130,CUS003780,2024-09-06,2024-09-06,Performance,Medium,19.58,3.4,resolved
TKT0000131,CUS003862,2024-08-03,2024-08-03,Technical,High,5.99,3.0,resolved
TKT0000132,CUS002096,2023-09-03,2023-09-03,Billing,High,5.55,5.0,resolved
TKT0000133,CUS004364,2024-07-12,2024-07-12,Billing,High,18.04,4.8,resolved
TKT0000134,CUS001919,2023-05-13,2023-05-14,Account,Medium,27.77,3.7,resolved
TKT0000135,CUS002386,2023-10-31,2023-10-31,Integration,Critical,12.09,4.6,resolved
TKT0000136,CUS001991,2023-08-25,2023-08-25,Performance,Medium,2.07,5.0,resolved
TKT0000137,CUS003102,2024-07-04,2024-07-04,Performance,Medium,15.91,3.7,resolved
TKT0000138,CUS002024,2023-12-10,2023-12-10,Technical,Medium,6.64,4.7,resolved
TKT0000139,CUS004657,2024-02-27,2024-02-28,Performance,Low,36.38,2.4,resolved
TKT0000140,CUS004193,2023-04-06,2023-04-06,Integration,High,4.05,5.0,resolved
TKT0000141,CUS001954,2023-03-19,2023-03-19,Billing,Medium,14.98,2.8,resolved
TKT0000142,CUS000114,2024-11-30,2024-11-30,Technical,High,17.51,4.0,resolved
TKT0000143,CUS002744,2023-04-24,2023-04-24,Performance,Medium,20.42,5.0,resolved
TKT0000144,CUS001210,2023-02-20,2023-02-21,Account,Medium,28.41,3.9,resolved
TKT0000145,CUS001605,2024-08-27,2024-08-27,Performance,High,9.24,3.9,resolved
TKT0000146,CUS002309,2023-08-23,2023-08-23,Integration,Medium,18.39,4.4,resolved
TKT0000147,CUS004016,2024-10-03,2024-10-04,Account,Low,30.86,4.0,resolved
TKT0000148,CUS003744,2023-09-18,2023-09-18,Billing,Low,19.54,4.2,resolved
TKT0000149,CUS002802,2024-04-15,2024-04-15,Integration,Medium,18.69,4.5,resolved
TKT0000150,CUS003640,2023-08-21,2023-08-21,Integration,Medium,18.32,3.3,resolved
TKT0000151,CUS001541,2023-07-01,2023-07-02,Integration,High,34.11,2.8,resolved
TKT0000152,CUS002473,2024-07-19,2024-07-19,Integration,Low,15.05,4.5,resolved
TKT0000153,CUS000354,2024-10-23,2024-10-23,Performance,Low,11.34,4.3,resolved
TKT0000154,CUS000259,2023-01-31,2023-01-31,Billing,Low,15.57,4.0,resolved
TKT0000155,CUS000806,2024-10-02,2024-10-02,Billing,Medium,7.44,4.1,resolved
TKT0000156,CUS003758,2023-06-21,2023-06-22,Billing,Medium,29.3,4.4,resolved
TKT0000157,CUS004613,2024-06-01,2024-06-02,Performance,High,42.69,2.9,resolved
TKT0000158,CUS003094,2024-03-29,2024-03-29,Performance,High,14.13,5.0,resolved
TKT0000159,CUS000200,2024-07-11,2024-07-11,Integration,Low,16.0,2.8,resolved
TKT0000160,CUS003121,2023-06-27,2023-06-27,Integration,Low,21.55,4.6,resolved
TKT0000161,CUS001377,2023-03-21,2023-03-21,Technical,Medium,7.1,4.0,resolved
TKT0000162,CUS004392,2023-09-02,2023-09-02,Performance,Medium,5.53,4.7,resolved
TKT0000163,CUS003652,2024-07-06,2024-07-06,Account,Low,9.06,4.8,resolved
TKT0000164,CUS001820,2023-03-12,2023-03-12,Performance,High,11.0,5.0,resolved
TKT0000165,CUS002214,2024-10-02,2024-10-02,Performance,Low,15.88,5.0,resolved
TKT0000166,CUS003589,2023-02-09,2023-02-10,Account,High,24.47,3.8,resolved
TKT0000167,CUS004643,2024-05-11,2024-05-11,Performance,Low,16.87,4.5,resolved
TKT0000168,CUS001495,2024-07-23,2024-07-23,Integration,High,15.01,3.9,resolved
TKT0000169,CUS003853,2024-11-12,2024-11-12,Technical,Medium,7.59,4.8,resolved
TKT0000170,CUS003439,2024-06-09,2024-06-09,Integration,High,4.13,4.9,resolved
TKT0000171,CUS001194,2023-03-08,2023-03-08,Performance,Low,9.27,4.8,resolved
TKT0000172,CUS001249,2023-04-05,2023-04-05,Integration,Critical,12.25,4.1,resolved
TKT0000173,CUS001066,2023-04-26,2023-04-26,Performance,High,7.33,5.0,resolved
TKT0000174,CUS000870,2023-10-12,2023-10-12,Performance,High,4.24,5.0,resolved
TKT0000175,CUS001559,2024-12-23,2024-12-23,Integration,Medium,6.14,4.1,resolved
TKT0000176,CUS000651,2023-09-02,2023-09-02,Billing,Low,4.97,4.8,resolved
TKT0000177,CUS001261,2024-10-04,2024-10-04,Billing,Medium,4.5,4.6,resolved
TKT0000178,CUS001817,2023-03-13,2023-03-13,Performance,Low,10.88,5.0,resolved
TKT0000179,CUS002798,2023-07-09,2023-07-10,Performance,Low,36.22,4.0,resolved
TKT0000180,CUS002193,2024-09-06,2024-09-06,Account,Critical,17.78,4.8,resolved
TKT0000181,CUS001595,2024-11-10,2024-11-11,Billing,Medium,35.96,2.8,resolved
TKT0000182,CUS000586,2024-05-31,2024-05-31,Technical,Medium,7.4,5.0,resolved
TKT0000183,CUS002819,2023-02-07,2023-02-07,Technical,High,11.87,4.3,resolved
TKT0000184,CUS004191,2024-01-08,2024-01-09,Billing,Medium,24.58,3.3,resolved
TKT0000185,CUS003083,2023-11-28,2023-11-28,Technical,High,10.8,5.0,resolved
TKT0000186,CUS002851,2024-09-10,2024-09-10,Performance,Medium,10.01,5.0,resolved
TKT0000187,CUS001924,2023-05-22,2023-05-22,Account,Low,8.43,4.2,resolved
TKT0000188,CUS002667,2024-12-31,,Account,High,18.27,3.9,open
TKT0000189,CUS003357,2024-11-06,2024-11-06,Integration,Low,8.35,5.0,resolved
TKT0000190,CUS001459,2024-09-25,2024-09-25,Integration,Low,6.31,4.6,resolved
TKT0000191,CUS004762,2024-12-29,2024-12-29,Billing,Medium,7.69,4.7,resolved
TKT0000192,CUS000104,2024-05-13,2024-05-13,Technical,Medium,15.27,5.0,resolved
TKT0000193,CUS001683,2023-03-23,2023-03-23,Technical,Medium,6.79,4.3,resolved
TKT0000194,CUS004909,2023-04-11,2023-04-11,Billing,Medium,16.29,4.0,resolved
TKT0000195,CUS004049,2024-10-07,2024-10-07,Technical,Medium,14.1,5.0,resolved
TKT0000196,CUS000275,2024-09-13,2024-09-13,Integration,Medium,7.71,5.0,resolved
TKT0000197,CUS001814,2023-02-18,2023-02-18,Integration,Low,4.23,5.0,resolved
TKT0000198,CUS003437,2024-03-13,2024-03-13,Integration,High,14.35,5.0,resolved
TKT0000199,CUS002766,2024-11-16,2024-11-17,Billing,High,24.79,4.2,resolved
TKT0000200,CUS004668,2023-10-24,2023-10-25,Account,Low,28.36,4.5,resolved
TKT0000201,CUS003939,2024-11-04,2024-11-04,Integration,Medium,12.71,3.5,resolved
TKT0000202,CUS003299,2023-07-21,2023-07-21,Account,Low,10.98,4.9,resolved
TKT0000203,CUS003038,2024-08-07,2024-08-07,Billing,High,12.46,4.4,resolved
TKT0000204,CUS004993,2023-10-24,2023-10-24,Billing,Low,15.46,4.6,resolved
TKT0000205,CUS002518,2023-01-20,2023-01-20,Technical,Low,10.28,3.2,resolved
TKT0000206,CUS000023,2023-08-28,2023-08-28,Technical,Medium,11.94,3.6,resolved
TKT0000207,CUS003712,2023-07-15,2023-07-15,Technical,Medium,20.41,4.0,resolved
TKT0000208,CUS002631,2024-01-23,2024-01-23,Technical,Medium,12.51,5.0,resolved
TKT0000209,CUS004205,2024-01-27,2024-01-27,Technical,Low,9.47,3.8,resolved
TKT0000210,CUS002269,2024-12-03,2024-12-03,Performance,Low,5.85,,resolved
TKT0000211,CUS000815,2023-11-24,2023-11-24,Account,Low,4.18,5.0,resolved
TKT0000212,CUS003281,2023-02-11,2023-02-11,Technical,Low,7.53,4.7,resolved
TKT0000213,CUS004580,2023-11-19,2023-11-19,Technical,High,11.65,5.0,resolved
TKT0000214,CUS000455,2024-08-31,2024-08-31,Integration,Critical,8.21,5.0,resolved
TKT0000215,CUS000911,2024-05-19,2024-05-19,Performance,Low,16.95,3.5,resolved
TKT0000216,CUS001146,2024-11-02,2024-11-04,Technical,Medium,50.12,2.3,resolved
TKT0000217,CUS000710,2023-04-17,2023-04-17,Billing,High,8.23,4.4,resolved
TKT0000218,CUS002831,2024-12-20,2024-12-20,Integration,Medium,7.57,5.0,resolved
TKT0000219,CUS000380,2024-04-07,2024-04-07,Performance,Low,22.79,4.5,resolved
TKT0000220,CUS004921,2024-02-24,2024-02-24,Performance,Low,8.28,4.1,resolved
TKT0000221,CUS000850,2023-04-20,2023-04-22,Technical,Low,54.77,3.0,resolved
TKT0000222,CUS000244,2023-04-01,2023-04-01,Performance,Medium,12.61,3.6,resolved
TKT0000223,CUS001679,2023-07-13,2023-07-13,Technical,Low,18.28,3.8,resolved
TKT0000224,CUS002393,2024-06-28,2024-06-28,Account,Medium,10.68,3.9,resolved
TKT0000225,CUS004122,2024-03-08,2024-03-08,Account,High,11.81,4.2,resolved
TKT0000226,CUS003092,2024-03-31,2024-03-31,Technical,Low,12.43,3.0,resolved
TKT0000227,CUS004916,2024-05-19,2024-05-19,Performance,Low,21.86,3.9,resolved
TKT0000228,CUS002006,2024-05-30,2024-05-30,Technical,Low,5.99,3.7,resolved
TKT0000229,CUS000471,2023-06-18,2023-06-18,Integration,Critical,7.99,4.4,resolved
TKT0000230,CUS004556,2024-08-29,2024-08-29,Integration,High,21.04,4.7,resolved
TKT0000231,CUS002888,2023-08-15,2023-08-15,Billing,Low,21.97,4.0,resolved
TKT0000232,CUS002566,2024-11-02,2024-11-02,Integration,Medium,12.01,,resolved
TKT0000233,CUS002271,2024-07-11,2024-07-11,Billing,Medium,7.18,5.0,resolved
TKT0000234,CUS000941,2023-02-21,2023-02-22,Account,Critical,41.44,3.6,resolved
TKT0000235,CUS001850,2024-02-27,2024-02-27,Account,Low,9.9,,resolved
TKT0000236,CUS001633,2024-02-28,2024-02-28,Account,High,12.19,4.3,resolved
TKT0000237,CUS001797,2023-08-16,2023-08-16,Billing,High,22.94,4.2,resolved
TKT0000238,CUS001380,2024-02-15,2024-02-15,Technical,Medium,5.89,4.5,resolved
TKT0000239,CUS002512,2024-02-05,2024-02-05,Technical,Medium,15.49,4.3,resolved
TKT0000240,CUS003757,2024-05-13,2024-05-15,Account,Critical,53.99,2.9,resolved
TKT0000241,CUS004801,2023-04-06,2023-04-06,Account,High,13.92,4.5,resolved
TKT0000242,CUS000591,2023-08-09,2023-08-09,Billing,Medium,17.16,3.3,resolved
TKT0000243,CUS004382,2023-11-04,2023-11-04,Account,Medium,8.32,5.0,resolved
TKT0000244,CUS001731,2023-12-26,2023-12-26,Performance,Low,8.13,4.4,resolved
TKT0000245,CUS002603,2024-07-29,2024-07-29,Billing,Low,5.38,4.5,resolved
TKT0000246,CUS000583,2024-07-19,2024-07-20,Billing,High,36.26,4.7,resolved
TKT0000247,CUS000692,2024-10-05,2024-10-05,Billing,Medium,7.94,4.8,resolved
TKT0000248,CUS004073,2023-07-07,2023-07-07,Integration,Medium,4.54,5.0,resolved
TKT0000249,CUS002578,2023-01-06,2023-01-06,Technical,Medium,21.75,3.5,resolved
TKT0000250,CUS001205,2023-09-17,2023-09-17,Performance,High,11.45,4.1,resolved
TKT0000251,CUS004619,2024-05-27,2024-05-28,Account,Medium,26.79,3.4,resolved
TKT0000252,CUS004306,2024-07-05,2024-07-05,Technical,Medium,15.93,4.2,resolved
TKT0000253,CUS001900,2023-01-08,2023-01-08,Performance,Medium,19.95,3.9,resolved
TKT0000254,CUS001012,2024-07-22,2024-07-22,Billing,Low,4.42,4.3,resolved
TKT0000255,CUS001784,2024-06-28,2024-06-28,Billing,Low,13.24,,resolved
TKT0000256,CUS003461,2024-08-30,2024-08-30,Technical,Medium,5.35,4.9,resolved
TKT0000257,CUS001640,2024-09-13,2024-09-13,Performance,Medium,10.88,5.0,resolved
TKT0000258,CUS002390,2024-04-27,2024-04-27,Performance,Medium,17.85,4.4,resolved
TKT0000259,CUS004743,2024-11-05,2024-11-05,Technical,Low,3.62,5.0,resolved
TKT0000260,CUS004708,2023-03-28,2023-03-28,Performance,Low,7.98,4.8,resolved
TKT0000261,CUS002286,2023-03-10,2023-03-10,Performance,Low,5.83,5.0,resolved
TKT0000262,CUS004497,2023-12-04,2023-12-04,Performance,Low,11.59,5.0,resolved
TKT0000263,CUS001935,2023-01-09,2023-01-09,Performance,High,5.24,4.1,resolved
TKT0000264,CUS002418,2024-03-12,2024-03-12,Account,High,16.01,3.6,resolved
TKT0000265,CUS001061,2023-09-27,2023-09-27,Account,Medium,8.99,4.0,resolved
TKT0000266,CUS001233,2023-09-07,2023-09-07,Technical,Low,10.14,4.4,resolved
TKT0000267,CUS003472,2023-07-05,2023-07-05,Integration,Medium,12.09,4.3,resolved
TKT0000268,CUS003894,2024-12-24,2024-12-24,Billing,Critical,1.86,5.0,resolved
TKT0000269,CUS002872,2023-10-28,2023-10-28,Integration,Low,8.92,5.0,resolved
TKT0000270,CUS003207,2024-09-22,2024-09-23,Account,High,25.9,2.7,resolved
TKT0000271,CUS001563,2023-05-02,2023-05-02,Technical,Medium,4.89,3.9,resolved
TKT0000272,CUS004506,2023-03-19,2023-03-19,Account,Medium,5.45,4.5,resolved
TKT0000273,CUS003458,2024-07-17,2024-07-17,Billing,Low,8.39,4.1,resolved
TKT0000274,CUS004344,2024-07-15,2024-07-15,Technical,Medium,17.01,3.2,resolved
TKT0000275,CUS003859,2024-04-23,2024-04-23,Billing,Low,9.54,4.4,resolved
TKT0000276,CUS002355,2023-09-15,2023-09-15,Integration,High,8.9,4.8,resolved
TKT0000277,CUS003368,2023-10-16,2023-10-16,Billing,Medium,22.36,3.9,resolved
TKT0000278,CUS000703,2023-01-07,2023-01-07,Integration,High,12.77,4.1,resolved
TKT0000279,CUS001840,2024-05-28,2024-05-28,Billing,High,12.2,4.5,resolved
TKT0000280,CUS003009,2024-10-16,2024-10-16,Billing,Medium,19.92,2.9,resolved
TKT0000281,CUS000868,2023-09-09,2023-09-09,Integration,Medium,14.08,4.8,resolved
TKT0000282,CUS004104,2024-05-07,2024-05-07,Billing,High,22.99,3.9,resolved
TKT0000283,CUS001897,2024-02-22,2024-02-22,Billing,Medium,10.65,4.8,resolved
TKT0000284,CUS004592,2023-06-20,2023-06-20,Account,Medium,19.36,4.1,resolved
TKT0000285,CUS004128,2023-11-27,2023-11-27,Billing,Medium,8.55,3.6,resolved
TKT0000286,CUS001357,2023-05-25,2023-05-25,Integration,Critical,12.04,4.2,resolved
TKT0000287,CUS000044,2023-08-31,2023-08-31,Integration,Critical,3.38,5.0,resolved
TKT0000288,CUS000333,2023-08-20,2023-08-21,Technical,Medium,26.53,4.1,resolved
TKT0000289,CUS000398,2023-02-12,2023-02-12,Performance,Low,23.58,,resolved
TKT0000290,CUS001465,2024-05-28,2024-05-28,Integration,Low,17.88,4.7,resolved
TKT0000291,CUS000100,2023-08-19,2023-08-20,Technical,Medium,27.14,4.3,resolved
TKT0000292,CUS002341,2024-02-18,2024-02-18,Technical,High,4.57,5.0,resolved
TKT0000293,CUS002931,2023-12-08,2023-12-08,Account,Medium,4.79,5.0,resolved
TKT0000294,CUS003917,2023-11-11,2023-11-11,Performance,Medium,15.21,5.0,resolved
TKT0000295,CUS004453,2023-08-10,2023-08-10,Billing,Medium,11.76,4.6,resolved
TKT0000296,CUS000130,2024-08-29,2024-08-29,Account,Medium,18.19,4.8,resolved
TKT0000297,CUS004919,2024-12-11,2024-12-11,Account,Medium,16.37,3.6,resolved
TKT0000298,CUS002878,2023-05-06,2023-05-06,Billing,High,5.43,5.0,resolved
TKT0000299,CUS003264,2023-05-17,2023-05-17,Account,High,20.39,4.2,resolved
TKT0000300,CUS001129,2024-11-01,2024-11-01,Technical,Medium,9.42,5.0,resolved
TKT0000301,CUS002388,2023-10-10,2023-10-10,Account,High,15.61,5.0,resolved
TKT0000302,CUS001729,2024-08-06,2024-08-06,Billing,High,18.96,3.5,resolved
TKT0000303,CUS002027,2024-05-15,2024-05-15,Integration,Low,15.97,5.0,resolved
TKT0000304,CUS001842,2024-11-15,2024-11-15,Billing,Medium,14.83,4.8,resolved
TKT0000305,CUS000824,2023-07-17,2023-07-18,Account,Medium,25.94,3.9,resolved
TKT0000306,CUS001656,2024-06-07,2024-06-08,Account,Low,31.5,,resolved
TKT0000307,CUS003697,2024-01-05,2024-01-05,Account,Medium,7.2,4.4,resolved
TKT0000308,CUS001364,2024-02-22,2024-02-22,Account,Medium,16.99,,resolved
TKT0000309,CUS003712,2024-06-09,2024-06-09,Billing,Critical,15.78,4.3,resolved
TKT0000310,CUS002337,2024-07-14,2024-07-14,Billing,Low,8.17,5.0,resolved
TKT0000311,CUS004864,2024-12-03,2024-12-04,Technical,High,26.35,4.2,resolved
TKT0000312,CUS001815,2023-06-11,2023-06-11,Performance,Medium,3.38,4.5,resolved
TKT0000313,CUS004821,2024-01-31,2024-02-01,Billing,Medium,32.39,3.4,resolved
TKT0000314,CUS000247,2023-10-27,2023-10-28,Technical,Medium,32.91,3.3,resolved
TKT0000315,CUS000494,2024-06-17,2024-06-17,Billing,High,5.01,5.0,resolved
TKT0000316,CUS001304,2024-07-03,2024-07-03,Integration,High,5.48,,resolved
TKT0000317,CUS004406,2024-08-13,2024-08-13,Account,High,10.62,4.5,resolved
TKT0000318,CUS003664,2024-05-16,2024-05-16,Integration,High,17.55,4.5,resolved
TKT0000319,CUS001372,2023-09-12,2023-09-13,Integration,Low,33.43,3.2,resolved
TKT0000320,CUS000036,2023-11-11,2023-11-11,Technical,Medium,17.02,4.8,resolved
TKT0000321,CUS004099,2023-12-02,2023-12-02,Account,Low,16.53,4.4,resolved
TKT0000322,CUS004263,2023-12-30,2023-12-30,Technical,High,7.67,5.0,resolved
TKT0000323,CUS001308,2024-09-24,2024-09-24,Account,Medium,14.7,4.9,resolved
TKT0000324,CUS000114,2023-09-02,2023-09-05,Technical,High,84.19,1.0,resolved
TKT0000325,CUS004856,2024-04-12,2024-04-12,Account,Critical,20.07,5.0,resolved
TKT0000326,CUS001868,2024-02-29,2024-03-01,Account,Medium,25.8,3.4,resolved
TKT0000327,CUS001141,2023-01-13,2023-01-13,Billing,Medium,13.36,,resolved
TKT0000328,CUS004839,2023-07-27,2023-07-28,Performance,Low,31.11,3.5,resolved
TKT0000329,CUS003712,2024-10-18,2024-10-18,Performance,Medium,16.79,4.5,resolved
TKT0000330,CUS000845,2024-01-16,2024-01-17,Billing,Medium,37.13,2.8,resolved
TKT0000331,CUS002304,2023-10-23,2023-10-23,Account,High,19.4,4.2,resolved
TKT0000332,CUS002117,2023-11-21,2023-11-21,Technical,High,11.2,4.2,resolved
TKT0000333,CUS001966,2024-06-08,2024-06-08,Account,High,11.23,3.6,resolved
TKT0000334,CUS003375,2024-03-08,2024-03-08,Account,Critical,4.27,4.8,resolved
TKT0000335,CUS000652,2023-09-08,2023-09-08,Account,High,13.85,4.6,resolved
TKT0000336,CUS002215,2024-02-13,2024-02-16,Technical,Medium,82.2,1.0,resolved
TKT0000337,CUS002710,2024-01-21,2024-01-22,Billing,Medium,32.39,3.2,resolved
TKT0000338,CUS003120,2023-04-02,2023-04-02,Billing,Low,10.09,,resolved
TKT0000339,CUS000760,2023-12-22,2023-12-22,Technical,High,6.28,5.0,resolved
TKT0000340,CUS004151,2023-05-28,2023-05-28,Integration,Medium,22.94,4.4,resolved
TKT0000341,CUS002798,2023-02-19,2023-02-19,Account,Medium,21.06,3.3,resolved
TKT0000342,CUS004793,2024-11-02,2024-11-02,Billing,Medium,14.34,5.0,resolved
TKT0000343,CUS001846,2023-10-15,2023-10-15,Performance,High,8.85,3.7,resolved
TKT0000344,CUS004580,2024-08-10,2024-08-11,Account,High,44.49,2.6,resolved
TKT0000345,CUS000488,2023-07-01,2023-07-01,Performance,Medium,20.68,2.5,resolved
TKT0000346,CUS004856,2023-04-27,2023-04-28,Performance,Low,25.96,3.1,resolved
TKT0000347,CUS003882,2024-03-13,2024-03-13,Performance,Low,9.16,4.1,resolved
TKT0000348,CUS002183,2023-06-09,2023-06-09,Account,Critical,6.57,5.0,resolved
TKT0000349,CUS000377,2024-12-02,2024-12-02,Billing,High,8.63,5.0,resolved
TKT0000350,CUS004018,2023-06-14,2023-06-14,Integration,Medium,23.16,4.0,resolved
TKT0000351,CUS002118,2024-07-23,2024-07-23,Billing,Low,11.18,4.2,resolved
TKT0000352,CUS003171,2023-05-31,2023-05-31,Performance,High,7.66,3.1,resolved
TKT0000353,CUS002205,2024-10-29,2024-10-29,Performance,Medium,12.88,3.9,resolved
TKT0000354,CUS001137,2024-05-04,2024-05-04,Performance,Medium,11.46,3.3,resolved
TKT0000355,CUS000393,2023-12-27,2023-12-27,Integration,High,3.32,4.5,resolved
TKT0000356,CUS004940,2023-08-04,2023-08-04,Technical,Medium,6.73,4.6,resolved
TKT0000357,CUS001278,2023-02-07,2023-02-07,Integration,Medium,12.27,4.6,resolved
TKT0000358,CUS002272,2024-01-15,2024-01-15,Technical,Low,5.55,4.7,resolved
TKT0000359,CUS002872,2023-06-28,2023-06-28,Billing,High,14.75,4.0,resolved
TKT0000360,CUS003902,2023-10-29,2023-10-29,Technical,High,6.61,,resolved
TKT0000361,CUS001372,2023-12-18,2023-12-18,Billing,Medium,6.5,4.7,resolved
TKT0000362,CUS003833,2023-04-16,2023-04-16,Account,Medium,2.82,5.0,resolved
TKT0000363,CUS000631,2023-09-20,2023-09-20,Account,Medium,5.04,5.0,resolved
TKT0000364,CUS004084,2023-05-13,2023-05-14,Billing,High,35.93,2.7,resolved
TKT0000365,CUS004522,2023-12-03,2023-12-03,Billing,Medium,4.86,4.7,resolved
TKT0000366,CUS004519,2024-03-07,2024-03-07,Integration,High,9.41,5.0,resolved
TKT0000367,CUS000209,2024-09-29,2024-09-29,Billing,Medium,10.05,4.2,resolved
TKT0000368,CUS002500,2023-05-30,2023-05-31,Technical,Low,34.86,3.7,resolved
TKT0000369,CUS004450,2023-01-10,2023-01-10,Performance,Medium,2.9,5.0,resolved
TKT0000370,CUS003960,2024-03-16,2024-03-16,Billing,Low,6.7,4.8,resolved
TKT0000371,CUS004400,2023-06-04,2023-06-04,Billing,High,20.63,3.6,resolved
TKT0000372,CUS003574,2024-01-12,2024-01-12,Technical,Low,15.94,3.1,resolved
TKT0000373,CUS004254,2024-12-08,2024-12-08,Performance,Low,13.19,4.8,resolved
TKT0000374,CUS000297,2023-10-15,2023-10-15,Integration,Medium,14.64,,resolved
TKT0000375,CUS000993,2024-03-17,2024-03-17,Performance,High,4.61,4.4,resolved
TKT0000376,CUS003617,2024-10-17,2024-10-17,Account,Medium,8.63,5.0,resolved
TKT0000377,CUS004063,2023-09-26,2023-09-26,Account,High,7.25,4.8,resolved
TKT0000378,CUS000919,2023-04-21,2023-04-22,Billing,High,29.47,3.0,resolved
TKT0000379,CUS004016,2023-05-28,2023-05-28,Performance,Critical,2.77,4.1,resolved
TKT0000380,CUS001146,2023-01-08,2023-01-08,Integration,Medium,14.8,4.1,resolved
TKT0000381,CUS003323,2023-11-10,2023-11-10,Billing,Medium,9.21,5.0,resolved
TKT0000382,CUS002598,2024-08-18,2024-08-18,Technical,Medium,7.83,5.0,resolved
TKT0000383,CUS003848,2024-08-14,2024-08-14,Account,High,7.07,5.0,resolved
TKT0000384,CUS002176,2023-06-02,2023-06-02,Technical,Medium,9.35,4.9,resolved
TKT0000385,CUS001018,2024-12-17,2024-12-17,Technical,Medium,20.06,3.5,resolved
TKT0000386,CUS004110,2023-11-30,2023-11-30,Billing,Medium,15.19,4.0,resolved
TKT0000387,CUS004634,2023-07-12,2023-07-12,Integration,Medium,6.49,4.8,resolved
TKT0000388,CUS003127,2023-04-05,2023-04-05,Technical,High,10.67,4.5,resolved
TKT0000389,CUS004316,2024-08-11,2024-08-11,Billing,Medium,5.14,,resolved
TKT0000390,CUS000105,2024-09-28,2024-09-28,Billing,Medium,18.87,3.4,resolved
TKT0000391,CUS002743,2023-01-29,2023-01-29,Account,Medium,6.96,4.7,resolved
TKT0000392,CUS001934,2024-04-01,2024-04-01,Technical,Medium,10.1,4.3,resolved
TKT0000393,CUS003558,2024-07-03,2024-07-03,Performance,Medium,10.6,4.4,resolved
TKT0000394,CUS001652,2024-12-12,2024-12-12,Integration,Low,11.88,4.4,resolved
TKT0000395,CUS000068,2024-09-07,2024-09-07,Integration,Low,13.82,5.0,resolved
TKT0000396,CUS002378,2024-01-01,2024-01-01,Performance,High,17.62,3.9,resolved
TKT0000397,CUS002990,2023-08-12,2023-08-12,Technical,Low,14.77,4.7,resolved
TKT0000398,CUS003391,2024-12-15,2024-12-15,Billing,Low,13.61,3.7,resolved
TKT0000399,CUS004158,2024-05-31,2024-05-31,Integration,Medium,11.75,5.0,resolved
TKT0000400,CUS005000,2023-07-09,2023-07-09,Account,Medium,11.02,5.0,resolved
TKT0000401,CUS003812,2024-12-04,2024-12-04,Integration,Medium,14.84,,resolved
TKT0000402,CUS001531,2023-12-07,2023-12-07,Performance,Medium,5.85,4.0,resolved
TKT0000403,CUS004694,2024-04-30,2024-04-30,Integration,Low,5.1,3.7,resolved
TKT0000404,CUS003393,2023-12-30,2023-12-30,Technical,Low,11.02,4.7,resolved
TKT0000405,CUS004472,2024-03-09,2024-03-09,Technical,High,12.55,4.3,resolved
TKT0000406,CUS002087,2023-12-13,2023-12-14,Technical,Low,27.9,4.5,resolved
TKT0000407,CUS000718,2023-03-02,2023-03-03,Account,High,31.31,3.6,resolved
TKT0000408,CUS003410,2024-02-29,2024-02-29,Account,Low,3.19,4.5,resolved
TKT0000409,CUS000684,2023-06-08,2023-06-08,Technical,Medium,6.91,,resolved
TKT0000410,CUS004345,2023-02-16,2023-02-16,Technical,High,10.74,3.2,resolved
TKT0000411,CUS003213,2023-07-18,2023-07-19,Integration,Medium,46.8,2.6,resolved
TKT0000412,CUS002225,2024-09-23,2024-09-23,Technical,High,7.78,4.8,resolved
TKT0000413,CUS000648,2023-05-02,2023-05-02,Technical,Low,5.93,5.0,resolved
TKT0000414,CUS001409,2024-06-03,2024-06-03,Billing,Medium,5.05,4.5,resolved
TKT0000415,CUS001417,2023-03-09,2023-03-09,Technical,Low,8.77,4.6,resolved
TKT0000416,CUS000227,2024-02-26,2024-02-26,Performance,High,20.9,3.7,resolved
TKT0000417,CUS000739,2024-10-05,2024-10-06,Technical,Medium,38.94,,resolved
TKT0000418,CUS003056,2023-10-12,2023-10-12,Performance,Medium,6.62,5.0,resolved
TKT0000419,CUS000189,2023-05-24,2023-05-24,Account,Medium,13.83,3.8,resolved
TKT0000420,CUS002383,2023-08-31,2023-08-31,Performance,Medium,18.92,4.6,resolved
TKT0000421,CUS002993,2024-09-23,2024-09-23,Account,High,6.95,4.0,resolved
TKT0000422,CUS001231,2024-10-24,2024-10-25,Billing,Medium,46.03,2.5,resolved
TKT0000423,CUS004973,2024-11-16,2024-11-16,Integration,Medium,6.9,5.0,resolved
TKT0000424,CUS002303,2023-05-16,2023-05-16,Technical,Critical,5.2,4.6,resolved
TKT0000425,CUS003772,2023-10-31,2023-11-01,Billing,High,42.4,2.5,resolved
TKT0000426,CUS001116,2023-09-13,2023-09-13,Billing,High,9.6,4.7,resolved
TKT0000427,CUS000166,2023-07-26,2023-07-26,Integration,Low,4.93,2.9,resolved
TKT0000428,CUS000364,2023-07-04,2023-07-04,Technical,Low,7.52,4.3,resolved
TKT0000429,CUS001466,2024-08-07,2024-08-07,Billing,Medium,10.43,4.3,resolved
TKT0000430,CUS001525,2023-02-02,2023-02-02,Performance,Low,6.98,4.6,resolved
TKT0000431,CUS000962,2024-12-16,2024-12-16,Account,Medium,11.0,4.7,resolved
TKT0000432,CUS001682,2024-07-21,2024-07-21,Performance,Medium,13.12,4.4,resolved
TKT0000433,CUS000609,2023-04-18,2023-04-20,Performance,Medium,58.29,2.7,resolved
TKT0000434,CUS004431,2024-02-21,2024-02-21,Account,Medium,7.88,5.0,resolved
TKT0000435,CUS001527,2023-09-04,2023-09-04,Billing,Low,8.96,4.6,resolved
TKT0000436,CUS003654,2023-06-12,2023-06-13,Performance,Medium,24.65,,resolved
TKT0000437,CUS004578,2024-07-16,2024-07-16,Integration,High,21.3,4.8,resolved
TKT0000438,CUS004673,2023-10-26,2023-10-26,Account,Medium,15.69,4.1,resolved
TKT0000439,CUS002845,2023-01-04,2023-01-04,Technical,Medium,7.68,4.3,resolved
TKT0000440,CUS001638,2023-09-29,2023-09-30,Billing,High,24.07,4.4,resolved
TKT0000441,CUS004533,2023-10-04,2023-10-04,Integration,High,12.77,4.5,resolved
TKT0000442,CUS004864,2023-08-21,2023-08-21,Billing,High,5.09,5.0,resolved
TKT0000443,CUS003766,2023-03-31,2023-03-31,Technical,High,6.8,,resolved
TKT0000444,CUS002910,2024-05-25,2024-05-25,Technical,Low,16.15,4.1,resolved
TKT0000445,CUS000837,2024-08-18,2024-08-18,Performance,Low,8.36,5.0,resolved
TKT0000446,CUS003139,2024-10-19,2024-10-19,Billing,High,18.39,2.7,resolved
TKT0000447,CUS001174,2023-07-09,2023-07-09,Technical,Medium,5.36,4.6,resolved
TKT0000448,CUS000894,2024-01-25,2024-01-26,Technical,Medium,27.06,4.3,resolved
TKT0000449,CUS002010,2024-03-28,2024-03-28,Billing,Medium,6.23,4.6,resolved
TKT0000450,CUS002005,2023-05-16,2023-05-16,Integration,Critical,5.69,5.0,resolved
TKT0000451,CUS002550,2024-02-25,2024-02-25,Integration,High,8.63,,resolved
TKT0000452,CUS001932,2023-09-18,2023-09-18,Billing,Medium,7.24,4.9,resolved
TKT0000453,CUS000188,2024-11-10,2024-11-10,Technical,Low,5.56,,resolved
TKT0000454,CUS002417,2024-06-24,2024-06-24,Integration,Medium,9.47,3.6,resolved
TKT0000455,CUS001506,2023-02-27,2023-02-27,Performance,High,18.74,3.9,resolved
TKT0000456,CUS002973,2023-07-17,2023-07-17,Integration,Low,6.33,4.5,resolved
TKT0000457,CUS002106,2023-12-18,2023-12-18,Account,Medium,11.86,4.1,resolved
TKT0000458,CUS002032,2023-02-02,2023-02-02,Account,High,8.91,4.1,resolved
TKT0000459,CUS004273,2024-10-16,2024-10-16,Account,Low,7.35,5.0,resolved
TKT0000460,CUS003706,2024-10-31,2024-10-31,Billing,Medium,21.18,3.5,resolved
TKT0000461,CUS003954,2024-01-22,2024-01-22,Account,Medium,3.55,5.0,resolved
TKT0000462,CUS003177,2023-08-25,2023-08-25,Performance,Medium,14.42,4.3,resolved
TKT0000463,CUS004397,2024-12-03,2024-12-03,Performance,Low,8.04,5.0,resolved
TKT0000464,CUS003166,2023-04-05,2023-04-05,Billing,High,9.8,5.0,resolved
TKT0000465,CUS000140,2023-06-26,2023-06-26,Billing,Medium,12.43,5.0,resolved
TKT0000466,CUS002521,2024-03-17,2024-03-17,Account,Low,8.54,4.3,resolved
TKT0000467,CUS002889,2023-12-17,2023-12-17,Account,Critical,9.52,5.0,resolved
TKT0000468,CUS004457,2023-05-18,2023-05-18,Technical,High,10.5,5.0,resolved
TKT0000469,CUS002588,2024-08-10,2024-08-10,Technical,Medium,7.16,4.6,resolved
TKT0000470,CUS001178,2023-12-31,2023-12-31,Performance,Low,3.7,5.0,resolved
TKT0000471,CUS002269,2023-11-23,2023-11-23,Performance,High,6.23,,resolved
TKT0000472,CUS002123,2023-07-05,2023-07-05,Performance,High,16.41,3.4,resolved
TKT0000473,CUS002798,2023-07-03,2023-07-03,Performance,Medium,22.85,5.0,resolved
TKT0000474,CUS001331,2024-10-23,2024-10-23,Billing,High,14.11,3.3,resolved
TKT0000475,CUS001658,2023-03-22,2023-03-22,Billing,High,8.37,3.8,resolved
TKT0000476,CUS004805,2023-09-19,2023-09-19,Account,Low,13.16,4.1,resolved
TKT0000477,CUS002453,2024-09-11,2024-09-11,Integration,Medium,7.29,5.0,resolved
TKT0000478,CUS004234,2024-10-02,2024-10-02,Technical,High,7.74,5.0,resolved
TKT0000479,CUS004809,2023-04-14,2023-04-14,Integration,Medium,6.77,5.0,resolved
TKT0000480,CUS004045,2024-01-09,2024-01-09,Integration,Medium,17.67,4.8,resolved
TKT0000481,CUS001986,2023-04-08,2023-04-08,Billing,Medium,3.23,5.0,resolved
TKT0000482,CUS000994,2024-11-22,2024-11-22,Technical,Low,10.46,5.0,resolved
TKT0000483,CUS004014,2023-10-10,2023-10-10,Performance,Medium,10.45,4.4,resolved
TKT0000484,CUS003087,2024-07-19,2024-07-19,Performance,Low,11.0,4.6,resolved
TKT0000485,CUS001595,2024-11-10,2024-11-10,Account,Low,15.19,4.0,resolved
TKT0000486,CUS004037,2024-09-02,2024-09-02,Billing,Low,20.83,,resolved
TKT0000487,CUS002895,2024-02-27,2024-02-27,Performance,Medium,9.93,4.4,resolved
TKT0000488,CUS003904,2023-05-24,2023-05-24,Technical,Medium,8.49,3.8,resolved
TKT0000489,CUS002545,2023-09-23,2023-09-23,Account,Medium,14.5,3.5,resolved
TKT0000490,CUS003074,2024-10-14,2024-10-14,Performance,Medium,3.61,4.2,resolved
TKT0000491,CUS001839,2024-11-02,2024-11-02,Integration,Medium,10.18,4.9,resolved
TKT0000492,CUS001738,2023-09-10,2023-09-11,Technical,Low,30.75,3.3,resolved
TKT0000493,CUS003601,2023-07-26,2023-07-26,Billing,High,11.51,4.5,resolved
TKT0000494,CUS001920,2024-01-31,2024-01-31,Billing,Low,4.07,5.0,resolved
TKT0000495,CUS002037,2023-01-19,2023-01-22,Integration,Low,81.28,1.0,resolved
TKT0000496,CUS001493,2024-04-21,2024-04-21,Performance,Medium,18.83,3.9,resolved
TKT0000497,CUS003979,2023-09-19,2023-09-19,Performance,Medium,6.03,4.7,resolved
TKT0000498,CUS004134,2024-10-20,2024-10-20,Technical,Medium,3.99,4.6,resolved
TKT0000499,CUS000792,2024-04-05,2024-04-05,Integration,Low,22.46,4.1,resolved
TKT0000500,CUS003433,2023-08-03,2023-08-03,Billing,Medium,8.96,4.6,resolved
TKT0000501,CUS001229,2024-10-14,2024-10-14,Billing,High,7.63,4.2,resolved
TKT0000502,CUS001218,2024-06-27,2024-06-27,Performance,Medium,11.9,4.5,resolved
TKT0000503,CUS000956,2024-03-31,2024-03-31,Integration,Low,4.61,5.0,resolved
TKT0000504,CUS001114,2024-02-18,2024-02-18,Technical,Medium,16.14,5.0,resolved
TKT0000505,CUS001986,2024-03-03,2024-03-03,Integration,Medium,9.18,,resolved
TKT0000506,CUS001468,2023-05-17,2023-05-17,Integration,Medium,18.95,3.3,resolved
TKT0000507,CUS001032,2024-06-10,2024-06-11,Performance,Low,41.11,2.0,resolved
TKT0000508,CUS003145,2023-07-31,2023-07-31,Performance,Medium,19.74,3.6,resolved
TKT0000509,CUS003971,2023-06-02,2023-06-02,Integration,Low,18.22,4.0,resolved
TKT0000510,CUS002176,2024-10-29,2024-10-29,Technical,Medium,18.38,3.8,resolved
TKT0000511,CUS000037,2024-10-11,2024-10-11,Billing,Low,12.91,3.5,resolved
TKT0000512,CUS003007,2023-02-04,2023-02-04,Account,High,9.39,5.0,resolved
TKT0000513,CUS004141,2024-03-07,2024-03-07,Account,Medium,12.03,3.3,resolved
TKT0000514,CUS003078,2023-09-08,2023-09-08,Integration,High,1.54,5.0,resolved
TKT0000515,CUS004218,2024-01-24,2024-01-24,Billing,Low,6.95,5.0,resolved
TKT0000516,CUS000057,2024-09-29,2024-09-29,Technical,High,20.28,5.0,resolved
TKT0000517,CUS001119,2024-04-13,2024-04-13,Account,Low,7.28,4.1,resolved
TKT0000518,CUS003261,2023-12-18,2023-12-18,Billing,High,11.2,4.3,resolved
TKT0000519,CUS001886,2023-03-12,2023-03-12,Billing,Medium,3.8,4.8,resolved
TKT0000520,CUS000993,2023-05-27,2023-05-27,Account,Medium,5.36,4.6,resolved
TKT0000521,CUS004581,2024-04-06,2024-04-06,Billing,Medium,16.45,4.4,resolved
TKT0000522,CUS002026,2023-12-01,2023-12-01,Performance,Low,12.54,4.6,resolved
TKT0000523,CUS004213,2023-03-29,2023-03-29,Integration,Medium,8.14,,resolved
TKT0000524,CUS004829,2023-03-14,2023-03-14,Performance,Medium,4.43,5.0,resolved
TKT0000525,CUS000131,2024-01-02,2024-01-02,Account,Medium,7.65,4.0,resolved
TKT0000526,CUS004735,2024-05-17,2024-05-17,Performance,Medium,8.72,,resolved
TKT0000527,CUS003598,2024-08-24,2024-08-24,Integration,High,7.99,4.9,resolved
TKT0000528,CUS003882,2024-09-04,2024-09-04,Billing,Low,8.78,4.8,resolved
TKT0000529,CUS000929,2023-04-18,2023-04-18,Integration,High,18.95,2.5,resolved
TKT0000530,CUS000885,2023-01-20,2023-01-20,Performance,Low,6.16,4.7,resolved
TKT0000531,CUS002379,2023-10-22,2023-10-22,Billing,High,7.09,4.6,resolved
TKT0000532,CUS000773,2023-04-17,2023-04-17,Technical,Medium,13.31,4.7,resolved
TKT0000533,CUS003581,2024-04-06,2024-04-06,Billing,Low,9.64,3.8,resolved
TKT0000534,CUS004516,2024-04-04,2024-04-05,Performance,Low,24.53,4.0,resolved
TKT0000535,CUS004752,2024-04-18,2024-04-18,Technical,Medium,16.03,4.8,resolved
TKT0000536,CUS001521,2023-11-27,2023-11-27,Billing,High,15.76,4.7,resolved
TKT0000537,CUS002594,2023-04-30,2023-04-30,Technical,Medium,6.06,4.8,resolved
TKT0000538,CUS000950,2023-12-28,2023-12-28,Account,Medium,9.27,5.0,resolved
TKT0000539,CUS001689,2023-09-01,2023-09-01,Billing,High,6.57,,resolved
TKT0000540,CUS001382,2024-08-20,2024-08-20,Billing,Low,7.54,4.3,resolved
TKT0000541,CUS002589,2023-01-13,2023-01-13,Billing,High,21.05,4.1,resolved
TKT0000542,CUS001329,2024-04-20,2024-04-20,Technical,Medium,2.87,5.0,resolved
TKT0000543,CUS000088,2024-08-04,2024-08-04,Integration,High,21.56,5.0,resolved
TKT0000544,CUS001333,2024-04-12,2024-04-12,Billing,High,13.89,4.0,resolved
TKT0000545,CUS000681,2024-08-17,2024-08-17,Billing,Medium,18.73,3.6,resolved
TKT0000546,CUS000195,2024-09-13,2024-09-13,Account,Medium,12.21,3.8,resolved
TKT0000547,CUS002375,2024-01-25,2024-01-25,Performance,Low,14.3,3.5,resolved
TKT0000548,CUS003211,2023-06-04,2023-06-05,Technical,Low,28.67,3.6,resolved
TKT0000549,CUS004528,2024-12-15,2024-12-15,Billing,Medium,8.93,4.2,resolved
TKT0000550,CUS001030,2023-01-29,2023-01-29,Integration,Medium,5.34,5.0,resolved
TKT0000551,CUS000377,2023-03-22,2023-03-22,Account,High,9.06,4.3,resolved
TKT0000552,CUS003640,2024-03-14,2024-03-14,Integration,Low,17.49,3.5,resolved
TKT0000553,CUS002596,2024-04-11,2024-04-12,Billing,Low,25.06,4.4,resolved
TKT0000554,CUS004580,2023-03-12,2023-03-12,Billing,Medium,10.12,4.6,resolved
TKT0000555,CUS002343,2023-05-27,2023-05-27,Account,Medium,19.23,4.6,resolved
TKT0000556,CUS004332,2023-08-05,2023-08-05,Billing,Medium,17.56,3.9,resolved
TKT0000557,CUS000323,2023-09-12,2023-09-12,Technical,Low,6.24,5.0,resolved
TKT0000558,CUS004966,2024-12-30,2024-12-30,Performance,Medium,17.17,4.4,resolved
TKT0000559,CUS002073,2023-02-02,2023-02-02,Technical,High,11.01,3.8,resolved
TKT0000560,CUS004328,2024-07-08,2024-07-09,Account,Medium,24.74,2.7,resolved
TKT0000561,CUS000181,2023-04-12,2023-04-12,Billing,Low,11.3,4.7,resolved
TKT0000562,CUS000940,2023-02-22,2023-02-25,Integration,Low,75.76,1.3,resolved
TKT0000563,CUS002955,2023-09-25,2023-09-25,Integration,High,9.62,5.0,resolved
TKT0000564,CUS000075,2023-01-22,2023-01-22,Performance,Critical,6.7,3.6,resolved
TKT0000565,CUS002811,2024-02-22,2024-02-22,Performance,Low,13.73,3.3,resolved
TKT0000566,CUS001359,2023-05-30,2023-05-30,Technical,Medium,15.97,3.1,resolved
TKT0000567,CUS002662,2023-12-22,2023-12-22,Integration,Medium,14.13,3.8,resolved
TKT0000568,CUS003748,2023-07-28,2023-07-28,Performance,High,12.96,4.8,resolved
TKT0000569,CUS003139,2024-12-14,2024-12-15,Integration,Low,26.57,3.7,resolved
TKT0000570,CUS003728,2024-10-02,2024-10-02,Performance,Low,4.8,3.8,resolved
TKT0000571,CUS001746,2024-08-07,2024-08-07,Account,High,2.44,4.0,resolved
TKT0000572,CUS003578,2024-11-19,2024-11-19,Technical,Medium,12.47,,resolved
TKT0000573,CUS002697,2023-02-08,2023-02-09,Account,Low,39.76,3.7,resolved
TKT0000574,CUS002551,2023-05-01,2023-05-01,Billing,Medium,14.61,4.7,resolved
TKT0000575,CUS003136,2023-01-20,2023-01-20,Performance,Low,6.18,5.0,resolved
TKT0000576,CUS002529,2023-05-23,2023-05-23,Performance,High,8.17,5.0,resolved
TKT0000577,CUS002247,2024-10-24,2024-10-24,Technical,Medium,10.0,5.0,resolved
TKT0000578,CUS001588,2024-09-03,2024-09-03,Billing,Medium,5.69,5.0,resolved
TKT0000579,CUS003022,2024-01-21,2024-01-21,Technical,Medium,5.41,4.7,resolved
TKT0000580,CUS001484,2024-03-14,2024-03-14,Performance,Low,12.61,4.9,resolved
TKT0000581,CUS000003,2024-12-21,2024-12-21,Performance,Low,13.05,3.0,resolved
TKT0000582,CUS000311,2023-09-26,2023-09-26,Technical,High,5.6,5.0,resolved
TKT0000583,CUS004395,2023-01-29,2023-01-29,Performance,Medium,7.02,4.1,resolved
TKT0000584,CUS004223,2023-11-03,2023-11-03,Technical,Critical,8.69,5.0,resolved
TKT0000585,CUS004788,2024-11-02,2024-11-02,Billing,Medium,12.53,4.2,resolved
TKT0000586,CUS002251,2024-01-22,2024-01-22,Billing,Medium,14.67,4.6,resolved
TKT0000587,CUS001362,2024-05-04,2024-05-04,Account,Low,6.19,4.0,resolved
TKT0000588,CUS004993,2024-02-23,2024-02-23,Integration,Medium,19.84,3.8,resolved
TKT0000589,CUS003055,2023-12-16,2023-12-16,Billing,Medium,12.66,4.9,resolved
TKT0000590,CUS004541,2023-09-29,2023-09-29,Performance,Low,16.02,4.5,resolved
TKT0000591,CUS001798,2023-07-16,2023-07-16,Account,Low,9.32,,resolved
TKT0000592,CUS003861,2024-01-21,2024-01-21,Billing,High,10.57,4.5,resolved
TKT0000593,CUS003897,2024-01-09,2024-01-09,Account,Low,13.43,4.0,resolved
TKT0000594,CUS003291,2024-06-06,2024-06-06,Technical,Low,14.37,3.7,resolved
TKT0000595,CUS001211,2024-05-25,2024-05-28,Performance,Medium,72.17,1.0,resolved
TKT0000596,CUS004153,2024-03-14,2024-03-14,Account,Medium,7.05,5.0,resolved
TKT0000597,CUS002360,2023-06-13,2023-06-14,Technical,High,31.62,4.4,resolved
TKT0000598,CUS003772,2023-10-31,2023-10-31,Integration,Medium,16.64,4.6,resolved
TKT0000599,CUS002726,2024-08-29,2024-08-29,Integration,Low,7.64,4.3,resolved
TKT0000600,CUS000540,2023-09-13,2023-09-13,Integration,Medium,10.65,4.6,resolved
TKT0000601,CUS002198,2024-09-14,2024-09-14,Technical,High,5.01,4.9,resolved
TKT0000602,CUS001901,2024-02-13,2024-02-13,Technical,Medium,8.71,5.0,resolved
TKT0000603,CUS004634,2024-04-12,2024-04-12,Performance,Medium,9.36,4.7,resolved
TKT0000604,CUS004177,2024-02-06,2024-02-06,Account,High,9.82,5.0,resolved
TKT0000605,CUS001592,2024-01-11,2024-01-13,Account,Medium,63.28,1.7,resolved
TKT0000606,CUS003065,2023-09-09,2023-09-09,Technical,Medium,22.96,4.2,resolved
TKT0000607,CUS002219,2024-10-23,2024-10-23,Account,Low,16.99,4.8,resolved
TKT0000608,CUS003283,2023-12-01,2023-12-01,Integration,Medium,7.57,4.0,resolved
TKT0000609,CUS002180,2023-09-21,2023-09-21,Integration,Medium,4.06,4.8,resolved
TKT0000610,CUS002045,2023-08-11,2023-08-11,Performance,Low,11.45,4.4,resolved
TKT0000611,CUS003884,2024-03-30,2024-03-30,Performance,Medium,17.98,4.7,resolved
TKT0000612,CUS004746,2023-01-07,2023-01-07,Performance,Medium,21.89,3.9,resolved
TKT0000613,CUS000223,2023-11-22,2023-11-22,Technical,Medium,11.35,4.0,resolved
TKT0000614,CUS000103,2024-12-27,2024-12-27,Billing,Low,4.2,4.6,resolved
TKT0000615,CUS002623,2023-08-17,2023-08-17,Account,Low,16.13,4.4,resolved
TKT0000616,CUS003612,2023-02-09,2023-02-09,Account,Medium,21.63,4.4,resolved
TKT0000617,CUS004586,2024-11-08,2024-11-08,Account,Low,13.07,4.0,resolved
TKT0000618,CUS001463,2024-09-23,2024-09-23,Account,High,21.51,3.6,resolved
TKT0000619,CUS002395,2023-07-06,2023-07-06,Performance,Medium,14.95,3.9,resolved
TKT0000620,CUS004130,2024-07-30,2024-07-30,Technical,High,17.67,3.8,resolved
TKT0000621,CUS001713,2024-04-10,2024-04-10,Account,Medium,18.58,3.9,resolved
TKT0000622,CUS000327,2023-09-04,2023-09-04,Integration,Low,9.3,4.9,resolved
TKT0000623,CUS004230,2023-07-22,2023-07-22,Account,Medium,4.39,5.0,resolved
TKT0000624,CUS001341,2024-09-09,2024-09-09,Billing,Medium,20.61,,resolved
TKT0000625,CUS004941,2024-03-17,2024-03-17,Account,High,11.11,,resolved
TKT0000626,CUS001268,2024-08-02,2024-08-02,Account,Medium,3.77,5.0,resolved
TKT0000627,CUS003143,2024-07-09,2024-07-09,Technical,Medium,14.84,3.3,resolved
TKT0000628,CUS004645,2023-01-28,2023-01-28,Billing,Medium,12.1,5.0,resolved
TKT0000629,CUS001314,2023-11-27,2023-11-27,Performance,High,17.26,4.1,resolved
TKT0000630,CUS002143,2024-10-03,2024-10-03,Account,Low,17.96,4.3,resolved
TKT0000631,CUS002158,2023-11-14,2023-11-14,Account,Medium,10.05,,resolved
TKT0000632,CUS002670,2023-08-10,2023-08-10,Integration,Medium,10.52,4.4,resolved
TKT0000633,CUS001857,2023-12-26,2023-12-26,Account,Medium,10.2,,resolved
TKT0000634,CUS002678,2024-12-28,2024-12-28,Account,Critical,7.74,5.0,resolved
TKT0000635,CUS003145,2024-01-27,2024-01-27,Performance,Critical,16.5,,resolved
TKT0000636,CUS001521,2024-04-15,2024-04-15,Account,Medium,6.99,,resolved
TKT0000637,CUS003121,2024-01-09,2024-01-09,Technical,High,17.26,4.2,resolved
TKT0000638,CUS001036,2023-01-22,2023-01-22,Technical,Low,7.37,5.0,resolved
TKT0000639,CUS001308,2023-04-27,2023-04-27,Account,Medium,10.7,3.2,resolved
TKT0000640,CUS000391,2024-12-19,2024-12-19,Account,Low,14.12,4.2,resolved
TKT0000641,CUS004294,2024-03-13,2024-03-13,Billing,Low,8.64,5.0,resolved
TKT0000642,CUS002153,2023-04-17,2023-04-17,Performance,High,8.81,3.7,resolved
TKT0000643,CUS001465,2024-07-09,2024-07-09,Performance,Critical,18.83,5.0,resolved
TKT0000644,CUS003358,2023-07-25,2023-07-25,Billing,Critical,2.95,5.0,resolved
TKT0000645,CUS001828,2024-06-19,2024-06-19,Billing,High,7.41,4.5,resolved
TKT0000646,CUS002485,2024-11-07,2024-11-07,Account,Low,13.55,5.0,resolved
TKT0000647,CUS001844,2024-04-28,2024-04-28,Integration,Low,22.81,4.4,resolved
TKT0000648,CUS001363,2024-09-22,2024-09-22,Technical,Low,7.53,4.9,resolved
TKT0000649,CUS004851,2023-10-16,2023-10-16,Billing,Medium,4.87,5.0,resolved
TKT0000650,CUS000046,2024-10-14,2024-10-14,Technical,Critical,10.98,4.1,resolved
TKT0000651,CUS001619,2024-01-25,2024-01-26,Performance,High,29.71,3.6,resolved
TKT0000652,CUS003325,2024-09-24,2024-09-24,Performance,Medium,9.87,4.1,resolved
TKT0000653,CUS002322,2024-07-30,2024-07-30,Integration,High,5.14,4.9,resolved
TKT0000654,CUS002491,2024-11-19,2024-11-19,Account,High,11.1,4.6,resolved
TKT0000655,CUS002927,2023-04-12,2023-04-12,Technical,High,5.62,5.0,resolved
TKT0000656,CUS003812,2023-12-28,2023-12-29,Billing,High,25.51,,resolved
TKT0000657,CUS000516,2023-12-17,2023-12-17,Account,High,8.89,5.0,resolved
TKT0000658,CUS000297,2023-11-03,2023-11-03,Account,Medium,4.63,3.8,resolved
TKT0000659,CUS001678,2023-12-08,2023-12-08,Technical,Low,9.08,3.5,resolved
TKT0000660,CUS002301,2023-09-19,2023-09-19,Integration,Low,10.45,4.0,resolved
TKT0000661,CUS004085,2024-04-07,2024-04-07,Account,Critical,7.75,4.7,resolved
TKT0000662,CUS000058,2023-11-23,2023-11-23,Integration,Low,10.15,4.3,resolved
TKT0000663,CUS003162,2024-06-11,2024-06-13,Billing,Low,58.37,1.0,resolved
TKT0000664,CUS001688,2023-02-17,2023-02-17,Account,Medium,4.98,5.0,resolved
TKT0000665,CUS002261,2023-06-09,2023-06-09,Performance,Low,15.21,4.7,resolved
TKT0000666,CUS002859,2024-09-21,2024-09-22,Integration,High,35.76,3.0,resolved
TKT0000667,CUS001090,2023-05-16,2023-05-16,Performance,Medium,19.97,3.5,resolved
TKT0000668,CUS001029,2024-06-18,2024-06-18,Integration,High,18.11,4.0,resolved
TKT0000669,CUS003850,2023-04-22,2023-04-22,Technical,Medium,16.79,3.9,resolved
TKT0000670,CUS004154,2023-12-16,2023-12-16,Account,Medium,3.9,,resolved
TKT0000671,CUS001314,2024-04-11,2024-04-11,Integration,Medium,15.53,3.5,resolved
TKT0000672,CUS003154,2024-06-05,2024-06-05,Billing,Medium,7.15,4.2,resolved
TKT0000673,CUS002589,2024-03-12,2024-03-12,Technical,Low,11.7,5.0,resolved
TKT0000674,CUS002995,2024-08-28,2024-08-28,Integration,High,22.3,3.5,resolved
TKT0000675,CUS004312,2023-05-11,2023-05-11,Integration,Medium,11.06,5.0,resolved
TKT0000676,CUS003002,2023-04-14,2023-04-14,Integration,Low,18.06,4.1,resolved
TKT0000677,CUS004287,2024-03-14,2024-03-14,Account,Medium,8.32,4.5,resolved
TKT0000678,CUS002375,2024-03-19,2024-03-19,Technical,High,20.83,3.5,resolved
TKT0000679,CUS000316,2024-07-27,2024-07-27,Account,Critical,6.8,,resolved
TKT0000680,CUS000799,2023-08-26,2023-08-26,Account,Medium,12.49,4.3,resolved
TKT0000681,CUS003235,2023-04-20,2023-04-20,Performance,Medium,13.72,2.8,resolved
TKT0000682,CUS001903,2023-07-21,2023-07-21,Technical,Medium,15.36,5.0,resolved
TKT0000683,CUS002370,2023-06-01,2023-06-01,Account,Low,11.7,,resolved
TKT0000684,CUS003712,2023-11-29,2023-11-29,Account,Medium,8.58,3.7,resolved
TKT0000685,CUS003128,2023-06-11,2023-06-11,Billing,High,9.65,4.5,resolved
TKT0000686,CUS003668,2023-04-05,2023-04-05,Integration,Medium,3.45,4.7,resolved
TKT0000687,CUS000184,2024-04-30,2024-04-30,Account,Medium,13.69,,resolved
TKT0000688,CUS004646,2023-03-16,2023-03-16,Billing,Medium,23.85,4.3,resolved
TKT0000689,CUS001838,2024-10-16,2024-10-16,Account,Low,17.98,5.0,resolved
TKT0000690,CUS003555,2024-04-15,2024-04-15,Performance,High,6.55,4.5,resolved
TKT0000691,CUS002087,2023-02-08,2023-02-10,Billing,High,57.2,1.7,resolved
TKT0000692,CUS001049,2023-04-14,2023-04-14,Integration,Medium,6.18,4.2,resolved
TKT0000693,CUS002762,2024-09-19,2024-09-19,Technical,Medium,13.01,3.0,resolved
TKT0000694,CUS000434,2024-11-10,2024-11-10,Integration,Medium,22.82,4.2,resolved
TKT0000695,CUS000235,2023-10-29,2023-10-29,Integration,Medium,13.98,5.0,resolved
TKT0000696,CUS001393,2024-11-02,2024-11-02,Integration,High,12.53,4.4,resolved
TKT0000697,CUS002149,2024-09-01,2024-09-01,Billing,Medium,10.32,4.5,resolved
TKT0000698,CUS001228,2024-04-26,2024-04-27,Performance,Low,28.02,,resolved
TKT0000699,CUS004949,2024-08-31,2024-08-31,Integration,Medium,8.51,4.4,resolved
TKT0000700,CUS000137,2024-10-18,2024-10-18,Performance,Low,8.03,4.0,resolved
TKT0000701,CUS004334,2024-04-16,2024-04-16,Billing,Medium,17.45,5.0,resolved
TKT0000702,CUS002128,2023-07-03,2023-07-03,Account,High,9.01,5.0,resolved
TKT0000703,CUS003779,2023-06-27,2023-06-27,Billing,Medium,5.53,5.0,resolved
TKT0000704,CUS004546,2023-07-08,2023-07-08,Performance,High,14.37,,resolved
TKT0000705,CUS002953,2023-01-22,2023-01-22,Technical,Medium,11.52,4.6,resolved
TKT0000706,CUS002501,2024-06-25,2024-06-26,Account,Medium,46.17,2.1,resolved
TKT0000707,CUS003157,2023-05-05,2023-05-05,Performance,Medium,16.36,3.5,resolved
TKT0000708,CUS004866,2024-01-16,2024-01-16,Billing,Medium,19.37,5.0,resolved
TKT0000709,CUS000406,2023-08-23,2023-08-24,Integration,Medium,31.2,4.0,resolved
TKT0000710,CUS002843,2024-08-16,2024-08-16,Technical,Medium,5.28,4.8,resolved
TKT0000711,CUS002422,2024-07-17,2024-07-17,Technical,Low,8.08,4.3,resolved
TKT0000712,CUS004095,2023-11-24,2023-11-24,Account,Medium,8.23,4.5,resolved
TKT0000713,CUS000534,2024-06-05,2024-06-07,Technical,Medium,71.0,1.5,resolved
TKT0000714,CUS003210,2023-03-09,2023-03-09,Technical,Low,18.43,5.0,resolved
TKT0000715,CUS001505,2024-01-18,2024-01-18,Technical,Low,10.27,4.5,resolved
TKT0000716,CUS003804,2023-03-31,2023-03-31,Billing,High,9.85,4.1,resolved
TKT0000717,CUS000328,2023-01-24,2023-01-24,Account,Medium,19.95,3.2,resolved
TKT0000718,CUS004188,2023-08-01,2023-08-01,Technical,Medium,9.16,5.0,resolved
TKT0000719,CUS000003,2023-03-27,2023-03-27,Account,Low,10.54,5.0,resolved
TKT0000720,CUS004422,2023-08-12,2023-08-13,Account,High,42.84,4.0,resolved
TKT0000721,CUS002423,2024-11-09,2024-11-09,Integration,High,14.16,,resolved
TKT0000722,CUS004627,2024-08-06,2024-08-06,Account,Low,8.2,3.7,resolved
TKT0000723,CUS000044,2024-06-09,2024-06-09,Integration,Low,12.25,4.5,resolved
TKT0000724,CUS004610,2024-01-11,2024-01-11,Technical,Medium,6.94,4.5,resolved
TKT0000725,CUS002731,2024-10-30,2024-10-30,Performance,Low,6.83,4.7,resolved
TKT0000726,CUS000329,2024-05-22,2024-05-23,Technical,Medium,30.2,2.9,resolved
TKT0000727,CUS004925,2024-01-30,2024-01-30,Billing,High,5.23,5.0,resolved
TKT0000728,CUS001408,2023-05-22,2023-05-23,Technical,High,26.0,2.9,resolved
TKT0000729,CUS000923,2023-02-10,2023-02-10,Performance,Critical,8.23,5.0,resolved
TKT0000730,CUS000336,2024-11-04,2024-11-04,Integration,High,21.59,4.7,resolved
TKT0000731,CUS002596,2024-07-25,2024-07-25,Integration,Medium,14.42,4.0,resolved
TKT0000732,CUS003382,2023-03-08,2023-03-08,Billing,Critical,6.9,5.0,resolved
TKT0000733,CUS001504,2024-12-24,2024-12-24,Billing,Medium,7.53,4.8,resolved
TKT0000734,CUS003470,2024-03-01,2024-03-01,Billing,Medium,10.28,5.0,resolved
TKT0000735,CUS004216,2024-01-09,2024-01-09,Performance,Medium,18.04,4.4,resolved
TKT0000736,CUS002289,2023-09-02,2023-09-02,Account,Medium,9.92,,resolved
TKT0000737,CUS004823,2023-03-05,2023-03-05,Performance,Medium,19.21,4.1,resolved
TKT0000738,CUS000540,2024-06-15,2024-06-16,Integration,Medium,36.42,2.9,resolved
TKT0000739,CUS003644,2024-04-12,2024-04-13,Technical,Medium,25.41,4.3,resolved
TKT0000740,CUS003683,2023-05-18,2023-05-19,Integration,Medium,41.83,2.7,resolved
TKT0000741,CUS002800,2024-07-07,2024-07-07,Integration,Medium,11.82,5.0,resolved
TKT0000742,CUS000703,2024-03-13,2024-03-13,Technical,High,5.39,,resolved
TKT0000743,CUS002734,2024-08-30,2024-08-30,Account,High,9.19,4.8,resolved
TKT0000744,CUS000830,2024-08-28,2024-08-29,Billing,Medium,34.36,3.4,resolved
TKT0000745,CUS000428,2024-07-03,2024-07-03,Performance,High,7.55,5.0,resolved
TKT0000746,CUS002718,2024-04-04,2024-04-04,Performance,High,3.32,5.0,resolved
TKT0000747,CUS003050,2024-12-16,2024-12-16,Billing,High,5.74,,resolved
TKT0000748,CUS004011,2023-07-26,2023-07-26,Technical,Medium,14.73,3.7,resolved
TKT0000749,CUS001024,2023-10-08,2023-10-08,Billing,Medium,13.95,4.0,resolved
TKT0000750,CUS004658,2024-11-03,2024-11-04,Performance,Medium,34.63,3.2,resolved
TKT0000751,CUS002872,2024-06-25,2024-06-25,Technical,Medium,10.31,4.4,resolved
TKT0000752,CUS003229,2024-07-11,2024-07-11,Billing,Medium,23.55,3.2,resolved
TKT0000753,CUS000842,2024-06-11,2024-06-12,Billing,Low,34.67,4.1,resolved
TKT0000754,CUS004000,2023-08-09,2023-08-10,Integration,Low,32.88,2.6,resolved
TKT0000755,CUS003290,2023-10-07,2023-10-08,Integration,Medium,31.39,4.1,resolved
TKT0000756,CUS000927,2023-01-21,2023-01-21,Technical,Medium,8.16,,resolved
TKT0000757,CUS002515,2024-10-14,2024-10-15,Billing,Low,31.56,3.1,resolved
TKT0000758,CUS001937,2023-09-13,2023-09-13,Integration,High,23.32,2.4,resolved
TKT0000759,CUS004990,2023-06-24,2023-06-24,Performance,Critical,10.97,4.2,resolved
TKT0000760,CUS004920,2024-02-28,2024-02-29,Integration,Medium,24.79,3.3,resolved
TKT0000761,CUS002974,2024-05-10,2024-05-12,Performance,Medium,53.0,1.3,resolved
TKT0000762,CUS001935,2023-12-12,2023-12-12,Performance,High,19.26,4.4,resolved
TKT0000763,CUS002395,2023-10-25,2023-10-25,Integration,Low,5.24,5.0,resolved
TKT0000764,CUS001333,2023-07-04,2023-07-04,Technical,Low,6.33,5.0,resolved
TKT0000765,CUS003864,2023-07-24,2023-07-24,Account,Medium,20.72,3.4,resolved
TKT0000766,CUS002525,2024-10-29,2024-10-29,Performance,Medium,6.0,5.0,resolved
TKT0000767,CUS002798,2023-03-24,2023-03-24,Account,Medium,11.06,4.1,resolved
TKT0000768,CUS000222,2024-02-14,2024-02-14,Account,High,12.2,3.8,resolved
TKT0000769,CUS000428,2023-01-06,2023-01-06,Account,High,8.36,4.0,resolved
TKT0000770,CUS001071,2023-12-27,2023-12-27,Technical,Low,17.94,3.7,resolved
TKT0000771,CUS002202,2023-06-13,2023-06-13,Integration,Medium,19.4,4.2,resolved
TKT0000772,CUS002200,2024-11-03,2024-11-03,Performance,High,5.57,4.2,resolved
TKT0000773,CUS004241,2024-06-09,2024-06-10,Billing,High,27.03,3.1,resolved
TKT0000774,CUS003897,2024-10-30,2024-10-30,Performance,High,12.81,5.0,resolved
TKT0000775,CUS003177,2023-12-10,2023-12-10,Performance,Medium,16.51,3.8,resolved
TKT0000776,CUS000152,2023-11-10,2023-11-10,Billing,High,15.22,4.9,resolved
TKT0000777,CUS002769,2024-07-12,2024-07-12,Integration,Low,18.81,4.2,resolved
TKT0000778,CUS004923,2023-07-20,2023-07-20,Performance,Low,10.06,5.0,resolved
TKT0000779,CUS002504,2024-12-10,2024-12-11,Integration,Low,27.9,3.8,resolved
TKT0000780,CUS002771,2024-02-19,2024-02-19,Billing,High,12.39,4.5,resolved
TKT0000781,CUS000231,2023-04-22,2023-04-22,Performance,Medium,4.07,4.7,resolved
TKT0000782,CUS001317,2024-02-13,2024-02-13,Account,Medium,14.9,3.8,resolved
TKT0000783,CUS003041,2023-09-11,2023-09-11,Performance,High,8.71,,resolved
TKT0000784,CUS004317,2024-08-30,2024-08-30,Integration,High,2.99,4.6,resolved
TKT0000785,CUS003806,2023-05-31,2023-05-31,Integration,Medium,8.57,3.4,resolved
TKT0000786,CUS004175,2024-05-02,2024-05-03,Account,Low,31.75,3.6,resolved
TKT0000787,CUS003954,2024-03-04,2024-03-04,Billing,Medium,16.97,4.1,resolved
TKT0000788,CUS003135,2023-04-06,2023-04-07,Integration,Low,26.16,4.0,resolved
TKT0000789,CUS002671,2024-07-14,2024-07-14,Integration,High,10.36,4.6,resolved
TKT0000790,CUS001802,2023-03-17,2023-03-17,Billing,High,13.76,4.9,resolved
TKT0000791,CUS004037,2023-06-06,2023-06-06,Account,Medium,5.98,5.0,resolved
TKT0000792,CUS002185,2023-08-24,2023-08-24,Performance,Medium,17.66,4.1,resolved
TKT0000793,CUS002714,2024-08-07,2024-08-07,Technical,High,16.21,4.5,resolved
TKT0000794,CUS004995,2023-05-11,2023-05-11,Account,Low,7.27,,resolved
TKT0000795,CUS001419,2023-01-29,2023-01-30,Account,Medium,26.17,3.2,resolved
TKT0000796,CUS002129,2023-04-21,2023-04-21,Account,Low,18.41,2.8,resolved
TKT0000797,CUS000406,2024-04-19,2024-04-20,Billing,Medium,30.63,4.1,resolved
TKT0000798,CUS001688,2024-02-19,2024-02-19,Technical,Low,10.35,5.0,resolved
TKT0000799,CUS004476,2024-09-11,2024-09-12,Technical,High,36.47,5.0,resolved
TKT0000800,CUS001352,2023-01-14,2023-01-14,Account,Medium,10.48,4.6,resolved
TKT0000801,CUS004173,2024-11-01,2024-11-01,Integration,High,2.8,4.8,resolved
TKT0000802,CUS002695,2024-05-22,2024-05-22,Account,Medium,18.45,4.4,resolved
TKT0000803,CUS002725,2023-09-17,2023-09-17,Technical,High,19.09,4.7,resolved
TKT0000804,CUS004911,2024-02-02,2024-02-02,Billing,Low,17.82,,resolved
TKT0000805,CUS002345,2023-03-20,2023-03-20,Account,Medium,22.71,3.8,resolved
TKT0000806,CUS001526,2024-03-24,2024-03-24,Integration,Low,21.54,4.8,resolved
TKT0000807,CUS003224,2024-01-02,2024-01-02,Technical,Critical,22.26,3.3,resolved
TKT0000808,CUS002517,2024-09-28,2024-09-28,Integration,Low,13.44,4.0,resolved
TKT0000809,CUS002387,2023-12-07,2023-12-07,Billing,Low,22.18,5.0,resolved
TKT0000810,CUS004461,2024-09-07,2024-09-07,Technical,Medium,11.54,5.0,resolved
TKT0000811,CUS003688,2024-04-02,2024-04-02,Technical,High,20.61,3.7,resolved
TKT0000812,CUS002098,2024-10-27,2024-10-27,Integration,Medium,6.87,4.9,resolved
TKT0000813,CUS000913,2024-02-29,2024-02-29,Account,Low,9.71,5.0,resolved
TKT0000814,CUS000362,2023-01-24,2023-01-24,Account,Medium,5.49,4.7,resolved
TKT0000815,CUS001239,2023-05-26,2023-05-26,Integration,Medium,15.79,3.8,resolved
TKT0000816,CUS004883,2023-01-28,2023-01-29,Billing,High,29.21,3.6,resolved
TKT0000817,CUS000582,2023-02-03,2023-02-03,Billing,Medium,6.37,5.0,resolved
TKT0000818,CUS004987,2023-04-15,2023-04-15,Account,Low,3.81,5.0,resolved
TKT0000819,CUS003178,2024-12-10,2024-12-10,Account,Medium,16.73,4.9,resolved
TKT0000820,CUS002465,2023-04-17,2023-04-17,Integration,High,21.08,3.4,resolved
TKT0000821,CUS004236,2023-10-29,2023-10-29,Billing,Medium,9.54,3.9,resolved
TKT0000822,CUS001516,2024-12-08,2024-12-08,Technical,Low,5.0,5.0,resolved
TKT0000823,CUS000271,2024-02-25,2024-02-25,Integration,High,20.82,3.3,resolved
TKT0000824,CUS000889,2023-11-11,2023-11-11,Integration,High,12.95,3.7,resolved
TKT0000825,CUS003997,2023-01-27,2023-01-28,Integration,High,32.14,2.9,resolved
TKT0000826,CUS002916,2023-05-03,2023-05-03,Account,Medium,19.21,3.5,resolved
TKT0000827,CUS002358,2023-05-08,2023-05-08,Account,Medium,6.23,4.4,resolved
TKT0000828,CUS003791,2024-04-16,2024-04-16,Billing,Medium,23.35,2.8,resolved
TKT0000829,CUS002412,2023-12-26,2023-12-27,Technical,Medium,25.06,4.7,resolved
TKT0000830,CUS002373,2024-04-15,2024-04-16,Account,Medium,47.7,1.5,resolved
TKT0000831,CUS004586,2023-11-27,2023-11-27,Technical,High,12.14,,resolved
TKT0000832,CUS002875,2024-02-03,2024-02-03,Performance,High,4.84,5.0,resolved
TKT0000833,CUS003248,2023-06-30,2023-06-30,Billing,Medium,10.72,5.0,resolved
TKT0000834,CUS003185,2023-01-25,2023-01-25,Billing,High,9.29,4.2,resolved
TKT0000835,CUS001376,2024-08-09,2024-08-09,Integration,High,9.14,4.4,resolved
TKT0000836,CUS004993,2023-11-01,2023-11-01,Billing,Low,21.31,4.9,resolved
TKT0000837,CUS000201,2024-10-24,2024-10-24,Billing,High,3.04,4.4,resolved
TKT0000838,CUS001595,2023-06-15,2023-06-15,Technical,Medium,8.59,5.0,resolved
TKT0000839,CUS001729,2023-08-01,2023-08-01,Integration,Low,11.34,4.5,resolved
TKT0000840,CUS004896,2023-10-15,2023-10-15,Billing,High,9.97,5.0,resolved
TKT0000841,CUS003011,2024-05-19,2024-05-20,Performance,Medium,36.32,4.1,resolved
TKT0000842,CUS001880,2023-03-15,2023-03-15,Account,High,10.56,4.2,resolved
TKT0000843,CUS001603,2023-04-28,2023-04-28,Performance,Low,4.53,4.4,resolved
TKT0000844,CUS000442,2023-04-26,2023-04-26,Billing,High,6.82,4.0,resolved
TKT0000845,CUS000159,2023-03-18,2023-03-19,Billing,Low,32.02,2.5,resolved
TKT0000846,CUS000790,2023-09-22,2023-09-22,Account,Low,14.79,4.0,resolved
TKT0000847,CUS002316,2023-05-11,2023-05-11,Billing,Medium,2.97,5.0,resolved
TKT0000848,CUS001448,2024-06-17,2024-06-17,Billing,Medium,15.85,3.9,resolved
TKT0000849,CUS004921,2023-04-19,2023-04-19,Performance,Medium,21.34,,resolved
TKT0000850,CUS001390,2023-01-08,2023-01-08,Integration,High,9.81,5.0,resolved
TKT0000851,CUS004165,2023-12-24,2023-12-24,Account,Low,7.46,4.4,resolved
TKT0000852,CUS004261,2023-04-24,2023-04-24,Integration,High,17.77,3.9,resolved
TKT0000853,CUS001078,2023-06-03,2023-06-03,Account,Low,3.05,5.0,resolved
TKT0000854,CUS001138,2024-01-27,2024-01-27,Account,High,16.77,4.5,resolved
TKT0000855,CUS003563,2023-07-07,2023-07-07,Account,Low,10.75,4.5,resolved
TKT0000856,CUS004813,2023-02-27,2023-02-27,Technical,Low,18.14,3.7,resolved
TKT0000857,CUS002665,2023-06-13,2023-06-13,Technical,Medium,5.2,5.0,resolved
TKT0000858,CUS001886,2024-10-13,2024-10-13,Technical,Medium,10.12,4.4,resolved
TKT0000859,CUS000149,2024-04-14,2024-04-14,Technical,Low,19.17,2.9,resolved
TKT0000860,CUS003943,2023-09-19,2023-09-20,Performance,High,24.32,,resolved
TKT0000861,CUS001283,2024-11-05,2024-11-05,Account,Medium,3.69,4.4,resolved
TKT0000862,CUS000997,2024-03-16,2024-03-17,Performance,Low,29.37,2.9,resolved
TKT0000863,CUS001063,2023-07-22,2023-07-22,Billing,High,20.31,4.1,resolved
TKT0000864,CUS003361,2023-04-01,2023-04-01,Integration,Medium,22.48,2.7,resolved
TKT0000865,CUS002071,2023-06-28,2023-06-28,Account,High,10.96,,resolved
TKT0000866,CUS004037,2024-12-17,2024-12-17,Billing,High,19.56,3.4,resolved
TKT0000867,CUS000458,2023-04-01,2023-04-01,Performance,Medium,11.33,5.0,resolved
TKT0000868,CUS003433,2024-04-03,2024-04-03,Account,High,5.75,4.3,resolved
TKT0000869,CUS004334,2024-12-21,2024-12-21,Performance,Medium,10.97,5.0,resolved
TKT0000870,CUS004257,2024-03-15,2024-03-16,Account,Low,27.38,3.6,resolved
TKT0000871,CUS000849,2024-08-25,2024-08-25,Billing,Low,9.06,4.3,resolved
TKT0000872,CUS003004,2023-12-23,2023-12-23,Performance,Medium,12.11,3.7,resolved
TKT0000873,CUS004771,2023-09-25,2023-09-25,Performance,High,6.15,4.3,resolved
TKT0000874,CUS003992,2023-06-14,2023-06-14,Performance,Medium,14.67,5.0,resolved
TKT0000875,CUS004301,2023-01-16,2023-01-17,Technical,Medium,25.16,3.7,resolved
TKT0000876,CUS004642,2024-02-14,2024-02-15,Billing,Medium,43.27,,resolved
TKT0000877,CUS000568,2024-01-22,2024-01-22,Integration,High,17.29,4.4,resolved
TKT0000878,CUS000923,2024-08-25,2024-08-26,Account,Medium,31.52,,resolved
TKT0000879,CUS003972,2023-05-22,2023-05-22,Billing,Low,3.39,4.5,resolved
TKT0000880,CUS003964,2023-07-06,2023-07-06,Billing,Low,7.42,4.5,resolved
TKT0000881,CUS000512,2023-01-11,2023-01-13,Billing,High,64.29,2.2,resolved
TKT0000882,CUS004283,2023-12-10,2023-12-10,Account,Low,18.38,4.1,resolved
TKT0000883,CUS001551,2023-10-14,2023-10-14,Account,Critical,14.15,4.8,resolved
TKT0000884,CUS004623,2023-02-13,2023-02-14,Account,Critical,32.61,,resolved
TKT0000885,CUS000308,2024-04-28,2024-04-28,Technical,Low,13.41,4.0,resolved
TKT0000886,CUS003046,2023-06-08,2023-06-08,Performance,High,13.33,5.0,resolved
TKT0000887,CUS004920,2024-07-28,2024-07-28,Performance,Medium,14.24,3.7,resolved
TKT0000888,CUS002959,2024-05-02,2024-05-02,Technical,High,9.69,4.4,resolved
TKT0000889,CUS000578,2023-07-08,2023-07-08,Billing,Medium,4.36,5.0,resolved
TKT0000890,CUS000451,2023-05-21,2023-05-22,Performance,Medium,26.57,3.4,resolved
TKT0000891,CUS002880,2023-12-20,2023-12-20,Performance,High,11.15,5.0,resolved
TKT0000892,CUS003635,2024-08-25,2024-08-25,Account,Medium,22.86,3.3,resolved
TKT0000893,CUS003998,2024-06-16,2024-06-16,Integration,Low,6.87,5.0,resolved
TKT0000894,CUS002926,2023-07-09,2023-07-09,Billing,Medium,6.71,5.0,resolved
TKT0000895,CUS001529,2024-12-24,2024-12-24,Account,Medium,14.1,4.5,resolved
TKT0000896,CUS000511,2023-04-25,2023-04-25,Performance,High,9.11,4.9,resolved
TKT0000897,CUS003291,2024-11-04,2024-11-05,Technical,Low,34.69,,resolved
TKT0000898,CUS002792,2023-05-05,2023-05-05,Billing,Critical,13.33,2.8,resolved
TKT0000899,CUS001295,2023-08-18,2023-08-18,Integration,Medium,9.38,5.0,resolved
TKT0000900,CUS004749,2024-02-15,2024-02-15,Account,Medium,6.82,5.0,resolved
TKT0000901,CUS002848,2023-10-29,2023-10-29,Account,High,18.78,4.2,resolved
TKT0000902,CUS003910,2023-03-13,2023-03-13,Performance,Medium,20.05,4.1,resolved
TKT0000903,CUS003048,2024-11-09,2024-11-09,Billing,Medium,8.68,3.3,resolved
TKT0000904,CUS000784,2023-11-25,2023-11-25,Performance,Medium,11.72,5.0,resolved
TKT0000905,CUS004654,2024-02-16,2024-02-16,Technical,Medium,10.85,4.8,resolved
TKT0000906,CUS002896,2024-10-13,2024-10-13,Performance,Critical,10.88,3.9,resolved
TKT0000907,CUS003245,2023-01-09,2023-01-09,Performance,High,20.6,4.3,resolved
TKT0000908,CUS002593,2023-12-21,2023-12-21,Integration,High,20.36,4.4,resolved
TKT0000909,CUS003855,2024-06-07,2024-06-09,Account,Low,68.69,1.0,resolved
TKT0000910,CUS004714,2024-07-27,2024-07-27,Technical,Medium,17.96,,resolved
TKT0000911,CUS001658,2023-12-05,2023-12-05,Account,Medium,5.59,4.8,resolved
TKT0000912,CUS004249,2024-03-20,2024-03-20,Technical,Low,14.54,4.2,resolved
TKT0000913,CUS000591,2024-07-09,2024-07-09,Billing,Medium,12.92,4.9,resolved
TKT0000914,CUS002141,2023-05-31,2023-05-31,Account,Medium,4.74,4.3,resolved
TKT0000915,CUS004481,2024-10-30,2024-10-30,Billing,Medium,8.32,4.4,resolved
TKT0000916,CUS002931,2024-05-28,2024-05-29,Billing,Medium,30.68,2.7,resolved
TKT0000917,CUS000192,2023-09-28,2023-09-28,Billing,Medium,4.36,4.8,resolved
TKT0000918,CUS001845,2023-04-21,2023-04-21,Technical,High,7.26,4.5,resolved
TKT0000919,CUS003593,2023-12-06,2023-12-06,Technical,High,11.11,4.6,resolved
TKT0000920,CUS001628,2023-12-12,2023-12-12,Technical,Medium,8.08,5.0,resolved
TKT0000921,CUS001204,2023-11-18,2023-11-18,Integration,High,20.5,4.5,resolved
TKT0000922,CUS004004,2024-02-02,2024-02-02,Performance,Medium,16.58,4.3,resolved
TKT0000923,CUS001232,2023-10-10,2023-10-10,Integration,Low,4.66,5.0,resolved
TKT0000924,CUS001021,2024-03-08,2024-03-08,Billing,Low,6.15,,resolved
TKT0000925,CUS003468,2023-12-20,2023-12-21,Account,Low,35.12,3.5,resolved
TKT0000926,CUS003460,2024-10-03,2024-10-04,Billing,Medium,24.64,4.4,resolved
TKT0000927,CUS000009,2024-03-30,2024-03-30,Performance,Medium,2.89,5.0,resolved
TKT0000928,CUS002827,2024-03-20,2024-03-21,Integration,Medium,25.38,3.8,resolved
TKT0000929,CUS000317,2023-01-07,2023-01-07,Account,Medium,10.58,4.3,resolved
TKT0000930,CUS004550,2023-07-31,2023-07-31,Billing,High,10.25,4.6,resolved
TKT0000931,CUS003691,2024-09-25,2024-09-25,Billing,Low,6.06,4.9,resolved
TKT0000932,CUS003672,2023-09-06,2023-09-06,Performance,Low,22.94,3.5,resolved
TKT0000933,CUS003701,2024-09-28,2024-09-28,Billing,High,14.48,4.4,resolved
TKT0000934,CUS000929,2023-03-30,2023-03-30,Account,Low,9.64,5.0,resolved
TKT0000935,CUS000537,2023-05-15,2023-05-15,Account,High,1.92,4.0,resolved
TKT0000936,CUS002259,2023-02-07,2023-02-07,Account,Medium,7.75,3.1,resolved
TKT0000937,CUS003495,2023-03-29,2023-03-29,Performance,Low,5.34,3.9,resolved
TKT0000938,CUS004961,2023-02-25,2023-02-25,Performance,Low,8.23,4.1,resolved
TKT0000939,CUS001394,2024-06-01,2024-06-01,Performance,High,6.06,4.0,resolved
TKT0000940,CUS004542,2024-04-29,2024-04-29,Billing,Medium,17.22,3.7,resolved
TKT0000941,CUS000383,2024-11-27,2024-11-28,Technical,High,27.39,3.0,resolved
TKT0000942,CUS001506,2023-03-05,2023-03-05,Account,Medium,16.53,4.5,resolved
TKT0000943,CUS002065,2023-04-19,2023-04-19,Account,Low,5.12,4.3,resolved
TKT0000944,CUS001777,2024-03-15,2024-03-15,Billing,Medium,8.4,3.9,resolved
TKT0000945,CUS004160,2024-08-23,2024-08-23,Technical,Medium,13.16,3.2,resolved
TKT0000946,CUS002196,2024-04-07,2024-04-11,Technical,Medium,98.75,1.0,resolved
TKT0000947,CUS003843,2024-11-25,2024-11-25,Billing,High,10.76,5.0,resolved
TKT0000948,CUS004417,2024-06-01,2024-06-02,Account,High,25.77,3.9,resolved
TKT0000949,CUS002541,2024-08-22,2024-08-22,Integration,Medium,7.19,4.8,resolved
TKT0000950,CUS001928,2023-05-29,2023-05-29,Account,High,10.51,5.0,resolved
TKT0000951,CUS000012,2024-02-07,2024-02-07,Technical,Critical,9.08,5.0,resolved
TKT0000952,CUS003644,2023-08-30,2023-08-30,Integration,Low,16.0,3.5,resolved
TKT0000953,CUS004814,2024-11-04,2024-11-04,Integration,High,14.32,4.2,resolved
TKT0000954,CUS001188,2024-08-05,2024-08-05,Performance,Medium,4.12,5.0,resolved
TKT0000955,CUS004675,2023-01-10,2023-01-10,Performance,High,7.47,,resolved
TKT0000956,CUS004904,2023-06-26,2023-06-26,Billing,Medium,15.37,4.4,resolved
TKT0000957,CUS003317,2024-09-22,2024-09-22,Technical,Medium,11.76,5.0,resolved
TKT0000958,CUS003190,2024-12-29,2024-12-29,Billing,High,4.01,5.0,resolved
TKT0000959,CUS004190,2024-05-21,2024-05-21,Billing,Low,13.52,5.0,resolved
TKT0000960,CUS004870,2024-07-02,2024-07-02,Account,Low,13.81,3.6,resolved
TKT0000961,CUS003126,2023-10-12,2023-10-12,Billing,High,19.43,3.6,resolved
TKT0000962,CUS000109,2024-11-01,2024-11-01,Billing,Medium,3.91,5.0,resolved
TKT0000963,CUS003798,2024-09-21,2024-09-21,Billing,Low,14.18,3.9,resolved
TKT0000964,CUS001499,2024-05-29,2024-05-29,Account,Medium,10.36,5.0,resolved
TKT0000965,CUS002557,2024-06-23,2024-06-23,Integration,Medium,11.78,5.0,resolved
TKT0000966,CUS003125,2023-03-26,2023-03-26,Integration,Low,10.94,5.0,resolved
TKT0000967,CUS001858,2024-08-05,2024-08-05,Integration,Low,7.42,5.0,resolved
TKT0000968,CUS000597,2024-10-24,2024-10-24,Account,Low,18.39,3.4,resolved
TKT0000969,CUS002725,2023-07-28,2023-07-30,Account,Medium,61.78,1.0,resolved
TKT0000970,CUS002396,2024-09-17,2024-09-17,Technical,Medium,14.9,,resolved
TKT0000971,CUS004886,2024-02-25,2024-02-25,Billing,Medium,6.63,4.8,resolved
TKT0000972,CUS000392,2024-12-27,2024-12-28,Integration,Medium,26.9,3.1,resolved
TKT0000973,CUS004335,2023-09-20,2023-09-21,Billing,Low,29.28,3.0,resolved
TKT0000974,CUS002480,2024-09-21,2024-09-21,Billing,High,17.52,4.1,resolved
TKT0000975,CUS001049,2024-04-24,2024-04-25,Integration,High,38.6,2.7,resolved
TKT0000976,CUS001476,2023-12-02,2023-12-05,Technical,Medium,73.67,1.6,resolved
TKT0000977,CUS000042,2024-06-24,2024-06-25,Performance,High,44.41,2.7,resolved
TKT0000978,CUS002722,2023-10-22,2023-10-22,Technical,Low,20.22,3.7,resolved
TKT0000979,CUS004619,2024-04-17,2024-04-18,Billing,Low,44.45,3.3,resolved
TKT0000980,CUS003763,2023-12-31,2023-12-31,Integration,Medium,6.51,5.0,resolved
TKT0000981,CUS001460,2024-10-04,2024-10-05,Performance,Low,26.7,4.0,resolved
TKT0000982,CUS001777,2024-02-05,2024-02-05,Integration,Medium,11.88,4.1,resolved
TKT0000983,CUS001486,2023-04-04,2023-04-04,Technical,Medium,19.1,3.0,resolved
TKT0000984,CUS000635,2024-05-05,2024-05-06,Billing,Low,30.61,3.3,resolved
TKT0000985,CUS000797,2024-02-08,2024-02-08,Technical,Medium,11.39,3.7,resolved
TKT0000986,CUS003578,2024-03-26,2024-03-27,Account,Medium,24.43,4.1,resolved
TKT0000987,CUS002928,2024-01-28,2024-01-28,Integration,Low,8.02,5.0,resolved
TKT0000988,CUS001446,2024-08-05,2024-08-05,Performance,Medium,12.46,3.9,resolved
TKT0000989,CUS001321,2024-07-01,2024-07-02,Billing,Medium,28.99,3.2,resolved
TKT0000990,CUS003617,2024-06-06,2024-06-06,Performance,Medium,14.96,4.8,resolved
TKT0000991,CUS000480,2023-12-20,2023-12-20,Billing,Medium,7.38,4.3,resolved
TKT0000992,CUS001083,2023-07-19,2023-07-19,Integration,Medium,7.82,3.6,resolved
TKT0000993,CUS001772,2023-07-05,2023-07-05,Account,Low,6.29,5.0,resolved
TKT0000994,CUS004372,2023-08-08,2023-08-08,Account,Medium,16.42,3.3,resolved
TKT0000995,CUS004087,2023-07-05,2023-07-05,Performance,Critical,14.62,4.3,resolved
TKT0000996,CUS000415,2024-06-18,2024-06-18,Performance,Medium,9.28,,resolved
TKT0000997,CUS002795,2023-09-02,2023-09-02,Integration,High,9.09,4.4,resolved
TKT0000998,CUS004175,2024-10-24,2024-10-24,Account,High,8.65,5.0,resolved
TKT0000999,CUS002740,2023-10-31,2023-10-31,Integration,Medium,5.33,3.9,resolved
TKT0001000,CUS002326,2024-08-13,2024-08-14,Technical,Low,30.53,,resolved
TKT0001001,CUS004460,2024-05-15,2024-05-15,Integration,Medium,18.74,3.6,resolved
TKT0001002,CUS003670,2024-12-28,2024-12-28,Performance,Medium,11.32,4.5,resolved
TKT0001003,CUS002556,2023-11-04,2023-11-04,Account,Low,23.09,3.3,resolved
TKT0001004,CUS000879,2023-03-13,2023-03-13,Account,Medium,10.25,,resolved
TKT0001005,CUS000893,2023-06-10,2023-06-11,Billing,Medium,46.17,,resolved
TKT0001006,CUS001181,2023-03-27,2023-03-27,Billing,High,5.41,4.7,resolved
TKT0001007,CUS002947,2023-04-10,2023-04-10,Account,Medium,7.59,4.5,resolved
TKT0001008,CUS002751,2024-08-19,2024-08-19,Technical,Medium,2.52,4.5,resolved
TKT0001009,CUS003171,2024-05-29,2024-05-30,Performance,Medium,27.63,3.7,resolved
TKT0001010,CUS000992,2023-09-26,2023-09-26,Technical,Critical,3.09,,resolved
TKT0001011,CUS002603,2023-03-23,2023-03-24,Account,Medium,28.1,,resolved
TKT0001012,CUS003065,2024-10-15,2024-10-16,Account,Medium,30.72,4.4,resolved
TKT0001013,CUS004280,2023-08-05,2023-08-05,Technical,Medium,20.41,3.8,resolved
TKT0001014,CUS001378,2024-02-04,2024-02-04,Technical,High,6.35,5.0,resolved
TKT0001015,CUS001391,2023-06-05,2023-06-05,Integration,High,3.32,3.7,resolved
TKT0001016,CUS004960,2024-05-04,2024-05-05,Technical,Low,28.87,3.2,resolved
TKT0001017,CUS000310,2023-03-03,2023-03-03,Account,Low,10.38,,resolved
TKT0001018,CUS002452,2023-08-21,2023-08-21,Billing,Medium,12.12,4.4,resolved
TKT0001019,CUS004643,2024-10-08,2024-10-09,Integration,High,24.12,4.2,resolved
TKT0001020,CUS002760,2023-01-14,2023-01-14,Account,Low,5.32,5.0,resolved
TKT0001021,CUS002915,2023-02-22,2023-02-22,Performance,High,9.16,4.7,resolved
TKT0001022,CUS001348,2024-03-06,2024-03-06,Performance,Critical,11.51,5.0,resolved
TKT0001023,CUS003670,2023-06-23,2023-06-24,Integration,Critical,43.08,2.2,resolved
TKT0001024,CUS004810,2023-09-08,2023-09-08,Billing,Medium,17.05,4.0,resolved
TKT0001025,CUS002340,2023-05-05,2023-05-05,Technical,High,18.98,4.5,resolved
TKT0001026,CUS004319,2023-04-01,2023-04-01,Technical,Medium,9.23,3.7,resolved
TKT0001027,CUS000169,2024-09-15,2024-09-15,Billing,High,23.18,3.1,resolved
TKT0001028,CUS004197,2024-04-24,2024-04-26,Billing,Low,49.4,2.5,resolved
TKT0001029,CUS004788,2024-10-16,2024-10-16,Performance,Medium,6.8,4.7,resolved
TKT0001030,CUS004245,2024-11-14,2024-11-14,Performance,High,3.34,,resolved
TKT0001031,CUS000439,2024-02-09,2024-02-09,Technical,Medium,17.97,3.1,resolved
TKT0001032,CUS003188,2023-02-09,2023-02-09,Performance,Medium,9.31,4.4,resolved
TKT0001033,CUS000369,2024-05-27,2024-05-28,Technical,Medium,41.69,2.7,resolved
TKT0001034,CUS000338,2024-08-23,2024-08-23,Technical,Low,5.21,5.0,resolved
TKT0001035,CUS000386,2024-09-08,2024-09-08,Technical,Low,5.84,,resolved
TKT0001036,CUS000723,2024-07-10,2024-07-10,Billing,Low,4.07,5.0,resolved
TKT0001037,CUS002690,2023-08-14,2023-08-14,Integration,Low,5.64,4.1,resolved
TKT0001038,CUS003735,2023-01-26,2023-01-26,Account,Medium,11.6,4.7,resolved
TKT0001039,CUS000818,2024-01-14,2024-01-14,Account,High,4.08,,resolved
TKT0001040,CUS000031,2024-06-26,2024-07-02,Billing,Medium,167.78,1.0,resolved
TKT0001041,CUS002143,2023-01-06,2023-01-06,Technical,High,3.63,5.0,resolved
TKT0001042,CUS002137,2024-06-04,2024-06-04,Technical,Medium,7.47,4.7,resolved
TKT0001043,CUS002202,2023-07-02,2023-07-02,Integration,Medium,12.1,4.9,resolved
TKT0001044,CUS002800,2023-03-18,2023-03-18,Account,High,23.2,3.0,resolved
TKT0001045,CUS004859,2024-01-18,2024-01-18,Integration,High,5.58,5.0,resolved
TKT0001046,CUS001417,2024-11-16,2024-11-16,Technical,Low,3.34,,resolved
TKT0001047,CUS002868,2023-09-02,2023-09-02,Integration,Medium,5.54,3.2,resolved
TKT0001048,CUS004207,2024-01-27,2024-01-28,Integration,Low,32.67,2.5,resolved
TKT0001049,CUS002186,2023-04-15,2023-04-15,Billing,High,2.95,,resolved
TKT0001050,CUS000074,2024-02-05,2024-02-05,Account,Medium,20.03,4.8,resolved
TKT0001051,CUS001765,2023-03-09,2023-03-09,Billing,Medium,12.51,3.6,resolved
TKT0001052,CUS003515,2024-11-10,2024-11-10,Account,Medium,22.17,4.7,resolved
TKT0001053,CUS000936,2024-09-13,2024-09-13,Billing,Low,22.05,4.8,resolved
TKT0001054,CUS003334,2023-08-15,2023-08-15,Technical,Low,6.6,3.8,resolved
TKT0001055,CUS000256,2024-07-03,2024-07-03,Billing,Low,19.22,4.9,resolved
TKT0001056,CUS003359,2024-02-08,2024-02-08,Performance,Low,11.56,4.2,resolved
TKT0001057,CUS002510,2024-07-28,2024-07-28,Technical,Medium,7.65,5.0,resolved
TKT0001058,CUS003512,2023-06-16,2023-06-16,Integration,Medium,9.89,5.0,resolved
TKT0001059,CUS000135,2024-05-12,2024-05-12,Account,High,21.94,4.6,resolved
TKT0001060,CUS004757,2024-11-09,2024-11-09,Billing,Medium,2.29,4.9,resolved
TKT0001061,CUS002915,2023-05-08,2023-05-08,Billing,High,5.71,4.3,resolved
TKT0001062,CUS003345,2024-02-01,2024-02-01,Integration,Low,23.4,4.2,resolved
TKT0001063,CUS004073,2024-06-22,2024-06-22,Account,Medium,11.48,5.0,resolved
TKT0001064,CUS000242,2024-06-29,2024-06-30,Account,Low,43.25,3.1,resolved
TKT0001065,CUS000803,2024-02-11,2024-02-11,Technical,Medium,23.28,3.8,resolved
TKT0001066,CUS000794,2024-02-22,2024-02-22,Integration,Low,9.95,5.0,resolved
TKT0001067,CUS000793,2023-01-12,2023-01-12,Billing,Medium,6.64,3.7,resolved
TKT0001068,CUS000439,2024-03-05,2024-03-05,Account,High,6.52,5.0,resolved
TKT0001069,CUS004605,2023-02-06,2023-02-06,Technical,Medium,14.38,4.2,resolved
TKT0001070,CUS001751,2023-05-28,2023-05-28,Technical,Medium,7.47,5.0,resolved
TKT0001071,CUS000572,2023-06-10,2023-06-10,Billing,High,21.61,4.1,resolved
TKT0001072,CUS003562,2024-02-20,2024-02-21,Integration,Medium,32.91,3.7,resolved
TKT0001073,CUS001842,2024-07-29,2024-07-29,Billing,Medium,23.47,4.2,resolved
TKT0001074,CUS001029,2023-09-11,2023-09-11,Performance,High,13.17,4.2,resolved
TKT0001075,CUS004643,2024-03-14,2024-03-15,Account,High,34.06,2.8,resolved
TKT0001076,CUS004230,2023-11-08,2023-11-08,Integration,Medium,10.47,5.0,resolved
TKT0001077,CUS002978,2024-03-12,2024-03-12,Technical,Medium,12.17,4.7,resolved
TKT0001078,CUS002497,2023-03-25,2023-03-25,Account,Low,3.16,5.0,resolved
TKT0001079,CUS000516,2024-12-22,2024-12-22,Performance,Low,13.26,5.0,resolved
TKT0001080,CUS002415,2023-09-04,2023-09-04,Billing,Medium,10.77,5.0,resolved
TKT0001081,CUS002075,2023-12-29,2023-12-29,Integration,Medium,9.76,5.0,resolved
TKT0001082,CUS002528,2024-02-12,2024-02-12,Technical,Low,7.29,4.5,resolved
TKT0001083,CUS002033,2023-12-03,2023-12-03,Performance,Low,6.64,5.0,resolved
TKT0001084,CUS002671,2023-11-24,2023-11-24,Technical,Medium,10.1,5.0,resolved
TKT0001085,CUS002868,2023-12-05,2023-12-05,Account,Medium,2.73,4.6,resolved
TKT0001086,CUS000425,2024-09-15,2024-09-15,Technical,Low,9.07,4.0,resolved
TKT0001087,CUS001047,2023-08-16,2023-08-16,Integration,Medium,7.37,4.7,resolved
TKT0001088,CUS002302,2023-11-19,2023-11-20,Account,Low,38.97,3.0,resolved
TKT0001089,CUS004518,2023-06-09,2023-06-10,Billing,Medium,33.42,3.5,resolved
TKT0001090,CUS004689,2024-05-26,2024-05-26,Billing,High,6.72,5.0,resolved
TKT0001091,CUS002853,2023-02-22,2023-02-22,Billing,Low,17.03,4.6,resolved
TKT0001092,CUS002882,2024-02-06,2024-02-06,Technical,Medium,6.92,5.0,resolved
TKT0001093,CUS002673,2023-08-17,2023-08-17,Integration,High,7.79,5.0,resolved
TKT0001094,CUS001462,2023-11-12,2023-11-12,Billing,Critical,7.71,4.3,resolved
TKT0001095,CUS002296,2023-03-27,2023-03-28,Account,Medium,38.63,,resolved
TKT0001096,CUS002866,2023-10-31,2023-10-31,Technical,Medium,9.74,4.6,resolved
TKT0001097,CUS004322,2023-04-19,2023-04-19,Integration,Medium,13.59,4.8,resolved
TKT0001098,CUS001732,2024-10-05,2024-10-05,Account,Medium,3.71,5.0,resolved
TKT0001099,CUS001044,2024-02-29,2024-02-29,Account,Medium,5.14,3.7,resolved
TKT0001100,CUS000752,2024-10-15,2024-10-15,Account,Medium,7.42,4.3,resolved
TKT0001101,CUS001590,2023-06-13,2023-06-13,Performance,Low,10.47,4.7,resolved
TKT0001102,CUS002538,2023-10-05,2023-10-05,Account,Low,15.87,4.8,resolved
TKT0001103,CUS004922,2023-05-03,2023-05-03,Account,Low,7.28,4.0,resolved
TKT0001104,CUS000982,2023-11-26,2023-11-27,Billing,Medium,24.95,4.7,resolved
TKT0001105,CUS000239,2024-01-20,2024-01-20,Performance,Medium,8.83,5.0,resolved
TKT0001106,CUS001360,2023-03-01,2023-03-01,Integration,Medium,6.82,4.1,resolved
TKT0001107,CUS003063,2023-01-07,2023-01-07,Technical,High,17.85,4.2,resolved
TKT0001108,CUS004768,2023-01-13,2023-01-13,Billing,High,16.23,4.8,resolved
TKT0001109,CUS003383,2024-02-25,2024-02-25,Technical,Medium,3.43,5.0,resolved
TKT0001110,CUS003929,2024-03-01,2024-03-02,Technical,Low,46.15,1.7,resolved
TKT0001111,CUS003097,2023-10-09,2023-10-09,Integration,Low,7.46,4.3,resolved
TKT0001112,CUS004819,2023-01-02,2023-01-02,Performance,Medium,9.14,5.0,resolved
TKT0001113,CUS002952,2023-07-29,2023-07-29,Account,Low,6.06,4.1,resolved
TKT0001114,CUS003392,2023-04-02,2023-04-02,Account,Medium,8.0,5.0,resolved
TKT0001115,CUS004917,2023-02-16,2023-02-16,Technical,Medium,3.6,4.9,resolved
TKT0001116,CUS002804,2023-06-08,2023-06-08,Billing,Low,12.53,4.3,resolved
TKT0001117,CUS001181,2023-06-25,2023-06-25,Technical,Medium,7.03,3.2,resolved
TKT0001118,CUS004743,2023-04-06,2023-04-06,Performance,Medium,8.59,5.0,resolved
TKT0001119,CUS002768,2024-07-07,2024-07-07,Account,Medium,19.17,3.6,resolved
TKT0001120,CUS004032,2024-11-26,2024-11-26,Technical,Medium,13.78,4.0,resolved
TKT0001121,CUS002021,2023-11-05,2023-11-05,Integration,Medium,10.36,4.9,resolved
TKT0001122,CUS004804,2023-08-01,2023-08-02,Integration,Low,35.16,3.2,resolved
TKT0001123,CUS003936,2024-04-14,2024-04-14,Technical,High,8.29,4.7,resolved
TKT0001124,CUS003175,2023-10-23,2023-10-23,Technical,Low,10.81,,resolved
TKT0001125,CUS003827,2024-09-10,2024-09-10,Billing,Low,22.81,3.5,resolved
TKT0001126,CUS004094,2024-07-19,2024-07-20,Performance,Low,26.71,3.3,resolved
TKT0001127,CUS004268,2024-09-08,2024-09-08,Billing,High,4.15,5.0,resolved
TKT0001128,CUS002791,2023-06-04,2023-06-04,Technical,Medium,6.58,4.2,resolved
TKT0001129,CUS003513,2024-08-15,2024-08-16,Account,Low,34.68,2.8,resolved
TKT0001130,CUS004846,2023-10-02,2023-10-02,Technical,Low,12.83,4.5,resolved
TKT0001131,CUS002879,2023-04-13,2023-04-13,Performance,Medium,10.76,5.0,resolved
TKT0001132,CUS000042,2024-01-05,2024-01-05,Billing,Low,12.68,4.0,resolved
TKT0001133,CUS000057,2024-05-26,2024-05-26,Billing,Medium,10.31,4.1,resolved
TKT0001134,CUS003850,2024-07-17,2024-07-17,Account,High,2.01,4.8,resolved
TKT0001135,CUS000227,2023-05-14,2023-05-14,Account,Low,13.53,3.8,resolved
TKT0001136,CUS003416,2024-06-11,2024-06-11,Billing,Low,16.54,,resolved
TKT0001137,CUS004455,2024-04-15,2024-04-15,Performance,Medium,7.88,3.3,resolved
TKT0001138,CUS002819,2024-11-30,2024-11-30,Performance,Medium,11.21,5.0,resolved
TKT0001139,CUS001166,2023-11-12,2023-11-12,Integration,Low,4.59,4.9,resolved
TKT0001140,CUS004643,2024-06-07,2024-06-07,Integration,Medium,20.45,2.9,resolved
TKT0001141,CUS002540,2024-11-15,2024-11-16,Integration,Medium,29.14,3.2,resolved
TKT0001142,CUS000897,2024-05-07,2024-05-08,Billing,High,38.54,3.1,resolved
TKT0001143,CUS002074,2023-10-06,2023-10-07,Technical,Low,26.76,3.6,resolved
TKT0001144,CUS003833,2024-11-03,2024-11-03,Integration,High,12.33,3.6,resolved
TKT0001145,CUS002894,2024-08-18,2024-08-18,Account,Medium,6.74,5.0,resolved
TKT0001146,CUS002822,2023-01-22,2023-01-22,Technical,Low,7.71,5.0,resolved
TKT0001147,CUS000204,2023-06-13,2023-06-13,Performance,Medium,17.92,3.3,resolved
TKT0001148,CUS002110,2024-02-29,2024-02-29,Technical,High,15.81,4.5,resolved
TKT0001149,CUS003434,2023-01-19,2023-01-21,Billing,Low,64.13,1.0,resolved
TKT0001150,CUS000856,2023-06-17,2023-06-17,Integration,Medium,5.86,3.9,resolved
TKT0001151,CUS004906,2024-07-08,2024-07-08,Billing,High,9.21,4.0,resolved
TKT0001152,CUS000131,2023-11-09,2023-11-09,Account,Low,12.22,4.9,resolved
TKT0001153,CUS001320,2024-06-01,2024-06-01,Technical,Medium,16.96,3.5,resolved
TKT0001154,CUS000173,2023-12-19,2023-12-19,Account,Low,19.36,4.2,resolved
TKT0001155,CUS001284,2023-05-20,2023-05-20,Account,Low,4.72,3.9,resolved
TKT0001156,CUS001559,2024-12-15,2024-12-15,Integration,High,4.56,5.0,resolved
TKT0001157,CUS002411,2023-06-05,2023-06-05,Account,Medium,6.49,4.6,resolved
TKT0001158,CUS004310,2023-08-30,2023-08-30,Billing,High,14.74,4.6,resolved
TKT0001159,CUS001504,2024-10-17,2024-10-17,Performance,Critical,13.75,,resolved
TKT0001160,CUS001011,2023-09-08,2023-09-08,Performance,Low,3.81,5.0,resolved
TKT0001161,CUS001022,2023-11-14,2023-11-14,Account,Low,12.58,5.0,resolved
TKT0001162,CUS000427,2023-11-15,2023-11-15,Integration,Low,11.57,2.8,resolved
TKT0001163,CUS000751,2024-02-20,2024-02-20,Account,Medium,10.11,5.0,resolved
TKT0001164,CUS001486,2024-07-06,2024-07-06,Performance,Medium,15.1,4.4,resolved
TKT0001165,CUS001156,2023-03-24,2023-03-24,Integration,Low,12.07,4.8,resolved
TKT0001166,CUS000390,2023-10-24,2023-10-24,Performance,Low,11.02,4.8,resolved
TKT0001167,CUS004794,2023-03-20,2023-03-21,Integration,Medium,35.66,3.8,resolved
TKT0001168,CUS000386,2024-02-13,2024-02-14,Technical,Medium,27.05,3.3,resolved
TKT0001169,CUS003687,2024-07-06,2024-07-06,Performance,Medium,8.13,3.7,resolved
TKT0001170,CUS001335,2023-11-20,2023-11-20,Technical,Low,10.08,4.2,resolved
TKT0001171,CUS002778,2023-08-17,2023-08-17,Technical,Low,15.91,3.8,resolved
TKT0001172,CUS000009,2023-08-27,2023-08-27,Performance,Medium,15.39,4.3,resolved
TKT0001173,CUS000034,2024-06-20,2024-06-20,Billing,Medium,16.15,,resolved
TKT0001174,CUS001693,2024-11-28,2024-11-28,Billing,Low,18.75,3.8,resolved
TKT0001175,CUS003517,2023-03-15,2023-03-15,Integration,High,16.97,3.8,resolved
TKT0001176,CUS004864,2023-09-10,2023-09-10,Performance,Critical,15.9,4.7,resolved
TKT0001177,CUS002278,2023-01-11,2023-01-11,Account,High,9.95,3.9,resolved
TKT0001178,CUS003402,2024-11-18,2024-11-18,Account,Low,18.28,4.6,resolved
TKT0001179,CUS002851,2023-11-01,2023-11-02,Billing,Medium,26.9,3.6,resolved
TKT0001180,CUS004690,2024-07-13,2024-07-14,Account,Low,44.15,2.4,resolved
TKT0001181,CUS002823,2023-10-14,2023-10-14,Technical,Medium,3.36,4.3,resolved
TKT0001182,CUS001373,2023-12-11,2023-12-12,Technical,Low,26.15,4.6,resolved
TKT0001183,CUS003523,2024-12-06,2024-12-06,Billing,Low,20.02,2.9,resolved
TKT0001184,CUS004292,2023-03-05,2023-03-06,Performance,Low,41.72,3.1,resolved
TKT0001185,CUS004235,2023-01-23,2023-01-23,Performance,Medium,7.62,4.6,resolved
TKT0001186,CUS004005,2024-10-05,2024-10-05,Technical,Low,11.23,4.4,resolved
TKT0001187,CUS000462,2024-03-27,2024-03-27,Account,Medium,7.88,,resolved
TKT0001188,CUS002337,2024-09-18,2024-09-19,Performance,Low,31.56,2.9,resolved
TKT0001189,CUS002154,2024-08-22,2024-08-22,Integration,Medium,6.51,5.0,resolved
TKT0001190,CUS004920,2024-03-19,2024-03-19,Technical,High,7.74,5.0,resolved
TKT0001191,CUS000746,2023-09-12,2023-09-12,Billing,Medium,4.25,5.0,resolved
TKT0001192,CUS002310,2023-09-11,2023-09-11,Integration,Medium,3.06,5.0,resolved
TKT0001193,CUS003652,2024-05-16,2024-05-16,Account,Medium,10.53,4.7,resolved
TKT0001194,CUS000322,2023-02-25,2023-02-25,Integration,Medium,16.24,5.0,resolved
TKT0001195,CUS004464,2024-07-30,2024-07-30,Technical,Medium,9.09,4.8,resolved
TKT0001196,CUS003531,2024-03-20,2024-03-20,Integration,Low,15.31,5.0,resolved
TKT0001197,CUS000689,2023-08-01,2023-08-02,Account,High,27.87,4.5,resolved
TKT0001198,CUS003428,2023-11-15,2023-11-15,Performance,Critical,11.3,4.8,resolved
TKT0001199,CUS003190,2024-08-07,2024-08-07,Technical,High,10.9,5.0,resolved
TKT0001200,CUS000607,2023-01-04,2023-01-04,Account,Low,9.75,4.6,resolved
TKT0001201,CUS004823,2024-12-09,2024-12-09,Performance,Low,10.51,5.0,resolved
TKT0001202,CUS002546,2023-10-26,2023-10-27,Integration,Medium,26.48,3.3,resolved
TKT0001203,CUS002686,2023-08-17,2023-08-17,Technical,Low,22.34,4.4,resolved
TKT0001204,CUS003420,2023-06-27,2023-06-28,Account,High,32.89,3.4,resolved
TKT0001205,CUS001006,2023-05-23,2023-05-23,Performance,High,9.23,4.1,resolved
TKT0001206,CUS002987,2023-10-08,2023-10-08,Performance,Low,5.18,5.0,resolved
TKT0001207,CUS001635,2024-10-31,2024-10-31,Technical,High,20.38,2.3,resolved
TKT0001208,CUS004397,2024-12-11,2024-12-12,Integration,Medium,27.22,4.2,resolved
TKT0001209,CUS004479,2023-01-16,2023-01-16,Performance,High,12.89,5.0,resolved
TKT0001210,CUS003783,2023-05-10,2023-05-10,Account,Medium,15.46,4.0,resolved
TKT0001211,CUS000853,2023-04-08,2023-04-08,Performance,Low,14.72,4.1,resolved
TKT0001212,CUS002370,2024-05-29,2024-05-29,Account,Medium,13.12,4.3,resolved
TKT0001213,CUS004815,2023-10-11,2023-10-11,Integration,Medium,9.7,5.0,resolved
TKT0001214,CUS001820,2024-03-14,2024-03-14,Integration,Medium,5.32,5.0,resolved
TKT0001215,CUS001627,2024-05-14,2024-05-15,Integration,Medium,34.28,4.1,resolved
TKT0001216,CUS001093,2024-12-11,2024-12-11,Performance,Low,10.43,5.0,resolved
TKT0001217,CUS000357,2024-11-10,2024-11-11,Billing,Medium,35.29,3.5,resolved
TKT0001218,CUS000377,2024-09-26,2024-09-26,Integration,Low,3.79,3.6,resolved
TKT0001219,CUS000876,2024-01-28,2024-01-28,Performance,Low,4.88,4.8,resolved
TKT0001220,CUS002069,2023-08-05,2023-08-05,Performance,High,20.78,4.6,resolved
TKT0001221,CUS002825,2024-07-25,2024-07-25,Technical,High,9.34,5.0,resolved
TKT0001222,CUS002661,2024-11-18,2024-11-18,Billing,Medium,20.16,3.9,resolved
TKT0001223,CUS002143,2023-07-17,2023-07-17,Technical,Medium,12.0,3.3,resolved
TKT0001224,CUS004340,2023-09-20,2023-09-20,Integration,Medium,9.66,5.0,resolved
TKT0001225,CUS004133,2024-05-17,2024-05-17,Integration,High,10.8,4.0,resolved
TKT0001226,CUS001969,2024-05-10,2024-05-11,Integration,Medium,31.73,2.8,resolved
TKT0001227,CUS002556,2023-07-04,2023-07-04,Account,Medium,8.53,5.0,resolved
TKT0001228,CUS004426,2023-02-11,2023-02-11,Technical,Medium,17.55,4.3,resolved
TKT0001229,CUS000940,2024-09-20,2024-09-21,Billing,Medium,44.07,3.3,resolved
TKT0001230,CUS001772,2024-06-24,2024-06-24,Technical,Medium,19.9,3.2,resolved
TKT0001231,CUS003011,2023-09-20,2023-09-20,Billing,High,9.9,4.6,resolved
TKT0001232,CUS002247,2023-04-09,2023-04-09,Integration,Medium,7.61,,resolved
TKT0001233,CUS002804,2024-06-15,2024-06-18,Account,High,77.19,1.6,resolved
TKT0001234,CUS000200,2023-04-21,2023-04-21,Integration,Medium,16.18,4.8,resolved
TKT0001235,CUS002462,2023-10-10,2023-10-10,Account,Medium,14.95,3.7,resolved
TKT0001236,CUS004788,2023-09-10,2023-09-10,Technical,Low,8.68,4.5,resolved
TKT0001237,CUS004698,2024-02-27,2024-02-27,Technical,Critical,7.43,5.0,resolved
TKT0001238,CUS003472,2024-04-06,2024-04-06,Technical,Medium,7.98,4.1,resolved
TKT0001239,CUS004668,2024-04-06,2024-04-06,Technical,High,20.68,2.9,resolved
TKT0001240,CUS003785,2024-09-24,2024-09-24,Billing,Medium,8.71,4.6,resolved
TKT0001241,CUS000946,2023-06-19,2023-06-19,Account,Low,8.39,5.0,resolved
TKT0001242,CUS003433,2023-09-19,2023-09-20,Billing,Low,27.8,,resolved
TKT0001243,CUS004949,2023-08-07,2023-08-07,Account,High,17.61,5.0,resolved
TKT0001244,CUS003277,2024-05-16,2024-05-16,Performance,Medium,8.82,4.9,resolved
TKT0001245,CUS004021,2023-07-09,2023-07-10,Integration,Medium,27.45,4.5,resolved
TKT0001246,CUS003469,2024-05-31,2024-05-31,Integration,Low,12.29,3.8,resolved
TKT0001247,CUS000185,2023-11-16,2023-11-16,Performance,High,20.63,3.4,resolved
TKT0001248,CUS000090,2024-04-15,2024-04-15,Account,Low,13.85,4.0,resolved
TKT0001249,CUS003732,2023-02-05,2023-02-05,Technical,High,2.68,5.0,resolved
TKT0001250,CUS001534,2024-03-21,2024-03-21,Performance,Medium,8.56,4.7,resolved
TKT0001251,CUS002413,2024-12-25,2024-12-25,Billing,Medium,12.0,4.4,resolved
TKT0001252,CUS001655,2024-08-01,2024-08-01,Integration,Medium,5.02,5.0,resolved
TKT0001253,CUS000994,2023-08-01,2023-08-01,Account,Medium,9.73,3.8,resolved
TKT0001254,CUS001530,2023-10-28,2023-10-28,Integration,Medium,18.59,4.3,resolved
TKT0001255,CUS002199,2023-11-15,2023-11-15,Billing,Medium,14.64,4.3,resolved
TKT0001256,CUS001466,2023-04-14,2023-04-14,Technical,Medium,18.53,5.0,resolved
TKT0001257,CUS004829,2023-07-20,2023-07-20,Billing,Low,10.18,5.0,resolved
TKT0001258,CUS004717,2023-02-26,2023-02-27,Performance,High,46.67,,resolved
TKT0001259,CUS000550,2023-10-13,2023-10-13,Billing,Low,13.92,5.0,resolved
TKT0001260,CUS001179,2024-06-23,2024-06-23,Technical,High,3.7,5.0,resolved
TKT0001261,CUS000609,2024-10-23,2024-10-23,Billing,Medium,10.45,5.0,resolved
TKT0001262,CUS002983,2024-02-20,2024-02-20,Performance,Medium,21.06,4.3,resolved
TKT0001263,CUS002742,2024-05-22,2024-05-22,Integration,Low,15.26,5.0,resolved
TKT0001264,CUS000646,2024-10-05,2024-10-05,Performance,Medium,6.09,3.2,resolved
TKT0001265,CUS003250,2023-12-30,2023-12-30,Integration,Medium,16.4,4.6,resolved
TKT0001266,CUS001771,2024-02-15,2024-02-16,Billing,High,27.56,5.0,resolved
TKT0001267,CUS002361,2024-05-14,2024-05-14,Integration,Critical,20.09,3.2,resolved
TKT0001268,CUS003627,2023-03-31,2023-03-31,Technical,Low,15.69,3.7,resolved
TKT0001269,CUS000135,2023-12-29,2023-12-30,Technical,Medium,26.2,3.9,resolved
TKT0001270,CUS004432,2024-01-21,2024-01-22,Integration,Low,38.21,,resolved
TKT0001271,CUS000570,2023-05-30,2023-05-31,Technical,High,24.62,4.0,resolved
TKT0001272,CUS002722,2023-12-04,2023-12-04,Account,Medium,10.2,4.5,resolved
TKT0001273,CUS004710,2023-08-04,2023-08-04,Performance,Low,10.12,4.6,resolved
TKT0001274,CUS004763,2024-05-11,2024-05-11,Performance,Low,2.73,4.8,resolved
TKT0001275,CUS003751,2023-12-24,2023-12-24,Billing,Critical,4.77,4.6,resolved
TKT0001276,CUS003194,2023-08-26,2023-08-26,Account,Low,23.71,,resolved
TKT0001277,CUS002541,2024-06-22,2024-06-25,Integration,Medium,88.21,1.7,resolved
TKT0001278,CUS000798,2024-07-09,2024-07-09,Integration,High,7.41,4.9,resolved
TKT0001279,CUS002460,2023-02-09,2023-02-09,Technical,Medium,9.17,4.0,resolved
TKT0001280,CUS001678,2024-03-30,2024-03-30,Billing,Low,22.51,4.6,resolved
TKT0001281,CUS004541,2023-09-28,2023-09-29,Integration,Critical,27.88,,resolved
TKT0001282,CUS000068,2023-02-04,2023-02-04,Technical,Medium,10.39,3.7,resolved
TKT0001283,CUS003031,2023-04-06,2023-04-06,Technical,Medium,8.0,4.9,resolved
TKT0001284,CUS004184,2023-07-02,2023-07-02,Performance,High,17.67,4.1,resolved
TKT0001285,CUS000224,2024-04-25,2024-04-25,Billing,High,11.61,4.9,resolved
TKT0001286,CUS002900,2023-11-21,2023-11-21,Performance,Medium,19.87,3.5,resolved
TKT0001287,CUS002725,2023-06-09,2023-06-09,Billing,High,13.53,4.1,resolved
TKT0001288,CUS000276,2024-09-16,2024-09-16,Account,Medium,15.33,4.2,resolved
TKT0001289,CUS003519,2023-09-13,2023-09-13,Account,Low,13.2,,resolved
TKT0001290,CUS002087,2024-11-08,2024-11-08,Account,Low,17.71,3.4,resolved
TKT0001291,CUS002231,2023-10-27,2023-10-27,Performance,High,4.57,5.0,resolved
TKT0001292,CUS000264,2024-03-11,2024-03-11,Billing,Low,4.8,,resolved
TKT0001293,CUS001972,2023-11-06,2023-11-06,Billing,Low,6.78,,resolved
TKT0001294,CUS000510,2023-09-19,2023-09-19,Account,Medium,21.75,3.3,resolved
TKT0001295,CUS003586,2024-02-07,2024-02-08,Technical,Low,26.01,3.3,resolved
TKT0001296,CUS003906,2024-02-05,2024-02-05,Integration,Medium,7.75,,resolved
TKT0001297,CUS000823,2023-03-21,2023-03-21,Technical,High,19.41,3.2,resolved
TKT0001298,CUS000574,2024-12-24,2024-12-24,Technical,High,4.07,4.7,resolved
TKT0001299,CUS004849,2024-08-14,2024-08-14,Technical,Low,15.84,4.1,resolved
TKT0001300,CUS002265,2023-12-01,2023-12-01,Billing,High,8.22,4.9,resolved
TKT0001301,CUS003689,2024-02-04,2024-02-04,Integration,Low,4.74,5.0,resolved
TKT0001302,CUS001146,2024-03-12,2024-03-12,Billing,Medium,9.55,,resolved
TKT0001303,CUS000812,2024-01-28,2024-01-28,Billing,Medium,7.52,4.4,resolved
TKT0001304,CUS001551,2023-10-31,2023-10-31,Account,Medium,14.26,2.8,resolved
TKT0001305,CUS003736,2023-07-25,2023-07-25,Performance,High,10.55,3.7,resolved
TKT0001306,CUS002655,2023-05-02,2023-05-02,Technical,Medium,10.06,5.0,resolved
TKT0001307,CUS004167,2023-01-04,2023-01-04,Billing,Medium,15.0,4.8,resolved
TKT0001308,CUS000050,2023-03-04,2023-03-04,Integration,Medium,20.04,4.3,resolved
TKT0001309,CUS002762,2024-03-21,2024-03-21,Billing,Low,5.82,5.0,resolved
TKT0001310,CUS002145,2023-12-11,2023-12-11,Billing,Medium,15.01,,resolved
TKT0001311,CUS000815,2023-12-16,2023-12-17,Performance,Medium,47.77,2.7,resolved
TKT0001312,CUS001799,2024-07-05,2024-07-05,Billing,Low,15.12,,resolved
TKT0001313,CUS002464,2023-10-19,2023-10-19,Integration,Low,14.79,,resolved
TKT0001314,CUS001933,2023-09-18,2023-09-18,Account,Low,7.18,4.7,resolved
TKT0001315,CUS004543,2024-02-03,2024-02-04,Account,Medium,38.24,2.5,resolved
TKT0001316,CUS001862,2024-01-19,2024-01-19,Performance,Medium,10.87,4.7,resolved
TKT0001317,CUS004369,2024-06-01,2024-06-01,Technical,High,10.23,4.3,resolved
TKT0001318,CUS002937,2024-12-14,2024-12-14,Account,Medium,2.78,5.0,resolved
TKT0001319,CUS004082,2024-02-04,2024-02-04,Integration,Medium,7.17,4.8,resolved
TKT0001320,CUS002974,2023-02-13,2023-02-13,Account,Medium,17.17,4.8,resolved
TKT0001321,CUS003894,2023-11-12,2023-11-12,Integration,Medium,9.87,4.0,resolved
TKT0001322,CUS001083,2023-05-21,2023-05-22,Account,High,33.92,4.3,resolved
TKT0001323,CUS000474,2024-12-25,2024-12-25,Performance,Medium,12.17,,resolved
TKT0001324,CUS003082,2023-12-25,2023-12-25,Billing,High,23.97,3.8,resolved
TKT0001325,CUS001296,2024-03-05,2024-03-05,Performance,High,19.88,4.7,resolved
TKT0001326,CUS002343,2024-01-06,2024-01-06,Account,Low,4.01,5.0,resolved
TKT0001327,CUS001205,2023-07-19,2023-07-20,Integration,Low,29.74,3.9,resolved
TKT0001328,CUS003210,2023-06-11,2023-06-11,Billing,High,14.0,4.7,resolved
TKT0001329,CUS003626,2023-06-14,2023-06-14,Billing,High,7.92,5.0,resolved
TKT0001330,CUS002530,2024-01-19,2024-01-19,Integration,High,5.47,4.7,resolved
TKT0001331,CUS001839,2023-12-13,2023-12-13,Performance,Low,23.28,4.3,resolved
TKT0001332,CUS003066,2023-10-05,2023-10-05,Account,Medium,19.1,3.7,resolved
TKT0001333,CUS004215,2023-04-07,2023-04-07,Technical,Low,17.98,3.6,resolved
TKT0001334,CUS001506,2023-02-20,2023-02-20,Integration,Low,6.75,4.4,resolved
TKT0001335,CUS000674,2023-01-21,2023-01-21,Integration,High,20.45,2.9,resolved
TKT0001336,CUS002885,2023-01-31,2023-02-01,Performance,Critical,24.08,3.0,resolved
TKT0001337,CUS002200,2024-02-13,2024-02-13,Technical,Medium,6.14,4.6,resolved
TKT0001338,CUS002729,2023-07-12,2023-07-12,Technical,Low,19.81,3.0,resolved
TKT0001339,CUS002297,2023-10-26,2023-10-26,Account,Low,22.31,3.7,resolved
TKT0001340,CUS003049,2023-09-13,2023-09-13,Account,Medium,4.8,5.0,resolved
TKT0001341,CUS004759,2024-08-15,2024-08-15,Technical,Medium,11.77,4.3,resolved
TKT0001342,CUS001080,2023-03-13,2023-03-13,Integration,Medium,2.21,4.8,resolved
TKT0001343,CUS001211,2023-01-04,2023-01-04,Performance,High,16.11,4.2,resolved
TKT0001344,CUS004990,2024-03-06,2024-03-06,Integration,Low,6.98,3.1,resolved
TKT0001345,CUS004897,2024-06-06,2024-06-06,Technical,Medium,3.76,5.0,resolved
TKT0001346,CUS002320,2023-08-23,2023-08-23,Account,Medium,2.43,5.0,resolved
TKT0001347,CUS002419,2024-06-05,2024-06-05,Integration,Medium,12.68,5.0,resolved
TKT0001348,CUS002841,2023-02-01,2023-02-01,Integration,Medium,9.67,4.3,resolved
TKT0001349,CUS002798,2024-09-03,2024-09-03,Billing,Medium,14.1,5.0,resolved
TKT0001350,CUS003629,2023-10-30,2023-10-30,Account,High,12.24,4.6,resolved
TKT0001351,CUS002635,2024-08-18,2024-08-18,Performance,Medium,17.43,4.8,resolved
TKT0001352,CUS003673,2024-08-21,2024-08-21,Billing,High,16.58,4.0,resolved
TKT0001353,CUS003840,2024-12-11,2024-12-11,Performance,Low,10.41,5.0,resolved
TKT0001354,CUS001728,2023-12-10,2023-12-10,Technical,Low,7.81,4.4,resolved
TKT0001355,CUS003460,2023-04-04,2023-04-04,Performance,Low,13.04,4.7,resolved
TKT0001356,CUS002727,2024-04-30,2024-05-01,Account,Low,25.76,3.7,resolved
TKT0001357,CUS004780,2023-09-03,2023-09-03,Integration,Medium,13.96,3.6,resolved
TKT0001358,CUS002722,2024-06-20,2024-06-20,Account,High,15.6,5.0,resolved
TKT0001359,CUS003903,2024-11-29,2024-11-29,Billing,Medium,7.78,4.5,resolved
TKT0001360,CUS000570,2023-01-02,2023-01-02,Account,Critical,20.39,3.2,resolved
TKT0001361,CUS003225,2024-08-30,2024-08-30,Integration,Medium,12.82,3.9,resolved
TKT0001362,CUS000568,2023-01-09,2023-01-09,Technical,Medium,5.87,5.0,resolved
TKT0001363,CUS003355,2024-08-15,2024-08-15,Technical,Low,4.76,5.0,resolved
TKT0001364,CUS001639,2024-11-26,2024-11-26,Billing,Low,10.84,4.0,resolved
TKT0001365,CUS003179,2024-02-21,2024-02-21,Technical,High,14.09,4.7,resolved
TKT0001366,CUS002182,2023-01-17,2023-01-17,Performance,Critical,20.5,3.7,resolved
TKT0001367,CUS004094,2024-11-25,2024-11-25,Account,Medium,4.41,3.4,resolved
TKT0001368,CUS000615,2023-06-14,2023-06-14,Technical,Medium,12.89,,resolved
TKT0001369,CUS001215,2023-11-13,2023-11-13,Billing,High,17.91,3.5,resolved
TKT0001370,CUS002131,2024-10-24,2024-10-24,Performance,Medium,8.03,5.0,resolved
TKT0001371,CUS001758,2023-09-09,2023-09-09,Performance,Low,6.98,5.0,resolved
TKT0001372,CUS000457,2023-03-16,2023-03-17,Account,Medium,35.9,2.9,resolved
TKT0001373,CUS002164,2024-12-22,2024-12-22,Integration,Medium,20.32,4.3,resolved
TKT0001374,CUS002887,2024-09-23,2024-09-23,Integration,Critical,5.86,5.0,resolved
TKT0001375,CUS003666,2023-09-08,2023-09-08,Performance,Low,11.86,3.4,resolved
TKT0001376,CUS000995,2023-08-08,2023-08-08,Performance,Low,8.8,,resolved
TKT0001377,CUS001420,2024-10-23,2024-10-23,Technical,Low,13.72,4.7,resolved
TKT0001378,CUS002260,2024-12-04,2024-12-04,Performance,High,7.77,4.6,resolved
TKT0001379,CUS004188,2023-10-09,2023-10-09,Integration,Low,9.37,5.0,resolved
TKT0001380,CUS001886,2023-07-14,2023-07-14,Technical,Low,4.33,5.0,resolved
TKT0001381,CUS003628,2024-06-15,2024-06-17,Account,Medium,48.79,3.9,resolved
TKT0001382,CUS004417,2024-02-10,2024-02-10,Performance,Low,7.85,5.0,resolved
TKT0001383,CUS000924,2023-12-21,2023-12-24,Technical,High,74.84,2.2,resolved
TKT0001384,CUS003217,2023-03-13,2023-03-14,Billing,Critical,25.34,4.3,resolved
TKT0001385,CUS000884,2024-03-09,2024-03-09,Technical,Medium,23.48,4.6,resolved
TKT0001386,CUS003996,2023-02-16,2023-02-16,Account,Medium,4.88,4.7,resolved
TKT0001387,CUS001819,2024-10-21,2024-10-21,Performance,Medium,9.7,5.0,resolved
TKT0001388,CUS003107,2023-07-19,2023-07-19,Performance,Critical,2.86,4.3,resolved
TKT0001389,CUS004632,2024-06-11,2024-06-11,Billing,Medium,14.07,,resolved
TKT0001390,CUS001247,2023-04-17,2023-04-17,Integration,High,10.13,,resolved
TKT0001391,CUS003183,2024-08-08,2024-08-09,Technical,Low,26.37,2.8,resolved
TKT0001392,CUS002734,2023-11-13,2023-11-13,Integration,Medium,5.47,5.0,resolved
TKT0001393,CUS003309,2023-11-27,2023-11-27,Account,Low,14.03,4.3,resolved
TKT0001394,CUS000513,2023-03-23,2023-03-23,Performance,Medium,10.74,,resolved
TKT0001395,CUS000515,2023-03-16,2023-03-16,Technical,Low,10.31,5.0,resolved
TKT0001396,CUS004219,2024-08-26,2024-08-26,Billing,Low,17.08,3.5,resolved
TKT0001397,CUS001438,2024-11-04,2024-11-04,Integration,Medium,23.42,4.9,resolved
TKT0001398,CUS003405,2024-02-22,2024-02-22,Account,High,18.0,4.7,resolved
TKT0001399,CUS003462,2024-12-15,2024-12-15,Billing,Low,14.68,,resolved
TKT0001400,CUS000936,2023-09-25,2023-09-25,Account,Low,13.19,3.3,resolved
TKT0001401,CUS002021,2023-07-28,2023-07-28,Integration,High,6.61,5.0,resolved
TKT0001402,CUS000586,2024-07-24,2024-07-24,Account,Medium,14.29,5.0,resolved
TKT0001403,CUS000547,2024-09-30,2024-09-30,Account,High,9.08,5.0,resolved
TKT0001404,CUS004427,2023-02-25,2023-02-25,Billing,High,8.71,3.7,resolved
TKT0001405,CUS003249,2024-02-13,2024-02-13,Integration,High,13.83,4.2,resolved
TKT0001406,CUS001641,2024-07-19,2024-07-19,Integration,High,4.32,5.0,resolved
TKT0001407,CUS002809,2023-09-21,2023-09-21,Integration,High,17.15,2.9,resolved
TKT0001408,CUS003102,2023-11-01,2023-11-01,Technical,High,14.7,5.0,resolved
TKT0001409,CUS000093,2023-01-19,2023-01-19,Integration,Medium,9.61,,resolved
TKT0001410,CUS001728,2023-08-04,2023-08-04,Billing,Low,10.36,4.2,resolved
TKT0001411,CUS002878,2024-08-08,2024-08-08,Performance,Medium,11.69,4.3,resolved
TKT0001412,CUS001773,2024-12-06,2024-12-06,Technical,High,2.3,,resolved
TKT0001413,CUS001468,2024-12-19,2024-12-19,Account,Medium,9.86,,resolved
TKT0001414,CUS002350,2023-12-26,2023-12-26,Technical,High,6.8,4.7,resolved
TKT0001415,CUS003661,2023-06-01,2023-06-01,Billing,High,8.91,4.2,resolved
TKT0001416,CUS003694,2024-12-23,2024-12-24,Integration,Medium,27.77,4.2,resolved
TKT0001417,CUS002983,2023-01-06,2023-01-06,Integration,Medium,7.7,4.6,resolved
TKT0001418,CUS003844,2024-07-05,2024-07-05,Account,Medium,6.5,4.2,resolved
TKT0001419,CUS000721,2023-08-27,2023-08-27,Billing,Medium,12.73,4.3,resolved
TKT0001420,CUS000796,2023-08-05,2023-08-05,Performance,Low,5.04,5.0,resolved
TKT0001421,CUS003801,2024-10-29,2024-10-29,Account,Medium,21.98,3.9,resolved
TKT0001422,CUS001371,2024-10-19,2024-10-20,Integration,Critical,34.99,4.4,resolved
TKT0001423,CUS000999,2024-09-26,2024-09-26,Billing,Medium,4.45,5.0,resolved
TKT0001424,CUS000579,2024-06-12,2024-06-12,Performance,Low,15.44,,resolved
TKT0001425,CUS002201,2023-11-17,2023-11-18,Account,Low,26.52,4.2,resolved
TKT0001426,CUS002732,2023-12-23,2023-12-23,Integration,Medium,7.82,4.6,resolved
TKT0001427,CUS001419,2024-08-20,2024-08-20,Billing,High,7.28,4.7,resolved
TKT0001428,CUS001799,2024-11-16,2024-11-16,Billing,Low,7.21,4.8,resolved
TKT0001429,CUS004835,2023-08-03,2023-08-03,Technical,Medium,22.56,3.6,resolved
TKT0001430,CUS001293,2024-03-05,2024-03-05,Billing,Medium,23.9,4.6,resolved
TKT0001431,CUS002068,2024-02-25,2024-02-25,Integration,High,8.93,5.0,resolved
TKT0001432,CUS001841,2023-04-16,2023-04-17,Billing,Medium,44.39,2.1,resolved
TKT0001433,CUS002863,2024-05-05,2024-05-05,Performance,High,8.2,5.0,resolved
TKT0001434,CUS004123,2023-06-04,2023-06-04,Integration,High,14.39,4.7,resolved
TKT0001435,CUS004563,2023-03-24,2023-03-24,Technical,Medium,6.13,3.5,resolved
TKT0001436,CUS002036,2024-03-02,2024-03-02,Performance,Medium,11.62,4.7,resolved
TKT0001437,CUS002099,2023-04-24,2023-04-24,Performance,Low,8.43,5.0,resolved
TKT0001438,CUS002887,2024-11-05,2024-11-05,Performance,Critical,5.48,4.4,resolved
TKT0001439,CUS004426,2023-03-02,2023-03-02,Integration,Medium,12.9,5.0,resolved
TKT0001440,CUS000401,2024-12-02,2024-12-02,Billing,Critical,4.94,4.3,resolved
TKT0001441,CUS004865,2024-12-28,2024-12-29,Account,Low,27.03,4.0,resolved
TKT0001442,CUS003840,2024-12-17,2024-12-17,Performance,Medium,16.53,,resolved
TKT0001443,CUS002303,2023-10-12,2023-10-12,Integration,Critical,11.25,4.1,resolved
TKT0001444,CUS003072,2023-12-31,2023-12-31,Technical,Medium,8.69,4.8,resolved
TKT0001445,CUS004817,2023-08-20,2023-08-20,Performance,High,16.44,3.7,resolved
TKT0001446,CUS001002,2024-12-02,2024-12-02,Billing,High,17.38,4.0,resolved
TKT0001447,CUS004703,2023-09-10,2023-09-10,Account,Medium,7.76,4.3,resolved
TKT0001448,CUS000936,2024-03-02,2024-03-02,Billing,Medium,11.7,3.5,resolved
TKT0001449,CUS004815,2024-12-08,2024-12-08,Technical,High,8.16,4.5,resolved
TKT0001450,CUS000071,2023-03-20,2023-03-20,Integration,Medium,23.01,5.0,resolved
TKT0001451,CUS003543,2023-01-19,2023-01-19,Technical,Medium,6.64,4.4,resolved
TKT0001452,CUS000148,2023-09-12,2023-09-12,Billing,Low,11.92,4.5,resolved
TKT0001453,CUS002322,2024-11-09,2024-11-09,Performance,Medium,16.22,4.3,resolved
TKT0001454,CUS000032,2023-04-04,2023-04-04,Billing,High,18.21,5.0,resolved
TKT0001455,CUS000209,2024-02-24,2024-02-24,Performance,Low,7.48,5.0,resolved
TKT0001456,CUS003950,2024-05-15,2024-05-15,Integration,Medium,12.4,3.9,resolved
TKT0001457,CUS004605,2024-01-29,2024-01-29,Integration,Medium,8.07,3.6,resolved
TKT0001458,CUS003562,2023-09-29,2023-09-29,Billing,Medium,6.7,4.2,resolved
TKT0001459,CUS004193,2023-09-11,2023-09-11,Performance,Critical,8.95,4.7,resolved
TKT0001460,CUS000785,2023-08-06,2023-08-06,Integration,Low,15.5,3.5,resolved
TKT0001461,CUS003006,2023-01-22,2023-01-23,Performance,Low,26.08,4.6,resolved
TKT0001462,CUS002498,2024-10-23,2024-10-23,Integration,Low,7.14,,resolved
TKT0001463,CUS004277,2024-09-11,2024-09-11,Integration,High,19.28,5.0,resolved
TKT0001464,CUS002794,2024-09-02,2024-09-02,Account,Medium,23.08,3.6,resolved
TKT0001465,CUS004585,2024-01-20,2024-01-20,Technical,Medium,5.9,4.3,resolved
TKT0001466,CUS004547,2023-08-14,2023-08-14,Billing,Medium,11.4,3.9,resolved
TKT0001467,CUS001724,2023-01-04,2023-01-04,Billing,Medium,20.28,,resolved
TKT0001468,CUS003731,2024-06-01,2024-06-01,Technical,High,23.51,4.7,resolved
TKT0001469,CUS004422,2024-05-29,2024-05-29,Billing,Medium,19.73,4.4,resolved
TKT0001470,CUS001840,2024-10-04,2024-10-04,Integration,Medium,20.89,,resolved
TKT0001471,CUS003870,2023-11-06,2023-11-06,Account,Low,23.54,3.9,resolved
TKT0001472,CUS000004,2024-04-25,2024-04-26,Integration,Critical,32.14,3.3,resolved
TKT0001473,CUS002145,2023-10-16,2023-10-16,Integration,Medium,8.84,3.3,resolved
TKT0001474,CUS003192,2024-11-27,2024-11-27,Billing,Low,13.21,4.4,resolved
TKT0001475,CUS001837,2023-02-14,2023-02-14,Performance,High,6.92,5.0,resolved
TKT0001476,CUS004416,2024-02-20,2024-02-20,Technical,Medium,7.15,,resolved
TKT0001477,CUS003265,2024-05-06,2024-05-06,Performance,Medium,6.67,5.0,resolved
TKT0001478,CUS002692,2023-02-06,2023-02-06,Integration,Medium,18.08,3.1,resolved
TKT0001479,CUS004319,2024-04-18,2024-04-19,Technical,Medium,33.36,2.7,resolved
TKT0001480,CUS003753,2024-12-01,2024-12-01,Account,Medium,3.25,5.0,resolved
TKT0001481,CUS001216,2024-12-09,2024-12-09,Integration,Low,7.81,4.0,resolved
TKT0001482,CUS004006,2023-02-27,2023-02-27,Billing,Medium,7.19,,resolved
TKT0001483,CUS002577,2023-03-20,2023-03-20,Account,High,14.42,4.0,resolved
TKT0001484,CUS001029,2023-12-10,2023-12-10,Account,Low,17.19,4.2,resolved
TKT0001485,CUS004886,2024-11-22,2024-11-23,Performance,Medium,25.84,3.0,resolved
TKT0001486,CUS002007,2023-11-08,2023-11-08,Integration,Low,10.65,4.8,resolved
TKT0001487,CUS000176,2023-12-16,2023-12-16,Technical,Medium,12.38,4.2,resolved
TKT0001488,CUS004609,2024-05-28,2024-05-28,Account,Medium,10.78,5.0,resolved
TKT0001489,CUS000641,2023-02-09,2023-02-09,Account,High,21.67,3.7,resolved
TKT0001490,CUS002296,2024-09-12,2024-09-12,Account,Medium,9.39,,resolved
TKT0001491,CUS002600,2024-07-06,2024-07-06,Billing,Medium,6.57,5.0,resolved
TKT0001492,CUS003800,2024-12-31,,Billing,High,6.11,4.7,open
TKT0001493,CUS000391,2023-10-30,2023-10-30,Account,Medium,22.75,3.4,resolved
TKT0001494,CUS003748,2024-07-12,2024-07-12,Integration,Low,6.29,4.7,resolved
TKT0001495,CUS003507,2023-03-07,2023-03-07,Integration,Medium,3.16,4.7,resolved
TKT0001496,CUS001530,2023-08-02,2023-08-03,Account,High,26.44,3.7,resolved
TKT0001497,CUS003963,2023-04-03,2023-04-03,Integration,High,4.45,4.7,resolved
TKT0001498,CUS000912,2024-03-23,2024-03-23,Integration,Low,6.01,,resolved
TKT0001499,CUS004834,2024-12-05,2024-12-05,Billing,Medium,4.5,5.0,resolved
TKT0001500,CUS004665,2024-07-16,2024-07-16,Performance,Low,6.71,5.0,resolved
TKT0001501,CUS003307,2024-04-23,2024-04-25,Technical,Low,64.42,2.4,resolved
TKT0001502,CUS001716,2024-06-01,2024-06-02,Performance,Low,30.17,3.2,resolved
TKT0001503,CUS002124,2024-11-27,2024-11-27,Account,Medium,10.33,,resolved
TKT0001504,CUS003813,2024-05-22,2024-05-22,Integration,Low,5.58,5.0,resolved
TKT0001505,CUS001038,2024-07-21,2024-07-21,Integration,Low,9.74,4.6,resolved
TKT0001506,CUS001566,2023-07-13,2023-07-14,Billing,Medium,31.64,3.3,resolved
TKT0001507,CUS002220,2024-04-02,2024-04-02,Performance,High,11.17,5.0,resolved
TKT0001508,CUS003914,2024-05-16,2024-05-17,Technical,High,36.34,3.5,resolved
TKT0001509,CUS000732,2023-03-28,2023-03-28,Technical,Medium,6.5,4.1,resolved
TKT0001510,CUS000584,2024-05-28,2024-05-28,Integration,Low,2.77,,resolved
TKT0001511,CUS004521,2023-11-26,2023-11-26,Billing,Medium,13.46,4.7,resolved
TKT0001512,CUS004832,2024-12-19,2024-12-19,Technical,Low,13.6,3.9,resolved
TKT0001513,CUS002688,2023-06-25,2023-06-25,Performance,Low,10.93,5.0,resolved
TKT0001514,CUS003556,2023-12-17,2023-12-17,Technical,Low,7.41,4.0,resolved
TKT0001515,CUS000973,2023-04-27,2023-04-27,Account,Medium,7.46,4.2,resolved
TKT0001516,CUS004323,2023-02-13,2023-02-13,Technical,Low,11.86,4.3,resolved
TKT0001517,CUS004329,2023-12-27,2023-12-27,Technical,Medium,12.24,4.2,resolved
TKT0001518,CUS000777,2024-12-04,2024-12-04,Account,Medium,15.89,,resolved
TKT0001519,CUS003705,2023-08-18,2023-08-18,Billing,Critical,5.67,4.4,resolved
TKT0001520,CUS001041,2024-10-06,2024-10-06,Billing,Low,3.24,5.0,resolved
TKT0001521,CUS002269,2024-11-27,2024-11-27,Billing,Medium,9.38,4.9,resolved
TKT0001522,CUS001662,2024-08-16,2024-08-16,Billing,High,15.43,2.2,resolved
TKT0001523,CUS004349,2023-01-22,2023-01-22,Performance,Medium,4.62,5.0,resolved
TKT0001524,CUS002336,2024-06-12,2024-06-14,Billing,Medium,60.31,2.2,resolved
TKT0001525,CUS004106,2023-01-21,2023-01-21,Account,High,13.99,4.3,resolved
TKT0001526,CUS003052,2023-07-15,2023-07-15,Performance,High,21.18,,resolved
TKT0001527,CUS002444,2024-04-01,2024-04-02,Account,Medium,31.47,3.9,resolved
TKT0001528,CUS003361,2024-11-24,2024-11-24,Performance,Low,6.29,4.4,resolved
TKT0001529,CUS000018,2023-03-10,2023-03-10,Integration,Medium,23.43,3.6,resolved
TKT0001530,CUS002722,2024-11-28,2024-11-29,Integration,High,32.23,3.2,resolved
TKT0001531,CUS000956,2024-02-09,2024-02-09,Billing,Medium,13.08,4.2,resolved
TKT0001532,CUS003918,2024-06-26,2024-06-28,Technical,High,58.04,1.8,resolved
TKT0001533,CUS004323,2024-08-19,2024-08-19,Billing,Medium,19.43,3.0,resolved
TKT0001534,CUS003740,2024-01-06,2024-01-06,Account,High,8.55,5.0,resolved
TKT0001535,CUS004688,2023-04-02,2023-04-02,Technical,Low,10.25,4.1,resolved
TKT0001536,CUS000727,2024-07-24,2024-07-24,Integration,Low,3.95,4.8,resolved
TKT0001537,CUS001089,2023-02-21,2023-02-21,Account,High,6.87,4.5,resolved
TKT0001538,CUS003562,2023-04-12,2023-04-13,Integration,Low,26.15,3.7,resolved
TKT0001539,CUS000690,2024-11-26,2024-11-26,Performance,Low,8.85,4.5,resolved
TKT0001540,CUS002562,2024-10-29,2024-10-29,Performance,High,13.0,4.2,resolved
TKT0001541,CUS003420,2024-09-20,2024-09-21,Account,Low,35.41,,resolved
TKT0001542,CUS001047,2024-11-18,2024-11-18,Account,Medium,20.96,4.6,resolved
TKT0001543,CUS002016,2023-06-30,2023-06-30,Performance,Medium,13.38,4.6,resolved
TKT0001544,CUS004049,2024-12-16,2024-12-16,Billing,Medium,7.43,5.0,resolved
TKT0001545,CUS001826,2023-12-19,2023-12-19,Integration,Medium,11.72,5.0,resolved
TKT0001546,CUS003452,2023-03-13,2023-03-13,Technical,Low,12.14,4.2,resolved
TKT0001547,CUS004760,2023-04-23,2023-04-23,Account,High,11.64,5.0,resolved
TKT0001548,CUS003817,2024-05-29,2024-05-29,Performance,Medium,13.24,4.2,resolved
TKT0001549,CUS003968,2024-09-04,2024-09-04,Account,Medium,6.35,4.0,resolved
TKT0001550,CUS001580,2023-10-13,2023-10-13,Performance,Medium,10.38,4.7,resolved
TKT0001551,CUS000846,2023-05-21,2023-05-21,Technical,Medium,7.26,5.0,resolved
TKT0001552,CUS003708,2023-06-10,2023-06-10,Technical,Low,7.83,5.0,resolved
TKT0001553,CUS002242,2024-08-29,2024-08-29,Performance,Medium,18.52,4.7,resolved
TKT0001554,CUS003465,2024-08-21,2024-08-22,Technical,Medium,30.44,4.3,resolved
TKT0001555,CUS001532,2023-07-01,2023-07-01,Performance,Medium,9.44,5.0,resolved
TKT0001556,CUS001043,2023-02-03,2023-02-03,Account,Low,22.95,3.5,resolved
TKT0001557,CUS002517,2023-03-22,2023-03-22,Technical,High,16.63,4.6,resolved
TKT0001558,CUS000582,2023-10-21,2023-10-21,Account,Low,15.17,,resolved
TKT0001559,CUS002839,2023-06-05,2023-06-05,Performance,Low,10.03,4.7,resolved
TKT0001560,CUS001223,2023-11-29,2023-11-29,Performance,High,15.87,4.3,resolved
TKT0001561,CUS000756,2024-01-31,2024-01-31,Technical,Low,13.26,4.6,resolved
TKT0001562,CUS002411,2023-03-05,2023-03-05,Billing,Medium,12.09,,resolved
TKT0001563,CUS002965,2024-10-08,2024-10-08,Technical,Medium,22.66,4.8,resolved
TKT0001564,CUS003968,2024-07-28,2024-07-28,Technical,Low,18.61,4.1,resolved
TKT0001565,CUS001428,2023-01-29,2023-01-29,Account,Medium,12.08,4.3,resolved
TKT0001566,CUS002890,2023-11-19,2023-11-19,Account,Medium,20.83,4.8,resolved
TKT0001567,CUS002920,2023-04-15,2023-04-15,Billing,High,4.95,5.0,resolved
TKT0001568,CUS000838,2024-08-25,2024-08-25,Billing,Low,10.32,5.0,resolved
TKT0001569,CUS000095,2024-02-09,2024-02-10,Technical,Medium,35.33,1.7,resolved
TKT0001570,CUS003045,2023-05-19,2023-05-19,Integration,High,6.41,4.8,resolved
TKT0001571,CUS002704,2023-03-08,2023-03-08,Billing,High,12.86,5.0,resolved
TKT0001572,CUS004732,2023-08-23,2023-08-23,Account,Medium,14.03,3.6,resolved
TKT0001573,CUS003005,2023-09-12,2023-09-12,Billing,High,23.39,2.9,resolved
TKT0001574,CUS001000,2023-08-10,2023-08-10,Technical,Critical,12.81,3.5,resolved
TKT0001575,CUS003720,2023-10-01,2023-10-01,Account,Medium,17.73,,resolved
TKT0001576,CUS000104,2023-04-08,2023-04-08,Integration,Low,6.82,4.3,resolved
TKT0001577,CUS003518,2023-12-23,2023-12-23,Performance,Medium,13.91,4.6,resolved
TKT0001578,CUS004057,2023-07-31,2023-07-31,Technical,Critical,10.55,5.0,resolved
TKT0001579,CUS000856,2024-06-09,2024-06-09,Account,Low,16.09,3.8,resolved
TKT0001580,CUS001374,2024-07-19,2024-07-20,Account,Medium,31.7,3.8,resolved
TKT0001581,CUS000486,2023-06-29,2023-06-30,Performance,Low,47.43,2.6,resolved
TKT0001582,CUS000991,2023-04-06,2023-04-06,Account,Low,17.37,2.9,resolved
TKT0001583,CUS001262,2023-08-28,2023-08-28,Account,Medium,10.74,3.9,resolved
TKT0001584,CUS001403,2023-04-08,2023-04-09,Performance,Medium,30.34,3.8,resolved
TKT0001585,CUS002301,2023-11-13,2023-11-14,Performance,High,46.93,3.0,resolved
TKT0001586,CUS004720,2024-11-10,2024-11-10,Performance,Medium,9.6,3.7,resolved
TKT0001587,CUS000365,2023-10-14,2023-10-14,Account,Medium,12.85,4.4,resolved
TKT0001588,CUS001712,2024-09-21,2024-09-21,Billing,High,4.6,3.5,resolved
TKT0001589,CUS001094,2024-06-07,2024-06-07,Billing,Low,6.57,4.8,resolved
TKT0001590,CUS003771,2024-09-28,2024-09-28,Performance,High,3.84,,resolved
TKT0001591,CUS004669,2023-02-03,2023-02-03,Performance,Low,14.38,3.3,resolved
TKT0001592,CUS002179,2024-05-31,2024-06-01,Technical,Low,29.75,2.9,resolved
TKT0001593,CUS004504,2023-04-19,2023-04-19,Integration,Low,6.15,3.9,resolved
TKT0001594,CUS004280,2024-03-20,2024-03-20,Account,Medium,11.72,4.6,resolved
TKT0001595,CUS001798,2023-04-11,2023-04-11,Performance,High,14.11,4.9,resolved
TKT0001596,CUS000516,2024-09-29,2024-09-29,Account,Low,3.96,5.0,resolved
TKT0001597,CUS004849,2024-01-27,2024-01-27,Integration,Medium,12.91,3.5,resolved
TKT0001598,CUS004042,2024-02-29,2024-02-29,Billing,High,2.23,5.0,resolved
TKT0001599,CUS003590,2023-03-04,2023-03-04,Technical,Medium,8.93,5.0,resolved
TKT0001600,CUS002222,2023-08-16,2023-08-16,Billing,Low,3.99,5.0,resolved
TKT0001601,CUS001053,2023-02-24,2023-02-24,Integration,Medium,6.68,3.9,resolved
TKT0001602,CUS001688,2024-09-20,2024-09-20,Billing,Low,9.77,4.5,resolved
TKT0001603,CUS002312,2024-07-25,2024-07-25,Performance,Medium,9.81,5.0,resolved
TKT0001604,CUS003146,2024-04-04,2024-04-04,Billing,High,20.04,,resolved
TKT0001605,CUS000570,2024-12-17,2024-12-19,Integration,High,69.9,1.7,resolved
TKT0001606,CUS003573,2024-09-18,2024-09-19,Technical,Medium,27.23,4.3,resolved
TKT0001607,CUS003637,2023-01-27,2023-01-27,Integration,Medium,6.14,3.9,resolved
TKT0001608,CUS004944,2024-10-04,2024-10-04,Technical,Medium,4.45,4.4,resolved
TKT0001609,CUS003891,2023-05-06,2023-05-07,Billing,Medium,24.18,3.4,resolved
TKT0001610,CUS004948,2023-04-04,2023-04-04,Billing,Low,10.57,,resolved
TKT0001611,CUS000319,2024-01-08,2024-01-08,Performance,High,23.12,3.8,resolved
TKT0001612,CUS004643,2024-04-06,2024-04-07,Integration,Medium,33.01,3.9,resolved
TKT0001613,CUS003986,2024-10-19,2024-10-19,Technical,Medium,8.87,4.2,resolved
TKT0001614,CUS002847,2024-01-16,2024-01-16,Performance,Medium,11.64,5.0,resolved
TKT0001615,CUS001774,2024-01-04,2024-01-04,Integration,Medium,7.33,5.0,resolved
TKT0001616,CUS000732,2023-03-09,2023-03-09,Billing,Medium,19.03,4.7,resolved
TKT0001617,CUS000343,2023-10-05,2023-10-05,Billing,Low,11.44,5.0,resolved
TKT0001618,CUS001811,2023-05-28,2023-05-28,Performance,Low,22.53,3.8,resolved
TKT0001619,CUS002060,2024-09-05,2024-09-05,Billing,High,6.93,3.8,resolved
TKT0001620,CUS003788,2023-09-25,2023-09-25,Integration,Low,8.92,3.8,resolved
TKT0001621,CUS001283,2024-07-17,2024-07-17,Performance,Critical,12.39,4.6,resolved
TKT0001622,CUS001398,2023-02-13,2023-02-14,Performance,Medium,26.82,3.4,resolved
TKT0001623,CUS000925,2024-08-07,2024-08-07,Billing,Medium,16.97,3.7,resolved
TKT0001624,CUS004752,2024-04-03,2024-04-03,Billing,Medium,9.84,5.0,resolved
TKT0001625,CUS000756,2023-06-21,2023-06-21,Billing,Medium,15.4,4.2,resolved
TKT0001626,CUS002635,2024-07-17,2024-07-18,Performance,Low,35.89,2.3,resolved
TKT0001627,CUS001805,2024-04-20,2024-04-25,Billing,High,143.37,1.0,resolved
TKT0001628,CUS002856,2024-04-19,2024-04-21,Account,High,49.76,3.1,resolved
TKT0001629,CUS000044,2023-05-14,2023-05-14,Integration,Medium,16.33,3.3,resolved
TKT0001630,CUS004296,2023-12-11,2023-12-11,Billing,Medium,5.82,4.0,resolved
TKT0001631,CUS002023,2023-11-30,2023-11-30,Performance,Low,12.04,5.0,resolved
TKT0001632,CUS001310,2023-05-29,2023-05-29,Integration,Medium,12.63,4.9,resolved
TKT0001633,CUS001571,2024-09-05,2024-09-05,Performance,Medium,2.48,5.0,resolved
TKT0001634,CUS004841,2024-03-19,2024-03-19,Account,Medium,7.01,5.0,resolved
TKT0001635,CUS001854,2024-08-04,2024-08-04,Integration,Critical,18.02,4.6,resolved
TKT0001636,CUS002366,2024-11-28,2024-11-28,Technical,High,3.88,5.0,resolved
TKT0001637,CUS004313,2024-02-10,2024-02-11,Integration,Medium,24.04,4.0,resolved
TKT0001638,CUS004975,2023-08-10,2023-08-10,Integration,Medium,7.45,5.0,resolved
TKT0001639,CUS004866,2024-07-16,2024-07-16,Technical,Medium,7.05,4.2,resolved
TKT0001640,CUS000679,2024-02-26,2024-02-26,Performance,High,15.06,4.1,resolved
TKT0001641,CUS002804,2023-02-19,2023-02-20,Performance,High,27.89,2.9,resolved
TKT0001642,CUS003007,2023-09-11,2023-09-11,Technical,Low,10.03,4.7,resolved
TKT0001643,CUS003915,2024-08-29,2024-08-30,Billing,High,24.56,,resolved
TKT0001644,CUS002434,2024-02-21,2024-02-21,Technical,Medium,12.89,4.8,resolved
TKT0001645,CUS002371,2024-08-03,2024-08-03,Technical,Low,5.19,,resolved
TKT0001646,CUS001808,2024-12-08,2024-12-08,Billing,Low,20.75,4.7,resolved
TKT0001647,CUS003652,2024-06-26,2024-06-26,Performance,High,23.63,3.4,resolved
TKT0001648,CUS003273,2023-08-13,2023-08-13,Performance,Medium,22.12,3.8,resolved
TKT0001649,CUS004919,2023-04-16,2023-04-16,Billing,Medium,7.84,5.0,resolved
TKT0001650,CUS002949,2023-06-06,2023-06-06,Technical,Medium,6.91,4.8,resolved
TKT0001651,CUS004598,2023-06-06,2023-06-06,Technical,Medium,14.05,4.2,resolved
TKT0001652,CUS004839,2023-11-17,2023-11-17,Technical,Critical,14.03,5.0,resolved
TKT0001653,CUS000185,2023-06-10,2023-06-11,Performance,Medium,26.82,3.9,resolved
TKT0001654,CUS000186,2024-06-23,2024-06-23,Integration,Medium,5.82,4.9,resolved
TKT0001655,CUS004908,2024-05-15,2024-05-15,Technical,Medium,6.13,4.7,resolved
TKT0001656,CUS003011,2023-03-16,2023-03-16,Technical,High,7.35,4.5,resolved
TKT0001657,CUS001419,2023-07-24,2023-07-24,Integration,Critical,20.4,4.1,resolved
TKT0001658,CUS002219,2023-03-14,2023-03-14,Performance,Low,17.54,3.7,resolved
TKT0001659,CUS002231,2023-04-07,2023-04-07,Billing,Medium,21.22,3.5,resolved
TKT0001660,CUS000526,2024-03-27,2024-03-27,Technical,Low,5.69,4.6,resolved
TKT0001661,CUS004556,2024-02-16,2024-02-16,Performance,Medium,5.5,5.0,resolved
TKT0001662,CUS001611,2023-06-13,2023-06-13,Performance,High,17.7,4.8,resolved
TKT0001663,CUS002757,2023-09-18,2023-09-18,Technical,High,15.1,3.2,resolved
TKT0001664,CUS004341,2024-11-02,2024-11-02,Performance,High,10.83,4.7,resolved
TKT0001665,CUS004448,2023-12-18,2023-12-18,Billing,Medium,8.01,4.6,resolved
TKT0001666,CUS000937,2024-08-16,2024-08-16,Billing,Low,11.43,5.0,resolved
TKT0001667,CUS000852,2024-06-18,2024-06-18,Billing,High,11.96,4.3,resolved
TKT0001668,CUS000695,2023-08-08,2023-08-08,Account,Medium,10.63,3.8,resolved
TKT0001669,CUS001170,2023-06-19,2023-06-19,Technical,Medium,15.89,4.8,resolved
TKT0001670,CUS001603,2024-11-02,2024-11-02,Technical,High,17.1,,resolved
TKT0001671,CUS003637,2024-10-24,2024-10-25,Account,Medium,37.87,,resolved
TKT0001672,CUS000768,2023-05-08,2023-05-08,Performance,Medium,10.98,4.8,resolved
TKT0001673,CUS001084,2024-06-09,2024-06-10,Billing,High,29.97,4.2,resolved
TKT0001674,CUS001896,2023-05-05,2023-05-05,Performance,Medium,4.74,5.0,resolved
TKT0001675,CUS000113,2024-08-21,2024-08-22,Billing,Low,30.97,3.8,resolved
TKT0001676,CUS001261,2023-01-18,2023-01-18,Account,High,10.8,4.1,resolved
TKT0001677,CUS002333,2023-10-29,2023-10-29,Integration,Medium,9.84,,resolved
TKT0001678,CUS002798,2023-09-18,2023-09-18,Performance,Medium,13.16,,resolved
TKT0001679,CUS003177,2024-03-04,2024-03-04,Technical,Critical,14.76,5.0,resolved
TKT0001680,CUS001970,2024-07-21,2024-07-23,Technical,High,54.83,2.5,resolved
TKT0001681,CUS002829,2024-07-27,2024-07-28,Integration,Low,39.32,1.8,resolved
TKT0001682,CUS004290,2023-09-23,2023-09-23,Account,Medium,18.42,2.9,resolved
TKT0001683,CUS003627,2023-02-04,2023-02-04,Billing,Medium,9.66,2.9,resolved
TKT0001684,CUS002890,2024-11-10,2024-11-11,Integration,High,29.04,3.9,resolved
TKT0001685,CUS003881,2023-09-25,2023-09-25,Billing,Low,13.67,4.2,resolved
TKT0001686,CUS001470,2024-11-14,2024-11-14,Integration,Low,5.49,4.6,resolved
TKT0001687,CUS004783,2023-03-25,2023-03-25,Performance,High,6.35,4.8,resolved
TKT0001688,CUS003446,2024-06-24,2024-06-25,Performance,High,28.69,3.3,resolved
TKT0001689,CUS003361,2024-08-08,2024-08-09,Billing,Low,34.9,2.9,resolved
TKT0001690,CUS003925,2023-05-23,2023-05-23,Account,Low,23.05,4.8,resolved
TKT0001691,CUS000020,2024-12-11,2024-12-11,Integration,High,19.13,4.6,resolved
TKT0001692,CUS000714,2023-02-28,2023-02-28,Account,High,6.19,5.0,resolved
TKT0001693,CUS002884,2024-10-22,2024-10-22,Technical,Medium,5.8,5.0,resolved
TKT0001694,CUS003053,2023-06-24,2023-06-24,Billing,Medium,6.26,5.0,resolved
TKT0001695,CUS004483,2024-11-02,2024-11-02,Account,Medium,4.22,4.3,resolved
TKT0001696,CUS002673,2023-08-19,2023-08-20,Account,Medium,44.45,3.1,resolved
TKT0001697,CUS001347,2023-10-02,2023-10-02,Account,Medium,7.43,3.6,resolved
TKT0001698,CUS002458,2024-03-10,2024-03-10,Account,Low,12.27,4.0,resolved
TKT0001699,CUS001585,2024-01-16,2024-01-16,Performance,Medium,7.4,5.0,resolved
TKT0001700,CUS003404,2024-10-11,2024-10-11,Integration,Low,3.56,4.6,resolved
TKT0001701,CUS003072,2023-10-12,2023-10-12,Billing,Medium,3.39,5.0,resolved
TKT0001702,CUS000950,2023-09-20,2023-09-21,Integration,Medium,47.21,3.6,resolved
TKT0001703,CUS001863,2023-09-25,2023-09-27,Integration,Medium,52.52,2.2,resolved
TKT0001704,CUS003387,2024-02-02,2024-02-03,Billing,Low,36.27,3.0,resolved
TKT0001705,CUS004717,2023-01-11,2023-01-11,Performance,Medium,23.86,3.7,resolved
TKT0001706,CUS001987,2024-01-26,2024-01-26,Technical,High,8.18,4.5,resolved
TKT0001707,CUS003609,2024-03-07,2024-03-07,Technical,Medium,23.39,3.6,resolved
TKT0001708,CUS002118,2023-10-09,2023-10-09,Account,Medium,10.57,4.5,resolved
TKT0001709,CUS001911,2024-08-17,2024-08-18,Technical,High,24.24,4.0,resolved
TKT0001710,CUS003171,2023-01-21,2023-01-21,Integration,High,20.87,3.8,resolved
TKT0001711,CUS004803,2023-10-18,2023-10-19,Account,Medium,28.15,3.4,resolved
TKT0001712,CUS001615,2023-08-20,2023-08-21,Billing,High,31.79,3.5,resolved
TKT0001713,CUS002233,2024-09-13,2024-09-13,Billing,Low,15.9,3.5,resolved
TKT0001714,CUS000267,2024-06-02,2024-06-02,Performance,Critical,20.13,3.9,resolved
TKT0001715,CUS003154,2023-11-23,2023-11-23,Technical,Low,8.78,,resolved
TKT0001716,CUS001883,2023-08-20,2023-08-20,Account,High,19.75,3.3,resolved
TKT0001717,CUS000602,2024-04-12,2024-04-13,Performance,Medium,43.13,3.1,resolved
TKT0001718,CUS003105,2024-06-18,2024-06-18,Integration,Medium,7.94,5.0,resolved
TKT0001719,CUS003402,2023-01-09,2023-01-09,Billing,Critical,10.78,5.0,resolved
TKT0001720,CUS000621,2024-12-22,2024-12-22,Account,High,2.77,5.0,resolved
TKT0001721,CUS003011,2024-03-29,2024-03-29,Performance,High,4.06,4.4,resolved
TKT0001722,CUS004212,2023-10-23,2023-10-23,Technical,Medium,10.96,4.5,resolved
TKT0001723,CUS002722,2023-08-04,2023-08-04,Billing,Medium,9.67,,resolved
TKT0001724,CUS003979,2024-04-11,2024-04-11,Technical,Medium,8.96,4.5,resolved
TKT0001725,CUS002470,2024-08-08,2024-08-08,Performance,High,15.85,3.4,resolved
TKT0001726,CUS001163,2024-09-16,2024-09-16,Performance,Low,8.34,4.6,resolved
TKT0001727,CUS000782,2023-01-02,2023-01-02,Technical,Low,5.11,5.0,resolved
TKT0001728,CUS001155,2024-03-24,2024-03-24,Performance,Medium,4.06,5.0,resolved
TKT0001729,CUS003212,2023-03-22,2023-03-22,Integration,High,3.76,5.0,resolved
TKT0001730,CUS001465,2023-07-07,2023-07-07,Integration,Medium,10.08,4.1,resolved
TKT0001731,CUS002749,2024-08-20,2024-08-20,Integration,Medium,6.63,5.0,resolved
TKT0001732,CUS004013,2023-04-04,2023-04-05,Billing,High,41.84,2.7,resolved
TKT0001733,CUS000495,2023-11-23,2023-11-23,Integration,Medium,11.71,4.3,resolved
TKT0001734,CUS000589,2023-01-12,2023-01-12,Integration,Low,5.6,5.0,resolved
TKT0001735,CUS003683,2023-07-16,2023-07-17,Integration,Low,29.25,3.3,resolved
TKT0001736,CUS000146,2024-01-30,2024-01-30,Technical,Medium,17.32,4.0,resolved
TKT0001737,CUS001035,2023-01-14,2023-01-14,Performance,High,8.05,5.0,resolved
TKT0001738,CUS002170,2024-10-27,2024-10-27,Account,Medium,23.3,,resolved
TKT0001739,CUS004840,2023-09-20,2023-09-20,Billing,Medium,20.06,3.9,resolved
TKT0001740,CUS002631,2023-02-14,2023-02-14,Billing,Medium,8.7,,resolved
TKT0001741,CUS000721,2024-08-03,2024-08-03,Integration,Medium,10.25,5.0,resolved
TKT0001742,CUS002934,2023-01-26,2023-01-26,Integration,Medium,8.49,4.1,resolved
TKT0001743,CUS001888,2024-01-23,2024-01-23,Integration,High,14.79,3.7,resolved
TKT0001744,CUS000288,2023-08-17,2023-08-17,Account,Critical,2.54,,resolved
TKT0001745,CUS002530,2023-03-27,2023-03-27,Performance,High,18.98,2.0,resolved
TKT0001746,CUS003185,2023-09-08,2023-09-08,Performance,Medium,4.34,5.0,resolved
TKT0001747,CUS004803,2023-09-30,2023-09-30,Technical,Medium,11.65,5.0,resolved
TKT0001748,CUS003627,2023-09-24,2023-09-25,Integration,High,38.81,2.3,resolved
TKT0001749,CUS003902,2023-09-10,2023-09-10,Technical,Medium,8.66,3.8,resolved
TKT0001750,CUS004563,2023-04-04,2023-04-04,Integration,Medium,13.27,4.4,resolved
TKT0001751,CUS001621,2023-03-19,2023-03-19,Performance,Low,13.89,4.6,resolved
TKT0001752,CUS002841,2024-12-08,2024-12-08,Performance,High,13.41,5.0,resolved
TKT0001753,CUS004857,2023-09-27,2023-09-27,Technical,Medium,8.25,4.4,resolved
TKT0001754,CUS002777,2024-12-11,2024-12-11,Billing,Medium,14.17,4.5,resolved
TKT0001755,CUS000658,2023-04-12,2023-04-12,Billing,Low,10.3,4.3,resolved
TKT0001756,CUS004790,2024-06-23,2024-06-23,Billing,Medium,7.85,4.6,resolved
TKT0001757,CUS001772,2024-06-04,2024-06-04,Billing,Medium,11.24,5.0,resolved
TKT0001758,CUS001262,2024-02-04,2024-02-04,Billing,Medium,9.71,5.0,resolved
TKT0001759,CUS003159,2023-06-15,2023-06-15,Account,High,14.85,4.8,resolved
TKT0001760,CUS001770,2023-06-17,2023-06-17,Integration,Medium,14.99,3.5,resolved
TKT0001761,CUS002068,2023-07-30,2023-07-30,Integration,Medium,12.04,5.0,resolved
TKT0001762,CUS001077,2024-05-24,2024-05-24,Account,High,10.74,4.6,resolved
TKT0001763,CUS000187,2023-04-21,2023-04-21,Performance,Medium,9.89,4.8,resolved
TKT0001764,CUS000363,2023-05-12,2023-05-12,Technical,Medium,13.13,4.3,resolved
TKT0001765,CUS001385,2024-08-03,2024-08-03,Account,Medium,5.87,4.5,resolved
TKT0001766,CUS002124,2023-01-04,2023-01-04,Performance,Low,10.96,4.9,resolved
TKT0001767,CUS004128,2024-11-10,2024-11-10,Account,High,18.58,3.8,resolved
TKT0001768,CUS001069,2024-08-04,2024-08-04,Account,High,18.8,3.9,resolved
TKT0001769,CUS003273,2023-05-22,2023-05-22,Billing,Low,9.53,4.7,resolved
TKT0001770,CUS004631,2023-05-07,2023-05-07,Integration,Medium,9.44,,resolved
TKT0001771,CUS002040,2024-01-21,2024-01-21,Account,Medium,23.58,2.9,resolved
TKT0001772,CUS004894,2023-11-14,2023-11-14,Performance,Low,9.73,4.9,resolved
TKT0001773,CUS003194,2024-10-27,2024-10-27,Technical,Low,7.13,4.5,resolved
TKT0001774,CUS004785,2023-08-25,2023-08-25,Technical,Low,5.65,5.0,resolved
TKT0001775,CUS001477,2024-11-20,2024-11-20,Account,Low,6.15,5.0,resolved
TKT0001776,CUS003277,2024-02-20,2024-02-20,Integration,Medium,6.28,4.3,resolved
TKT0001777,CUS000798,2023-04-12,2023-04-12,Performance,Medium,12.6,4.4,resolved
TKT0001778,CUS004573,2023-10-20,2023-10-20,Performance,Medium,7.31,4.5,resolved
TKT0001779,CUS001694,2024-03-14,2024-03-14,Integration,Critical,8.09,4.4,resolved
TKT0001780,CUS000797,2023-07-29,2023-07-30,Billing,Low,37.28,2.3,resolved
TKT0001781,CUS002657,2024-01-05,2024-01-05,Billing,High,14.47,4.4,resolved
TKT0001782,CUS000843,2024-04-21,2024-04-21,Technical,Critical,10.65,,resolved
TKT0001783,CUS001404,2023-10-27,2023-10-27,Integration,High,16.58,5.0,resolved
TKT0001784,CUS001916,2024-08-10,2024-08-10,Technical,Medium,4.13,5.0,resolved
TKT0001785,CUS000744,2024-08-18,2024-08-18,Billing,Medium,4.71,4.1,resolved
TKT0001786,CUS000199,2024-12-07,2024-12-07,Account,Medium,10.63,4.8,resolved
TKT0001787,CUS001881,2023-01-19,2023-01-19,Integration,High,1.33,5.0,resolved
TKT0001788,CUS001036,2023-04-24,2023-04-25,Integration,Low,36.97,2.4,resolved
TKT0001789,CUS003360,2024-09-07,2024-09-07,Billing,Medium,13.27,4.4,resolved
TKT0001790,CUS000002,2024-09-07,2024-09-07,Integration,Medium,9.74,4.8,resolved
TKT0001791,CUS003243,2023-06-21,2023-06-21,Integration,Medium,14.05,5.0,resolved
TKT0001792,CUS002732,2024-12-20,2024-12-20,Integration,Medium,15.72,3.6,resolved
TKT0001793,CUS002627,2023-04-16,2023-04-16,Billing,Medium,12.85,4.7,resolved
TKT0001794,CUS002548,2024-10-28,2024-10-28,Performance,Medium,17.4,3.4,resolved
TKT0001795,CUS002726,2024-04-05,2024-04-06,Billing,Low,46.39,2.4,resolved
TKT0001796,CUS002542,2024-11-02,2024-11-03,Billing,Medium,30.8,2.8,resolved
TKT0001797,CUS002247,2024-11-19,2024-11-19,Billing,Medium,6.23,,resolved
TKT0001798,CUS001705,2023-04-20,2023-04-20,Performance,Low,4.83,5.0,resolved
TKT0001799,CUS001828,2024-01-15,2024-01-15,Performance,Medium,4.82,5.0,resolved
TKT0001800,CUS000488,2023-09-26,2023-09-26,Integration,Medium,19.65,3.7,resolved
TKT0001801,CUS001980,2024-12-05,2024-12-05,Performance,Medium,3.35,4.4,resolved
TKT0001802,CUS002463,2024-12-04,2024-12-04,Performance,Critical,4.39,4.9,resolved
TKT0001803,CUS003815,2024-03-24,2024-03-24,Integration,High,14.52,5.0,resolved
TKT0001804,CUS002202,2023-07-18,2023-07-18,Technical,High,7.74,5.0,resolved
TKT0001805,CUS003850,2024-03-11,2024-03-11,Billing,Low,15.78,5.0,resolved
TKT0001806,CUS003895,2024-03-10,2024-03-11,Account,Critical,28.19,,resolved
TKT0001807,CUS001641,2023-05-16,2023-05-16,Account,High,19.56,4.1,resolved
TKT0001808,CUS002490,2024-05-22,2024-05-23,Billing,Medium,26.05,4.2,resolved
TKT0001809,CUS001635,2023-04-19,2023-04-19,Performance,High,5.44,4.8,resolved
TKT0001810,CUS000360,2023-02-21,2023-02-21,Integration,High,9.25,,resolved
TKT0001811,CUS004269,2024-04-05,2024-04-05,Account,High,21.47,3.3,resolved
TKT0001812,CUS004100,2024-08-19,2024-08-19,Account,Medium,8.79,,resolved
TKT0001813,CUS000427,2023-02-15,2023-02-15,Billing,Medium,5.83,5.0,resolved
TKT0001814,CUS003274,2024-03-18,2024-03-18,Technical,Medium,10.87,4.2,resolved
TKT0001815,CUS004218,2024-12-12,2024-12-12,Billing,High,8.49,5.0,resolved
TKT0001816,CUS000197,2024-12-05,2024-12-05,Technical,High,5.79,3.8,resolved
TKT0001817,CUS001961,2023-07-23,2023-07-23,Integration,Medium,4.71,4.9,resolved
TKT0001818,CUS001220,2024-12-19,2024-12-20,Billing,Medium,28.04,2.9,resolved
TKT0001819,CUS002389,2023-12-05,2023-12-05,Integration,High,10.86,,resolved
TKT0001820,CUS000779,2023-03-21,2023-03-22,Performance,Medium,32.46,,resolved
TKT0001821,CUS000164,2023-05-14,2023-05-14,Technical,Low,15.63,4.1,resolved
TKT0001822,CUS000100,2024-01-10,2024-01-10,Performance,Low,10.83,5.0,resolved
TKT0001823,CUS004738,2023-11-26,2023-11-26,Technical,Medium,18.04,4.4,resolved
TKT0001824,CUS000334,2023-03-31,2023-03-31,Integration,Low,8.49,4.8,resolved
TKT0001825,CUS001090,2023-06-18,2023-06-18,Billing,Critical,10.14,4.4,resolved
TKT0001826,CUS003135,2024-04-20,2024-04-22,Account,High,50.87,,resolved
TKT0001827,CUS003198,2024-09-04,2024-09-04,Account,Medium,4.62,4.4,resolved
TKT0001828,CUS000484,2023-10-23,2023-10-23,Account,Medium,9.06,5.0,resolved
TKT0001829,CUS002744,2023-02-16,2023-02-16,Technical,Medium,17.11,3.7,resolved
TKT0001830,CUS002308,2024-01-19,2024-01-19,Technical,Low,15.31,4.1,resolved
TKT0001831,CUS001121,2023-11-01,2023-11-01,Account,Low,7.87,4.5,resolved
TKT0001832,CUS004019,2024-02-22,2024-02-22,Billing,Low,8.96,5.0,resolved
TKT0001833,CUS004829,2024-07-15,2024-07-15,Performance,Medium,16.52,4.3,resolved
TKT0001834,CUS001476,2024-06-14,2024-06-14,Performance,Low,6.15,5.0,resolved
TKT0001835,CUS001030,2024-10-08,2024-10-08,Performance,Low,20.41,3.5,resolved
TKT0001836,CUS001834,2024-08-01,2024-08-01,Performance,High,6.0,4.3,resolved
TKT0001837,CUS004414,2024-12-08,2024-12-08,Billing,Medium,19.59,3.4,resolved
TKT0001838,CUS003828,2023-11-10,2023-11-11,Billing,Medium,36.59,3.1,resolved
TKT0001839,CUS003758,2023-02-11,2023-02-11,Integration,Medium,13.51,3.3,resolved
TKT0001840,CUS004517,2024-02-02,2024-02-02,Performance,Critical,18.94,4.6,resolved
TKT0001841,CUS001163,2023-04-07,2023-04-07,Integration,Low,8.13,5.0,resolved
TKT0001842,CUS004310,2023-03-21,2023-03-21,Technical,Medium,6.51,4.0,resolved
TKT0001843,CUS004590,2023-07-01,2023-07-01,Integration,Medium,12.98,4.3,resolved
TKT0001844,CUS003479,2023-04-08,2023-04-08,Account,Medium,17.58,4.9,resolved
TKT0001845,CUS002042,2024-11-29,2024-11-29,Performance,Low,5.62,4.8,resolved
TKT0001846,CUS004540,2024-02-15,2024-02-15,Billing,Low,5.73,4.0,resolved
TKT0001847,CUS000176,2024-12-09,2024-12-09,Performance,Medium,11.61,5.0,resolved
TKT0001848,CUS001424,2024-02-23,2024-02-24,Account,Low,28.37,4.2,resolved
TKT0001849,CUS000484,2024-02-25,2024-02-25,Integration,Medium,10.11,5.0,resolved
TKT0001850,CUS001927,2023-02-25,2023-02-26,Billing,Medium,37.74,2.4,resolved
TKT0001851,CUS003706,2024-06-20,2024-06-20,Integration,High,20.3,5.0,resolved
TKT0001852,CUS002016,2023-12-19,2023-12-19,Performance,Medium,17.88,4.4,resolved
TKT0001853,CUS002807,2023-12-09,2023-12-09,Technical,High,9.31,4.6,resolved
TKT0001854,CUS002078,2024-11-17,2024-11-17,Technical,Medium,6.87,5.0,resolved
TKT0001855,CUS000161,2024-10-23,2024-10-23,Technical,High,11.24,5.0,resolved
TKT0001856,CUS000318,2024-01-26,2024-01-26,Account,Low,5.04,5.0,resolved
TKT0001857,CUS000220,2023-03-21,2023-03-22,Technical,Medium,28.63,3.0,resolved
TKT0001858,CUS004043,2024-07-17,2024-07-17,Technical,High,8.07,4.5,resolved
TKT0001859,CUS000418,2024-08-09,2024-08-09,Billing,Medium,9.39,4.1,resolved
TKT0001860,CUS001672,2023-02-25,2023-02-25,Integration,High,9.18,3.6,resolved
TKT0001861,CUS002798,2023-12-16,2023-12-16,Billing,Medium,10.53,4.7,resolved
TKT0001862,CUS002686,2023-07-22,2023-07-22,Integration,Medium,12.18,5.0,resolved
TKT0001863,CUS003086,2023-11-29,2023-11-29,Performance,Medium,21.57,3.5,resolved
TKT0001864,CUS002637,2024-08-10,2024-08-10,Account,High,5.1,,resolved
TKT0001865,CUS002475,2024-02-20,2024-02-20,Billing,High,8.63,4.3,resolved
TKT0001866,CUS003354,2023-05-21,2023-05-21,Integration,High,6.05,5.0,resolved
TKT0001867,CUS001465,2023-12-14,2023-12-14,Technical,Medium,17.74,3.8,resolved
TKT0001868,CUS002297,2024-05-09,2024-05-09,Account,Medium,13.48,,resolved
TKT0001869,CUS002169,2024-09-16,2024-09-16,Billing,Medium,6.62,4.8,resolved
TKT0001870,CUS001783,2023-04-02,2023-04-02,Technical,High,2.45,4.7,resolved
TKT0001871,CUS004983,2023-06-25,2023-06-25,Account,High,3.81,4.2,resolved
TKT0001872,CUS004517,2023-07-23,2023-07-23,Account,Medium,7.97,4.7,resolved
TKT0001873,CUS003380,2023-04-03,2023-04-03,Performance,High,20.69,4.1,resolved
TKT0001874,CUS003699,2023-10-16,2023-10-16,Technical,Low,10.96,4.3,resolved
TKT0001875,CUS004357,2024-04-12,2024-04-12,Account,Low,10.23,4.5,resolved
TKT0001876,CUS001804,2024-03-21,2024-03-21,Billing,Medium,7.28,3.6,resolved
TKT0001877,CUS002660,2024-07-03,2024-07-03,Technical,Medium,21.6,3.3,resolved
TKT0001878,CUS001777,2023-08-30,2023-08-30,Performance,Medium,7.72,4.9,resolved
TKT0001879,CUS004460,2023-12-29,2023-12-29,Billing,Medium,6.91,5.0,resolved
TKT0001880,CUS003053,2024-11-04,2024-11-05,Integration,Medium,24.44,3.3,resolved
TKT0001881,CUS002822,2024-04-21,2024-04-21,Performance,Medium,12.85,5.0,resolved
TKT0001882,CUS002274,2023-11-13,2023-11-13,Performance,Low,8.69,4.5,resolved
TKT0001883,CUS002880,2023-12-18,2023-12-18,Performance,High,19.01,3.6,resolved
TKT0001884,CUS001455,2023-07-12,2023-07-12,Billing,Medium,6.91,4.9,resolved
TKT0001885,CUS002583,2024-08-31,2024-09-01,Account,Low,34.19,3.5,resolved
TKT0001886,CUS001030,2023-10-14,2023-10-14,Integration,Medium,11.2,4.6,resolved
TKT0001887,CUS001207,2024-06-03,2024-06-05,Account,Low,50.62,2.3,resolved
TKT0001888,CUS000906,2024-02-21,2024-02-21,Performance,Medium,12.04,4.8,resolved
TKT0001889,CUS000985,2024-12-02,2024-12-02,Technical,Medium,8.89,5.0,resolved
TKT0001890,CUS002396,2023-08-08,2023-08-09,Technical,Medium,27.41,3.0,resolved
TKT0001891,CUS000291,2024-03-18,2024-03-19,Billing,Medium,27.52,3.1,resolved
TKT0001892,CUS001668,2024-06-03,2024-06-03,Technical,Medium,3.53,5.0,resolved
TKT0001893,CUS002408,2024-05-08,2024-05-08,Billing,Medium,12.95,,resolved
TKT0001894,CUS000756,2024-11-03,2024-11-04,Billing,High,27.93,2.4,resolved
TKT0001895,CUS001787,2024-01-24,2024-01-24,Billing,Medium,3.95,5.0,resolved
TKT0001896,CUS002744,2023-11-02,2023-11-02,Performance,Medium,10.3,5.0,resolved
TKT0001897,CUS004531,2024-02-02,2024-02-02,Account,High,20.23,4.2,resolved
TKT0001898,CUS001617,2023-08-06,2023-08-06,Performance,Medium,12.7,4.8,resolved
TKT0001899,CUS000023,2023-02-27,2023-02-27,Technical,Low,12.41,4.5,resolved
TKT0001900,CUS003375,2024-10-17,2024-10-17,Technical,High,16.25,4.4,resolved
TKT0001901,CUS004794,2023-11-23,2023-11-25,Integration,Medium,66.38,1.9,resolved
TKT0001902,CUS004941,2024-06-17,2024-06-17,Integration,Medium,9.65,4.1,resolved
TKT0001903,CUS002327,2023-06-23,2023-06-23,Integration,Medium,4.89,4.0,resolved
TKT0001904,CUS000882,2023-05-12,2023-05-13,Performance,Medium,30.45,3.9,resolved
TKT0001905,CUS003371,2024-12-08,2024-12-08,Account,Medium,19.59,4.1,resolved
TKT0001906,CUS004030,2023-05-14,2023-05-14,Integration,Low,8.76,5.0,resolved
TKT0001907,CUS002797,2024-10-17,2024-10-17,Technical,Medium,10.86,,resolved
TKT0001908,CUS001763,2024-04-09,2024-04-10,Billing,Low,29.22,4.1,resolved
TKT0001909,CUS001678,2023-10-27,2023-10-28,Technical,High,29.25,,resolved
TKT0001910,CUS002219,2023-09-20,2023-09-21,Integration,Critical,30.5,3.6,resolved
TKT0001911,CUS001022,2023-03-21,2023-03-21,Account,High,6.31,5.0,resolved
TKT0001912,CUS002134,2023-09-09,2023-09-09,Performance,High,8.89,4.7,resolved
TKT0001913,CUS004112,2023-10-09,2023-10-11,Account,Low,57.84,2.0,resolved
TKT0001914,CUS002790,2023-03-27,2023-03-27,Account,Medium,15.72,,resolved
TKT0001915,CUS001281,2024-12-27,2024-12-28,Account,Medium,29.54,3.6,resolved
TKT0001916,CUS003498,2024-10-28,2024-10-28,Account,Medium,11.85,3.7,resolved
TKT0001917,CUS001756,2023-02-19,2023-02-19,Technical,Medium,12.62,3.9,resolved
TKT0001918,CUS000939,2024-03-14,2024-03-14,Performance,Low,5.82,4.8,resolved
TKT0001919,CUS000245,2024-10-20,2024-10-20,Technical,Medium,8.11,4.7,resolved
TKT0001920,CUS004326,2023-02-28,2023-02-28,Integration,High,22.39,3.9,resolved
TKT0001921,CUS002827,2023-03-19,2023-03-19,Integration,Low,11.21,3.8,resolved
TKT0001922,CUS000145,2023-07-23,2023-07-23,Integration,High,7.03,5.0,resolved
TKT0001923,CUS002481,2024-02-12,2024-02-12,Performance,Medium,9.42,4.8,resolved
TKT0001924,CUS001429,2024-02-26,2024-02-27,Performance,High,44.72,2.9,resolved
TKT0001925,CUS001312,2024-09-26,2024-09-26,Billing,Medium,6.22,4.8,resolved
TKT0001926,CUS004623,2024-10-22,2024-10-22,Integration,Medium,12.36,3.8,resolved
TKT0001927,CUS004783,2024-03-27,2024-03-27,Account,High,18.24,3.1,resolved
TKT0001928,CUS003694,2023-02-10,2023-02-10,Account,Medium,14.28,4.4,resolved
TKT0001929,CUS001242,2023-05-08,2023-05-08,Technical,Low,2.4,4.6,resolved
TKT0001930,CUS000497,2024-07-24,2024-07-24,Account,High,4.89,4.5,resolved
TKT0001931,CUS000269,2024-12-28,2024-12-28,Billing,Medium,5.82,5.0,resolved
TKT0001932,CUS000237,2023-03-18,2023-03-18,Billing,Medium,4.33,4.8,resolved
TKT0001933,CUS004865,2024-09-21,2024-09-22,Technical,Medium,41.9,3.3,resolved
TKT0001934,CUS000875,2023-10-21,2023-10-22,Performance,Medium,28.4,3.2,resolved
TKT0001935,CUS003653,2023-04-21,2023-04-21,Billing,High,22.62,3.7,resolved
TKT0001936,CUS001576,2024-06-19,2024-06-19,Account,High,9.92,,resolved
TKT0001937,CUS003823,2024-01-14,2024-01-14,Integration,Medium,9.05,3.5,resolved
TKT0001938,CUS004079,2023-06-06,2023-06-06,Account,Medium,19.78,3.6,resolved
TKT0001939,CUS001322,2024-04-19,2024-04-19,Technical,Low,3.5,5.0,resolved
TKT0001940,CUS001695,2023-05-01,2023-05-02,Technical,High,32.85,2.9,resolved
TKT0001941,CUS002484,2024-03-07,2024-03-07,Integration,Medium,21.44,4.1,resolved
TKT0001942,CUS000256,2024-07-28,2024-07-28,Integration,Medium,13.58,3.9,resolved
TKT0001943,CUS000115,2023-09-16,2023-09-16,Billing,Medium,7.13,4.3,resolved
TKT0001944,CUS004073,2023-04-23,2023-04-23,Integration,Medium,4.61,5.0,resolved
TKT0001945,CUS002296,2024-08-20,2024-08-21,Performance,Low,26.24,2.9,resolved
TKT0001946,CUS002501,2023-03-28,2023-03-29,Technical,High,44.46,3.2,resolved
TKT0001947,CUS003051,2023-07-23,2023-07-23,Billing,Medium,13.19,,resolved
TKT0001948,CUS001653,2023-01-31,2023-01-31,Technical,High,15.62,4.7,resolved
TKT0001949,CUS003812,2023-08-10,2023-08-10,Integration,Medium,15.88,2.9,resolved
TKT0001950,CUS000110,2023-02-07,2023-02-07,Performance,Low,11.71,4.5,resolved
TKT0001951,CUS000643,2024-02-04,2024-02-04,Account,High,14.32,,resolved
TKT0001952,CUS004641,2023-04-01,2023-04-02,Technical,Medium,44.76,,resolved
TKT0001953,CUS004378,2023-02-16,2023-02-16,Account,High,14.96,5.0,resolved
TKT0001954,CUS000381,2024-08-13,2024-08-13,Integration,High,11.43,2.9,resolved
TKT0001955,CUS002784,2023-02-27,2023-02-27,Technical,Medium,6.4,5.0,resolved
TKT0001956,CUS003664,2023-10-05,2023-10-05,Account,High,17.54,,resolved
TKT0001957,CUS001291,2024-12-07,2024-12-07,Billing,Medium,11.07,4.7,resolved
TKT0001958,CUS000080,2023-10-30,2023-10-30,Account,Low,11.18,,resolved
TKT0001959,CUS003300,2023-11-14,2023-11-14,Integration,Medium,14.84,3.5,resolved
TKT0001960,CUS003872,2024-05-16,2024-05-16,Integration,Medium,10.67,5.0,resolved
TKT0001961,CUS003659,2024-02-17,2024-02-17,Account,Low,13.33,3.7,resolved
TKT0001962,CUS000852,2024-08-08,2024-08-08,Technical,High,11.84,4.7,resolved
TKT0001963,CUS002850,2024-12-25,2024-12-25,Performance,Medium,8.44,4.0,resolved
TKT0001964,CUS001142,2024-03-08,2024-03-08,Account,Critical,18.18,5.0,resolved
TKT0001965,CUS003082,2024-12-14,2024-12-14,Integration,Medium,3.48,,resolved
TKT0001966,CUS002420,2023-03-31,2023-03-31,Technical,Low,15.11,4.1,resolved
TKT0001967,CUS002867,2024-07-17,2024-07-17,Technical,Medium,5.57,5.0,resolved
TKT0001968,CUS001580,2024-01-25,2024-01-25,Account,High,21.4,4.1,resolved
TKT0001969,CUS002644,2024-03-04,2024-03-04,Integration,Medium,3.37,4.8,resolved
TKT0001970,CUS002586,2024-08-24,2024-08-24,Integration,Low,12.45,3.8,resolved
TKT0001971,CUS000863,2023-07-01,2023-07-01,Technical,High,22.19,3.4,resolved
TKT0001972,CUS000093,2024-02-26,2024-02-26,Account,High,9.63,5.0,resolved
TKT0001973,CUS003297,2023-05-13,2023-05-13,Performance,Low,11.13,4.0,resolved
TKT0001974,CUS001218,2024-08-15,2024-08-15,Performance,High,20.71,4.5,resolved
TKT0001975,CUS002666,2023-03-29,2023-03-29,Account,Low,7.65,4.5,resolved
TKT0001976,CUS000087,2023-05-19,2023-05-19,Account,High,18.41,5.0,resolved
TKT0001977,CUS001343,2023-10-01,2023-10-01,Account,Medium,7.1,4.3,resolved
TKT0001978,CUS000200,2024-01-16,2024-01-17,Technical,Medium,27.82,2.5,resolved
TKT0001979,CUS001476,2023-07-13,2023-07-13,Billing,Medium,12.09,3.7,resolved
TKT0001980,CUS003647,2024-02-05,2024-02-05,Integration,Medium,17.36,4.5,resolved
TKT0001981,CUS003141,2024-09-09,2024-09-09,Billing,High,8.69,4.6,resolved
TKT0001982,CUS000825,2023-04-01,2023-04-01,Account,Low,10.08,4.6,resolved
TKT0001983,CUS000608,2024-11-03,2024-11-03,Integration,High,11.51,5.0,resolved
TKT0001984,CUS000594,2024-05-13,2024-05-13,Billing,Medium,23.13,3.1,resolved
TKT0001985,CUS004241,2024-03-18,2024-03-18,Account,Medium,10.11,4.2,resolved
TKT0001986,CUS001428,2024-03-04,2024-03-04,Performance,Medium,11.22,4.2,resolved
TKT0001987,CUS004974,2024-04-22,2024-04-22,Technical,Critical,12.12,,resolved
TKT0001988,CUS002787,2023-10-07,2023-10-07,Technical,High,5.05,4.3,resolved
TKT0001989,CUS004994,2024-01-27,2024-01-27,Account,High,13.23,4.1,resolved
TKT0001990,CUS001202,2023-02-02,2023-02-02,Technical,Medium,10.39,4.2,resolved
TKT0001991,CUS004739,2023-03-22,2023-03-22,Technical,High,2.62,4.0,resolved
TKT0001992,CUS004616,2024-02-03,2024-02-03,Integration,Medium,11.82,4.2,resolved
TKT0001993,CUS000859,2024-09-18,2024-09-19,Integration,High,30.05,3.8,resolved
TKT0001994,CUS004930,2023-01-04,2023-01-04,Billing,Low,9.87,3.9,resolved
TKT0001995,CUS001757,2023-01-29,2023-01-29,Billing,High,11.72,3.5,resolved
TKT0001996,CUS000747,2023-12-29,2023-12-29,Performance,Low,6.73,4.5,resolved
TKT0001997,CUS001838,2024-05-08,2024-05-09,Technical,Medium,45.67,2.2,resolved
TKT0001998,CUS000409,2024-09-02,2024-09-03,Integration,Low,42.16,1.6,resolved
TKT0001999,CUS003002,2023-05-02,2023-05-04,Billing,High,50.71,1.1,resolved
TKT0002000,CUS003012,2024-11-09,2024-11-10,Account,Low,38.53,3.6,resolved
TKT0002001,CUS001671,2024-07-24,2024-07-24,Performance,Medium,6.07,4.3,resolved
TKT0002002,CUS001578,2024-05-22,2024-05-22,Account,Low,4.77,5.0,resolved
TKT0002003,CUS000177,2024-04-20,2024-04-22,Integration,High,60.88,2.2,resolved
TKT0002004,CUS003330,2024-12-23,2024-12-23,Technical,High,9.49,,resolved
TKT0002005,CUS001254,2023-06-30,2023-06-30,Account,Medium,6.27,5.0,resolved
TKT0002006,CUS002379,2024-11-09,2024-11-09,Technical,High,13.98,4.0,resolved
TKT0002007,CUS002541,2024-07-22,2024-07-22,Performance,Low,8.65,,resolved
TKT0002008,CUS003934,2024-07-15,2024-07-15,Technical,Medium,12.35,3.1,resolved
TKT0002009,CUS003171,2024-07-27,2024-07-27,Integration,Medium,10.37,5.0,resolved
TKT0002010,CUS004854,2023-01-07,2023-01-08,Integration,Medium,30.33,4.7,resolved
TKT0002011,CUS003168,2024-01-01,2024-01-01,Account,Medium,6.1,,resolved
TKT0002012,CUS001797,2024-04-10,2024-04-10,Integration,Low,5.03,4.7,resolved
TKT0002013,CUS004343,2024-02-06,2024-02-06,Performance,Low,5.86,4.9,resolved
TKT0002014,CUS002588,2024-11-19,2024-11-19,Performance,Medium,12.92,4.2,resolved
TKT0002015,CUS000941,2023-03-19,2023-03-19,Technical,Medium,7.15,,resolved
TKT0002016,CUS002839,2024-11-10,2024-11-10,Account,Low,18.09,,resolved
TKT0002017,CUS000615,2023-11-09,2023-11-09,Integration,Medium,10.28,4.2,resolved
TKT0002018,CUS001735,2023-11-28,2023-11-28,Billing,Medium,15.34,5.0,resolved
TKT0002019,CUS000148,2024-04-27,2024-04-27,Performance,Low,5.84,4.9,resolved
TKT0002020,CUS000391,2024-08-12,2024-08-12,Account,High,15.63,2.6,resolved
TKT0002021,CUS001093,2023-02-20,2023-02-20,Technical,Medium,10.3,4.2,resolved
TKT0002022,CUS003117,2024-06-21,2024-06-21,Technical,Critical,10.47,4.3,resolved
TKT0002023,CUS002475,2023-09-20,2023-09-20,Performance,Critical,12.71,5.0,resolved
TKT0002024,CUS002176,2024-04-27,2024-04-27,Billing,Low,13.44,5.0,resolved
TKT0002025,CUS002874,2023-11-26,2023-11-26,Technical,High,6.04,4.9,resolved
TKT0002026,CUS000981,2023-05-07,2023-05-07,Integration,Medium,7.94,4.0,resolved
TKT0002027,CUS003414,2024-06-03,2024-06-03,Billing,Medium,9.7,4.8,resolved
TKT0002028,CUS002737,2024-06-12,2024-06-12,Billing,Critical,4.69,4.3,resolved
TKT0002029,CUS000703,2023-09-28,2023-09-28,Performance,Critical,2.91,5.0,resolved
TKT0002030,CUS002783,2023-03-26,2023-03-26,Billing,Medium,9.98,,resolved
TKT0002031,CUS000569,2024-11-07,2024-11-07,Technical,Medium,5.64,4.4,resolved
TKT0002032,CUS003374,2023-08-28,2023-08-28,Integration,Medium,3.62,5.0,resolved
TKT0002033,CUS001134,2024-08-10,2024-08-10,Technical,Medium,10.29,5.0,resolved
TKT0002034,CUS000239,2023-09-14,2023-09-14,Integration,Medium,12.23,4.8,resolved
TKT0002035,CUS000940,2024-01-02,2024-01-02,Integration,Medium,22.06,2.9,resolved
TKT0002036,CUS002425,2024-09-03,2024-09-03,Performance,Medium,9.02,4.6,resolved
TKT0002037,CUS003559,2024-06-04,2024-06-05,Performance,Medium,45.42,1.0,resolved
TKT0002038,CUS001862,2024-04-20,2024-04-21,Performance,High,26.19,3.9,resolved
TKT0002039,CUS001840,2023-08-16,2023-08-16,Performance,Medium,4.92,5.0,resolved
TKT0002040,CUS002208,2023-03-23,2023-03-23,Integration,Medium,11.92,4.8,resolved
TKT0002041,CUS004324,2023-12-27,2023-12-27,Technical,High,2.79,5.0,resolved
TKT0002042,CUS003999,2023-10-16,2023-10-17,Integration,High,24.19,4.0,resolved
TKT0002043,CUS004634,2024-02-22,2024-02-22,Integration,High,7.75,5.0,resolved
TKT0002044,CUS003926,2023-12-28,2023-12-30,Integration,Low,66.59,1.0,resolved
TKT0002045,CUS002241,2023-07-27,2023-07-27,Technical,Medium,7.89,4.3,resolved
TKT0002046,CUS002877,2023-02-16,2023-02-16,Performance,Medium,9.23,4.7,resolved
TKT0002047,CUS002770,2024-09-10,2024-09-10,Integration,Low,14.9,5.0,resolved
TKT0002048,CUS004941,2023-03-01,2023-03-03,Technical,Low,51.9,2.6,resolved
TKT0002049,CUS003687,2024-02-08,2024-02-09,Performance,Medium,34.71,3.7,resolved
TKT0002050,CUS002679,2024-02-13,2024-02-13,Account,Medium,10.48,4.4,resolved
TKT0002051,CUS003233,2023-12-04,2023-12-04,Billing,Medium,9.92,,resolved
TKT0002052,CUS004790,2023-03-11,2023-03-11,Billing,High,7.23,4.7,resolved
TKT0002053,CUS000957,2023-08-19,2023-08-21,Account,High,54.79,1.3,resolved
TKT0002054,CUS004709,2023-12-08,2023-12-08,Technical,High,15.87,4.5,resolved
TKT0002055,CUS001771,2024-10-11,2024-10-11,Billing,Low,7.12,4.6,resolved
TKT0002056,CUS001751,2024-12-08,2024-12-08,Performance,High,18.76,4.7,resolved
TKT0002057,CUS001127,2023-08-14,2023-08-14,Technical,Critical,15.84,3.3,resolved
TKT0002058,CUS001780,2024-05-08,2024-05-08,Technical,Medium,6.83,4.5,resolved
TKT0002059,CUS002541,2023-04-01,2023-04-01,Performance,Medium,12.47,3.3,resolved
TKT0002060,CUS000859,2023-12-11,2023-12-11,Technical,Medium,5.06,5.0,resolved
TKT0002061,CUS000849,2023-03-05,2023-03-05,Technical,Low,21.32,,resolved
TKT0002062,CUS001443,2023-11-04,2023-11-04,Integration,Low,7.46,5.0,resolved
TKT0002063,CUS000037,2024-09-21,2024-09-21,Account,Medium,4.92,5.0,resolved
TKT0002064,CUS003236,2023-03-13,2023-03-14,Billing,Medium,26.05,4.1,resolved
TKT0002065,CUS001007,2023-08-22,2023-08-22,Technical,Low,12.74,3.9,resolved
TKT0002066,CUS004360,2023-11-24,2023-11-24,Integration,Low,2.75,5.0,resolved
TKT0002067,CUS001898,2024-04-18,2024-04-18,Account,Medium,16.2,5.0,resolved
TKT0002068,CUS002293,2024-05-11,2024-05-11,Integration,Medium,11.06,5.0,resolved
TKT0002069,CUS004641,2024-12-27,2024-12-27,Performance,Low,10.36,4.1,resolved
TKT0002070,CUS000122,2024-03-26,2024-03-26,Performance,Low,13.74,4.0,resolved
TKT0002071,CUS003535,2023-07-12,2023-07-12,Technical,Medium,13.49,4.6,resolved
TKT0002072,CUS002540,2024-07-19,2024-07-19,Billing,Medium,6.47,4.5,resolved
TKT0002073,CUS003189,2024-04-07,2024-04-07,Billing,High,4.56,5.0,resolved
TKT0002074,CUS004852,2024-01-01,2024-01-03,Integration,High,52.36,2.1,resolved
TKT0002075,CUS000652,2024-02-04,2024-02-05,Technical,Medium,43.34,3.3,resolved
TKT0002076,CUS003379,2023-12-21,2023-12-21,Performance,Medium,8.68,5.0,resolved
TKT0002077,CUS003518,2023-02-19,2023-02-19,Account,Medium,16.56,,resolved
TKT0002078,CUS002284,2023-01-26,2023-01-26,Billing,High,6.58,4.7,resolved
TKT0002079,CUS000900,2023-09-10,2023-09-10,Performance,Low,8.62,5.0,resolved
TKT0002080,CUS000864,2024-05-17,2024-05-17,Integration,High,10.35,4.5,resolved
TKT0002081,CUS002111,2023-04-04,2023-04-04,Billing,Medium,16.56,4.5,resolved
TKT0002082,CUS003379,2023-11-26,2023-11-26,Account,Medium,3.63,,resolved
TKT0002083,CUS002762,2023-06-26,2023-06-26,Technical,Medium,13.26,3.9,resolved
TKT0002084,CUS000519,2024-07-04,2024-07-05,Account,High,26.95,4.8,resolved
TKT0002085,CUS000263,2024-09-19,2024-09-19,Technical,Medium,8.27,4.2,resolved
TKT0002086,CUS001862,2024-09-11,2024-09-11,Technical,Medium,9.12,4.0,resolved
TKT0002087,CUS000566,2023-08-30,2023-08-31,Technical,Medium,33.42,4.0,resolved
TKT0002088,CUS000707,2024-07-23,2024-07-23,Account,Medium,5.18,4.5,resolved
TKT0002089,CUS003399,2023-01-21,2023-01-21,Billing,High,4.52,5.0,resolved
TKT0002090,CUS002390,2023-08-04,2023-08-04,Technical,Medium,3.27,5.0,resolved
TKT0002091,CUS003245,2024-10-10,2024-10-10,Account,Medium,23.01,4.5,resolved
TKT0002092,CUS001747,2024-01-09,2024-01-09,Integration,Medium,7.68,3.4,resolved
TKT0002093,CUS000474,2024-11-05,2024-11-05,Technical,Critical,3.56,4.9,resolved
TKT0002094,CUS000323,2024-05-04,2024-05-04,Technical,High,18.36,3.9,resolved
TKT0002095,CUS000084,2024-02-01,2024-02-01,Technical,High,5.22,4.8,resolved
TKT0002096,CUS004308,2023-08-26,2023-08-26,Account,Low,14.8,4.8,resolved
TKT0002097,CUS004822,2023-09-16,2023-09-16,Account,Medium,23.11,4.8,resolved
TKT0002098,CUS000758,2023-02-19,2023-02-19,Technical,Low,10.69,4.7,resolved
TKT0002099,CUS004727,2024-08-17,2024-08-17,Billing,Low,6.27,4.3,resolved
TKT0002100,CUS001324,2023-08-15,2023-08-15,Technical,Medium,16.82,4.4,resolved
TKT0002101,CUS003229,2023-03-14,2023-03-14,Performance,High,4.2,,resolved
TKT0002102,CUS001906,2024-05-08,2024-05-08,Integration,High,20.74,4.2,resolved
TKT0002103,CUS003100,2024-03-24,2024-03-24,Account,Low,8.79,5.0,resolved
TKT0002104,CUS004206,2024-11-22,2024-11-22,Account,Low,9.59,4.2,resolved
TKT0002105,CUS004296,2023-04-18,2023-04-18,Account,High,12.81,4.0,resolved
TKT0002106,CUS004338,2024-07-26,2024-07-26,Performance,Medium,22.73,,resolved
TKT0002107,CUS001330,2024-09-20,2024-09-20,Performance,Medium,12.32,5.0,resolved
TKT0002108,CUS003882,2023-05-13,2023-05-13,Account,Low,12.69,5.0,resolved
TKT0002109,CUS001754,2024-07-14,2024-07-15,Billing,High,24.22,4.2,resolved
TKT0002110,CUS000904,2024-01-19,2024-01-19,Billing,High,20.65,4.2,resolved
TKT0002111,CUS001548,2024-10-19,2024-10-19,Account,Medium,19.31,3.5,resolved
TKT0002112,CUS001749,2023-04-08,2023-04-08,Integration,Medium,11.69,5.0,resolved
TKT0002113,CUS002831,2024-12-07,2024-12-07,Account,High,19.61,,resolved
TKT0002114,CUS003094,2024-03-05,2024-03-05,Integration,High,21.66,4.7,resolved
TKT0002115,CUS002002,2024-08-05,2024-08-05,Technical,Medium,17.43,4.3,resolved
TKT0002116,CUS004131,2023-10-20,2023-10-20,Billing,Low,9.49,4.7,resolved
TKT0002117,CUS000264,2023-07-15,2023-07-15,Billing,Low,11.49,5.0,resolved
TKT0002118,CUS004329,2024-04-26,2024-04-26,Account,Medium,11.29,4.6,resolved
TKT0002119,CUS003648,2024-03-27,2024-03-27,Integration,Low,4.33,4.7,resolved
TKT0002120,CUS001834,2024-08-28,2024-08-28,Account,Medium,7.05,4.9,resolved
TKT0002121,CUS003088,2024-11-15,2024-11-15,Performance,Low,19.32,3.5,resolved
TKT0002122,CUS002162,2023-10-28,2023-10-29,Billing,Low,35.19,3.4,resolved
TKT0002123,CUS000547,2023-05-20,2023-05-20,Integration,Medium,17.98,4.1,resolved
TKT0002124,CUS004821,2024-08-24,2024-08-24,Integration,Low,9.67,4.2,resolved
TKT0002125,CUS001774,2023-05-20,2023-05-20,Technical,High,7.41,5.0,resolved
TKT0002126,CUS004201,2024-10-16,2024-10-16,Technical,High,2.33,4.9,resolved
TKT0002127,CUS003892,2024-06-30,2024-07-02,Account,Medium,58.93,1.5,resolved
TKT0002128,CUS003796,2024-09-24,2024-09-24,Performance,Low,6.41,3.7,resolved
TKT0002129,CUS000174,2024-04-04,2024-04-04,Technical,Low,3.73,4.5,resolved
TKT0002130,CUS004162,2023-08-28,2023-08-28,Account,Critical,12.59,5.0,resolved
TKT0002131,CUS002400,2023-11-27,2023-11-27,Account,Medium,10.43,,resolved
TKT0002132,CUS004367,2024-07-12,2024-07-13,Account,Medium,39.33,2.2,resolved
TKT0002133,CUS001964,2023-03-08,2023-03-08,Performance,Medium,14.16,,resolved
TKT0002134,CUS003246,2023-01-31,2023-02-01,Integration,Low,46.24,2.4,resolved
TKT0002135,CUS001505,2024-07-10,2024-07-10,Performance,Medium,16.35,3.9,resolved
TKT0002136,CUS003612,2024-06-09,2024-06-09,Technical,Critical,11.95,4.5,resolved
TKT0002137,CUS004955,2023-09-05,2023-09-07,Billing,Low,49.89,3.2,resolved
TKT0002138,CUS001607,2024-04-17,2024-04-18,Performance,Medium,28.83,2.9,resolved
TKT0002139,CUS001673,2024-10-27,2024-10-27,Performance,Medium,15.01,5.0,resolved
TKT0002140,CUS003728,2024-01-25,2024-01-25,Billing,Low,20.99,4.1,resolved
TKT0002141,CUS002421,2024-03-11,2024-03-11,Technical,Medium,13.08,4.4,resolved
TKT0002142,CUS001403,2024-09-24,2024-09-24,Technical,Critical,12.15,4.9,resolved
TKT0002143,CUS004852,2024-07-05,2024-07-05,Performance,Medium,23.54,2.4,resolved
TKT0002144,CUS000330,2023-07-31,2023-08-01,Integration,Low,38.86,3.2,resolved
TKT0002145,CUS004367,2023-05-13,2023-05-13,Integration,High,22.65,4.0,resolved
TKT0002146,CUS000255,2023-01-24,2023-01-24,Performance,High,10.49,,resolved
TKT0002147,CUS003228,2024-05-09,2024-05-09,Performance,High,12.12,5.0,resolved
TKT0002148,CUS001779,2024-10-30,2024-10-30,Integration,Critical,3.98,5.0,resolved
TKT0002149,CUS003397,2024-12-08,2024-12-08,Billing,High,11.49,4.6,resolved
TKT0002150,CUS003314,2023-08-05,2023-08-05,Integration,Medium,15.5,4.2,resolved
TKT0002151,CUS001445,2023-06-13,2023-06-13,Account,Medium,13.61,4.4,resolved
TKT0002152,CUS001763,2024-10-06,2024-10-06,Account,Low,19.72,3.8,resolved
TKT0002153,CUS003727,2024-06-25,2024-06-25,Performance,Medium,6.97,5.0,resolved
TKT0002154,CUS000056,2023-07-24,2023-07-24,Integration,Medium,18.46,5.0,resolved
TKT0002155,CUS001872,2023-10-25,2023-10-26,Account,High,32.71,4.1,resolved
TKT0002156,CUS000978,2023-05-05,2023-05-05,Technical,Medium,11.08,5.0,resolved
TKT0002157,CUS002494,2023-03-15,2023-03-15,Billing,Medium,11.1,4.9,resolved
TKT0002158,CUS001056,2023-07-30,2023-07-30,Integration,Medium,17.09,4.7,resolved
TKT0002159,CUS003471,2024-10-16,2024-10-16,Integration,Medium,12.78,,resolved
TKT0002160,CUS003945,2024-02-24,2024-02-24,Performance,Medium,14.59,3.4,resolved
TKT0002161,CUS001498,2023-11-14,2023-11-14,Technical,Medium,3.76,4.8,resolved
TKT0002162,CUS002818,2024-06-30,2024-07-01,Technical,High,27.82,3.2,resolved
TKT0002163,CUS002423,2023-09-11,2023-09-11,Billing,Low,4.76,4.8,resolved
TKT0002164,CUS001177,2023-06-02,2023-06-02,Integration,Medium,7.48,4.6,resolved
TKT0002165,CUS003741,2024-08-01,2024-08-01,Technical,Low,22.39,4.3,resolved
TKT0002166,CUS001454,2023-09-09,2023-09-09,Integration,Medium,5.67,4.6,resolved
TKT0002167,CUS002988,2023-01-10,2023-01-10,Technical,Medium,3.9,3.4,resolved
TKT0002168,CUS004298,2023-02-07,2023-02-07,Performance,High,4.59,5.0,resolved
TKT0002169,CUS003285,2024-03-07,2024-03-07,Billing,Medium,12.38,,resolved
TKT0002170,CUS001945,2023-01-11,2023-01-12,Account,Medium,26.95,4.0,resolved
TKT0002171,CUS002673,2023-02-08,2023-02-08,Integration,Medium,10.63,3.8,resolved
TKT0002172,CUS004432,2023-07-02,2023-07-02,Technical,Medium,2.87,5.0,resolved
TKT0002173,CUS003176,2024-11-19,2024-11-19,Integration,Low,6.74,4.2,resolved
TKT0002174,CUS002758,2023-07-21,2023-07-22,Account,Medium,28.92,2.5,resolved
TKT0002175,CUS002055,2024-10-19,2024-10-19,Account,High,11.13,4.3,resolved
TKT0002176,CUS003776,2023-12-20,2023-12-20,Account,High,2.88,3.9,resolved
TKT0002177,CUS000865,2024-04-18,2024-04-18,Performance,Low,10.36,4.1,resolved
TKT0002178,CUS003573,2023-08-10,2023-08-10,Account,Low,4.75,5.0,resolved
TKT0002179,CUS002814,2024-01-21,2024-01-21,Billing,High,7.75,3.8,resolved
TKT0002180,CUS000453,2023-07-24,2023-07-24,Integration,Low,11.24,4.7,resolved
TKT0002181,CUS004174,2024-07-23,2024-07-23,Billing,Low,9.48,3.7,resolved
TKT0002182,CUS002898,2024-10-19,2024-10-19,Technical,Medium,8.21,,resolved
TKT0002183,CUS003073,2024-05-30,2024-06-04,Integration,Medium,135.39,1.0,resolved
TKT0002184,CUS002906,2023-03-23,2023-03-23,Performance,High,12.02,,resolved
TKT0002185,CUS004577,2023-11-09,2023-11-09,Integration,Low,8.42,4.8,resolved
TKT0002186,CUS002747,2023-05-11,2023-05-12,Performance,Medium,27.97,3.3,resolved
TKT0002187,CUS003826,2023-04-29,2023-04-29,Billing,Low,17.03,2.8,resolved
TKT0002188,CUS002698,2023-01-20,2023-01-20,Technical,High,13.54,,resolved
TKT0002189,CUS003997,2024-09-07,2024-09-09,Performance,Critical,57.4,1.2,resolved
TKT0002190,CUS003927,2024-04-06,2024-04-06,Billing,High,6.59,3.9,resolved
TKT0002191,CUS004954,2024-05-20,2024-05-20,Performance,Low,22.97,4.3,resolved
TKT0002192,CUS002994,2023-07-22,2023-07-22,Integration,Low,21.62,3.4,resolved
TKT0002193,CUS001812,2023-08-18,2023-08-18,Billing,Low,7.02,4.8,resolved
TKT0002194,CUS004530,2024-04-06,2024-04-06,Technical,Medium,14.73,3.7,resolved
TKT0002195,CUS003265,2023-11-14,2023-11-14,Account,Medium,9.54,5.0,resolved
TKT0002196,CUS003078,2023-06-11,2023-06-11,Account,Medium,11.02,4.9,resolved
TKT0002197,CUS003716,2024-06-17,2024-06-19,Billing,High,48.73,3.1,resolved
TKT0002198,CUS002535,2024-06-04,2024-06-04,Account,Low,11.45,5.0,resolved
TKT0002199,CUS003562,2024-04-08,2024-04-08,Billing,High,4.45,3.9,resolved
TKT0002200,CUS004916,2023-06-10,2023-06-10,Performance,Medium,17.14,5.0,resolved
TKT0002201,CUS003578,2024-11-02,2024-11-02,Performance,Medium,3.96,3.3,resolved
TKT0002202,CUS003808,2024-09-25,2024-09-25,Account,Low,7.82,4.3,resolved
TKT0002203,CUS003500,2023-01-22,2023-01-22,Integration,Medium,22.56,3.6,resolved
TKT0002204,CUS003196,2024-04-05,2024-04-05,Billing,Low,5.08,3.7,resolved
TKT0002205,CUS003198,2024-04-04,2024-04-04,Technical,High,14.27,4.0,resolved
TKT0002206,CUS004932,2024-06-11,2024-06-11,Account,Medium,14.37,5.0,resolved
TKT0002207,CUS003296,2023-10-09,2023-10-09,Technical,Medium,2.58,5.0,resolved
TKT0002208,CUS000229,2023-08-30,2023-08-30,Performance,High,6.66,3.7,resolved
TKT0002209,CUS001059,2023-07-31,2023-07-31,Billing,Medium,6.93,4.5,resolved
TKT0002210,CUS001378,2024-10-07,2024-10-07,Integration,Medium,4.71,5.0,resolved
TKT0002211,CUS003399,2024-10-19,2024-10-19,Billing,Low,10.62,4.0,resolved
TKT0002212,CUS000817,2023-09-13,2023-09-13,Performance,Medium,10.98,4.3,resolved
TKT0002213,CUS004464,2023-11-10,2023-11-10,Performance,Critical,8.02,5.0,resolved
TKT0002214,CUS000850,2024-06-07,2024-06-07,Technical,High,13.47,4.9,resolved
TKT0002215,CUS004183,2023-11-06,2023-11-06,Performance,Medium,15.96,4.7,resolved
TKT0002216,CUS004586,2024-03-12,2024-03-12,Billing,Medium,7.35,4.5,resolved
TKT0002217,CUS004956,2023-07-23,2023-07-24,Performance,Low,36.74,2.0,resolved
TKT0002218,CUS000081,2024-04-03,2024-04-03,Billing,High,15.19,4.5,resolved
TKT0002219,CUS002416,2024-06-28,2024-06-28,Performance,Low,8.39,3.7,resolved
TKT0002220,CUS003948,2023-10-08,2023-10-08,Billing,Critical,5.86,4.7,resolved
TKT0002221,CUS004609,2023-11-19,2023-11-19,Integration,Medium,5.02,4.3,resolved
TKT0002222,CUS002585,2024-10-11,2024-10-11,Account,Medium,19.75,3.9,resolved
TKT0002223,CUS001204,2023-10-15,2023-10-15,Account,Medium,6.23,5.0,resolved
TKT0002224,CUS001752,2023-06-15,2023-06-15,Billing,High,14.48,4.5,resolved
TKT0002225,CUS002030,2024-05-20,2024-05-21,Billing,High,29.08,,resolved
TKT0002226,CUS003961,2024-01-20,2024-01-20,Performance,Low,8.97,4.2,resolved
TKT0002227,CUS004667,2024-03-28,2024-03-28,Performance,Medium,21.09,4.2,resolved
TKT0002228,CUS002310,2024-08-15,2024-08-15,Integration,Medium,18.42,,resolved
TKT0002229,CUS004791,2024-12-27,2024-12-27,Billing,Medium,2.68,4.8,resolved
TKT0002230,CUS003460,2023-10-01,2023-10-01,Integration,Low,11.59,4.8,resolved
TKT0002231,CUS002324,2023-08-16,2023-08-18,Integration,Low,59.26,1.0,resolved
TKT0002232,CUS000543,2023-04-24,2023-04-24,Performance,High,10.8,4.5,resolved
TKT0002233,CUS002538,2024-11-13,2024-11-13,Billing,Low,9.96,4.9,resolved
TKT0002234,CUS001968,2024-05-07,2024-05-07,Billing,Low,19.8,3.8,resolved
TKT0002235,CUS000649,2024-01-04,2024-01-05,Integration,Medium,42.83,3.3,resolved
TKT0002236,CUS004416,2024-09-22,2024-09-22,Integration,High,5.82,4.8,resolved
TKT0002237,CUS000603,2023-01-21,2023-01-21,Account,Medium,10.61,3.6,resolved
TKT0002238,CUS004674,2024-12-19,2024-12-19,Integration,Low,10.48,4.8,resolved
TKT0002239,CUS000118,2024-06-08,2024-06-08,Account,Critical,9.09,4.7,resolved
TKT0002240,CUS000950,2023-08-16,2023-08-16,Billing,High,15.17,4.2,resolved
TKT0002241,CUS003567,2023-10-09,2023-10-09,Performance,Low,12.03,4.4,resolved
TKT0002242,CUS004767,2024-08-13,2024-08-13,Performance,Medium,9.25,5.0,resolved
TKT0002243,CUS000297,2024-10-04,2024-10-05,Technical,Medium,37.15,3.1,resolved
TKT0002244,CUS001260,2023-04-05,2023-04-05,Account,Medium,17.09,4.6,resolved
TKT0002245,CUS003000,2023-10-28,2023-10-28,Technical,Medium,13.0,5.0,resolved
TKT0002246,CUS004709,2024-01-14,2024-01-14,Account,Medium,10.69,5.0,resolved
TKT0002247,CUS002141,2023-03-28,2023-03-28,Account,Medium,16.89,4.2,resolved
TKT0002248,CUS002917,2023-08-24,2023-08-24,Account,High,9.06,4.6,resolved
TKT0002249,CUS001787,2024-05-08,2024-05-08,Technical,Low,6.51,4.6,resolved
TKT0002250,CUS000635,2023-08-03,2023-08-03,Performance,Medium,7.98,4.7,resolved
TKT0002251,CUS000105,2023-09-08,2023-09-08,Account,Medium,12.28,4.5,resolved
TKT0002252,CUS003364,2023-04-14,2023-04-14,Account,Low,23.43,3.4,resolved
TKT0002253,CUS004385,2024-03-29,2024-03-29,Technical,Low,7.98,4.4,resolved
TKT0002254,CUS000824,2023-01-24,2023-01-25,Performance,Medium,30.64,2.9,resolved
TKT0002255,CUS002925,2023-08-02,2023-08-02,Account,Low,13.96,4.9,resolved
TKT0002256,CUS003707,2024-12-03,2024-12-04,Billing,High,36.15,3.3,resolved
TKT0002257,CUS001498,2023-09-04,2023-09-04,Account,Critical,5.19,4.8,resolved
TKT0002258,CUS001927,2024-07-08,2024-07-08,Technical,Medium,8.39,4.3,resolved
TKT0002259,CUS004623,2024-01-18,2024-01-19,Technical,Low,32.05,,resolved
TKT0002260,CUS001687,2023-05-21,2023-05-21,Performance,Medium,3.53,4.5,resolved
TKT0002261,CUS001351,2024-01-11,2024-01-11,Account,Medium,13.34,4.0,resolved
TKT0002262,CUS000442,2023-12-16,2023-12-17,Technical,Low,28.41,4.1,resolved
TKT0002263,CUS003040,2024-12-28,2024-12-28,Billing,Medium,13.68,4.1,resolved
TKT0002264,CUS002352,2024-11-30,2024-12-01,Integration,Medium,25.75,,resolved
TKT0002265,CUS004796,2024-01-30,2024-01-31,Performance,Low,24.39,3.5,resolved
TKT0002266,CUS002982,2024-11-13,2024-11-13,Technical,Medium,17.66,4.0,resolved
TKT0002267,CUS001181,2024-03-17,2024-03-17,Account,Medium,13.24,4.4,resolved
TKT0002268,CUS000287,2023-03-13,2023-03-13,Account,Medium,5.17,5.0,resolved
TKT0002269,CUS004497,2024-09-17,2024-09-17,Billing,High,4.25,5.0,resolved
TKT0002270,CUS003734,2024-06-19,2024-06-19,Performance,Low,9.15,5.0,resolved
TKT0002271,CUS003002,2023-01-06,2023-01-06,Technical,Medium,5.41,5.0,resolved
TKT0002272,CUS002275,2023-01-09,2023-01-09,Account,High,15.27,,resolved
TKT0002273,CUS000203,2024-11-19,2024-11-20,Performance,High,47.75,3.6,resolved
TKT0002274,CUS002903,2023-08-19,2023-08-19,Account,High,10.78,4.9,resolved
TKT0002275,CUS000632,2023-09-03,2023-09-03,Technical,Low,13.23,3.8,resolved
TKT0002276,CUS003790,2024-02-21,2024-02-21,Account,Low,4.92,5.0,resolved
TKT0002277,CUS004460,2024-08-26,2024-08-26,Performance,Medium,15.93,5.0,resolved
TKT0002278,CUS004625,2024-02-14,2024-02-14,Technical,High,10.93,3.7,resolved
TKT0002279,CUS000282,2024-03-09,2024-03-09,Billing,Low,14.84,5.0,resolved
TKT0002280,CUS002168,2023-02-15,2023-02-15,Billing,Medium,13.52,4.9,resolved
TKT0002281,CUS003031,2024-09-15,2024-09-15,Billing,High,6.91,,resolved
TKT0002282,CUS002272,2023-05-06,2023-05-06,Performance,Medium,11.32,4.3,resolved
TKT0002283,CUS003305,2023-10-08,2023-10-08,Integration,Medium,14.14,4.0,resolved
TKT0002284,CUS002553,2024-03-01,2024-03-02,Account,Medium,25.09,4.4,resolved
TKT0002285,CUS000547,2024-09-16,2024-09-16,Technical,High,18.29,3.3,resolved
TKT0002286,CUS000778,2024-01-12,2024-01-12,Billing,High,7.2,5.0,resolved
TKT0002287,CUS003211,2024-11-12,2024-11-12,Billing,Medium,15.77,4.9,resolved
TKT0002288,CUS004000,2023-05-23,2023-05-23,Performance,Low,23.11,,resolved
TKT0002289,CUS000081,2023-08-07,2023-08-07,Integration,High,5.89,5.0,resolved
TKT0002290,CUS001714,2024-06-26,2024-06-26,Performance,Medium,10.96,4.1,resolved
TKT0002291,CUS001114,2024-03-29,2024-03-29,Performance,Low,11.33,4.7,resolved
TKT0002292,CUS004724,2023-06-21,2023-06-21,Integration,Medium,2.93,,resolved
TKT0002293,CUS001661,2023-06-02,2023-06-02,Account,High,9.62,3.9,resolved
TKT0002294,CUS002264,2023-09-15,2023-09-15,Integration,High,7.9,3.7,resolved
TKT0002295,CUS003656,2024-04-27,2024-04-27,Technical,Medium,15.04,4.4,resolved
TKT0002296,CUS000588,2024-06-27,2024-06-27,Performance,Medium,6.02,4.5,resolved
TKT0002297,CUS001432,2024-11-10,2024-11-10,Performance,High,13.09,4.3,resolved
TKT0002298,CUS004496,2024-05-16,2024-05-16,Account,High,10.18,,resolved
TKT0002299,CUS003231,2024-04-18,2024-04-18,Performance,Critical,6.7,5.0,resolved
TKT0002300,CUS002470,2023-09-06,2023-09-06,Billing,Medium,5.61,3.9,resolved
TKT0002301,CUS003217,2024-06-21,2024-06-21,Integration,Medium,6.89,5.0,resolved
TKT0002302,CUS003186,2024-03-08,2024-03-08,Performance,Low,2.77,5.0,resolved
TKT0002303,CUS001230,2024-10-03,2024-10-03,Account,Low,9.2,4.3,resolved
TKT0002304,CUS004741,2023-03-14,2023-03-14,Billing,High,15.07,4.5,resolved
TKT0002305,CUS001703,2024-05-11,2024-05-11,Account,Critical,3.98,5.0,resolved
TKT0002306,CUS002084,2023-07-15,2023-07-15,Performance,High,5.27,5.0,resolved
TKT0002307,CUS000563,2023-07-04,2023-07-04,Billing,High,8.67,4.6,resolved
TKT0002308,CUS002633,2023-01-07,2023-01-07,Performance,Medium,15.99,3.4,resolved
TKT0002309,CUS003036,2024-04-28,2024-04-28,Billing,High,16.65,3.3,resolved
TKT0002310,CUS002524,2023-07-08,2023-07-08,Integration,Medium,6.85,5.0,resolved
TKT0002311,CUS003791,2024-11-09,2024-11-10,Integration,Medium,39.51,3.3,resolved
TKT0002312,CUS001692,2023-12-29,2023-12-29,Account,Low,11.41,5.0,resolved
TKT0002313,CUS002996,2024-06-12,2024-06-12,Billing,High,15.64,3.4,resolved
TKT0002314,CUS001080,2023-12-06,2023-12-06,Technical,High,5.33,5.0,resolved
TKT0002315,CUS004702,2023-07-15,2023-07-15,Technical,Low,6.91,5.0,resolved
TKT0002316,CUS003723,2024-05-08,2024-05-08,Account,Low,19.42,4.3,resolved
TKT0002317,CUS001239,2024-10-19,2024-10-19,Technical,High,12.85,4.3,resolved
TKT0002318,CUS000457,2024-04-06,2024-04-07,Technical,Low,24.55,,resolved
TKT0002319,CUS000843,2024-11-07,2024-11-07,Integration,Medium,15.92,4.1,resolved
TKT0002320,CUS000756,2023-08-09,2023-08-10,Account,Low,28.97,3.7,resolved
TKT0002321,CUS003534,2023-06-23,2023-06-23,Account,Medium,8.14,5.0,resolved
TKT0002322,CUS000044,2023-04-22,2023-04-22,Account,Critical,5.27,4.0,resolved
TKT0002323,CUS001317,2023-09-26,2023-09-26,Technical,Medium,6.72,4.5,resolved
TKT0002324,CUS002018,2024-11-25,2024-11-25,Billing,Medium,7.99,5.0,resolved
TKT0002325,CUS000137,2023-03-23,2023-03-23,Performance,Critical,2.56,4.2,resolved
TKT0002326,CUS001261,2024-03-11,2024-03-11,Technical,Medium,13.93,4.7,resolved
TKT0002327,CUS003906,2024-11-08,2024-11-09,Technical,Low,29.45,1.8,resolved
TKT0002328,CUS004258,2024-02-08,2024-02-08,Account,High,11.08,4.2,resolved
TKT0002329,CUS002339,2024-02-27,2024-02-27,Account,Medium,6.85,4.2,resolved
TKT0002330,CUS003567,2024-06-29,2024-06-29,Integration,Medium,11.0,5.0,resolved
TKT0002331,CUS004214,2023-08-26,2023-08-26,Performance,High,5.95,4.1,resolved
TKT0002332,CUS000407,2024-03-29,2024-03-29,Technical,Medium,3.4,4.2,resolved
TKT0002333,CUS004042,2023-07-19,2023-07-20,Billing,Critical,29.62,2.9,resolved
TKT0002334,CUS004184,2024-10-21,2024-10-21,Performance,High,4.81,4.5,resolved
TKT0002335,CUS003574,2024-02-18,2024-02-19,Billing,Low,28.37,3.3,resolved
TKT0002336,CUS002054,2023-10-22,2023-10-23,Technical,Medium,24.37,3.4,resolved
TKT0002337,CUS002586,2024-12-09,2024-12-09,Integration,Low,16.74,4.4,resolved
TKT0002338,CUS000781,2023-12-29,2023-12-29,Technical,Low,9.84,3.9,resolved
TKT0002339,CUS003757,2023-12-06,2023-12-06,Integration,Medium,18.86,,resolved
TKT0002340,CUS003590,2023-06-29,2023-06-29,Performance,Medium,2.7,4.5,resolved
TKT0002341,CUS003121,2024-12-17,2024-12-17,Billing,Medium,11.45,3.2,resolved
TKT0002342,CUS004155,2024-04-28,2024-04-29,Account,High,24.8,3.7,resolved
TKT0002343,CUS000416,2024-06-26,2024-06-26,Performance,Medium,18.23,4.4,resolved
TKT0002344,CUS002643,2024-10-19,2024-10-19,Integration,Medium,9.31,4.0,resolved
TKT0002345,CUS001592,2024-05-30,2024-05-30,Performance,High,17.71,4.2,resolved
TKT0002346,CUS002991,2024-11-30,2024-11-30,Technical,Medium,6.64,,resolved
TKT0002347,CUS000052,2023-04-23,2023-04-23,Technical,Medium,4.77,4.5,resolved
TKT0002348,CUS001432,2023-12-09,2023-12-10,Billing,Medium,30.24,3.9,resolved
TKT0002349,CUS000435,2023-05-23,2023-05-23,Integration,Medium,5.74,5.0,resolved
TKT0002350,CUS002196,2023-08-18,2023-08-20,Billing,Medium,67.42,1.0,resolved
TKT0002351,CUS004618,2024-06-24,2024-06-24,Integration,Low,8.51,4.0,resolved
TKT0002352,CUS000224,2024-02-06,2024-02-06,Integration,Low,12.86,4.9,resolved
TKT0002353,CUS004605,2023-05-01,2023-05-02,Performance,Low,28.95,,resolved
TKT0002354,CUS003492,2024-05-30,2024-05-30,Technical,Medium,13.75,3.8,resolved
TKT0002355,CUS004413,2024-02-07,2024-02-07,Performance,Medium,4.35,4.7,resolved
TKT0002356,CUS003959,2023-09-21,2023-09-21,Account,Medium,7.11,4.4,resolved
TKT0002357,CUS002145,2024-01-10,2024-01-10,Technical,Low,3.54,4.6,resolved
TKT0002358,CUS002249,2024-07-23,2024-07-23,Billing,Medium,9.02,4.5,resolved
TKT0002359,CUS000083,2024-06-13,2024-06-13,Technical,High,19.1,3.9,resolved
TKT0002360,CUS002520,2023-05-19,2023-05-19,Billing,Medium,8.88,4.8,resolved
TKT0002361,CUS002525,2024-02-07,2024-02-08,Billing,Medium,24.06,3.9,resolved
TKT0002362,CUS003792,2023-09-28,2023-09-29,Billing,Medium,29.38,4.7,resolved
TKT0002363,CUS002864,2023-06-09,2023-06-09,Integration,High,3.43,,resolved
TKT0002364,CUS001426,2024-11-26,2024-11-26,Performance,Medium,5.59,4.8,resolved
TKT0002365,CUS001138,2024-07-24,2024-07-24,Integration,Medium,10.68,5.0,resolved
TKT0002366,CUS003863,2024-10-02,2024-10-02,Performance,Medium,8.97,4.1,resolved
TKT0002367,CUS002541,2024-07-27,2024-07-27,Account,Medium,7.24,5.0,resolved
TKT0002368,CUS000505,2024-08-03,2024-08-03,Integration,Critical,8.77,5.0,resolved
TKT0002369,CUS003992,2023-01-29,2023-01-29,Billing,Low,9.95,5.0,resolved
TKT0002370,CUS001987,2024-12-27,2024-12-27,Account,Critical,13.52,4.3,resolved
TKT0002371,CUS001391,2024-02-01,2024-02-01,Performance,High,21.73,4.6,resolved
TKT0002372,CUS000573,2023-08-23,2023-08-23,Technical,High,19.57,4.9,resolved
TKT0002373,CUS000974,2023-03-01,2023-03-01,Performance,Medium,9.24,4.0,resolved
TKT0002374,CUS000258,2023-01-12,2023-01-12,Billing,Medium,21.99,4.5,resolved
TKT0002375,CUS003604,2023-03-26,2023-03-26,Technical,High,17.59,4.0,resolved
TKT0002376,CUS003092,2023-08-24,2023-08-24,Performance,Medium,17.75,,resolved
TKT0002377,CUS004818,2023-02-11,2023-02-11,Billing,High,3.32,5.0,resolved
TKT0002378,CUS000837,2023-07-07,2023-07-07,Integration,Medium,4.12,5.0,resolved
TKT0002379,CUS001539,2024-07-09,2024-07-09,Account,Medium,7.73,3.9,resolved
TKT0002380,CUS003202,2023-09-03,2023-09-03,Integration,Medium,13.48,5.0,resolved
TKT0002381,CUS002792,2024-02-19,2024-02-19,Billing,Medium,4.35,,resolved
TKT0002382,CUS002740,2024-06-17,2024-06-17,Account,High,19.8,4.6,resolved
TKT0002383,CUS000467,2024-01-06,2024-01-07,Integration,Critical,40.97,3.5,resolved
TKT0002384,CUS000099,2023-12-28,2023-12-28,Integration,Low,13.37,4.0,resolved
TKT0002385,CUS003608,2023-06-05,2023-06-05,Technical,Medium,13.75,5.0,resolved
TKT0002386,CUS003537,2023-06-03,2023-06-03,Integration,Low,15.86,5.0,resolved
TKT0002387,CUS000139,2023-01-17,2023-01-17,Performance,Low,12.88,3.8,resolved
TKT0002388,CUS004149,2023-01-17,2023-01-17,Technical,Low,17.34,4.2,resolved
TKT0002389,CUS003831,2023-06-12,2023-06-12,Integration,Medium,9.21,4.8,resolved
TKT0002390,CUS001085,2023-02-22,2023-02-22,Account,High,17.86,3.8,resolved
TKT0002391,CUS002846,2023-08-22,2023-08-22,Account,Low,17.45,4.0,resolved
TKT0002392,CUS001321,2023-01-05,2023-01-05,Billing,High,6.97,,resolved
TKT0002393,CUS004163,2024-09-23,2024-09-23,Integration,Medium,16.23,4.0,resolved
TKT0002394,CUS000874,2024-05-12,2024-05-12,Integration,Medium,13.68,5.0,resolved
TKT0002395,CUS004146,2023-04-18,2023-04-18,Technical,Low,3.99,5.0,resolved
TKT0002396,CUS003292,2023-05-09,2023-05-09,Integration,Medium,14.93,4.6,resolved
TKT0002397,CUS000930,2023-06-03,2023-06-03,Performance,High,9.0,5.0,resolved
TKT0002398,CUS004319,2023-05-19,2023-05-21,Integration,Medium,56.35,2.7,resolved
TKT0002399,CUS004142,2023-04-11,2023-04-11,Performance,Medium,15.96,,resolved
TKT0002400,CUS003183,2023-06-17,2023-06-17,Account,Medium,10.79,5.0,resolved
TKT0002401,CUS002505,2024-07-26,2024-07-26,Account,Medium,22.13,3.6,resolved
TKT0002402,CUS003152,2024-02-05,2024-02-05,Billing,Low,10.93,4.4,resolved
TKT0002403,CUS003352,2023-04-16,2023-04-16,Technical,Low,3.86,4.1,resolved
TKT0002404,CUS000518,2023-05-05,2023-05-05,Account,Medium,9.79,5.0,resolved
TKT0002405,CUS002012,2023-03-15,2023-03-15,Performance,High,3.63,4.6,resolved
TKT0002406,CUS004673,2024-09-02,2024-09-02,Integration,High,8.35,3.8,resolved
TKT0002407,CUS003862,2024-01-08,2024-01-08,Integration,Medium,11.12,5.0,resolved
TKT0002408,CUS000383,2023-12-02,2023-12-02,Technical,Medium,4.72,4.7,resolved
TKT0002409,CUS004280,2024-01-06,2024-01-06,Technical,Low,15.96,5.0,resolved
TKT0002410,CUS000312,2023-12-12,2023-12-13,Technical,Medium,25.53,4.3,resolved
TKT0002411,CUS003424,2023-11-21,2023-11-21,Account,Medium,7.24,5.0,resolved
TKT0002412,CUS001692,2023-10-31,2023-10-31,Billing,Medium,5.63,4.8,resolved
TKT0002413,CUS001362,2024-09-17,2024-09-17,Technical,Medium,20.14,4.3,resolved
TKT0002414,CUS002413,2024-08-23,2024-08-23,Account,Critical,19.24,4.7,resolved
TKT0002415,CUS000395,2024-02-12,2024-02-12,Technical,Medium,9.98,3.0,resolved
TKT0002416,CUS004837,2024-08-13,2024-08-13,Technical,Medium,14.19,3.4,resolved
TKT0002417,CUS004780,2023-01-18,2023-01-18,Account,Medium,11.28,4.5,resolved
TKT0002418,CUS000856,2024-06-09,2024-06-09,Performance,Medium,10.43,3.5,resolved
TKT0002419,CUS004798,2023-08-20,2023-08-20,Performance,High,4.99,4.4,resolved
TKT0002420,CUS004787,2023-03-19,2023-03-20,Technical,Low,31.0,3.9,resolved
TKT0002421,CUS000612,2024-07-20,2024-07-20,Integration,High,22.53,4.2,resolved
TKT0002422,CUS000068,2024-08-23,2024-08-24,Performance,Low,44.41,3.2,resolved
TKT0002423,CUS002358,2023-04-14,2023-04-14,Billing,High,8.78,,resolved
TKT0002424,CUS001694,2024-03-02,2024-03-03,Account,Medium,36.32,3.8,resolved
TKT0002425,CUS002419,2024-09-10,2024-09-10,Billing,Low,6.27,4.3,resolved
TKT0002426,CUS002583,2024-04-25,2024-04-25,Technical,Medium,6.33,,resolved
TKT0002427,CUS003771,2024-01-12,2024-01-12,Billing,High,13.67,4.9,resolved
TKT0002428,CUS003166,2023-07-07,2023-07-08,Performance,Medium,30.11,4.9,resolved
TKT0002429,CUS002564,2023-08-29,2023-08-29,Account,Low,19.6,5.0,resolved
TKT0002430,CUS002517,2024-09-12,2024-09-12,Technical,Medium,13.29,4.9,resolved
TKT0002431,CUS004690,2023-06-10,2023-06-10,Performance,Low,6.7,4.6,resolved
TKT0002432,CUS001484,2023-03-16,2023-03-16,Integration,Critical,12.98,4.6,resolved
TKT0002433,CUS000956,2023-08-24,2023-08-24,Integration,Low,21.21,4.3,resolved
TKT0002434,CUS001577,2023-09-16,2023-09-16,Billing,High,9.77,4.2,resolved
TKT0002435,CUS003934,2023-02-09,2023-02-09,Billing,Low,7.72,5.0,resolved
TKT0002436,CUS001492,2024-01-20,2024-01-20,Technical,Low,5.07,5.0,resolved
TKT0002437,CUS003261,2024-02-13,2024-02-13,Integration,High,19.13,4.6,resolved
TKT0002438,CUS001903,2024-10-21,2024-10-21,Billing,Medium,11.85,3.8,resolved
TKT0002439,CUS002001,2023-07-07,2023-07-07,Performance,Medium,6.78,4.8,resolved
TKT0002440,CUS003718,2023-07-31,2023-08-01,Account,Medium,34.12,3.9,resolved
TKT0002441,CUS000936,2024-10-01,2024-10-01,Account,Low,4.2,5.0,resolved
TKT0002442,CUS003094,2023-11-15,2023-11-15,Technical,Medium,11.09,4.5,resolved
TKT0002443,CUS002869,2023-04-15,2023-04-15,Integration,Low,11.91,4.5,resolved
TKT0002444,CUS004024,2024-02-29,2024-02-29,Performance,Low,21.35,3.7,resolved
TKT0002445,CUS004573,2023-12-06,2023-12-06,Billing,High,6.13,5.0,resolved
TKT0002446,CUS000724,2024-02-05,2024-02-05,Performance,Medium,5.69,3.8,resolved
TKT0002447,CUS001291,2024-06-13,2024-06-13,Technical,Low,9.55,4.0,resolved
TKT0002448,CUS000718,2024-11-02,2024-11-02,Account,Medium,10.0,4.2,resolved
TKT0002449,CUS004993,2024-07-04,2024-07-05,Integration,Low,40.8,,resolved
TKT0002450,CUS003055,2024-07-24,2024-07-24,Technical,Medium,5.22,5.0,resolved
TKT0002451,CUS004686,2023-06-11,2023-06-11,Performance,Medium,10.63,4.8,resolved
TKT0002452,CUS004820,2024-10-05,2024-10-05,Billing,Low,9.23,3.9,resolved
TKT0002453,CUS004525,2024-11-26,2024-11-26,Technical,Medium,12.88,,resolved
TKT0002454,CUS001339,2023-03-21,2023-03-21,Technical,Low,8.59,4.1,resolved
TKT0002455,CUS002542,2024-11-24,2024-11-24,Integration,Low,19.61,3.9,resolved
TKT0002456,CUS001168,2023-10-19,2023-10-20,Technical,Medium,25.54,3.2,resolved
TKT0002457,CUS002161,2023-10-31,2023-11-01,Account,Low,37.84,2.8,resolved
TKT0002458,CUS002141,2024-03-29,2024-03-29,Account,High,11.0,4.0,resolved
TKT0002459,CUS004576,2023-12-02,2023-12-02,Integration,Medium,10.1,5.0,resolved
TKT0002460,CUS003470,2023-12-17,2023-12-17,Technical,Low,7.96,5.0,resolved
TKT0002461,CUS003708,2023-09-02,2023-09-02,Billing,High,4.05,,resolved
TKT0002462,CUS003700,2023-09-09,2023-09-09,Billing,Low,21.22,4.0,resolved
TKT0002463,CUS002748,2023-10-17,2023-10-17,Performance,Low,13.43,,resolved
TKT0002464,CUS001735,2024-03-12,2024-03-12,Integration,High,14.39,4.9,resolved
TKT0002465,CUS004185,2024-08-01,2024-08-01,Account,Low,7.97,4.6,resolved
TKT0002466,CUS001746,2023-04-12,2023-04-12,Performance,Low,4.95,4.5,resolved
TKT0002467,CUS002614,2024-01-08,2024-01-08,Technical,High,6.15,5.0,resolved
TKT0002468,CUS000767,2023-12-27,2023-12-27,Account,High,11.7,,resolved
TKT0002469,CUS002980,2024-10-15,2024-10-15,Technical,Medium,20.22,4.8,resolved
TKT0002470,CUS002364,2023-03-26,2023-03-26,Billing,Medium,3.82,5.0,resolved
TKT0002471,CUS004391,2023-10-28,2023-10-29,Performance,High,45.78,2.8,resolved
TKT0002472,CUS001518,2023-08-07,2023-08-07,Account,Medium,2.75,5.0,resolved
TKT0002473,CUS001526,2024-05-21,2024-05-22,Integration,High,31.83,2.6,resolved
TKT0002474,CUS000625,2023-03-25,2023-03-25,Performance,Low,5.35,5.0,resolved
TKT0002475,CUS002419,2024-06-20,2024-06-21,Technical,Low,25.22,4.1,resolved
TKT0002476,CUS003829,2024-12-16,2024-12-16,Performance,Medium,7.73,3.6,resolved
TKT0002477,CUS003241,2023-09-02,2023-09-03,Account,Low,24.5,4.0,resolved
TKT0002478,CUS000445,2023-08-17,2023-08-17,Integration,Low,2.43,5.0,resolved
TKT0002479,CUS001504,2024-10-28,2024-10-28,Performance,Low,14.68,4.5,resolved
TKT0002480,CUS001630,2023-07-03,2023-07-03,Billing,High,19.27,3.8,resolved
TKT0002481,CUS003017,2024-01-08,2024-01-08,Account,Medium,12.37,4.6,resolved
TKT0002482,CUS003937,2023-04-05,2023-04-05,Billing,Critical,14.77,3.7,resolved
TKT0002483,CUS004964,2024-01-06,2024-01-06,Account,Low,19.6,4.2,resolved
TKT0002484,CUS001280,2024-08-21,2024-08-21,Billing,Medium,11.57,5.0,resolved
TKT0002485,CUS000972,2023-02-06,2023-02-06,Technical,Low,12.82,4.3,resolved
TKT0002486,CUS002124,2024-07-04,2024-07-04,Account,Medium,4.57,4.5,resolved
TKT0002487,CUS003384,2024-09-13,2024-09-13,Performance,High,18.41,5.0,resolved
TKT0002488,CUS003588,2023-04-03,2023-04-03,Integration,High,20.38,4.8,resolved
TKT0002489,CUS004144,2024-03-22,2024-03-23,Account,High,26.25,,resolved
TKT0002490,CUS001567,2024-03-08,2024-03-08,Account,High,16.68,4.0,resolved
TKT0002491,CUS004195,2023-06-17,2023-06-17,Performance,Medium,12.14,4.5,resolved
TKT0002492,CUS003353,2023-01-29,2023-01-29,Technical,High,7.86,4.9,resolved
TKT0002493,CUS000094,2023-08-19,2023-08-19,Technical,Low,21.07,4.4,resolved
TKT0002494,CUS004865,2024-02-26,2024-02-26,Billing,Medium,12.7,4.3,resolved
TKT0002495,CUS001268,2023-09-26,2023-09-26,Technical,Medium,18.48,3.5,resolved
TKT0002496,CUS000376,2023-02-09,2023-02-09,Technical,Medium,14.65,4.5,resolved
TKT0002497,CUS002229,2024-09-01,2024-09-02,Account,Medium,24.6,3.3,resolved
TKT0002498,CUS002684,2024-07-10,2024-07-10,Performance,Medium,1.71,5.0,resolved
TKT0002499,CUS002350,2024-08-12,2024-08-12,Technical,Critical,17.92,4.5,resolved
TKT0002500,CUS003839,2024-10-04,2024-10-04,Performance,High,7.9,5.0,resolved
TKT0002501,CUS000586,2024-01-31,2024-01-31,Integration,Medium,23.54,4.7,resolved
TKT0002502,CUS004055,2023-12-03,2023-12-03,Account,Medium,5.35,5.0,resolved
TKT0002503,CUS002436,2024-07-27,2024-07-27,Technical,Low,6.56,4.6,resolved
TKT0002504,CUS000385,2024-10-20,2024-10-20,Technical,Medium,21.6,3.4,resolved
TKT0002505,CUS004878,2024-02-19,2024-02-19,Technical,Medium,21.61,,resolved
TKT0002506,CUS004469,2023-05-09,2023-05-09,Integration,High,15.29,4.6,resolved
TKT0002507,CUS001595,2023-04-19,2023-04-21,Integration,Medium,49.5,1.9,resolved
TKT0002508,CUS002536,2024-07-29,2024-07-29,Integration,High,10.41,4.7,resolved
TKT0002509,CUS001217,2023-06-12,2023-06-12,Technical,Medium,12.79,4.4,resolved
TKT0002510,CUS002546,2023-12-12,2023-12-12,Billing,Medium,6.24,4.6,resolved
TKT0002511,CUS001244,2023-08-25,2023-08-25,Billing,Low,12.95,,resolved
TKT0002512,CUS001861,2024-08-08,2024-08-08,Technical,Critical,22.25,3.5,resolved
TKT0002513,CUS001370,2023-06-16,2023-06-16,Account,Medium,2.47,4.3,resolved
TKT0002514,CUS002256,2023-12-24,2023-12-24,Account,Medium,11.1,5.0,resolved
TKT0002515,CUS000338,2024-10-19,2024-10-19,Billing,Critical,13.72,4.3,resolved
TKT0002516,CUS002684,2023-12-12,2023-12-12,Account,Medium,10.47,5.0,resolved
TKT0002517,CUS001100,2023-05-23,2023-05-24,Billing,Low,25.49,2.8,resolved
TKT0002518,CUS000850,2023-08-22,2023-08-22,Account,Low,12.78,3.6,resolved
TKT0002519,CUS001755,2023-03-12,2023-03-12,Performance,Medium,9.01,4.1,resolved
TKT0002520,CUS003637,2024-08-24,2024-08-24,Billing,Medium,13.43,3.8,resolved
TKT0002521,CUS001790,2024-09-02,2024-09-02,Account,Medium,8.66,4.0,resolved
TKT0002522,CUS003772,2024-12-19,2024-12-19,Billing,Critical,15.59,3.7,resolved
TKT0002523,CUS004894,2023-04-14,2023-04-14,Integration,Critical,7.38,5.0,resolved
TKT0002524,CUS004716,2023-07-07,2023-07-07,Performance,Low,20.96,,resolved
TKT0002525,CUS001107,2023-01-04,2023-01-05,Technical,Medium,24.79,2.4,resolved
TKT0002526,CUS004652,2023-12-19,2023-12-19,Technical,Medium,21.24,4.1,resolved
TKT0002527,CUS004310,2024-05-11,2024-05-12,Account,Low,34.92,2.9,resolved
TKT0002528,CUS000138,2023-08-02,2023-08-02,Billing,Medium,5.71,5.0,resolved
TKT0002529,CUS004857,2023-04-20,2023-04-20,Performance,Low,9.95,4.6,resolved
TKT0002530,CUS004788,2023-03-17,2023-03-19,Technical,Medium,62.75,2.5,resolved
TKT0002531,CUS003710,2023-10-18,2023-10-18,Performance,High,9.14,4.5,resolved
TKT0002532,CUS003031,2024-08-02,2024-08-02,Billing,High,13.31,4.0,resolved
TKT0002533,CUS004949,2023-08-26,2023-08-26,Billing,Low,6.81,5.0,resolved
TKT0002534,CUS000981,2024-05-01,2024-05-01,Performance,Low,14.59,3.5,resolved
TKT0002535,CUS003872,2024-12-04,2024-12-04,Technical,Medium,6.87,5.0,resolved
TKT0002536,CUS004525,2023-02-24,2023-02-24,Account,Low,8.86,,resolved
TKT0002537,CUS002509,2023-03-14,2023-03-14,Integration,High,1.89,4.0,resolved
TKT0002538,CUS001493,2024-06-23,2024-06-23,Integration,Medium,21.73,4.3,resolved
TKT0002539,CUS002238,2023-02-11,2023-02-11,Integration,Low,18.22,4.0,resolved
TKT0002540,CUS004861,2023-12-16,2023-12-16,Technical,Medium,18.69,3.3,resolved
TKT0002541,CUS003712,2024-07-22,2024-07-22,Technical,High,13.51,4.7,resolved
TKT0002542,CUS002749,2024-07-18,2024-07-18,Technical,High,16.83,3.9,resolved
TKT0002543,CUS000556,2023-09-01,2023-09-01,Performance,Medium,18.97,4.6,resolved
TKT0002544,CUS003457,2023-03-25,2023-03-25,Billing,Medium,6.49,4.7,resolved
TKT0002545,CUS001329,2024-02-16,2024-02-16,Performance,High,19.05,4.4,resolved
TKT0002546,CUS004942,2023-10-04,2023-10-04,Billing,Low,8.5,,resolved
TKT0002547,CUS002594,2023-01-08,2023-01-08,Account,Medium,4.6,3.9,resolved
TKT0002548,CUS003082,2024-09-25,2024-09-25,Integration,Medium,11.19,5.0,resolved
TKT0002549,CUS004997,2024-12-24,2024-12-24,Integration,Medium,11.97,4.0,resolved
TKT0002550,CUS003767,2023-01-22,2023-01-22,Integration,High,4.11,3.6,resolved
TKT0002551,CUS002442,2024-04-21,2024-04-21,Billing,Medium,2.92,4.7,resolved
TKT0002552,CUS002767,2023-07-09,2023-07-09,Billing,Medium,13.32,4.0,resolved
TKT0002553,CUS004527,2024-04-24,2024-04-25,Account,Medium,46.08,3.2,resolved
TKT0002554,CUS004677,2023-03-16,2023-03-16,Billing,Low,8.82,4.2,resolved
TKT0002555,CUS002430,2024-07-02,2024-07-02,Account,Medium,11.05,,resolved
TKT0002556,CUS001747,2023-03-15,2023-03-16,Technical,High,25.85,4.1,resolved
TKT0002557,CUS003906,2023-09-23,2023-09-23,Performance,Medium,5.96,4.9,resolved
TKT0002558,CUS000800,2023-08-26,2023-08-26,Billing,Medium,1.97,5.0,resolved
TKT0002559,CUS001997,2023-10-21,2023-10-21,Performance,Medium,17.24,4.9,resolved
TKT0002560,CUS000102,2023-12-11,2023-12-11,Billing,High,21.66,,resolved
TKT0002561,CUS004184,2023-11-16,2023-11-16,Integration,Medium,23.82,4.1,resolved
TKT0002562,CUS000238,2023-05-21,2023-05-21,Billing,Low,10.24,,resolved
TKT0002563,CUS002746,2024-08-03,2024-08-03,Billing,Critical,11.7,4.0,resolved
TKT0002564,CUS004967,2024-12-03,2024-12-03,Performance,Medium,20.06,,resolved
TKT0002565,CUS001639,2023-03-03,2023-03-03,Technical,Low,11.8,4.9,resolved
TKT0002566,CUS004012,2024-03-02,2024-03-02,Integration,High,12.42,4.0,resolved
TKT0002567,CUS000681,2023-07-31,2023-07-31,Performance,Low,11.91,5.0,resolved
TKT0002568,CUS000652,2024-11-27,2024-11-28,Integration,Medium,39.36,2.8,resolved
TKT0002569,CUS001135,2024-07-24,2024-07-24,Account,Medium,11.46,,resolved
TKT0002570,CUS004008,2024-04-11,2024-04-11,Billing,High,5.15,4.5,resolved
TKT0002571,CUS003138,2023-02-20,2023-02-21,Technical,High,30.12,4.4,resolved
TKT0002572,CUS004151,2024-08-06,2024-08-06,Billing,Low,8.59,3.8,resolved
TKT0002573,CUS001432,2024-11-24,2024-11-24,Integration,Low,11.13,4.3,resolved
TKT0002574,CUS000876,2024-11-14,2024-11-14,Account,Medium,7.06,4.6,resolved
TKT0002575,CUS002751,2024-02-09,2024-02-09,Performance,Medium,14.14,2.7,resolved
TKT0002576,CUS000170,2024-03-31,2024-03-31,Performance,Low,7.12,4.4,resolved
TKT0002577,CUS002448,2023-03-31,2023-03-31,Account,Medium,3.75,4.8,resolved
TKT0002578,CUS004794,2023-02-10,2023-02-10,Integration,Medium,22.6,3.3,resolved
TKT0002579,CUS003246,2023-05-24,2023-05-24,Performance,Low,19.53,4.5,resolved
TKT0002580,CUS002541,2023-09-07,2023-09-07,Integration,Medium,18.16,4.7,resolved
TKT0002581,CUS000986,2023-05-31,2023-05-31,Integration,Medium,5.48,,resolved
TKT0002582,CUS002311,2023-12-17,2023-12-17,Performance,Low,8.03,4.0,resolved
TKT0002583,CUS002763,2023-05-17,2023-05-17,Account,High,22.53,3.3,resolved
TKT0002584,CUS002516,2024-08-17,2024-08-17,Performance,Medium,18.23,4.8,resolved
TKT0002585,CUS002744,2024-01-15,2024-01-15,Technical,Low,20.83,5.0,resolved
TKT0002586,CUS004835,2023-03-18,2023-03-19,Integration,High,26.73,4.3,resolved
TKT0002587,CUS000972,2024-08-14,2024-08-14,Billing,High,20.14,4.3,resolved
TKT0002588,CUS002000,2023-01-26,2023-01-26,Account,Critical,14.1,3.7,resolved
TKT0002589,CUS000751,2023-04-29,2023-04-29,Performance,Low,5.83,4.9,resolved
TKT0002590,CUS002070,2024-05-02,2024-05-02,Billing,High,5.13,4.0,resolved
TKT0002591,CUS000484,2023-02-06,2023-02-06,Account,Medium,15.79,4.6,resolved
TKT0002592,CUS001783,2023-07-05,2023-07-05,Billing,Medium,7.75,4.5,resolved
TKT0002593,CUS001944,2023-01-25,2023-01-25,Account,Medium,3.51,4.2,resolved
TKT0002594,CUS003635,2023-02-04,2023-02-04,Technical,Low,23.22,3.6,resolved
TKT0002595,CUS004576,2023-04-02,2023-04-02,Billing,Low,19.76,4.3,resolved
TKT0002596,CUS002541,2023-04-10,2023-04-10,Account,Medium,8.9,4.8,resolved
TKT0002597,CUS003878,2023-05-28,2023-05-28,Billing,Low,5.91,4.9,resolved
TKT0002598,CUS002039,2024-10-01,2024-10-02,Account,Medium,25.29,4.0,resolved
TKT0002599,CUS001417,2023-10-27,2023-10-27,Account,Low,23.37,,resolved
TKT0002600,CUS000759,2023-01-14,2023-01-14,Integration,Medium,19.64,3.4,resolved
TKT0002601,CUS001980,2024-06-26,2024-06-26,Integration,High,6.25,,resolved
TKT0002602,CUS003791,2023-02-22,2023-02-22,Integration,Medium,14.37,3.5,resolved
TKT0002603,CUS003016,2023-01-18,2023-01-18,Technical,Low,13.41,4.4,resolved
TKT0002604,CUS001091,2024-04-23,2024-04-23,Integration,High,18.18,3.2,resolved
TKT0002605,CUS003743,2023-07-26,2023-07-26,Performance,Medium,9.65,4.8,resolved
TKT0002606,CUS000445,2024-11-07,2024-11-09,Integration,Medium,54.15,1.1,resolved
TKT0002607,CUS000787,2023-01-19,2023-01-19,Integration,High,15.22,4.8,resolved
TKT0002608,CUS000911,2023-07-15,2023-07-15,Account,Low,11.36,4.7,resolved
TKT0002609,CUS003419,2024-12-25,2024-12-25,Technical,Low,9.54,3.6,resolved
TKT0002610,CUS001424,2024-06-25,2024-06-25,Account,High,12.11,4.8,resolved
TKT0002611,CUS004408,2024-05-22,2024-05-22,Account,High,13.33,4.3,resolved
TKT0002612,CUS000461,2023-03-01,2023-03-01,Technical,Medium,5.23,5.0,resolved
TKT0002613,CUS004677,2023-05-26,2023-05-26,Performance,Medium,4.99,4.8,resolved
TKT0002614,CUS000023,2024-03-08,2024-03-08,Billing,Medium,10.92,3.5,resolved
TKT0002615,CUS004590,2023-03-16,2023-03-16,Performance,Medium,8.6,4.4,resolved
TKT0002616,CUS000657,2024-06-15,2024-06-15,Account,High,11.63,4.4,resolved
TKT0002617,CUS000113,2023-07-26,2023-07-26,Integration,High,13.13,4.1,resolved
TKT0002618,CUS001350,2023-12-24,2023-12-24,Performance,High,10.33,4.9,resolved
TKT0002619,CUS001690,2024-06-22,2024-06-22,Performance,High,4.34,5.0,resolved
TKT0002620,CUS003675,2023-02-07,2023-02-07,Billing,High,22.2,4.2,resolved
TKT0002621,CUS004490,2024-12-30,2024-12-30,Account,Medium,4.45,4.2,resolved
TKT0002622,CUS001936,2024-09-29,2024-09-29,Integration,Critical,12.68,4.7,resolved
TKT0002623,CUS001258,2023-07-14,2023-07-14,Integration,Low,5.57,4.8,resolved
TKT0002624,CUS001405,2023-07-17,2023-07-17,Technical,Medium,13.43,3.9,resolved
TKT0002625,CUS004375,2024-08-16,2024-08-17,Account,High,27.56,4.6,resolved
TKT0002626,CUS000267,2024-05-14,2024-05-14,Technical,Medium,17.41,4.2,resolved
TKT0002627,CUS002183,2024-08-30,2024-08-30,Performance,Low,6.05,4.3,resolved
TKT0002628,CUS001106,2024-01-27,2024-01-27,Billing,Medium,12.12,4.4,resolved
TKT0002629,CUS001795,2024-05-09,2024-05-09,Billing,Low,8.38,4.8,resolved
TKT0002630,CUS001311,2024-12-16,2024-12-16,Integration,Medium,4.63,5.0,resolved
TKT0002631,CUS003904,2024-01-11,2024-01-11,Technical,Low,19.4,,resolved
TKT0002632,CUS001263,2023-10-29,2023-10-30,Performance,Medium,44.48,2.3,resolved
TKT0002633,CUS004503,2024-11-09,2024-11-09,Account,Low,23.39,4.3,resolved
TKT0002634,CUS003530,2024-09-06,2024-09-06,Billing,Low,4.93,,resolved
TKT0002635,CUS001467,2024-04-25,2024-04-26,Billing,High,37.98,2.0,resolved
TKT0002636,CUS000325,2023-10-16,2023-10-16,Integration,Low,7.14,3.9,resolved
TKT0002637,CUS000865,2024-01-16,2024-01-16,Performance,Medium,13.41,,resolved
TKT0002638,CUS002613,2024-05-24,2024-05-24,Integration,Medium,6.61,4.1,resolved
TKT0002639,CUS004126,2024-03-22,2024-03-22,Account,Medium,11.58,3.8,resolved
TKT0002640,CUS001927,2023-11-30,2023-11-30,Technical,Medium,4.85,5.0,resolved
TKT0002641,CUS002010,2024-07-18,2024-07-18,Technical,Low,5.73,5.0,resolved
TKT0002642,CUS004580,2024-03-18,2024-03-19,Integration,Medium,35.75,2.3,resolved
TKT0002643,CUS002145,2023-04-07,2023-04-09,Integration,Medium,52.31,2.2,resolved
TKT0002644,CUS000856,2023-04-21,2023-04-21,Technical,High,4.38,5.0,resolved
TKT0002645,CUS000918,2024-08-31,2024-08-31,Technical,Medium,20.17,4.6,resolved
TKT0002646,CUS004245,2024-01-26,2024-01-26,Performance,Medium,4.96,4.7,resolved
TKT0002647,CUS002410,2024-09-12,2024-09-12,Account,High,7.88,4.4,resolved
TKT0002648,CUS003918,2023-11-23,2023-11-23,Integration,Low,7.9,5.0,resolved
TKT0002649,CUS002880,2023-09-15,2023-09-15,Billing,Low,19.51,5.0,resolved
TKT0002650,CUS001049,2023-07-16,2023-07-17,Account,Critical,24.69,4.8,resolved
TKT0002651,CUS001244,2023-02-17,2023-02-17,Account,Medium,18.65,4.0,resolved
TKT0002652,CUS000690,2024-04-28,2024-04-28,Billing,Medium,16.97,,resolved
TKT0002653,CUS000508,2024-07-23,2024-07-23,Performance,High,15.46,3.6,resolved
TKT0002654,CUS003068,2024-06-24,2024-06-24,Integration,Critical,5.2,5.0,resolved
TKT0002655,CUS003946,2024-10-01,2024-10-01,Account,Medium,12.88,4.2,resolved
TKT0002656,CUS003428,2024-08-21,2024-08-21,Technical,High,11.68,4.5,resolved
TKT0002657,CUS004520,2024-02-27,2024-02-27,Billing,Medium,6.55,3.3,resolved
TKT0002658,CUS004534,2023-03-21,2023-03-21,Account,Medium,14.38,4.1,resolved
TKT0002659,CUS004726,2024-06-30,2024-06-30,Integration,Medium,23.95,4.7,resolved
TKT0002660,CUS003849,2024-03-09,2024-03-09,Performance,High,10.01,4.7,resolved
TKT0002661,CUS002401,2024-07-12,2024-07-13,Integration,High,29.25,1.8,resolved
TKT0002662,CUS001748,2024-02-25,2024-02-25,Integration,Medium,14.14,4.8,resolved
TKT0002663,CUS000393,2023-08-01,2023-08-01,Performance,Medium,3.68,5.0,resolved
TKT0002664,CUS004673,2023-06-16,2023-06-16,Integration,Low,4.55,3.9,resolved
TKT0002665,CUS001432,2023-03-24,2023-03-24,Technical,Low,6.51,4.9,resolved
TKT0002666,CUS000780,2023-10-03,2023-10-03,Technical,Medium,13.53,,resolved
TKT0002667,CUS000427,2024-10-04,2024-10-05,Billing,Low,34.71,3.6,resolved
TKT0002668,CUS001224,2023-05-16,2023-05-16,Integration,Low,21.68,4.4,resolved
TKT0002669,CUS004267,2023-07-03,2023-07-03,Integration,Medium,18.49,4.0,resolved
TKT0002670,CUS004741,2023-05-11,2023-05-12,Technical,Medium,29.03,3.6,resolved
TKT0002671,CUS001251,2023-11-14,2023-11-14,Integration,Medium,16.05,5.0,resolved
TKT0002672,CUS004187,2023-04-22,2023-04-22,Technical,Low,21.36,5.0,resolved
TKT0002673,CUS002955,2024-10-01,2024-10-01,Integration,High,11.22,5.0,resolved
TKT0002674,CUS001452,2024-10-12,2024-10-12,Integration,High,6.08,5.0,resolved
TKT0002675,CUS001473,2023-08-23,2023-08-23,Account,High,4.87,4.5,resolved
TKT0002676,CUS002003,2023-03-08,2023-03-08,Billing,Medium,13.59,4.4,resolved
TKT0002677,CUS000724,2023-11-01,2023-11-01,Billing,Low,3.57,5.0,resolved
TKT0002678,CUS003252,2023-01-23,2023-01-23,Integration,Medium,8.45,4.8,resolved
TKT0002679,CUS000164,2023-01-22,2023-01-22,Performance,Medium,14.16,3.0,resolved
TKT0002680,CUS004452,2023-12-24,2023-12-25,Performance,High,29.97,3.1,resolved
TKT0002681,CUS003786,2023-02-25,2023-02-25,Performance,High,9.57,4.5,resolved
TKT0002682,CUS001725,2023-12-23,2023-12-23,Account,High,23.12,3.7,resolved
TKT0002683,CUS002482,2024-04-27,2024-04-27,Account,Low,7.92,5.0,resolved
TKT0002684,CUS002083,2023-09-13,2023-09-13,Account,Low,5.63,5.0,resolved
TKT0002685,CUS004756,2024-11-21,2024-11-22,Technical,High,32.13,3.8,resolved
TKT0002686,CUS002465,2024-05-05,2024-05-06,Account,Medium,35.72,3.5,resolved
TKT0002687,CUS004733,2023-03-30,2023-03-30,Performance,Medium,11.47,5.0,resolved
TKT0002688,CUS003903,2024-12-24,2024-12-24,Account,Critical,7.29,5.0,resolved
TKT0002689,CUS003878,2024-10-27,2024-10-29,Technical,Medium,71.68,3.1,resolved
TKT0002690,CUS003545,2023-06-22,2023-06-22,Performance,High,10.77,4.8,resolved
TKT0002691,CUS003386,2023-03-24,2023-03-24,Performance,Medium,18.18,4.4,resolved
TKT0002692,CUS001991,2023-11-16,2023-11-17,Performance,Medium,26.85,,resolved
TKT0002693,CUS000512,2024-10-07,2024-10-07,Integration,Low,23.0,4.2,resolved
TKT0002694,CUS002527,2024-04-11,2024-04-11,Integration,Critical,5.15,4.4,resolved
TKT0002695,CUS003916,2024-10-11,2024-10-11,Technical,Medium,9.43,4.7,resolved
TKT0002696,CUS000618,2024-09-05,2024-09-05,Account,Medium,7.71,4.3,resolved
TKT0002697,CUS002378,2023-01-23,2023-01-23,Technical,High,17.17,4.9,resolved
TKT0002698,CUS001273,2024-05-24,2024-05-24,Integration,Medium,12.94,5.0,resolved
TKT0002699,CUS002280,2023-09-11,2023-09-11,Performance,Low,8.29,4.9,resolved
TKT0002700,CUS001019,2024-12-23,2024-12-23,Account,Low,8.42,5.0,resolved
TKT0002701,CUS003388,2023-06-07,2023-06-07,Account,Medium,19.14,4.9,resolved
TKT0002702,CUS003233,2024-04-19,2024-04-19,Performance,Medium,4.14,4.3,resolved
TKT0002703,CUS002157,2024-12-19,2024-12-19,Account,Medium,8.57,5.0,resolved
TKT0002704,CUS001259,2024-07-10,2024-07-10,Account,Low,12.53,4.8,resolved
TKT0002705,CUS001396,2023-08-04,2023-08-04,Billing,Low,11.77,3.6,resolved
TKT0002706,CUS000992,2024-12-04,2024-12-04,Integration,Critical,6.58,4.7,resolved
TKT0002707,CUS004834,2024-02-05,2024-02-05,Technical,High,7.69,3.1,resolved
TKT0002708,CUS001152,2024-08-22,2024-08-22,Technical,Medium,4.13,3.8,resolved
TKT0002709,CUS002140,2023-11-06,2023-11-06,Technical,Low,6.48,4.0,resolved
TKT0002710,CUS002517,2024-04-21,2024-04-21,Technical,High,3.29,4.0,resolved
TKT0002711,CUS003358,2024-01-20,2024-01-20,Billing,Medium,9.02,5.0,resolved
TKT0002712,CUS003759,2024-03-26,2024-03-26,Billing,Medium,13.92,,resolved
TKT0002713,CUS001933,2024-05-08,2024-05-08,Integration,Medium,14.32,4.6,resolved
TKT0002714,CUS002595,2024-09-08,2024-09-08,Performance,Medium,2.57,4.9,resolved
TKT0002715,CUS004500,2023-09-20,2023-09-20,Integration,Medium,17.88,4.1,resolved
TKT0002716,CUS000579,2024-04-06,2024-04-06,Technical,Medium,11.94,4.2,resolved
TKT0002717,CUS002221,2024-10-17,2024-10-17,Integration,Low,6.1,4.4,resolved
TKT0002718,CUS000950,2024-08-13,2024-08-13,Performance,Critical,9.78,5.0,resolved
TKT0002719,CUS000227,2023-06-18,2023-06-19,Integration,Medium,30.16,1.9,resolved
TKT0002720,CUS000784,2023-08-05,2023-08-05,Technical,Medium,22.66,4.6,resolved
TKT0002721,CUS001245,2024-09-23,2024-09-23,Account,Critical,16.22,4.0,resolved
TKT0002722,CUS002832,2024-11-27,2024-11-27,Billing,Medium,6.76,4.9,resolved
TKT0002723,CUS003831,2024-02-17,2024-02-17,Performance,Medium,14.69,4.8,resolved
TKT0002724,CUS004697,2023-10-24,2023-10-24,Billing,Medium,5.46,5.0,resolved
TKT0002725,CUS004790,2024-11-07,2024-11-07,Technical,Medium,4.35,,resolved
TKT0002726,CUS004391,2023-03-13,2023-03-13,Billing,Medium,16.97,3.9,resolved
TKT0002727,CUS002584,2024-09-04,2024-09-04,Account,Low,14.14,3.3,resolved
TKT0002728,CUS002129,2024-12-06,2024-12-06,Technical,Medium,10.71,4.8,resolved
TKT0002729,CUS002268,2024-07-06,2024-07-06,Performance,Medium,11.01,5.0,resolved
TKT0002730,CUS004827,2023-09-30,2023-09-30,Account,Low,5.08,4.5,resolved
TKT0002731,CUS002963,2023-09-04,2023-09-04,Billing,Low,3.08,4.8,resolved
TKT0002732,CUS003729,2023-09-16,2023-09-16,Billing,Low,13.85,,resolved
TKT0002733,CUS000323,2023-06-10,2023-06-10,Account,Medium,20.07,4.0,resolved
TKT0002734,CUS004870,2023-07-16,2023-07-16,Billing,Low,7.72,5.0,resolved
TKT0002735,CUS002612,2024-10-23,2024-10-23,Integration,Critical,7.92,4.7,resolved
TKT0002736,CUS003028,2024-03-04,2024-03-04,Billing,High,11.11,5.0,resolved
TKT0002737,CUS004032,2023-04-19,2023-04-19,Performance,Medium,8.08,4.4,resolved
TKT0002738,CUS000425,2023-06-10,2023-06-10,Billing,High,16.21,4.3,resolved
TKT0002739,CUS000064,2023-01-21,2023-01-21,Billing,Medium,16.65,3.6,resolved
TKT0002740,CUS004774,2024-08-13,2024-08-13,Integration,Medium,9.92,4.2,resolved
TKT0002741,CUS001066,2024-09-04,2024-09-04,Billing,High,9.1,,resolved
TKT0002742,CUS000535,2024-05-01,2024-05-01,Billing,Low,12.35,4.5,resolved
TKT0002743,CUS004673,2024-08-21,2024-08-21,Technical,Medium,1.76,5.0,resolved
TKT0002744,CUS001882,2023-08-23,2023-08-23,Billing,Medium,16.61,4.5,resolved
TKT0002745,CUS004268,2024-11-01,2024-11-01,Integration,High,3.87,4.9,resolved
TKT0002746,CUS004655,2024-10-28,2024-10-28,Account,Medium,13.61,4.1,resolved
TKT0002747,CUS000988,2024-06-27,2024-06-27,Billing,Medium,18.35,,resolved
TKT0002748,CUS000345,2023-04-29,2023-04-29,Billing,Medium,2.16,5.0,resolved
TKT0002749,CUS000194,2024-09-04,2024-09-04,Billing,Medium,15.93,3.8,resolved
TKT0002750,CUS001382,2023-09-30,2023-09-30,Billing,Medium,9.82,5.0,resolved
TKT0002751,CUS000894,2023-04-05,2023-04-05,Technical,Low,23.54,3.0,resolved
TKT0002752,CUS004509,2024-11-01,2024-11-01,Integration,Medium,19.43,,resolved
TKT0002753,CUS004643,2024-03-20,2024-03-20,Account,Medium,19.84,3.8,resolved
TKT0002754,CUS002221,2024-01-14,2024-01-14,Billing,Medium,11.43,5.0,resolved
TKT0002755,CUS001771,2024-10-31,2024-10-31,Performance,Medium,5.1,5.0,resolved
TKT0002756,CUS002048,2023-04-23,2023-04-23,Technical,High,6.1,4.6,resolved
TKT0002757,CUS004162,2024-10-23,2024-10-24,Technical,Low,36.31,2.6,resolved
TKT0002758,CUS000732,2023-09-16,2023-09-16,Performance,Medium,19.43,3.5,resolved
TKT0002759,CUS000762,2024-10-18,2024-10-18,Performance,Medium,13.97,5.0,resolved
TKT0002760,CUS001404,2023-01-13,2023-01-13,Technical,Low,5.79,,resolved
TKT0002761,CUS002930,2024-06-04,2024-06-05,Billing,Medium,46.37,2.8,resolved
TKT0002762,CUS003562,2023-09-04,2023-09-04,Billing,Medium,13.22,4.7,resolved
TKT0002763,CUS004950,2023-09-24,2023-09-26,Technical,Low,68.83,,resolved
TKT0002764,CUS000201,2024-12-04,2024-12-05,Technical,Medium,40.83,2.4,resolved
TKT0002765,CUS001795,2023-05-22,2023-05-22,Performance,Medium,6.26,4.0,resolved
TKT0002766,CUS001545,2023-04-29,2023-04-29,Performance,Medium,6.66,4.8,resolved
TKT0002767,CUS000206,2023-02-27,2023-02-27,Performance,Medium,15.04,,resolved
TKT0002768,CUS003955,2024-05-26,2024-05-26,Technical,Medium,23.33,3.6,resolved
TKT0002769,CUS002140,2023-03-12,2023-03-12,Account,High,20.75,4.4,resolved
TKT0002770,CUS003081,2024-12-25,2024-12-25,Technical,High,2.71,4.9,resolved
TKT0002771,CUS002279,2023-04-26,2023-04-26,Integration,Low,22.45,4.3,resolved
TKT0002772,CUS001842,2024-03-10,2024-03-11,Technical,Medium,35.59,2.5,resolved
TKT0002773,CUS000693,2024-02-16,2024-02-16,Billing,Low,15.16,4.2,resolved
TKT0002774,CUS004455,2023-10-14,2023-10-14,Technical,Medium,14.77,5.0,resolved
TKT0002775,CUS000600,2023-01-22,2023-01-23,Billing,Medium,34.01,2.9,resolved
TKT0002776,CUS002909,2024-06-11,2024-06-12,Performance,Low,24.9,4.0,resolved
TKT0002777,CUS004883,2023-05-09,2023-05-09,Integration,High,14.21,4.4,resolved
TKT0002778,CUS001437,2023-07-05,2023-07-05,Billing,Medium,12.95,4.1,resolved
TKT0002779,CUS002397,2023-09-19,2023-09-19,Technical,High,10.26,5.0,resolved
TKT0002780,CUS003730,2024-02-26,2024-02-27,Integration,Low,24.49,3.4,resolved
TKT0002781,CUS001289,2024-04-15,2024-04-15,Technical,Medium,9.29,5.0,resolved
TKT0002782,CUS001130,2024-11-06,2024-11-06,Integration,Critical,20.16,4.5,resolved
TKT0002783,CUS000559,2024-09-15,2024-09-15,Account,Medium,5.55,3.9,resolved
TKT0002784,CUS000110,2024-02-25,2024-02-25,Account,High,7.17,5.0,resolved
TKT0002785,CUS001417,2023-10-26,2023-10-26,Performance,High,8.18,4.8,resolved
TKT0002786,CUS003397,2024-11-05,2024-11-05,Performance,Medium,22.5,3.2,resolved
TKT0002787,CUS000373,2023-09-14,2023-09-14,Billing,High,17.24,3.9,resolved
TKT0002788,CUS003838,2024-01-04,2024-01-04,Performance,Medium,12.68,3.9,resolved
TKT0002789,CUS002147,2024-01-15,2024-01-15,Technical,Medium,13.06,4.7,resolved
TKT0002790,CUS002782,2023-08-05,2023-08-05,Integration,Low,5.03,5.0,resolved
TKT0002791,CUS001567,2024-03-11,2024-03-11,Technical,Medium,15.72,4.3,resolved
TKT0002792,CUS003297,2024-05-20,2024-05-20,Integration,Medium,18.74,3.8,resolved
TKT0002793,CUS003781,2023-09-19,2023-09-19,Account,Medium,6.87,4.8,resolved
TKT0002794,CUS000428,2023-01-14,2023-01-16,Billing,Low,71.88,1.1,resolved
TKT0002795,CUS004440,2024-04-17,2024-04-17,Technical,Medium,23.27,4.2,resolved
TKT0002796,CUS002956,2023-05-09,2023-05-09,Billing,Critical,11.31,4.2,resolved
TKT0002797,CUS003250,2023-10-20,2023-10-20,Performance,Medium,9.0,2.8,resolved
TKT0002798,CUS002643,2024-10-30,2024-10-30,Billing,Critical,22.4,4.0,resolved
TKT0002799,CUS000469,2023-05-23,2023-05-23,Billing,High,5.26,4.7,resolved
TKT0002800,CUS002244,2023-02-22,2023-02-22,Billing,Medium,7.28,4.0,resolved
TKT0002801,CUS000886,2024-09-11,2024-09-11,Performance,Medium,21.12,3.8,resolved
TKT0002802,CUS002565,2024-09-23,2024-09-23,Performance,Low,10.33,5.0,resolved
TKT0002803,CUS004508,2023-06-01,2023-06-01,Billing,Low,13.16,3.9,resolved
TKT0002804,CUS002370,2023-05-23,2023-05-23,Performance,High,7.09,4.7,resolved
TKT0002805,CUS001045,2024-07-31,2024-08-01,Technical,High,24.48,3.5,resolved
TKT0002806,CUS002537,2024-03-07,2024-03-07,Technical,Medium,12.23,3.6,resolved
TKT0002807,CUS001694,2024-03-04,2024-03-04,Technical,Medium,6.27,5.0,resolved
TKT0002808,CUS004643,2024-08-26,2024-08-27,Integration,Medium,31.43,3.4,resolved
TKT0002809,CUS002142,2024-07-06,2024-07-06,Performance,Medium,5.89,5.0,resolved
TKT0002810,CUS003981,2023-09-03,2023-09-03,Performance,Low,4.69,5.0,resolved
TKT0002811,CUS002418,2023-01-07,2023-01-07,Integration,Medium,5.57,5.0,resolved
TKT0002812,CUS001178,2023-07-26,2023-07-26,Billing,Critical,17.59,3.6,resolved
TKT0002813,CUS003319,2023-06-08,2023-06-08,Integration,Low,10.69,5.0,resolved
TKT0002814,CUS000092,2024-04-29,2024-05-03,Billing,High,115.2,1.0,resolved
TKT0002815,CUS004080,2023-11-19,2023-11-20,Billing,Medium,33.84,1.7,resolved
TKT0002816,CUS004460,2023-02-14,2023-02-14,Technical,Medium,18.28,4.9,resolved
TKT0002817,CUS002753,2024-09-25,2024-09-25,Integration,Medium,5.8,,resolved
TKT0002818,CUS001237,2023-03-14,2023-03-14,Account,High,18.73,3.5,resolved
TKT0002819,CUS000874,2023-03-16,2023-03-16,Technical,Low,12.56,4.4,resolved
TKT0002820,CUS003605,2024-11-06,2024-11-06,Account,Medium,6.71,4.4,resolved
TKT0002821,CUS001070,2024-02-18,2024-02-18,Technical,Low,12.01,4.7,resolved
TKT0002822,CUS002566,2024-08-29,2024-08-29,Billing,Low,11.82,4.2,resolved
TKT0002823,CUS004308,2024-09-06,2024-09-06,Technical,Medium,6.47,5.0,resolved
TKT0002824,CUS003820,2023-04-11,2023-04-11,Technical,Critical,4.36,5.0,resolved
TKT0002825,CUS000073,2023-01-12,2023-01-12,Integration,Medium,21.89,4.1,resolved
TKT0002826,CUS003515,2023-10-24,2023-10-25,Account,Low,26.84,4.0,resolved
TKT0002827,CUS000059,2023-01-28,2023-01-28,Performance,High,9.54,5.0,resolved
TKT0002828,CUS001625,2023-08-07,2023-08-07,Billing,Low,14.41,4.1,resolved
TKT0002829,CUS001879,2023-10-17,2023-10-18,Integration,Medium,29.84,3.4,resolved
TKT0002830,CUS002374,2023-11-21,2023-11-21,Technical,Medium,8.06,5.0,resolved
TKT0002831,CUS003276,2023-03-09,2023-03-09,Technical,Low,8.51,4.6,resolved
TKT0002832,CUS004952,2023-06-07,2023-06-09,Account,Medium,50.75,2.5,resolved
TKT0002833,CUS000889,2023-03-04,2023-03-04,Technical,Medium,6.95,4.6,resolved
TKT0002834,CUS003359,2024-04-12,2024-04-14,Performance,Low,71.94,1.0,resolved
TKT0002835,CUS000911,2023-06-05,2023-06-08,Billing,Low,83.43,1.0,resolved
TKT0002836,CUS001673,2024-03-04,2024-03-04,Billing,High,12.34,5.0,resolved
TKT0002837,CUS004064,2023-12-16,2023-12-16,Account,Low,3.61,5.0,resolved
TKT0002838,CUS000356,2024-06-17,2024-06-17,Performance,High,9.85,5.0,resolved
TKT0002839,CUS000095,2023-09-01,2023-09-01,Technical,Low,18.13,3.6,resolved
TKT0002840,CUS001812,2023-01-01,2023-01-01,Billing,Medium,16.43,4.6,resolved
TKT0002841,CUS002210,2024-12-11,2024-12-11,Technical,High,23.52,4.3,resolved
TKT0002842,CUS002071,2024-11-13,2024-11-13,Performance,Medium,7.76,4.3,resolved
TKT0002843,CUS002948,2023-11-24,2023-11-24,Integration,Low,13.87,4.1,resolved
TKT0002844,CUS003673,2023-02-14,2023-02-14,Billing,Low,13.42,5.0,resolved
TKT0002845,CUS003217,2024-02-25,2024-02-25,Integration,Medium,13.7,4.3,resolved
TKT0002846,CUS003691,2024-03-07,2024-03-07,Account,High,5.85,5.0,resolved
TKT0002847,CUS002608,2023-10-02,2023-10-02,Account,Low,18.66,3.6,resolved
TKT0002848,CUS002220,2023-07-06,2023-07-06,Technical,High,5.61,5.0,resolved
TKT0002849,CUS000660,2023-03-17,2023-03-17,Integration,Medium,13.38,4.2,resolved
TKT0002850,CUS004927,2023-12-23,2023-12-23,Technical,Medium,14.34,4.3,resolved
TKT0002851,CUS003286,2023-11-03,2023-11-03,Technical,Medium,5.64,5.0,resolved
TKT0002852,CUS001154,2024-02-05,2024-02-05,Account,Medium,5.38,5.0,resolved
TKT0002853,CUS003435,2023-11-26,2023-11-26,Billing,Medium,8.42,4.4,resolved
TKT0002854,CUS002701,2024-12-11,2024-12-12,Integration,Medium,34.54,3.3,resolved
TKT0002855,CUS002028,2024-11-26,2024-11-26,Billing,Medium,13.65,,resolved
TKT0002856,CUS003085,2024-12-27,2024-12-27,Billing,Low,20.05,,resolved
TKT0002857,CUS001117,2024-10-15,2024-10-15,Technical,High,21.05,4.1,resolved
TKT0002858,CUS004859,2024-10-25,2024-10-25,Account,High,16.67,5.0,resolved
TKT0002859,CUS002200,2023-01-04,2023-01-04,Integration,Low,10.26,5.0,resolved
TKT0002860,CUS002876,2024-10-17,2024-10-17,Technical,Medium,1.4,5.0,resolved
TKT0002861,CUS000519,2023-07-22,2023-07-22,Account,Medium,16.02,3.9,resolved
TKT0002862,CUS004395,2023-06-23,2023-06-26,Technical,Low,74.02,1.7,resolved
TKT0002863,CUS003404,2024-02-26,2024-02-26,Account,Medium,6.62,4.9,resolved
TKT0002864,CUS000499,2024-02-01,2024-02-01,Integration,Critical,10.24,4.6,resolved
TKT0002865,CUS002148,2024-05-31,2024-06-02,Technical,Low,52.09,2.3,resolved
TKT0002866,CUS001309,2024-09-19,2024-09-19,Technical,Low,14.57,4.9,resolved
TKT0002867,CUS002430,2023-11-23,2023-11-23,Account,Medium,14.05,4.5,resolved
TKT0002868,CUS002092,2024-08-30,2024-08-30,Technical,High,8.1,4.2,resolved
TKT0002869,CUS003882,2024-06-04,2024-06-04,Account,High,20.63,3.5,resolved
TKT0002870,CUS002855,2024-05-21,2024-05-22,Account,Medium,25.51,3.0,resolved
TKT0002871,CUS002218,2024-06-09,2024-06-09,Account,Medium,13.54,4.5,resolved
TKT0002872,CUS000873,2023-12-17,2023-12-17,Integration,Medium,5.15,5.0,resolved
TKT0002873,CUS004722,2024-06-03,2024-06-04,Account,High,46.83,3.3,resolved
TKT0002874,CUS001521,2024-03-21,2024-03-21,Technical,Low,10.6,4.9,resolved
TKT0002875,CUS000309,2023-07-04,2023-07-04,Billing,High,5.63,5.0,resolved
TKT0002876,CUS001485,2024-05-10,2024-05-10,Billing,Low,14.57,5.0,resolved
TKT0002877,CUS000921,2023-01-07,2023-01-07,Technical,Medium,5.28,4.0,resolved
TKT0002878,CUS001845,2024-09-26,2024-09-26,Performance,Critical,8.96,5.0,resolved
TKT0002879,CUS004082,2023-05-22,2023-05-22,Integration,High,8.59,,resolved
TKT0002880,CUS001897,2024-08-23,2024-08-24,Integration,Low,31.85,2.7,resolved
TKT0002881,CUS002308,2023-09-15,2023-09-15,Account,High,4.75,3.7,resolved
TKT0002882,CUS003971,2024-06-19,2024-06-19,Performance,Low,7.33,4.7,resolved
TKT0002883,CUS002554,2023-11-24,2023-11-24,Billing,High,3.01,5.0,resolved
TKT0002884,CUS003623,2024-05-27,2024-05-27,Billing,Medium,13.13,3.6,resolved
TKT0002885,CUS002423,2023-03-07,2023-03-07,Technical,High,15.97,3.9,resolved
TKT0002886,CUS001733,2024-06-22,2024-06-22,Account,Low,2.72,5.0,resolved
TKT0002887,CUS002525,2024-05-22,2024-05-22,Billing,High,13.59,5.0,resolved
TKT0002888,CUS004892,2024-10-25,2024-10-25,Billing,Low,11.11,4.8,resolved
TKT0002889,CUS000546,2023-04-15,2023-04-16,Performance,Medium,32.91,3.6,resolved
TKT0002890,CUS004428,2023-11-29,2023-11-30,Technical,High,34.51,,resolved
TKT0002891,CUS003134,2023-07-30,2023-07-30,Account,Medium,3.62,5.0,resolved
TKT0002892,CUS004842,2024-12-24,2024-12-24,Account,High,12.09,4.8,resolved
TKT0002893,CUS001249,2023-08-24,2023-08-24,Account,High,19.86,3.7,resolved
TKT0002894,CUS001916,2024-04-16,2024-04-16,Account,Medium,19.94,3.8,resolved
TKT0002895,CUS000552,2024-03-05,2024-03-05,Technical,High,9.56,4.6,resolved
TKT0002896,CUS000259,2024-01-23,2024-01-23,Account,Medium,18.61,4.0,resolved
TKT0002897,CUS002334,2024-06-20,2024-06-20,Performance,High,14.05,3.3,resolved
TKT0002898,CUS000450,2023-03-07,2023-03-07,Technical,High,19.29,3.8,resolved
TKT0002899,CUS003027,2023-08-14,2023-08-14,Account,Medium,20.13,4.4,resolved
TKT0002900,CUS002833,2024-05-05,2024-05-05,Account,Low,9.71,4.1,resolved
TKT0002901,CUS004722,2024-09-04,2024-09-04,Technical,Low,17.61,4.3,resolved
TKT0002902,CUS004559,2024-02-19,2024-02-19,Billing,Low,9.78,3.9,resolved
TKT0002903,CUS001477,2023-09-17,2023-09-18,Technical,Low,29.75,2.1,resolved
TKT0002904,CUS004624,2024-03-29,2024-03-29,Technical,Medium,10.92,4.4,resolved
TKT0002905,CUS000269,2024-08-12,2024-08-12,Billing,High,13.83,,resolved
TKT0002906,CUS003663,2023-07-17,2023-07-17,Billing,Low,13.64,4.1,resolved
TKT0002907,CUS002916,2023-04-27,2023-04-27,Technical,Critical,18.88,3.5,resolved
TKT0002908,CUS001785,2024-09-13,2024-09-13,Account,Low,9.78,5.0,resolved
TKT0002909,CUS004106,2023-09-20,2023-09-20,Account,Medium,9.65,4.6,resolved
TKT0002910,CUS001775,2024-12-07,2024-12-07,Integration,Medium,10.0,5.0,resolved
TKT0002911,CUS002663,2024-03-02,2024-03-02,Account,High,4.27,5.0,resolved
TKT0002912,CUS003428,2024-07-18,2024-07-18,Integration,Low,13.33,4.7,resolved
TKT0002913,CUS001345,2024-01-04,2024-01-04,Performance,Medium,3.96,5.0,resolved
TKT0002914,CUS000586,2023-05-04,2023-05-04,Integration,Low,18.15,3.7,resolved
TKT0002915,CUS003470,2023-09-22,2023-09-22,Billing,Medium,20.71,4.0,resolved
TKT0002916,CUS000931,2023-01-05,2023-01-05,Billing,Medium,18.82,3.3,resolved
TKT0002917,CUS001060,2023-06-04,2023-06-04,Billing,Low,3.66,4.3,resolved
TKT0002918,CUS001000,2024-05-25,2024-05-25,Billing,Medium,20.21,4.2,resolved
TKT0002919,CUS003740,2024-01-04,2024-01-06,Billing,Medium,49.68,2.2,resolved
TKT0002920,CUS001580,2024-12-03,2024-12-03,Performance,High,7.42,4.4,resolved
TKT0002921,CUS003704,2023-03-09,2023-03-09,Performance,Medium,23.16,,resolved
TKT0002922,CUS002853,2023-03-18,2023-03-18,Technical,Medium,22.25,3.6,resolved
TKT0002923,CUS002545,2023-10-17,2023-10-17,Performance,High,4.15,4.8,resolved
TKT0002924,CUS004524,2024-09-21,2024-09-21,Account,High,13.19,4.6,resolved
TKT0002925,CUS002906,2023-02-21,2023-02-21,Billing,Medium,18.98,3.8,resolved
TKT0002926,CUS001180,2024-01-29,2024-01-29,Performance,Medium,8.55,4.1,resolved
TKT0002927,CUS004916,2023-11-13,2023-11-13,Integration,Critical,4.23,,resolved
TKT0002928,CUS001557,2024-07-24,2024-07-24,Billing,Medium,22.94,5.0,resolved
TKT0002929,CUS002383,2024-12-04,2024-12-04,Technical,Medium,3.49,5.0,resolved
TKT0002930,CUS001889,2024-01-20,2024-01-20,Account,High,2.58,4.9,resolved
TKT0002931,CUS003696,2023-12-21,2023-12-21,Integration,Low,4.32,4.9,resolved
TKT0002932,CUS002333,2023-07-22,2023-07-22,Technical,Low,8.09,4.3,resolved
TKT0002933,CUS001757,2024-03-05,2024-03-05,Performance,Medium,3.94,5.0,resolved
TKT0002934,CUS003242,2023-04-17,2023-04-17,Account,High,4.96,5.0,resolved
TKT0002935,CUS002469,2024-01-02,2024-01-02,Billing,Medium,6.76,4.5,resolved
TKT0002936,CUS000086,2023-02-14,2023-02-14,Technical,Low,23.88,3.6,resolved
TKT0002937,CUS003229,2023-06-09,2023-06-09,Performance,Medium,13.93,4.6,resolved
TKT0002938,CUS000799,2023-05-05,2023-05-05,Performance,Medium,12.09,5.0,resolved
TKT0002939,CUS004803,2023-03-21,2023-03-23,Performance,Medium,48.34,2.8,resolved
TKT0002940,CUS003724,2023-02-18,2023-02-19,Integration,Low,30.37,3.8,resolved
TKT0002941,CUS001875,2023-09-01,2023-09-01,Account,High,9.6,4.9,resolved
TKT0002942,CUS000297,2023-08-03,2023-08-03,Integration,High,5.6,5.0,resolved
TKT0002943,CUS001647,2024-01-12,2024-01-12,Technical,Low,7.02,5.0,resolved
TKT0002944,CUS003262,2023-10-30,2023-10-30,Integration,Medium,12.3,5.0,resolved
TKT0002945,CUS004492,2024-05-24,2024-05-25,Billing,Low,25.18,4.0,resolved
TKT0002946,CUS003742,2024-05-03,2024-05-03,Billing,Medium,5.36,4.7,resolved
TKT0002947,CUS003850,2024-04-18,2024-04-18,Account,Low,16.45,5.0,resolved
TKT0002948,CUS000657,2024-11-14,2024-11-14,Integration,Low,9.64,3.6,resolved
TKT0002949,CUS001150,2024-01-21,2024-01-22,Performance,High,43.06,,resolved
TKT0002950,CUS003946,2024-01-13,2024-01-13,Billing,Medium,18.42,3.8,resolved
TKT0002951,CUS001888,2023-09-17,2023-09-17,Account,High,5.42,,resolved
TKT0002952,CUS004283,2024-01-05,2024-01-05,Billing,Medium,17.6,2.9,resolved
TKT0002953,CUS000200,2023-07-09,2023-07-09,Technical,High,14.4,4.2,resolved
TKT0002954,CUS003094,2024-12-24,2024-12-24,Account,Low,20.57,5.0,resolved
TKT0002955,CUS002556,2024-06-27,2024-06-27,Billing,Medium,10.1,5.0,resolved
TKT0002956,CUS004017,2023-11-06,2023-11-06,Performance,High,2.93,4.6,resolved
TKT0002957,CUS000852,2024-10-13,2024-10-13,Billing,Medium,8.68,,resolved
TKT0002958,CUS000993,2024-09-03,2024-09-03,Account,Low,9.27,4.4,resolved
TKT0002959,CUS002472,2024-04-06,2024-04-06,Integration,Medium,9.28,4.8,resolved
TKT0002960,CUS003035,2023-08-03,2023-08-03,Performance,Medium,6.87,5.0,resolved
TKT0002961,CUS000815,2023-03-15,2023-03-15,Billing,Low,10.8,5.0,resolved
TKT0002962,CUS004533,2023-03-21,2023-03-21,Performance,Low,20.2,4.5,resolved
TKT0002963,CUS004207,2024-08-04,2024-08-04,Technical,High,16.6,4.4,resolved
TKT0002964,CUS000634,2023-04-06,2023-04-06,Billing,High,16.49,3.0,resolved
TKT0002965,CUS004241,2024-03-07,2024-03-08,Account,Low,24.0,2.6,resolved
TKT0002966,CUS004579,2023-12-16,2023-12-16,Integration,Critical,18.41,3.6,resolved
TKT0002967,CUS001223,2024-04-22,2024-04-22,Integration,Low,4.8,4.1,resolved
TKT0002968,CUS004316,2023-02-14,2023-02-14,Performance,Low,19.69,,resolved
TKT0002969,CUS002831,2024-05-20,2024-05-20,Billing,High,20.62,,resolved
TKT0002970,CUS004009,2023-03-21,2023-03-21,Integration,Medium,17.17,4.1,resolved
TKT0002971,CUS003027,2023-12-04,2023-12-04,Account,Medium,17.64,3.6,resolved
TKT0002972,CUS001493,2023-11-09,2023-11-09,Technical,Low,8.84,3.8,resolved
TKT0002973,CUS003459,2024-01-08,2024-01-08,Integration,High,8.76,5.0,resolved
TKT0002974,CUS003496,2023-02-09,2023-02-10,Integration,Medium,37.31,3.1,resolved
TKT0002975,CUS003604,2023-08-17,2023-08-17,Integration,High,4.6,3.9,resolved
TKT0002976,CUS003798,2023-10-19,2023-10-19,Technical,Low,12.94,4.1,resolved
TKT0002977,CUS003236,2024-04-02,2024-04-02,Technical,Low,18.1,5.0,resolved
TKT0002978,CUS002182,2023-07-10,2023-07-10,Technical,Medium,15.31,5.0,resolved
TKT0002979,CUS001674,2023-12-28,2023-12-28,Technical,Medium,12.09,4.5,resolved
TKT0002980,CUS004549,2024-01-20,2024-01-20,Technical,Medium,17.44,4.4,resolved
TKT0002981,CUS004064,2023-09-08,2023-09-09,Account,Medium,24.86,3.5,resolved
TKT0002982,CUS004168,2023-01-31,2023-01-31,Integration,Medium,11.72,4.3,resolved
TKT0002983,CUS000458,2023-06-18,2023-06-18,Technical,Medium,3.94,4.2,resolved
TKT0002984,CUS002040,2023-11-04,2023-11-04,Account,Low,11.32,4.1,resolved
TKT0002985,CUS001780,2024-04-03,2024-04-03,Performance,High,13.6,4.7,resolved
TKT0002986,CUS004375,2023-03-11,2023-03-11,Technical,Medium,5.5,,resolved
TKT0002987,CUS001666,2023-11-24,2023-11-25,Integration,Medium,27.44,3.9,resolved
TKT0002988,CUS004695,2023-09-15,2023-09-15,Account,Low,14.82,5.0,resolved
TKT0002989,CUS004043,2023-05-29,2023-05-29,Technical,Medium,5.66,,resolved
TKT0002990,CUS004336,2024-05-07,2024-05-07,Billing,Medium,15.0,4.6,resolved
TKT0002991,CUS000539,2024-07-23,2024-07-23,Account,Critical,14.82,4.6,resolved
TKT0002992,CUS004882,2024-02-11,2024-02-11,Technical,Low,7.11,4.3,resolved
TKT0002993,CUS001860,2024-01-30,2024-01-30,Billing,Low,4.73,4.8,resolved
TKT0002994,CUS000402,2024-02-06,2024-02-06,Performance,High,8.76,5.0,resolved
TKT0002995,CUS003124,2024-04-07,2024-04-07,Technical,Critical,7.04,5.0,resolved
TKT0002996,CUS004316,2024-07-13,2024-07-13,Integration,High,12.4,4.3,resolved
TKT0002997,CUS003639,2024-02-16,2024-02-16,Performance,High,8.8,5.0,resolved
TKT0002998,CUS003523,2024-09-18,2024-09-18,Performance,High,14.36,,resolved
TKT0002999,CUS004700,2024-04-02,2024-04-03,Technical,Medium,26.16,4.7,resolved
TKT0003000,CUS004839,2023-12-05,2023-12-05,Technical,Low,16.96,4.0,resolved
TKT0003001,CUS004115,2023-03-07,2023-03-07,Performance,Low,15.28,4.3,resolved
TKT0003002,CUS003919,2023-06-11,2023-06-11,Billing,Medium,19.83,5.0,resolved
TKT0003003,CUS001759,2023-07-28,2023-07-28,Integration,Low,6.05,4.2,resolved
TKT0003004,CUS002326,2024-01-18,2024-01-19,Technical,Medium,33.85,,resolved
TKT0003005,CUS002661,2024-07-19,2024-07-20,Account,Medium,36.01,2.7,resolved
TKT0003006,CUS002407,2024-01-08,2024-01-08,Integration,Medium,22.81,4.3,resolved
TKT0003007,CUS004027,2024-08-06,2024-08-06,Integration,Medium,4.1,5.0,resolved
TKT0003008,CUS004963,2024-09-14,2024-09-15,Technical,High,29.81,2.8,resolved
TKT0003009,CUS001029,2023-02-07,2023-02-08,Performance,Medium,28.25,2.6,resolved
TKT0003010,CUS003938,2024-03-15,2024-03-16,Technical,Medium,33.04,2.5,resolved
TKT0003011,CUS003067,2024-06-19,2024-06-19,Account,High,10.41,4.4,resolved
TKT0003012,CUS003633,2024-11-30,2024-11-30,Integration,Medium,4.19,5.0,resolved
TKT0003013,CUS002512,2023-06-16,2023-06-17,Technical,High,44.0,2.5,resolved
TKT0003014,CUS003478,2024-05-16,2024-05-16,Technical,High,7.75,4.4,resolved
TKT0003015,CUS003133,2024-09-02,2024-09-02,Integration,Low,10.22,4.2,resolved
TKT0003016,CUS003280,2023-12-29,2023-12-29,Integration,High,3.89,4.8,resolved
TKT0003017,CUS004751,2023-10-11,2023-10-11,Technical,Low,3.51,4.7,resolved
TKT0003018,CUS000225,2023-08-30,2023-08-30,Technical,High,10.49,4.3,resolved
TKT0003019,CUS001483,2023-08-07,2023-08-07,Technical,Medium,18.63,3.5,resolved
TKT0003020,CUS003226,2024-03-06,2024-03-06,Technical,Medium,12.66,,resolved
TKT0003021,CUS001919,2023-08-01,2023-08-01,Billing,Low,15.83,4.8,resolved
TKT0003022,CUS002266,2024-12-25,2024-12-26,Performance,Medium,24.45,3.4,resolved
TKT0003023,CUS002145,2024-05-15,2024-05-16,Performance,High,26.68,4.2,resolved
TKT0003024,CUS003888,2023-12-01,2023-12-01,Account,Medium,5.87,4.9,resolved
TKT0003025,CUS000282,2024-05-12,2024-05-12,Technical,Medium,19.5,5.0,resolved
TKT0003026,CUS002266,2023-11-07,2023-11-07,Account,Medium,11.35,4.6,resolved
TKT0003027,CUS003337,2024-03-15,2024-03-15,Technical,Medium,14.25,4.7,resolved
TKT0003028,CUS002056,2023-12-15,2023-12-15,Integration,Medium,14.01,3.7,resolved
TKT0003029,CUS000323,2024-11-26,2024-11-27,Account,High,43.6,,resolved
TKT0003030,CUS004745,2023-06-06,2023-06-06,Integration,Medium,3.0,5.0,resolved
TKT0003031,CUS001901,2023-08-14,2023-08-14,Billing,High,12.13,5.0,resolved
TKT0003032,CUS004694,2024-06-07,2024-06-07,Account,Medium,11.5,3.7,resolved
TKT0003033,CUS004610,2024-03-24,2024-03-24,Billing,Medium,14.87,4.8,resolved
TKT0003034,CUS000689,2023-07-01,2023-07-02,Account,High,27.86,4.1,resolved
TKT0003035,CUS003195,2023-11-19,2023-11-19,Account,Low,8.89,5.0,resolved
TKT0003036,CUS001438,2024-05-01,2024-05-01,Account,High,11.01,,resolved
TKT0003037,CUS001030,2024-02-19,2024-02-19,Technical,High,17.18,4.1,resolved
TKT0003038,CUS002824,2024-11-13,2024-11-13,Account,Low,4.78,4.6,resolved
TKT0003039,CUS002693,2023-04-18,2023-04-18,Integration,Low,6.8,4.9,resolved
TKT0003040,CUS004422,2023-07-27,2023-07-27,Integration,Low,10.25,4.3,resolved
TKT0003041,CUS003387,2024-10-30,2024-11-01,Account,High,49.57,2.9,resolved
TKT0003042,CUS003665,2024-05-13,2024-05-13,Technical,Medium,18.96,3.2,resolved
TKT0003043,CUS003949,2024-09-29,2024-09-29,Account,Low,4.45,5.0,resolved
TKT0003044,CUS000338,2023-07-27,2023-07-27,Integration,High,12.27,3.6,resolved
TKT0003045,CUS001826,2024-11-29,2024-11-29,Account,Medium,5.21,5.0,resolved
TKT0003046,CUS003068,2023-11-12,2023-11-12,Billing,Medium,12.51,4.3,resolved
TKT0003047,CUS003878,2024-06-23,2024-06-23,Performance,Medium,7.54,4.6,resolved
TKT0003048,CUS004022,2023-10-21,2023-10-21,Technical,High,4.06,5.0,resolved
TKT0003049,CUS004353,2024-05-28,2024-05-30,Billing,Low,57.89,2.1,resolved
TKT0003050,CUS003378,2024-10-14,2024-10-14,Performance,High,11.72,4.5,resolved
TKT0003051,CUS000713,2023-02-08,2023-02-08,Account,Medium,22.88,3.5,resolved
TKT0003052,CUS001388,2024-11-17,2024-11-17,Technical,Medium,2.67,,resolved
TKT0003053,CUS003048,2023-11-19,2023-11-19,Billing,Medium,15.0,3.7,resolved
TKT0003054,CUS003164,2024-01-25,2024-01-25,Billing,High,7.73,4.1,resolved
TKT0003055,CUS000026,2023-01-27,2023-01-28,Billing,High,27.27,3.9,resolved
TKT0003056,CUS002489,2023-02-05,2023-02-05,Technical,Medium,8.08,3.8,resolved
TKT0003057,CUS004892,2024-11-09,2024-11-10,Performance,High,25.27,,resolved
TKT0003058,CUS000292,2024-11-19,2024-11-19,Account,Medium,14.57,4.5,resolved
TKT0003059,CUS001853,2024-03-07,2024-03-07,Integration,Low,11.14,4.8,resolved
TKT0003060,CUS002950,2024-04-07,2024-04-07,Integration,Medium,23.64,2.4,resolved
TKT0003061,CUS004678,2023-02-14,2023-02-14,Performance,Medium,17.93,3.7,resolved
TKT0003062,CUS000370,2024-05-04,2024-05-04,Billing,Medium,7.11,5.0,resolved
TKT0003063,CUS004174,2024-03-13,2024-03-13,Technical,Low,5.8,5.0,resolved
TKT0003064,CUS001548,2024-11-07,2024-11-07,Integration,Medium,14.19,4.4,resolved
TKT0003065,CUS001498,2024-04-17,2024-04-18,Integration,High,45.24,2.3,resolved
TKT0003066,CUS001364,2024-10-04,2024-10-05,Technical,High,26.19,3.6,resolved
TKT0003067,CUS004429,2024-12-17,2024-12-18,Performance,Medium,30.89,3.7,resolved
TKT0003068,CUS000833,2024-11-16,2024-11-16,Integration,High,12.59,4.2,resolved
TKT0003069,CUS000361,2024-04-25,2024-04-25,Account,High,7.4,5.0,resolved
TKT0003070,CUS003976,2024-10-24,2024-10-25,Account,Medium,24.43,4.4,resolved
TKT0003071,CUS004358,2024-08-13,2024-08-13,Billing,High,4.55,4.7,resolved
TKT0003072,CUS001290,2023-04-30,2023-04-30,Billing,Medium,6.36,5.0,resolved
TKT0003073,CUS004867,2024-07-20,2024-07-20,Integration,Medium,11.01,4.2,resolved
TKT0003074,CUS004659,2024-01-15,2024-01-15,Billing,Medium,9.17,4.4,resolved
TKT0003075,CUS000608,2024-06-11,2024-06-11,Technical,Medium,14.66,4.7,resolved
TKT0003076,CUS000786,2024-03-22,2024-03-22,Integration,Low,13.24,5.0,resolved
TKT0003077,CUS001904,2023-03-21,2023-03-21,Technical,Medium,20.2,3.9,resolved
TKT0003078,CUS003363,2024-03-24,2024-03-24,Billing,Medium,14.2,5.0,resolved
TKT0003079,CUS000035,2023-09-02,2023-09-03,Performance,Medium,33.94,2.9,resolved
TKT0003080,CUS003073,2024-08-04,2024-08-04,Billing,Medium,5.79,5.0,resolved
TKT0003081,CUS004273,2024-07-04,2024-07-04,Integration,Medium,14.05,5.0,resolved
TKT0003082,CUS002401,2024-10-14,2024-10-14,Integration,High,11.38,5.0,resolved
TKT0003083,CUS000402,2024-10-15,2024-10-15,Account,Medium,11.31,4.3,resolved
TKT0003084,CUS000953,2024-09-22,2024-09-22,Account,Low,8.1,5.0,resolved
TKT0003085,CUS003087,2023-04-30,2023-04-30,Performance,Medium,12.84,4.6,resolved
TKT0003086,CUS003092,2024-02-16,2024-02-16,Technical,Medium,5.1,4.8,resolved
TKT0003087,CUS000736,2023-01-01,2023-01-01,Billing,High,3.03,4.9,resolved
TKT0003088,CUS003130,2023-08-18,2023-08-18,Billing,Low,6.26,3.9,resolved
TKT0003089,CUS001543,2024-09-13,2024-09-13,Performance,Medium,3.01,4.9,resolved
TKT0003090,CUS000519,2024-05-10,2024-05-10,Account,High,13.3,4.2,resolved
TKT0003091,CUS002791,2023-06-22,2023-06-22,Technical,Critical,5.64,4.7,resolved
TKT0003092,CUS003422,2024-08-27,2024-08-27,Account,Medium,9.98,3.8,resolved
TKT0003093,CUS001319,2024-01-20,2024-01-20,Integration,Low,12.46,4.3,resolved
TKT0003094,CUS003878,2024-07-22,2024-07-22,Performance,High,15.52,,resolved
TKT0003095,CUS000322,2024-12-25,2024-12-26,Technical,Low,25.78,3.2,resolved
TKT0003096,CUS001352,2023-12-18,2023-12-18,Billing,Medium,12.73,4.7,resolved
TKT0003097,CUS002239,2024-06-29,2024-06-29,Integration,Medium,9.93,4.7,resolved
TKT0003098,CUS002424,2024-01-12,2024-01-12,Billing,Medium,7.53,4.5,resolved
TKT0003099,CUS003097,2023-04-29,2023-04-29,Performance,Medium,18.43,,resolved
TKT0003100,CUS001573,2024-05-06,2024-05-06,Billing,Low,4.5,5.0,resolved
TKT0003101,CUS000814,2024-11-08,2024-11-08,Performance,Critical,21.48,3.7,resolved
TKT0003102,CUS004842,2024-09-10,2024-09-11,Integration,High,44.1,2.3,resolved
TKT0003103,CUS000583,2023-06-07,2023-06-07,Performance,High,13.83,4.8,resolved
TKT0003104,CUS000026,2024-10-04,2024-10-04,Technical,Low,11.74,4.1,resolved
TKT0003105,CUS002730,2024-08-26,2024-08-26,Performance,High,12.69,3.7,resolved
TKT0003106,CUS000774,2023-06-02,2023-06-02,Account,Low,6.87,5.0,resolved
TKT0003107,CUS003308,2023-01-09,2023-01-10,Integration,Medium,33.41,3.0,resolved
TKT0003108,CUS003290,2024-10-24,2024-10-24,Account,High,22.57,4.2,resolved
TKT0003109,CUS002524,2023-06-21,2023-06-21,Billing,Medium,11.42,3.7,resolved
TKT0003110,CUS001692,2023-01-13,2023-01-14,Account,Low,24.73,3.9,resolved
TKT0003111,CUS003444,2023-03-22,2023-03-22,Integration,Medium,10.78,4.6,resolved
TKT0003112,CUS002979,2024-12-21,2024-12-21,Integration,High,4.17,5.0,resolved
TKT0003113,CUS001394,2024-02-12,2024-02-12,Performance,Medium,10.71,3.4,resolved
TKT0003114,CUS000575,2023-10-20,2023-10-20,Technical,High,8.67,3.8,resolved
TKT0003115,CUS000666,2024-03-16,2024-03-16,Billing,Medium,16.72,5.0,resolved
TKT0003116,CUS002874,2023-06-26,2023-06-26,Account,Medium,23.14,3.8,resolved
TKT0003117,CUS002287,2024-05-31,2024-05-31,Technical,Low,15.89,3.5,resolved
TKT0003118,CUS003386,2023-02-02,2023-02-02,Billing,Medium,5.26,5.0,resolved
TKT0003119,CUS000222,2023-08-03,2023-08-03,Integration,Medium,10.43,4.2,resolved
TKT0003120,CUS004857,2023-08-15,2023-08-15,Billing,Medium,9.12,4.2,resolved
TKT0003121,CUS002800,2024-11-24,2024-11-24,Performance,Critical,11.76,5.0,resolved
TKT0003122,CUS001059,2024-04-20,2024-04-20,Performance,Low,13.35,4.1,resolved
TKT0003123,CUS001020,2023-01-10,2023-01-10,Technical,Medium,9.88,3.3,resolved
TKT0003124,CUS004374,2023-07-06,2023-07-06,Billing,Low,4.84,4.7,resolved
TKT0003125,CUS000419,2023-08-22,2023-08-22,Account,Low,9.73,4.1,resolved
TKT0003126,CUS000544,2024-08-05,2024-08-05,Integration,Critical,21.23,2.4,resolved
TKT0003127,CUS003905,2023-02-12,2023-02-12,Technical,High,5.17,5.0,resolved
TKT0003128,CUS004734,2024-10-12,2024-10-12,Account,Low,23.97,4.6,resolved
TKT0003129,CUS002215,2023-09-26,2023-09-26,Account,Low,5.97,5.0,resolved
TKT0003130,CUS000487,2023-09-12,2023-09-12,Account,Low,11.66,4.4,resolved
TKT0003131,CUS003445,2024-11-22,2024-11-22,Technical,Medium,7.03,,resolved
TKT0003132,CUS001364,2023-04-13,2023-04-13,Billing,High,16.76,4.1,resolved
TKT0003133,CUS004742,2023-08-09,2023-08-09,Integration,Medium,16.16,4.8,resolved
TKT0003134,CUS004508,2024-02-06,2024-02-06,Integration,Medium,18.4,2.8,resolved
TKT0003135,CUS004395,2023-08-12,2023-08-13,Billing,Low,37.52,3.1,resolved
TKT0003136,CUS000015,2024-03-14,2024-03-14,Billing,High,3.93,5.0,resolved
TKT0003137,CUS004691,2023-08-03,2023-08-03,Integration,Critical,9.83,3.7,resolved
TKT0003138,CUS003424,2023-05-26,2023-05-26,Billing,Medium,7.19,5.0,resolved
TKT0003139,CUS000238,2024-08-26,2024-08-26,Integration,Low,10.61,,resolved
TKT0003140,CUS003589,2024-09-25,2024-09-25,Account,High,22.03,3.6,resolved
TKT0003141,CUS004605,2024-03-06,2024-03-06,Performance,Medium,16.79,3.3,resolved
TKT0003142,CUS001732,2024-06-27,2024-06-27,Performance,Low,3.24,4.6,resolved
TKT0003143,CUS003397,2023-11-01,2023-11-01,Integration,High,5.21,5.0,resolved
TKT0003144,CUS001674,2024-06-06,2024-06-06,Integration,High,15.24,5.0,resolved
TKT0003145,CUS003279,2023-09-26,2023-09-26,Billing,Low,10.18,4.1,resolved
TKT0003146,CUS002644,2023-09-04,2023-09-05,Account,Low,27.27,3.2,resolved
TKT0003147,CUS000651,2024-05-14,2024-05-14,Billing,High,4.76,4.8,resolved
TKT0003148,CUS000036,2024-05-15,2024-05-15,Integration,Low,7.29,4.8,resolved
TKT0003149,CUS003820,2024-12-19,2024-12-19,Integration,Medium,22.93,3.9,resolved
TKT0003150,CUS001111,2023-02-11,2023-02-11,Integration,Medium,7.42,3.7,resolved
TKT0003151,CUS002055,2023-11-26,2023-11-26,Account,Low,16.01,3.5,resolved
TKT0003152,CUS004467,2023-09-04,2023-09-04,Integration,Medium,7.62,5.0,resolved
TKT0003153,CUS004223,2023-06-14,2023-06-14,Integration,Low,8.65,5.0,resolved
TKT0003154,CUS003194,2023-09-04,2023-09-04,Performance,Critical,23.9,3.0,resolved
TKT0003155,CUS001384,2023-10-18,2023-10-18,Performance,Low,8.59,5.0,resolved
TKT0003156,CUS000627,2024-08-09,2024-08-09,Billing,Medium,6.42,3.3,resolved
TKT0003157,CUS000897,2023-05-12,2023-05-13,Integration,High,25.93,3.9,resolved
TKT0003158,CUS004740,2024-08-21,2024-08-21,Technical,Medium,5.81,4.6,resolved
TKT0003159,CUS003160,2024-04-28,2024-04-28,Technical,High,16.23,4.5,resolved
TKT0003160,CUS002078,2024-12-23,2024-12-23,Integration,High,8.17,3.8,resolved
TKT0003161,CUS004718,2023-01-17,2023-01-17,Integration,Low,5.76,5.0,resolved
TKT0003162,CUS002677,2024-09-25,2024-09-25,Integration,Low,17.15,4.0,resolved
TKT0003163,CUS002022,2023-11-19,2023-11-19,Integration,Medium,7.73,4.2,resolved
TKT0003164,CUS000635,2023-04-03,2023-04-03,Performance,Medium,14.84,4.0,resolved
TKT0003165,CUS000425,2023-01-22,2023-01-22,Technical,Critical,2.97,5.0,resolved
TKT0003166,CUS003352,2023-03-07,2023-03-07,Technical,Medium,4.91,4.8,resolved
TKT0003167,CUS000272,2023-01-26,2023-01-26,Account,High,20.81,4.2,resolved
TKT0003168,CUS000411,2024-02-27,2024-02-27,Technical,Low,11.43,5.0,resolved
TKT0003169,CUS004808,2023-10-05,2023-10-05,Billing,High,20.71,3.5,resolved
TKT0003170,CUS002983,2023-12-31,2023-12-31,Integration,High,9.58,4.2,resolved
TKT0003171,CUS004469,2024-07-05,2024-07-05,Integration,Medium,17.6,5.0,resolved
TKT0003172,CUS000852,2024-06-03,2024-06-04,Billing,Medium,28.55,2.7,resolved
TKT0003173,CUS004748,2024-05-03,2024-05-04,Technical,Medium,28.5,2.2,resolved
TKT0003174,CUS003533,2023-12-16,2023-12-17,Account,Low,28.24,3.1,resolved
TKT0003175,CUS001586,2024-10-19,2024-10-19,Technical,Medium,7.68,4.5,resolved
TKT0003176,CUS004531,2024-03-22,2024-03-22,Technical,Medium,8.73,5.0,resolved
TKT0003177,CUS000529,2023-11-10,2023-11-10,Account,Low,6.33,4.4,resolved
TKT0003178,CUS004472,2024-07-22,2024-07-22,Technical,Critical,14.37,4.8,resolved
TKT0003179,CUS003308,2023-04-29,2023-04-29,Integration,Medium,9.63,4.3,resolved
TKT0003180,CUS002554,2024-11-18,2024-11-19,Account,Medium,29.08,3.9,resolved
TKT0003181,CUS004399,2023-02-25,2023-02-25,Integration,Low,3.72,5.0,resolved
TKT0003182,CUS000068,2024-01-13,2024-01-13,Performance,Critical,16.82,,resolved
TKT0003183,CUS002797,2023-06-29,2023-06-29,Performance,High,7.13,5.0,resolved
TKT0003184,CUS002550,2024-07-11,2024-07-11,Performance,Low,12.01,3.7,resolved
TKT0003185,CUS000784,2024-01-03,2024-01-03,Billing,Medium,10.54,4.6,resolved
TKT0003186,CUS001302,2024-07-18,2024-07-18,Account,Medium,11.74,4.6,resolved
TKT0003187,CUS000923,2023-07-23,2023-07-23,Account,High,21.71,4.0,resolved
TKT0003188,CUS001231,2024-07-26,2024-07-26,Technical,Low,23.75,4.0,resolved
TKT0003189,CUS003517,2024-07-08,2024-07-09,Integration,Medium,30.61,3.6,resolved
TKT0003190,CUS004826,2024-08-24,2024-08-24,Technical,High,9.94,,resolved
TKT0003191,CUS003253,2024-04-27,2024-04-27,Technical,Low,8.63,,resolved
TKT0003192,CUS002772,2024-07-31,2024-07-31,Integration,High,9.12,3.6,resolved
TKT0003193,CUS002470,2023-11-10,2023-11-10,Billing,High,4.17,4.5,resolved
TKT0003194,CUS000706,2024-04-03,2024-04-03,Integration,Medium,18.64,4.6,resolved
TKT0003195,CUS003755,2024-06-05,2024-06-05,Account,High,5.6,5.0,resolved
TKT0003196,CUS004562,2024-07-10,2024-07-10,Billing,Low,19.8,5.0,resolved
TKT0003197,CUS001873,2023-12-03,2023-12-03,Performance,Medium,5.95,5.0,resolved
TKT0003198,CUS000586,2024-06-08,2024-06-08,Account,Low,13.0,3.9,resolved
TKT0003199,CUS003489,2023-02-01,2023-02-01,Performance,Medium,2.31,4.2,resolved
TKT0003200,CUS003732,2023-03-23,2023-03-23,Technical,Low,17.76,4.9,resolved
TKT0003201,CUS000717,2024-06-23,2024-06-23,Technical,High,22.89,3.2,resolved
TKT0003202,CUS001205,2023-01-14,2023-01-14,Billing,Medium,21.46,3.2,resolved
TKT0003203,CUS001706,2024-04-28,2024-04-28,Billing,Low,5.44,4.9,resolved
TKT0003204,CUS001621,2024-06-11,2024-06-11,Account,High,4.97,5.0,resolved
TKT0003205,CUS001379,2024-01-17,2024-01-17,Integration,Medium,7.76,4.7,resolved
TKT0003206,CUS002947,2024-02-18,2024-02-19,Performance,Low,29.94,3.3,resolved
TKT0003207,CUS004253,2023-04-17,2023-04-17,Performance,High,8.69,4.2,resolved
TKT0003208,CUS002948,2023-08-26,2023-08-26,Account,Medium,4.14,5.0,resolved
TKT0003209,CUS000806,2024-01-12,2024-01-12,Performance,Low,5.94,3.6,resolved
TKT0003210,CUS000713,2024-08-21,2024-08-21,Performance,Low,11.64,3.6,resolved
TKT0003211,CUS004837,2023-07-10,2023-07-10,Technical,Critical,21.84,3.4,resolved
TKT0003212,CUS000041,2024-10-18,2024-10-18,Technical,Medium,15.3,3.8,resolved
TKT0003213,CUS004669,2024-12-11,2024-12-11,Performance,Critical,10.08,4.2,resolved
TKT0003214,CUS002338,2024-02-26,2024-02-26,Performance,Critical,10.14,5.0,resolved
TKT0003215,CUS000026,2023-12-07,2023-12-08,Account,Low,32.02,4.2,resolved
TKT0003216,CUS001223,2024-08-01,2024-08-01,Integration,Low,10.02,4.0,resolved
TKT0003217,CUS003089,2024-07-27,2024-07-27,Billing,High,3.81,4.7,resolved
TKT0003218,CUS001036,2024-03-26,2024-03-26,Performance,Medium,6.76,4.2,resolved
TKT0003219,CUS004619,2024-02-22,2024-02-22,Performance,Low,2.29,4.6,resolved
TKT0003220,CUS000150,2024-04-27,2024-04-27,Account,Medium,12.52,4.8,resolved
TKT0003221,CUS001698,2024-08-22,2024-08-22,Technical,Low,23.4,4.6,resolved
TKT0003222,CUS001736,2023-10-07,2023-10-08,Account,Medium,25.91,4.5,resolved
TKT0003223,CUS003508,2023-12-06,2023-12-06,Integration,Medium,16.44,4.2,resolved
TKT0003224,CUS004931,2024-02-10,2024-02-10,Account,Low,5.99,3.6,resolved
TKT0003225,CUS004745,2024-02-26,2024-02-26,Performance,Medium,9.07,3.7,resolved
TKT0003226,CUS002104,2023-05-24,2023-05-24,Technical,Medium,18.75,3.0,resolved
TKT0003227,CUS003193,2023-12-19,2023-12-19,Performance,High,22.45,4.6,resolved
TKT0003228,CUS004597,2024-06-03,2024-06-03,Account,Critical,21.5,3.5,resolved
TKT0003229,CUS003754,2024-11-20,2024-11-20,Technical,Low,6.06,4.9,resolved
TKT0003230,CUS000765,2023-01-12,2023-01-12,Integration,Critical,17.11,5.0,resolved
TKT0003231,CUS004601,2023-04-05,2023-04-05,Account,Low,3.18,4.3,resolved
TKT0003232,CUS002262,2023-11-09,2023-11-09,Account,Low,11.72,4.3,resolved
TKT0003233,CUS002127,2023-09-13,2023-09-14,Billing,Medium,29.48,3.6,resolved
TKT0003234,CUS000336,2024-08-29,2024-08-29,Billing,Medium,3.79,4.0,resolved
TKT0003235,CUS004290,2024-02-07,2024-02-07,Performance,Medium,9.65,5.0,resolved
TKT0003236,CUS004579,2023-11-26,2023-11-26,Account,Low,16.49,5.0,resolved
TKT0003237,CUS004474,2023-03-07,2023-03-07,Performance,Medium,10.44,5.0,resolved
TKT0003238,CUS000974,2023-01-26,2023-01-26,Billing,High,17.34,4.6,resolved
TKT0003239,CUS000551,2024-09-06,2024-09-06,Account,High,6.85,4.8,resolved
TKT0003240,CUS001115,2024-02-20,2024-02-20,Technical,High,15.83,4.5,resolved
TKT0003241,CUS001261,2024-09-29,2024-09-29,Technical,Medium,8.83,5.0,resolved
TKT0003242,CUS001686,2023-11-29,2023-11-29,Account,High,11.29,5.0,resolved
TKT0003243,CUS002563,2023-06-01,2023-06-01,Integration,Low,4.37,5.0,resolved
TKT0003244,CUS004932,2024-03-20,2024-03-20,Integration,Medium,20.29,3.5,resolved
TKT0003245,CUS001852,2024-11-18,2024-11-18,Billing,Low,11.54,2.8,resolved
TKT0003246,CUS001119,2023-03-25,2023-03-26,Technical,High,24.87,4.6,resolved
TKT0003247,CUS001032,2024-03-24,2024-03-25,Integration,High,34.62,,resolved
TKT0003248,CUS002980,2023-07-31,2023-07-31,Integration,Medium,8.77,4.3,resolved
TKT0003249,CUS003443,2024-03-09,2024-03-09,Technical,Medium,14.78,5.0,resolved
TKT0003250,CUS002316,2024-01-13,2024-01-13,Integration,High,3.46,3.5,resolved
TKT0003251,CUS004069,2023-09-12,2023-09-12,Billing,Medium,11.67,5.0,resolved
TKT0003252,CUS000076,2023-08-13,2023-08-14,Technical,High,24.48,4.1,resolved
TKT0003253,CUS003063,2024-02-21,2024-02-21,Performance,Medium,10.11,4.2,resolved
TKT0003254,CUS003040,2024-02-04,2024-02-04,Technical,Low,6.26,5.0,resolved
TKT0003255,CUS004493,2023-07-08,2023-07-08,Technical,Medium,18.15,4.0,resolved
TKT0003256,CUS001024,2023-08-18,2023-08-18,Performance,Medium,4.3,5.0,resolved
TKT0003257,CUS001872,2023-01-26,2023-01-26,Performance,Medium,11.84,5.0,resolved
TKT0003258,CUS002477,2023-09-22,2023-09-22,Billing,Low,6.91,4.7,resolved
TKT0003259,CUS002631,2024-06-21,2024-06-21,Performance,High,18.19,4.7,resolved
TKT0003260,CUS001416,2024-08-17,2024-08-17,Account,Low,12.07,4.5,resolved
TKT0003261,CUS002560,2024-12-01,2024-12-01,Billing,High,7.27,5.0,resolved
TKT0003262,CUS000816,2024-03-13,2024-03-13,Performance,Low,7.63,4.1,resolved
TKT0003263,CUS001863,2023-03-07,2023-03-07,Billing,Low,19.23,4.2,resolved
TKT0003264,CUS004717,2023-03-14,2023-03-14,Billing,High,19.59,4.2,resolved
TKT0003265,CUS000928,2024-03-11,2024-03-11,Billing,High,11.5,,resolved
TKT0003266,CUS000691,2023-05-14,2023-05-14,Account,Medium,6.93,5.0,resolved
TKT0003267,CUS000146,2023-07-06,2023-07-06,Performance,Medium,20.43,4.2,resolved
TKT0003268,CUS003658,2023-10-09,2023-10-10,Performance,Medium,46.56,1.9,resolved
TKT0003269,CUS003102,2023-10-02,2023-10-03,Performance,Medium,41.62,3.2,resolved
TKT0003270,CUS001009,2024-04-04,2024-04-06,Account,Medium,48.1,2.1,resolved
TKT0003271,CUS002028,2023-07-26,2023-07-27,Technical,Medium,45.81,2.7,resolved
TKT0003272,CUS000964,2024-04-01,2024-04-01,Integration,High,6.8,4.9,resolved
TKT0003273,CUS003491,2023-02-19,2023-02-19,Performance,Medium,7.07,,resolved
TKT0003274,CUS000694,2024-07-26,2024-07-26,Technical,Critical,4.43,5.0,resolved
TKT0003275,CUS003778,2024-12-22,2024-12-22,Performance,High,9.06,5.0,resolved
TKT0003276,CUS001706,2023-04-06,2023-04-06,Billing,Medium,4.87,5.0,resolved
TKT0003277,CUS002390,2024-02-24,2024-02-24,Billing,Medium,23.84,5.0,resolved
TKT0003278,CUS004027,2024-09-16,2024-09-16,Account,Low,12.04,4.3,resolved
TKT0003279,CUS002670,2024-02-16,2024-02-16,Performance,Medium,8.57,4.3,resolved
TKT0003280,CUS001938,2024-10-15,2024-10-15,Performance,Low,5.35,5.0,resolved
TKT0003281,CUS001924,2024-02-27,2024-02-27,Account,Medium,4.76,4.6,resolved
TKT0003282,CUS002625,2023-02-01,2023-02-01,Billing,Medium,7.61,5.0,resolved
TKT0003283,CUS000824,2023-03-02,2023-03-03,Account,Low,47.42,1.8,resolved
TKT0003284,CUS001388,2024-06-21,2024-06-21,Billing,Medium,21.4,4.1,resolved
TKT0003285,CUS002798,2023-10-17,2023-10-18,Technical,Critical,27.76,3.9,resolved
TKT0003286,CUS001019,2024-09-27,2024-09-27,Billing,Medium,2.73,4.3,resolved
TKT0003287,CUS003077,2024-11-06,2024-11-06,Technical,Medium,16.33,4.5,resolved
TKT0003288,CUS001292,2023-05-20,2023-05-20,Integration,Medium,9.02,3.4,resolved
TKT0003289,CUS003191,2024-02-07,2024-02-07,Performance,High,6.82,4.8,resolved
TKT0003290,CUS000621,2024-05-23,2024-05-23,Technical,High,23.38,4.6,resolved
TKT0003291,CUS002519,2023-10-19,2023-10-19,Billing,Medium,6.01,4.3,resolved
TKT0003292,CUS003754,2024-10-06,2024-10-06,Performance,Medium,12.41,4.4,resolved
TKT0003293,CUS001585,2023-06-05,2023-06-05,Account,Low,6.13,4.3,resolved
TKT0003294,CUS003817,2023-07-30,2023-07-30,Account,High,7.07,5.0,resolved
TKT0003295,CUS001661,2023-06-30,2023-06-30,Billing,Medium,1.36,5.0,resolved
TKT0003296,CUS003861,2023-05-14,2023-05-14,Technical,Medium,18.15,4.5,resolved
TKT0003297,CUS004328,2024-08-11,2024-08-11,Technical,Medium,15.48,4.8,resolved
TKT0003298,CUS000235,2024-08-27,2024-08-27,Technical,Medium,6.38,,resolved
TKT0003299,CUS001329,2024-04-12,2024-04-12,Billing,Low,21.01,3.9,resolved
TKT0003300,CUS004838,2023-05-28,2023-05-28,Billing,Low,6.12,4.1,resolved
TKT0003301,CUS000470,2023-08-29,2023-08-29,Integration,Low,4.92,4.3,resolved
TKT0003302,CUS000654,2023-03-29,2023-03-29,Billing,Low,20.13,,resolved
TKT0003303,CUS000076,2024-10-18,2024-10-18,Account,Medium,7.56,5.0,resolved
TKT0003304,CUS001336,2024-01-12,2024-01-12,Performance,Medium,12.13,3.9,resolved
TKT0003305,CUS002964,2023-01-15,2023-01-15,Performance,Critical,4.24,5.0,resolved
TKT0003306,CUS001283,2024-11-09,2024-11-09,Performance,Medium,15.69,3.7,resolved
TKT0003307,CUS004845,2024-07-11,2024-07-11,Integration,Critical,8.59,3.9,resolved
TKT0003308,CUS002317,2024-04-24,2024-04-24,Technical,Medium,13.68,5.0,resolved
TKT0003309,CUS003073,2024-01-23,2024-01-23,Performance,High,13.84,,resolved
TKT0003310,CUS001149,2023-02-25,2023-02-25,Billing,Critical,11.77,,resolved
TKT0003311,CUS003160,2024-10-15,2024-10-15,Integration,Medium,11.27,,resolved
TKT0003312,CUS001365,2023-03-05,2023-03-05,Performance,Low,14.45,4.5,resolved
TKT0003313,CUS004692,2024-10-02,2024-10-02,Technical,Medium,3.06,4.3,resolved
TKT0003314,CUS004103,2023-03-02,2023-03-03,Account,Medium,26.58,,resolved
TKT0003315,CUS000059,2023-08-22,2023-08-22,Account,High,9.15,,resolved
TKT0003316,CUS002069,2024-12-31,,Performance,Low,7.59,4.4,open
TKT0003317,CUS002083,2023-01-26,2023-01-26,Account,Critical,12.98,4.2,resolved
TKT0003318,CUS002742,2023-11-05,2023-11-05,Integration,High,15.46,4.6,resolved
TKT0003319,CUS004013,2024-09-29,2024-09-29,Integration,High,18.6,4.9,resolved
TKT0003320,CUS004345,2023-01-03,2023-01-03,Performance,High,8.31,4.0,resolved
TKT0003321,CUS002909,2024-08-27,2024-08-27,Performance,Medium,14.95,4.2,resolved
TKT0003322,CUS003483,2023-07-31,2023-07-31,Integration,Low,6.38,5.0,resolved
TKT0003323,CUS001430,2023-04-27,2023-04-27,Account,Critical,12.16,4.4,resolved
TKT0003324,CUS000435,2024-12-06,2024-12-06,Technical,High,7.65,4.6,resolved
TKT0003325,CUS000032,2024-01-25,2024-01-25,Account,Medium,3.4,5.0,resolved
TKT0003326,CUS000111,2024-01-08,2024-01-08,Billing,Medium,20.8,2.8,resolved
TKT0003327,CUS003641,2023-10-02,2023-10-02,Performance,Low,13.7,4.2,resolved
TKT0003328,CUS001037,2024-10-13,2024-10-13,Technical,Medium,19.66,,resolved
TKT0003329,CUS003539,2024-06-15,2024-06-15,Technical,Medium,16.46,4.2,resolved
TKT0003330,CUS000461,2024-06-07,2024-06-07,Integration,High,6.63,4.3,resolved
TKT0003331,CUS004055,2024-09-28,2024-09-29,Billing,Low,35.64,3.8,resolved
TKT0003332,CUS003133,2023-09-13,2023-09-13,Account,Low,14.96,4.5,resolved
TKT0003333,CUS001902,2024-04-01,2024-04-01,Account,Medium,6.91,2.6,resolved
TKT0003334,CUS004111,2023-03-18,2023-03-18,Billing,High,9.35,5.0,resolved
TKT0003335,CUS003470,2024-11-25,2024-11-25,Account,Low,6.38,4.7,resolved
TKT0003336,CUS004166,2023-10-10,2023-10-10,Billing,Medium,13.19,5.0,resolved
TKT0003337,CUS003550,2023-02-07,2023-02-07,Integration,Medium,10.96,5.0,resolved
TKT0003338,CUS000243,2023-07-09,2023-07-09,Account,High,22.56,3.9,resolved
TKT0003339,CUS002859,2023-10-18,2023-10-18,Account,Medium,12.59,4.0,resolved
TKT0003340,CUS002732,2023-02-15,2023-02-15,Performance,Low,18.91,4.7,resolved
TKT0003341,CUS004107,2023-09-13,2023-09-13,Performance,High,8.26,5.0,resolved
TKT0003342,CUS000897,2023-12-19,2023-12-19,Billing,High,15.4,4.5,resolved
TKT0003343,CUS001131,2023-07-05,2023-07-05,Account,Low,15.88,,resolved
TKT0003344,CUS000481,2024-07-19,2024-07-19,Technical,Low,11.75,5.0,resolved
TKT0003345,CUS002274,2023-09-22,2023-09-22,Technical,Medium,10.73,4.0,resolved
TKT0003346,CUS000023,2024-10-22,2024-10-22,Technical,High,9.56,4.7,resolved
TKT0003347,CUS003102,2023-04-03,2023-04-05,Account,Low,56.33,1.8,resolved
TKT0003348,CUS000767,2024-07-26,2024-07-26,Account,Medium,15.73,4.7,resolved
TKT0003349,CUS000764,2024-01-02,2024-01-02,Integration,High,18.62,4.0,resolved
TKT0003350,CUS000497,2024-08-08,2024-08-08,Account,Low,21.75,3.8,resolved
TKT0003351,CUS002302,2023-08-23,2023-08-23,Technical,Medium,15.16,4.7,resolved
TKT0003352,CUS001077,2024-08-28,2024-08-28,Technical,Low,17.5,5.0,resolved
TKT0003353,CUS000175,2024-03-06,2024-03-07,Billing,Low,24.22,4.2,resolved
TKT0003354,CUS001108,2023-07-15,2023-07-16,Integration,Low,25.38,4.3,resolved
TKT0003355,CUS003628,2023-11-08,2023-11-08,Account,Medium,18.74,4.8,resolved
TKT0003356,CUS000024,2023-05-08,2023-05-08,Account,Medium,15.09,4.1,resolved
TKT0003357,CUS001264,2023-01-04,2023-01-05,Performance,Low,24.2,,resolved
TKT0003358,CUS001139,2023-10-20,2023-10-20,Account,High,7.83,4.6,resolved
TKT0003359,CUS001298,2024-01-22,2024-01-22,Technical,Low,7.05,4.8,resolved
TKT0003360,CUS001105,2024-06-04,2024-06-04,Integration,Medium,2.51,4.8,resolved
TKT0003361,CUS001773,2024-02-08,2024-02-08,Technical,Medium,9.0,4.6,resolved
TKT0003362,CUS003838,2023-07-29,2023-07-29,Performance,Low,8.1,4.5,resolved
TKT0003363,CUS003195,2024-09-09,2024-09-09,Account,Medium,7.82,4.2,resolved
TKT0003364,CUS001652,2024-12-24,2024-12-24,Technical,Medium,9.16,,resolved
TKT0003365,CUS003577,2023-07-31,2023-07-31,Performance,Medium,5.31,4.9,resolved
TKT0003366,CUS001678,2024-04-18,2024-04-19,Performance,Low,25.49,4.8,resolved
TKT0003367,CUS002380,2024-06-26,2024-06-26,Account,Low,19.64,4.4,resolved
TKT0003368,CUS003014,2023-01-25,2023-01-25,Technical,Medium,8.57,4.6,resolved
TKT0003369,CUS002799,2024-10-02,2024-10-02,Performance,Low,4.57,4.0,resolved
TKT0003370,CUS001892,2024-07-22,2024-07-22,Billing,High,5.57,4.3,resolved
TKT0003371,CUS001326,2024-05-20,2024-05-20,Billing,Low,5.86,3.6,resolved
TKT0003372,CUS003279,2023-04-15,2023-04-15,Integration,High,14.06,,resolved
TKT0003373,CUS001992,2023-03-23,2023-03-25,Technical,Medium,58.09,,resolved
TKT0003374,CUS002916,2024-02-26,2024-02-26,Performance,Medium,12.17,5.0,resolved
TKT0003375,CUS002075,2023-11-04,2023-11-04,Performance,Low,17.03,2.7,resolved
TKT0003376,CUS003954,2023-02-15,2023-02-15,Account,Low,17.83,3.8,resolved
TKT0003377,CUS004691,2023-10-20,2023-10-20,Account,High,6.31,5.0,resolved
TKT0003378,CUS004714,2023-03-30,2023-03-30,Technical,High,21.39,,resolved
TKT0003379,CUS000179,2023-07-02,2023-07-02,Performance,Medium,12.26,3.6,resolved
TKT0003380,CUS002382,2024-03-01,2024-03-01,Technical,Low,20.36,3.6,resolved
TKT0003381,CUS001834,2023-09-06,2023-09-06,Performance,Low,5.55,4.1,resolved
TKT0003382,CUS000455,2023-02-16,2023-02-16,Integration,Low,12.42,4.2,resolved
TKT0003383,CUS004184,2024-05-27,2024-05-28,Billing,Medium,26.6,2.2,resolved
TKT0003384,CUS003341,2023-01-05,2023-01-05,Technical,High,9.92,5.0,resolved
TKT0003385,CUS002863,2023-10-04,2023-10-04,Technical,Low,8.46,5.0,resolved
TKT0003386,CUS004605,2023-02-25,2023-02-25,Account,Medium,3.55,4.6,resolved
TKT0003387,CUS003220,2023-05-27,2023-05-27,Integration,High,16.24,3.0,resolved
TKT0003388,CUS004606,2024-08-21,2024-08-22,Billing,High,24.74,3.2,resolved
TKT0003389,CUS003354,2024-08-06,2024-08-06,Billing,Medium,6.82,5.0,resolved
TKT0003390,CUS000390,2024-03-08,2024-03-08,Performance,Medium,17.34,4.7,resolved
TKT0003391,CUS000087,2023-10-11,2023-10-11,Integration,Medium,12.22,4.0,resolved
TKT0003392,CUS004375,2023-09-21,2023-09-21,Performance,Medium,5.68,5.0,resolved
TKT0003393,CUS002687,2023-11-08,2023-11-08,Account,High,13.61,3.4,resolved
TKT0003394,CUS001667,2024-02-10,2024-02-10,Integration,High,3.56,,resolved
TKT0003395,CUS003015,2023-03-03,2023-03-03,Integration,Critical,11.88,3.6,resolved
TKT0003396,CUS002196,2023-10-21,2023-10-21,Account,Low,6.04,,resolved
TKT0003397,CUS001480,2024-07-29,2024-07-29,Account,Critical,8.36,4.4,resolved
TKT0003398,CUS001760,2023-12-08,2023-12-08,Technical,High,8.23,4.5,resolved
TKT0003399,CUS003125,2023-03-03,2023-03-03,Account,Medium,16.15,4.2,resolved
TKT0003400,CUS003197,2023-11-16,2023-11-16,Performance,Low,2.94,3.8,resolved
TKT0003401,CUS004661,2024-02-22,2024-02-22,Account,Low,16.44,4.2,resolved
TKT0003402,CUS003976,2024-04-15,2024-04-15,Integration,Low,21.79,4.7,resolved
TKT0003403,CUS003740,2024-07-09,2024-07-09,Integration,Medium,12.15,4.5,resolved
TKT0003404,CUS003962,2023-05-01,2023-05-01,Billing,Medium,15.46,5.0,resolved
TKT0003405,CUS000085,2023-04-02,2023-04-02,Billing,Low,16.98,3.9,resolved
TKT0003406,CUS004902,2024-02-08,2024-02-08,Technical,Low,4.29,5.0,resolved
TKT0003407,CUS004787,2023-08-10,2023-08-10,Performance,Medium,10.13,4.8,resolved
TKT0003408,CUS001161,2024-12-11,2024-12-11,Account,Medium,12.67,4.9,resolved
TKT0003409,CUS004198,2024-12-23,2024-12-27,Billing,Medium,101.88,1.0,resolved
TKT0003410,CUS001903,2024-02-10,2024-02-10,Technical,Medium,23.19,3.0,resolved
TKT0003411,CUS003577,2023-11-23,2023-11-23,Performance,Medium,9.44,4.1,resolved
TKT0003412,CUS001330,2024-01-09,2024-01-09,Billing,Low,5.62,5.0,resolved
TKT0003413,CUS004702,2024-02-28,2024-02-28,Billing,Medium,12.91,4.7,resolved
TKT0003414,CUS004480,2024-11-03,2024-11-03,Account,Medium,10.09,4.6,resolved
TKT0003415,CUS004077,2024-09-23,2024-09-23,Technical,Medium,13.11,5.0,resolved
TKT0003416,CUS000290,2023-01-06,2023-01-06,Integration,High,5.49,4.9,resolved
TKT0003417,CUS000344,2024-10-19,2024-10-19,Technical,Low,6.15,,resolved
TKT0003418,CUS002653,2023-06-18,2023-06-18,Performance,High,21.94,3.1,resolved
TKT0003419,CUS004395,2023-09-07,2023-09-07,Account,High,12.75,5.0,resolved
TKT0003420,CUS001101,2023-12-10,2023-12-10,Billing,High,10.34,4.6,resolved
TKT0003421,CUS000655,2024-09-07,2024-09-07,Performance,High,5.34,4.9,resolved
TKT0003422,CUS002305,2024-11-08,2024-11-09,Billing,Medium,34.0,4.5,resolved
TKT0003423,CUS004666,2023-08-26,2023-08-26,Performance,High,4.71,4.8,resolved
TKT0003424,CUS004719,2024-04-03,2024-04-04,Account,High,29.06,4.3,resolved
TKT0003425,CUS004655,2024-08-13,2024-08-13,Integration,Medium,10.04,5.0,resolved
TKT0003426,CUS002557,2024-12-21,2024-12-21,Integration,Medium,9.02,4.5,resolved
TKT0003427,CUS004681,2024-08-04,2024-08-04,Technical,Medium,11.59,3.6,resolved
TKT0003428,CUS004906,2024-12-03,2024-12-03,Account,Low,9.14,4.2,resolved
TKT0003429,CUS004551,2024-02-29,2024-02-29,Performance,Low,8.62,5.0,resolved
TKT0003430,CUS002197,2023-02-21,2023-02-21,Technical,Medium,10.23,4.3,resolved
TKT0003431,CUS001254,2024-04-19,2024-04-19,Account,Medium,16.48,3.4,resolved
TKT0003432,CUS003762,2024-05-18,2024-05-18,Account,Low,12.64,4.5,resolved
TKT0003433,CUS001321,2024-02-21,2024-02-22,Account,Medium,38.37,2.3,resolved
TKT0003434,CUS001774,2023-06-24,2023-06-26,Account,Medium,50.18,1.8,resolved
TKT0003435,CUS002697,2023-03-22,2023-03-22,Integration,Medium,19.48,3.4,resolved
TKT0003436,CUS004301,2023-02-17,2023-02-18,Technical,Medium,26.26,4.3,resolved
TKT0003437,CUS002411,2023-11-17,2023-11-17,Billing,Low,2.89,,resolved
TKT0003438,CUS000392,2023-11-26,2023-11-26,Account,Medium,9.52,3.7,resolved
TKT0003439,CUS002914,2023-03-29,2023-03-29,Integration,Medium,11.34,4.7,resolved
TKT0003440,CUS000388,2023-10-21,2023-10-21,Performance,Low,4.05,5.0,resolved
TKT0003441,CUS001183,2023-02-09,2023-02-10,Technical,Critical,32.74,2.9,resolved
TKT0003442,CUS000560,2023-07-11,2023-07-11,Performance,Medium,3.75,4.4,resolved
TKT0003443,CUS002914,2023-12-27,2023-12-27,Account,Low,10.39,5.0,resolved
TKT0003444,CUS001231,2023-06-16,2023-06-16,Technical,Critical,5.85,,resolved
TKT0003445,CUS003086,2023-07-13,2023-07-13,Integration,High,15.85,4.7,resolved
TKT0003446,CUS003312,2023-02-15,2023-02-15,Account,Medium,21.22,4.3,resolved
TKT0003447,CUS002391,2023-09-13,2023-09-13,Billing,Medium,8.1,5.0,resolved
TKT0003448,CUS000011,2024-10-26,2024-10-26,Performance,Medium,7.54,5.0,resolved
TKT0003449,CUS000149,2024-04-03,2024-04-03,Billing,Medium,17.23,3.2,resolved
TKT0003450,CUS002418,2023-04-19,2023-04-19,Technical,Medium,22.87,3.1,resolved
TKT0003451,CUS001049,2023-12-07,2023-12-07,Billing,Medium,17.48,3.7,resolved
TKT0003452,CUS002421,2024-11-04,2024-11-04,Performance,Low,4.86,4.9,resolved
TKT0003453,CUS002900,2024-02-19,2024-02-19,Billing,High,14.18,3.2,resolved
TKT0003454,CUS002342,2024-01-14,2024-01-14,Billing,Low,8.05,4.9,resolved
TKT0003455,CUS002701,2024-05-07,2024-05-08,Integration,Medium,25.53,3.9,resolved
TKT0003456,CUS004833,2024-11-16,2024-11-16,Performance,Medium,4.62,4.6,resolved
TKT0003457,CUS003168,2024-05-04,2024-05-04,Billing,Low,16.35,5.0,resolved
TKT0003458,CUS000989,2024-05-03,2024-05-03,Technical,High,8.45,5.0,resolved
TKT0003459,CUS000813,2024-05-19,2024-05-19,Account,Medium,3.39,5.0,resolved
TKT0003460,CUS004751,2024-08-21,2024-08-21,Integration,Medium,14.97,5.0,resolved
TKT0003461,CUS004901,2023-11-29,2023-11-30,Account,Medium,29.57,2.9,resolved
TKT0003462,CUS002306,2023-03-21,2023-03-21,Account,High,12.44,4.8,resolved
TKT0003463,CUS004301,2024-06-01,2024-06-01,Account,Medium,9.16,,resolved
TKT0003464,CUS003193,2023-12-17,2023-12-18,Integration,Medium,38.83,3.5,resolved
TKT0003465,CUS000217,2023-07-15,2023-07-15,Account,Medium,10.3,4.3,resolved
TKT0003466,CUS003863,2024-04-20,2024-04-21,Technical,Medium,36.33,,resolved
TKT0003467,CUS001857,2024-07-12,2024-07-12,Technical,Medium,13.57,3.7,resolved
TKT0003468,CUS002903,2023-05-06,2023-05-06,Technical,High,6.99,,resolved
TKT0003469,CUS004451,2024-08-03,2024-08-03,Account,High,16.47,5.0,resolved
TKT0003470,CUS002643,2024-01-25,2024-01-25,Billing,Medium,5.75,4.2,resolved
TKT0003471,CUS002945,2024-10-17,2024-10-17,Billing,Low,8.0,3.4,resolved
TKT0003472,CUS004031,2024-08-03,2024-08-03,Account,Medium,9.73,5.0,resolved
TKT0003473,CUS004023,2024-11-20,2024-11-20,Performance,Medium,23.01,4.7,resolved
TKT0003474,CUS003151,2024-09-28,2024-09-28,Technical,Medium,4.38,5.0,resolved
TKT0003475,CUS000186,2024-01-16,2024-01-16,Technical,Low,20.24,4.0,resolved
TKT0003476,CUS004367,2023-10-11,2023-10-11,Performance,Low,16.92,4.1,resolved
TKT0003477,CUS003127,2024-01-25,2024-01-26,Billing,Medium,24.87,4.2,resolved
TKT0003478,CUS002741,2023-07-25,2023-07-25,Performance,Medium,16.16,3.7,resolved
TKT0003479,CUS004235,2023-10-05,2023-10-05,Billing,High,5.2,4.4,resolved
TKT0003480,CUS001889,2024-10-21,2024-10-21,Account,Low,4.39,5.0,resolved
TKT0003481,CUS000495,2024-07-22,2024-07-22,Account,Low,3.4,4.1,resolved
TKT0003482,CUS001288,2023-01-27,2023-01-27,Technical,Medium,8.22,4.0,resolved
TKT0003483,CUS004567,2023-07-16,2023-07-16,Billing,Low,12.64,3.5,resolved
TKT0003484,CUS003946,2024-03-16,2024-03-16,Performance,Low,5.67,4.4,resolved
TKT0003485,CUS002462,2024-04-12,2024-04-14,Billing,Low,52.89,2.0,resolved
TKT0003486,CUS004104,2023-01-22,2023-01-22,Billing,Medium,15.53,4.1,resolved
TKT0003487,CUS004353,2024-02-15,2024-02-15,Technical,Medium,17.21,4.1,resolved
TKT0003488,CUS003996,2024-04-01,2024-04-02,Performance,Medium,25.14,4.3,resolved
TKT0003489,CUS004980,2023-07-24,2023-07-24,Technical,Medium,10.48,4.5,resolved
TKT0003490,CUS004795,2023-12-04,2023-12-04,Technical,High,4.99,4.4,resolved
TKT0003491,CUS002826,2023-07-09,2023-07-10,Billing,Medium,27.39,2.9,resolved
TKT0003492,CUS003343,2023-09-10,2023-09-10,Technical,Low,14.59,4.1,resolved
TKT0003493,CUS004949,2023-04-28,2023-04-28,Integration,Medium,8.6,5.0,resolved
TKT0003494,CUS004539,2024-10-23,2024-10-23,Performance,Medium,9.11,4.8,resolved
TKT0003495,CUS002416,2024-06-20,2024-06-20,Billing,Medium,11.57,5.0,resolved
TKT0003496,CUS001122,2023-03-13,2023-03-13,Account,High,4.96,3.5,resolved
TKT0003497,CUS000838,2024-08-24,2024-08-24,Account,Medium,16.89,3.6,resolved
TKT0003498,CUS000703,2024-04-14,2024-04-14,Billing,Medium,5.2,3.7,resolved
TKT0003499,CUS000095,2023-05-13,2023-05-15,Technical,Low,49.31,2.4,resolved
TKT0003500,CUS003762,2023-04-08,2023-04-08,Integration,Medium,18.61,,resolved
TKT0003501,CUS002676,2024-10-25,2024-10-25,Integration,Low,6.83,5.0,resolved
TKT0003502,CUS002288,2023-08-01,2023-08-01,Technical,Medium,5.38,5.0,resolved
TKT0003503,CUS000008,2023-05-31,2023-05-31,Account,Medium,11.38,5.0,resolved
TKT0003504,CUS002384,2023-07-07,2023-07-07,Technical,Medium,4.38,4.8,resolved
TKT0003505,CUS000073,2023-03-20,2023-03-20,Integration,Low,9.36,4.3,resolved
TKT0003506,CUS003449,2024-01-02,2024-01-02,Performance,Medium,16.97,3.6,resolved
TKT0003507,CUS004931,2024-10-03,2024-10-03,Technical,High,13.15,5.0,resolved
TKT0003508,CUS004452,2024-02-21,2024-02-22,Account,Medium,31.59,3.9,resolved
TKT0003509,CUS000971,2024-11-05,2024-11-05,Integration,Medium,17.61,3.9,resolved
TKT0003510,CUS003206,2024-10-29,2024-10-29,Account,High,18.96,4.1,resolved
TKT0003511,CUS001339,2023-05-01,2023-05-01,Integration,High,13.17,,resolved
TKT0003512,CUS002719,2023-12-04,2023-12-04,Billing,High,11.51,4.1,resolved
TKT0003513,CUS002310,2023-05-11,2023-05-11,Billing,High,11.42,4.7,resolved
TKT0003514,CUS001293,2024-04-05,2024-04-05,Billing,Medium,3.07,4.9,resolved
TKT0003515,CUS002711,2023-08-03,2023-08-03,Integration,Medium,18.79,4.9,resolved
TKT0003516,CUS003391,2023-02-07,2023-02-07,Technical,Medium,4.91,4.7,resolved
TKT0003517,CUS003431,2023-02-14,2023-02-14,Performance,Medium,11.21,5.0,resolved
TKT0003518,CUS000916,2024-01-25,2024-01-25,Integration,Low,2.57,4.4,resolved
TKT0003519,CUS000097,2023-11-03,2023-11-03,Billing,Medium,4.91,4.2,resolved
TKT0003520,CUS003976,2024-08-15,2024-08-15,Technical,Medium,6.51,4.0,resolved
TKT0003521,CUS003302,2024-06-09,2024-06-12,Billing,Medium,74.19,1.7,resolved
TKT0003522,CUS002288,2024-12-04,2024-12-04,Technical,Low,6.57,5.0,resolved
TKT0003523,CUS003174,2023-03-03,2023-03-03,Technical,High,7.95,5.0,resolved
TKT0003524,CUS004426,2024-07-09,2024-07-09,Account,High,10.82,5.0,resolved
TKT0003525,CUS001839,2023-08-09,2023-08-10,Integration,High,28.07,3.7,resolved
TKT0003526,CUS002247,2024-06-02,2024-06-02,Performance,High,6.65,4.6,resolved
TKT0003527,CUS002623,2023-09-19,2023-09-19,Integration,Low,5.12,5.0,resolved
TKT0003528,CUS003433,2024-08-02,2024-08-02,Billing,High,6.55,5.0,resolved
TKT0003529,CUS002470,2024-11-19,2024-11-19,Technical,Medium,8.47,4.2,resolved
TKT0003530,CUS003568,2023-04-27,2023-04-28,Performance,Low,26.81,3.3,resolved
TKT0003531,CUS001373,2024-06-28,2024-06-28,Performance,Medium,9.21,4.8,resolved
TKT0003532,CUS000611,2023-04-05,2023-04-05,Integration,High,16.86,4.2,resolved
TKT0003533,CUS000314,2023-09-27,2023-09-27,Integration,Low,7.62,5.0,resolved
TKT0003534,CUS000416,2024-04-07,2024-04-07,Technical,Low,15.25,4.8,resolved
TKT0003535,CUS000102,2023-05-31,2023-05-31,Account,Low,8.41,4.2,resolved
TKT0003536,CUS004908,2024-09-13,2024-09-13,Technical,High,13.21,3.7,resolved
TKT0003537,CUS003791,2024-09-27,2024-09-28,Performance,Medium,24.58,2.7,resolved
TKT0003538,CUS002701,2024-06-19,2024-06-19,Billing,High,13.03,4.4,resolved
TKT0003539,CUS001317,2023-07-28,2023-07-28,Account,Medium,6.22,5.0,resolved
TKT0003540,CUS003650,2024-10-06,2024-10-06,Technical,Medium,9.68,4.5,resolved
TKT0003541,CUS004979,2024-04-01,2024-04-02,Account,Low,30.97,3.4,resolved
TKT0003542,CUS001820,2024-06-09,2024-06-13,Technical,Medium,97.94,1.0,resolved
TKT0003543,CUS001914,2024-05-20,2024-05-20,Account,Medium,6.93,4.8,resolved
TKT0003544,CUS004251,2023-03-15,2023-03-15,Integration,High,1.98,4.3,resolved
TKT0003545,CUS001937,2024-07-30,2024-07-30,Account,Critical,7.27,4.3,resolved
TKT0003546,CUS004394,2024-10-30,2024-10-30,Integration,Low,12.96,4.3,resolved
TKT0003547,CUS000856,2024-03-27,2024-03-27,Billing,Medium,23.21,4.9,resolved
TKT0003548,CUS004574,2023-10-02,2023-10-02,Billing,Medium,9.19,5.0,resolved
TKT0003549,CUS000687,2023-10-21,2023-10-21,Integration,Low,5.35,,resolved
TKT0003550,CUS003675,2024-08-06,2024-08-06,Technical,Low,13.14,5.0,resolved
TKT0003551,CUS001594,2023-04-19,2023-04-19,Billing,Low,11.09,5.0,resolved
TKT0003552,CUS004044,2024-08-06,2024-08-06,Technical,Medium,12.13,4.8,resolved
TKT0003553,CUS000850,2023-05-27,2023-05-27,Technical,Critical,10.94,4.2,resolved
TKT0003554,CUS003178,2024-01-11,2024-01-12,Integration,Low,29.19,3.6,resolved
TKT0003555,CUS002543,2024-03-05,2024-03-05,Integration,High,11.78,5.0,resolved
TKT0003556,CUS001441,2024-11-26,2024-11-26,Performance,Low,9.81,3.9,resolved
TKT0003557,CUS002442,2023-12-21,2023-12-21,Performance,Medium,19.94,3.8,resolved
TKT0003558,CUS004799,2024-03-06,2024-03-06,Billing,Medium,8.4,5.0,resolved
TKT0003559,CUS003791,2023-10-07,2023-10-08,Performance,Low,29.93,3.3,resolved
TKT0003560,CUS000288,2024-08-23,2024-08-23,Performance,High,7.32,3.7,resolved
TKT0003561,CUS004889,2024-01-25,2024-01-25,Technical,Low,8.51,3.9,resolved
TKT0003562,CUS003598,2023-04-15,2023-04-15,Performance,Medium,10.35,3.7,resolved
TKT0003563,CUS001266,2024-09-19,2024-09-19,Performance,Low,2.93,4.7,resolved
TKT0003564,CUS004801,2024-12-11,2024-12-11,Technical,Critical,12.97,5.0,resolved
TKT0003565,CUS002485,2023-02-01,2023-02-01,Billing,Medium,19.84,5.0,resolved
TKT0003566,CUS002731,2023-10-26,2023-10-27,Billing,Low,46.84,2.6,resolved
TKT0003567,CUS001240,2023-04-11,2023-04-11,Technical,Medium,19.75,4.5,resolved
TKT0003568,CUS004980,2024-01-08,2024-01-09,Performance,Critical,32.08,3.5,resolved
TKT0003569,CUS001526,2023-01-01,2023-01-01,Performance,Medium,12.62,4.3,resolved
TKT0003570,CUS003213,2023-05-25,2023-05-26,Account,Low,41.12,2.9,resolved
TKT0003571,CUS002932,2023-08-22,2023-08-22,Technical,Medium,11.79,4.3,resolved
TKT0003572,CUS003570,2023-02-14,2023-02-15,Technical,Medium,25.26,2.9,resolved
TKT0003573,CUS000366,2023-05-02,2023-05-02,Account,Medium,2.75,5.0,resolved
TKT0003574,CUS002492,2024-02-28,2024-02-28,Account,High,5.25,4.3,resolved
TKT0003575,CUS001153,2023-07-23,2023-07-23,Technical,Medium,8.32,4.4,resolved
TKT0003576,CUS000613,2024-02-03,2024-02-03,Billing,Medium,18.12,4.5,resolved
TKT0003577,CUS002637,2023-02-25,2023-02-25,Account,Medium,16.42,3.2,resolved
TKT0003578,CUS002283,2024-09-28,2024-09-28,Billing,Medium,5.85,4.1,resolved
TKT0003579,CUS002290,2023-09-09,2023-09-09,Technical,Medium,4.35,4.9,resolved
TKT0003580,CUS001908,2023-04-10,2023-04-10,Technical,Medium,9.66,3.8,resolved
TKT0003581,CUS001569,2023-10-20,2023-10-20,Technical,Low,7.83,4.3,resolved
TKT0003582,CUS000140,2023-09-23,2023-09-23,Billing,Medium,13.45,,resolved
TKT0003583,CUS002984,2024-11-07,2024-11-07,Integration,Medium,8.83,4.5,resolved
TKT0003584,CUS004554,2023-05-24,2023-05-24,Billing,Medium,9.08,4.2,resolved
TKT0003585,CUS002465,2024-02-22,2024-02-23,Performance,High,31.52,3.9,resolved
TKT0003586,CUS001472,2023-04-19,2023-04-19,Integration,Low,18.29,3.0,resolved
TKT0003587,CUS001546,2024-09-09,2024-09-09,Integration,Medium,7.98,3.8,resolved
TKT0003588,CUS001310,2024-09-11,2024-09-11,Integration,Medium,8.24,3.8,resolved
TKT0003589,CUS002204,2024-04-01,2024-04-01,Billing,Medium,17.17,3.8,resolved
TKT0003590,CUS000266,2024-01-22,2024-01-22,Integration,High,12.42,3.4,resolved
TKT0003591,CUS001179,2023-11-23,2023-11-23,Performance,Medium,18.66,5.0,resolved
TKT0003592,CUS004710,2024-12-24,2024-12-24,Account,Medium,14.31,2.7,resolved
TKT0003593,CUS002294,2024-10-13,2024-10-13,Account,Medium,10.29,4.9,resolved
TKT0003594,CUS000229,2024-03-29,2024-03-29,Technical,Medium,11.9,4.2,resolved
TKT0003595,CUS000057,2024-07-18,2024-07-18,Billing,Low,3.24,,resolved
TKT0003596,CUS004896,2024-04-13,2024-04-13,Performance,Medium,7.11,4.4,resolved
TKT0003597,CUS003904,2023-01-21,2023-01-22,Performance,High,26.14,3.6,resolved
TKT0003598,CUS001330,2024-02-11,2024-02-11,Technical,Medium,20.0,3.4,resolved
TKT0003599,CUS001661,2023-06-10,2023-06-10,Integration,Medium,8.96,5.0,resolved
TKT0003600,CUS003778,2024-02-28,2024-02-28,Performance,High,5.27,4.0,resolved
TKT0003601,CUS003210,2024-12-31,,Performance,Medium,26.02,3.6,open
TKT0003602,CUS003302,2023-10-19,2023-10-19,Billing,Medium,3.16,,resolved
TKT0003603,CUS001875,2024-07-16,2024-07-16,Performance,Medium,23.29,4.4,resolved
TKT0003604,CUS004181,2024-12-15,2024-12-15,Integration,Low,10.81,3.7,resolved
TKT0003605,CUS003539,2023-10-29,2023-10-29,Integration,Medium,8.85,5.0,resolved
TKT0003606,CUS003635,2024-06-06,2024-06-07,Integration,Medium,33.32,3.5,resolved
TKT0003607,CUS000991,2024-03-08,2024-03-09,Integration,High,30.3,3.2,resolved
TKT0003608,CUS001523,2023-06-27,2023-06-27,Performance,Low,16.92,4.7,resolved
TKT0003609,CUS001823,2024-07-18,2024-07-19,Performance,Medium,27.54,4.5,resolved
TKT0003610,CUS001528,2023-10-04,2023-10-04,Integration,Medium,7.44,,resolved
TKT0003611,CUS001009,2023-10-14,2023-10-14,Performance,High,7.53,4.4,resolved
TKT0003612,CUS003372,2023-03-09,2023-03-09,Billing,High,10.93,4.2,resolved
TKT0003613,CUS003253,2023-02-02,2023-02-03,Account,Low,32.1,3.7,resolved
TKT0003614,CUS002762,2023-07-23,2023-07-23,Account,High,3.78,5.0,resolved
TKT0003615,CUS003077,2024-03-27,2024-03-27,Account,High,12.46,4.9,resolved
TKT0003616,CUS004865,2024-11-13,2024-11-13,Billing,Medium,11.79,3.9,resolved
TKT0003617,CUS000342,2023-03-27,2023-03-27,Integration,Low,14.26,5.0,resolved
TKT0003618,CUS003372,2023-09-19,2023-09-19,Billing,High,5.16,4.3,resolved
TKT0003619,CUS004043,2023-06-27,2023-06-27,Billing,Medium,10.93,4.7,resolved
TKT0003620,CUS002196,2024-01-09,2024-01-11,Billing,Critical,50.02,2.3,resolved
TKT0003621,CUS001555,2024-01-15,2024-01-15,Performance,Medium,4.87,,resolved
TKT0003622,CUS002756,2024-09-25,2024-09-25,Billing,Low,10.14,4.8,resolved
TKT0003623,CUS003810,2024-08-05,2024-08-05,Integration,High,11.34,4.6,resolved
TKT0003624,CUS004319,2023-12-04,2023-12-05,Performance,High,30.54,,resolved
TKT0003625,CUS003314,2023-06-14,2023-06-14,Technical,Medium,11.79,4.5,resolved
TKT0003626,CUS003222,2024-03-01,2024-03-02,Technical,High,31.34,3.6,resolved
TKT0003627,CUS004476,2023-05-21,2023-05-21,Performance,Medium,18.83,5.0,resolved
TKT0003628,CUS002675,2024-12-29,2024-12-29,Integration,Medium,5.19,4.7,resolved
TKT0003629,CUS001816,2023-11-07,2023-11-07,Billing,Medium,9.6,3.6,resolved
TKT0003630,CUS000944,2023-11-08,2023-11-08,Integration,Low,3.02,5.0,resolved
TKT0003631,CUS000675,2023-04-10,2023-04-10,Performance,Low,14.54,4.9,resolved
TKT0003632,CUS001867,2024-05-05,2024-05-06,Billing,High,39.28,2.1,resolved
TKT0003633,CUS000136,2023-07-02,2023-07-02,Technical,Critical,7.27,4.0,resolved
TKT0003634,CUS003197,2023-08-03,2023-08-03,Integration,Medium,8.62,4.3,resolved
TKT0003635,CUS004372,2023-08-08,2023-08-08,Performance,Medium,6.78,4.2,resolved
TKT0003636,CUS003213,2023-06-24,2023-06-25,Integration,Low,43.59,2.5,resolved
TKT0003637,CUS004903,2024-07-24,2024-07-25,Technical,High,25.78,,resolved
TKT0003638,CUS004624,2024-10-08,2024-10-08,Integration,High,14.39,4.3,resolved
TKT0003639,CUS002986,2024-04-29,2024-04-29,Billing,Medium,4.48,5.0,resolved
TKT0003640,CUS000657,2024-11-24,2024-11-24,Integration,High,8.81,5.0,resolved
TKT0003641,CUS000986,2023-09-22,2023-09-22,Billing,High,5.43,,resolved
TKT0003642,CUS001786,2024-10-10,2024-10-10,Billing,Low,9.83,4.7,resolved
TKT0003643,CUS000858,2024-11-22,2024-11-22,Performance,Medium,11.47,5.0,resolved
TKT0003644,CUS002080,2023-03-08,2023-03-08,Account,Medium,10.15,5.0,resolved
TKT0003645,CUS004970,2023-07-21,2023-07-21,Integration,Medium,8.23,3.8,resolved
TKT0003646,CUS004983,2024-01-14,2024-01-14,Performance,Low,19.29,4.1,resolved
TKT0003647,CUS003764,2024-01-07,2024-01-07,Technical,High,11.69,5.0,resolved
TKT0003648,CUS003077,2024-03-17,2024-03-18,Performance,Medium,46.18,2.1,resolved
TKT0003649,CUS004258,2024-03-28,2024-03-28,Performance,High,14.49,3.9,resolved
TKT0003650,CUS004813,2023-03-28,2023-03-28,Performance,High,13.02,5.0,resolved
TKT0003651,CUS004239,2024-11-29,2024-11-29,Billing,Medium,14.09,4.1,resolved
TKT0003652,CUS003260,2023-01-08,2023-01-08,Technical,Low,2.64,5.0,resolved
TKT0003653,CUS002445,2024-09-17,2024-09-17,Account,High,18.78,5.0,resolved
TKT0003654,CUS001881,2024-01-01,2024-01-01,Account,Medium,21.7,4.1,resolved
TKT0003655,CUS002201,2023-10-01,2023-10-01,Technical,Low,14.73,4.1,resolved
TKT0003656,CUS000804,2023-11-20,2023-11-20,Technical,Medium,7.32,5.0,resolved
TKT0003657,CUS001321,2024-01-02,2024-01-02,Performance,Critical,22.98,,resolved
TKT0003658,CUS003825,2023-01-05,2023-01-05,Technical,High,5.53,4.5,resolved
TKT0003659,CUS003206,2023-11-30,2023-11-30,Performance,Medium,16.32,4.3,resolved
TKT0003660,CUS001587,2024-12-07,2024-12-07,Billing,Medium,15.33,,resolved
TKT0003661,CUS002578,2023-08-11,2023-08-11,Account,Low,8.36,4.9,resolved
TKT0003662,CUS001871,2023-09-09,2023-09-09,Integration,Critical,12.27,3.9,resolved
TKT0003663,CUS001192,2023-12-18,2023-12-18,Account,Critical,12.68,5.0,resolved
TKT0003664,CUS000539,2024-11-24,2024-11-24,Integration,Low,23.21,3.7,resolved
TKT0003665,CUS002666,2023-03-06,2023-03-06,Performance,Medium,23.44,3.7,resolved
TKT0003666,CUS003152,2023-08-06,2023-08-06,Integration,Low,5.76,3.8,resolved
TKT0003667,CUS000009,2023-02-09,2023-02-09,Technical,High,5.82,,resolved
TKT0003668,CUS000188,2023-03-12,2023-03-13,Performance,Medium,24.72,4.1,resolved
TKT0003669,CUS000936,2023-02-20,2023-02-20,Integration,High,4.65,4.6,resolved
TKT0003670,CUS003754,2023-08-31,2023-08-31,Performance,Low,8.47,5.0,resolved
TKT0003671,CUS003666,2023-04-10,2023-04-10,Performance,Low,7.91,,resolved
TKT0003672,CUS002098,2024-07-20,2024-07-20,Integration,High,8.0,5.0,resolved
TKT0003673,CUS004992,2023-07-27,2023-07-27,Integration,High,3.96,4.7,resolved
TKT0003674,CUS002539,2023-11-12,2023-11-12,Performance,High,10.93,3.9,resolved
TKT0003675,CUS003288,2024-04-12,2024-04-12,Billing,Medium,4.85,4.5,resolved
TKT0003676,CUS002686,2023-09-08,2023-09-08,Billing,Critical,22.12,4.2,resolved
TKT0003677,CUS004655,2024-09-06,2024-09-06,Billing,Low,14.24,,resolved
TKT0003678,CUS000648,2024-04-24,2024-04-25,Integration,Medium,34.31,4.4,resolved
TKT0003679,CUS000272,2024-07-24,2024-07-24,Account,Medium,13.94,4.6,resolved
TKT0003680,CUS002763,2024-05-10,2024-05-11,Integration,High,25.89,4.4,resolved
TKT0003681,CUS003276,2023-08-27,2023-08-27,Performance,High,4.2,4.3,resolved
TKT0003682,CUS004184,2024-03-04,2024-03-04,Technical,Medium,10.39,4.7,resolved
TKT0003683,CUS002462,2023-02-01,2023-02-01,Technical,Medium,15.74,3.9,resolved
TKT0003684,CUS000847,2023-05-18,2023-05-18,Account,High,17.86,3.0,resolved
TKT0003685,CUS001821,2023-02-09,2023-02-09,Technical,Low,10.17,5.0,resolved
TKT0003686,CUS003905,2023-02-24,2023-02-24,Integration,High,8.85,5.0,resolved
TKT0003687,CUS001441,2024-08-06,2024-08-06,Performance,Critical,15.07,5.0,resolved
TKT0003688,CUS004286,2023-05-28,2023-05-28,Integration,Low,3.2,5.0,resolved
TKT0003689,CUS000603,2024-09-29,2024-09-29,Account,High,5.56,4.6,resolved
TKT0003690,CUS002131,2024-11-26,2024-11-26,Integration,Low,11.71,,resolved
TKT0003691,CUS003560,2024-11-12,2024-11-12,Integration,Medium,10.71,,resolved
TKT0003692,CUS001794,2024-03-10,2024-03-10,Performance,Medium,23.18,3.5,resolved
TKT0003693,CUS003319,2024-12-07,2024-12-07,Account,Medium,20.39,4.0,resolved
TKT0003694,CUS004917,2023-03-25,2023-03-25,Billing,Medium,13.41,3.8,resolved
TKT0003695,CUS000210,2024-09-12,2024-09-12,Integration,Medium,7.31,4.2,resolved
TKT0003696,CUS000159,2023-03-23,2023-03-24,Integration,Medium,39.57,4.0,resolved
TKT0003697,CUS003024,2023-09-17,2023-09-17,Technical,High,5.44,4.3,resolved
TKT0003698,CUS004759,2023-08-24,2023-08-24,Integration,Low,9.04,5.0,resolved
TKT0003699,CUS002464,2023-12-13,2023-12-13,Integration,Medium,10.7,4.0,resolved
TKT0003700,CUS002339,2024-04-29,2024-04-29,Performance,Medium,15.57,4.2,resolved
TKT0003701,CUS001134,2024-08-31,2024-08-31,Performance,Low,9.71,4.8,resolved
TKT0003702,CUS001839,2024-03-08,2024-03-08,Technical,Medium,16.43,,resolved
TKT0003703,CUS000022,2024-10-18,2024-10-18,Technical,Low,20.0,3.5,resolved
TKT0003704,CUS002633,2024-03-13,2024-03-13,Performance,Low,10.45,5.0,resolved
TKT0003705,CUS004075,2023-09-21,2023-09-21,Account,Low,11.61,4.6,resolved
TKT0003706,CUS003903,2024-02-14,2024-02-14,Performance,High,8.27,3.6,resolved
TKT0003707,CUS002214,2024-04-04,2024-04-04,Performance,Medium,10.5,5.0,resolved
TKT0003708,CUS002197,2023-12-26,2023-12-26,Account,High,10.3,4.6,resolved
TKT0003709,CUS003389,2023-05-11,2023-05-11,Integration,Critical,13.53,4.3,resolved
TKT0003710,CUS004672,2023-07-31,2023-07-31,Billing,Medium,4.88,5.0,resolved
TKT0003711,CUS003711,2023-01-02,2023-01-02,Billing,High,9.63,3.5,resolved
TKT0003712,CUS002504,2024-03-08,2024-03-08,Billing,High,11.44,4.0,resolved
TKT0003713,CUS004555,2023-09-17,2023-09-17,Technical,Medium,17.22,4.3,resolved
TKT0003714,CUS004938,2024-07-29,2024-07-29,Technical,High,15.87,3.6,resolved
TKT0003715,CUS003580,2024-11-04,2024-11-05,Billing,Medium,24.91,4.2,resolved
TKT0003716,CUS004521,2024-12-24,2024-12-24,Technical,Low,10.64,3.7,resolved
TKT0003717,CUS004697,2024-04-24,2024-04-24,Account,Critical,4.68,4.8,resolved
TKT0003718,CUS002868,2024-11-26,2024-11-26,Account,Medium,10.01,5.0,resolved
TKT0003719,CUS001474,2024-10-16,2024-10-16,Integration,High,3.84,4.4,resolved
TKT0003720,CUS003663,2024-11-27,2024-11-27,Performance,Low,3.82,4.9,resolved
TKT0003721,CUS000833,2023-09-20,2023-09-20,Account,Low,7.07,4.2,resolved
TKT0003722,CUS001679,2023-08-06,2023-08-06,Technical,Medium,12.12,3.5,resolved
TKT0003723,CUS002000,2023-02-04,2023-02-04,Account,Medium,5.39,5.0,resolved
TKT0003724,CUS004230,2024-02-20,2024-02-20,Account,Medium,23.92,3.8,resolved
TKT0003725,CUS002179,2023-09-20,2023-09-20,Billing,Medium,12.03,,resolved
TKT0003726,CUS003119,2024-09-07,2024-09-07,Billing,Medium,22.62,,resolved
TKT0003727,CUS004314,2023-11-10,2023-11-11,Technical,Medium,30.83,2.9,resolved
TKT0003728,CUS000686,2023-05-23,2023-05-23,Billing,High,19.33,3.3,resolved
TKT0003729,CUS003387,2024-05-06,2024-05-06,Performance,Low,12.84,4.6,resolved
TKT0003730,CUS003381,2023-07-15,2023-07-15,Billing,High,5.47,5.0,resolved
TKT0003731,CUS002763,2024-12-07,2024-12-07,Technical,High,9.62,4.8,resolved
TKT0003732,CUS004535,2024-02-14,2024-02-14,Technical,Medium,11.42,3.6,resolved
TKT0003733,CUS002658,2023-08-16,2023-08-16,Account,Low,7.97,5.0,resolved
TKT0003734,CUS000794,2024-03-19,2024-03-19,Account,Medium,9.1,3.8,resolved
TKT0003735,CUS003359,2024-07-07,2024-07-07,Performance,Medium,15.14,3.1,resolved
TKT0003736,CUS002095,2023-09-17,2023-09-17,Technical,High,14.38,5.0,resolved
TKT0003737,CUS004952,2024-10-10,2024-10-10,Technical,Low,9.77,4.1,resolved
TKT0003738,CUS004061,2023-03-15,2023-03-15,Technical,Low,7.41,4.4,resolved
TKT0003739,CUS000690,2023-07-01,2023-07-01,Account,Medium,4.2,5.0,resolved
TKT0003740,CUS001873,2023-05-04,2023-05-04,Account,High,11.04,5.0,resolved
TKT0003741,CUS000791,2024-07-24,2024-07-24,Technical,Low,7.9,4.6,resolved
TKT0003742,CUS004526,2023-11-06,2023-11-07,Performance,Low,31.75,3.9,resolved
TKT0003743,CUS000149,2024-11-28,2024-11-28,Integration,High,10.35,5.0,resolved
TKT0003744,CUS002024,2023-07-10,2023-07-10,Billing,High,6.5,4.0,resolved
TKT0003745,CUS001031,2024-07-22,2024-07-22,Integration,Medium,10.53,4.8,resolved
TKT0003746,CUS002286,2024-05-17,2024-05-17,Account,High,8.66,4.4,resolved
TKT0003747,CUS003958,2023-10-18,2023-10-18,Billing,Medium,6.48,4.0,resolved
TKT0003748,CUS000114,2024-11-04,2024-11-04,Performance,Medium,15.59,4.9,resolved
TKT0003749,CUS001322,2024-03-02,2024-03-02,Integration,Critical,4.55,5.0,resolved
TKT0003750,CUS004176,2023-12-03,2023-12-03,Billing,Medium,11.29,4.9,resolved
TKT0003751,CUS001467,2024-06-28,2024-06-28,Performance,High,11.83,,resolved
TKT0003752,CUS001555,2024-10-23,2024-10-23,Account,Medium,19.96,3.9,resolved
TKT0003753,CUS001420,2024-08-13,2024-08-13,Integration,Medium,11.4,4.7,resolved
TKT0003754,CUS003415,2023-04-15,2023-04-15,Billing,Low,5.57,5.0,resolved
TKT0003755,CUS004426,2024-06-01,2024-06-01,Performance,High,1.53,5.0,resolved
TKT0003756,CUS001884,2024-01-30,2024-01-30,Billing,Medium,5.2,3.8,resolved
TKT0003757,CUS004862,2024-12-15,2024-12-15,Account,Medium,12.6,4.1,resolved
TKT0003758,CUS000775,2024-10-09,2024-10-09,Technical,Medium,22.02,3.8,resolved
TKT0003759,CUS004353,2024-09-21,2024-09-21,Billing,High,18.1,4.5,resolved
TKT0003760,CUS001780,2023-04-07,2023-04-07,Technical,Medium,6.21,5.0,resolved
TKT0003761,CUS000851,2023-06-07,2023-06-07,Technical,High,12.01,,resolved
TKT0003762,CUS003396,2024-10-11,2024-10-11,Billing,Medium,3.82,4.8,resolved
TKT0003763,CUS001261,2024-12-31,,Integration,Medium,10.62,5.0,open
TKT0003764,CUS000705,2024-07-07,2024-07-07,Performance,Medium,15.05,4.2,resolved
TKT0003765,CUS002462,2024-05-29,2024-05-29,Performance,Medium,22.61,4.1,resolved
TKT0003766,CUS000886,2024-01-06,2024-01-06,Integration,Medium,19.11,4.8,resolved
TKT0003767,CUS002618,2024-10-29,2024-10-30,Billing,Low,25.03,2.0,resolved
TKT0003768,CUS004669,2023-03-04,2023-03-05,Billing,Low,24.47,3.6,resolved
TKT0003769,CUS000020,2023-12-30,2023-12-30,Billing,Medium,21.76,3.3,resolved
TKT0003770,CUS001845,2023-03-19,2023-03-19,Billing,Medium,1.21,4.5,resolved
TKT0003771,CUS003092,2024-10-15,2024-10-15,Technical,High,20.83,3.6,resolved
TKT0003772,CUS002455,2023-10-21,2023-10-21,Technical,Medium,19.06,2.9,resolved
TKT0003773,CUS002966,2024-12-20,2024-12-20,Performance,Low,9.7,5.0,resolved
TKT0003774,CUS000113,2023-02-17,2023-02-18,Technical,Medium,28.67,5.0,resolved
TKT0003775,CUS002680,2024-08-24,2024-08-24,Billing,High,11.43,4.6,resolved
TKT0003776,CUS003303,2023-06-11,2023-06-11,Integration,Medium,10.77,5.0,resolved
TKT0003777,CUS003006,2024-08-06,2024-08-06,Technical,Low,23.33,3.4,resolved
TKT0003778,CUS000208,2024-08-07,2024-08-07,Account,Medium,9.33,,resolved
TKT0003779,CUS000532,2023-06-07,2023-06-07,Account,Medium,6.52,4.5,resolved
TKT0003780,CUS003442,2023-10-25,2023-10-25,Performance,Critical,14.78,4.0,resolved
TKT0003781,CUS000735,2023-04-09,2023-04-09,Account,High,8.42,4.8,resolved
TKT0003782,CUS001556,2024-04-05,2024-04-06,Technical,Medium,47.09,3.7,resolved
TKT0003783,CUS002241,2024-07-16,2024-07-16,Integration,Critical,6.02,5.0,resolved
TKT0003784,CUS002214,2023-02-02,2023-02-02,Billing,Low,21.54,4.9,resolved
TKT0003785,CUS000272,2024-05-31,2024-05-31,Integration,High,12.81,3.5,resolved
TKT0003786,CUS002274,2023-07-25,2023-07-25,Account,High,22.04,3.2,resolved
TKT0003787,CUS002118,2024-04-01,2024-04-01,Performance,Medium,8.97,4.3,resolved
TKT0003788,CUS001412,2024-11-14,2024-11-14,Integration,High,7.61,5.0,resolved
TKT0003789,CUS002596,2023-11-23,2023-11-23,Integration,High,4.89,5.0,resolved
TKT0003790,CUS003651,2024-06-04,2024-06-04,Technical,High,7.01,3.6,resolved
TKT0003791,CUS004956,2023-02-17,2023-02-17,Technical,Low,8.97,4.5,resolved
TKT0003792,CUS004846,2023-02-06,2023-02-06,Performance,Medium,6.54,4.4,resolved
TKT0003793,CUS003438,2024-02-22,2024-02-22,Integration,Low,11.77,4.4,resolved
TKT0003794,CUS001175,2024-04-07,2024-04-07,Technical,Low,21.33,5.0,resolved
TKT0003795,CUS004143,2024-01-25,2024-01-25,Integration,Critical,9.12,4.5,resolved
TKT0003796,CUS001678,2024-05-30,2024-05-31,Integration,Low,41.28,2.6,resolved
TKT0003797,CUS000965,2024-06-08,2024-06-08,Integration,Medium,10.31,3.8,resolved
TKT0003798,CUS001633,2024-12-05,2024-12-05,Account,Medium,8.55,5.0,resolved
TKT0003799,CUS000278,2023-03-07,2023-03-07,Integration,High,8.72,4.6,resolved
TKT0003800,CUS001985,2023-10-27,2023-10-27,Billing,Critical,16.69,3.7,resolved
TKT0003801,CUS004001,2023-10-22,2023-10-22,Account,Medium,4.5,5.0,resolved
TKT0003802,CUS000037,2024-01-31,2024-01-31,Technical,Critical,3.36,4.7,resolved
TKT0003803,CUS000001,2023-11-04,2023-11-04,Integration,Medium,11.96,4.4,resolved
TKT0003804,CUS000883,2024-06-29,2024-06-29,Performance,High,11.95,3.8,resolved
TKT0003805,CUS000987,2023-12-06,2023-12-06,Billing,High,15.13,3.1,resolved
TKT0003806,CUS003224,2023-10-06,2023-10-06,Performance,Medium,10.32,5.0,resolved
TKT0003807,CUS000804,2023-01-25,2023-01-27,Billing,Low,51.5,2.6,resolved
TKT0003808,CUS002001,2023-09-16,2023-09-17,Account,Low,28.84,3.8,resolved
TKT0003809,CUS003195,2024-03-03,2024-03-03,Technical,Medium,2.52,,resolved
TKT0003810,CUS001212,2024-12-22,2024-12-22,Billing,Medium,4.48,4.5,resolved
TKT0003811,CUS000853,2023-05-22,2023-05-22,Performance,High,3.29,5.0,resolved
TKT0003812,CUS004437,2024-07-03,2024-07-03,Performance,Medium,11.01,5.0,resolved
TKT0003813,CUS001096,2024-10-28,2024-10-28,Billing,Medium,11.8,,resolved
TKT0003814,CUS004463,2024-01-07,2024-01-09,Billing,Low,49.92,1.9,resolved
TKT0003815,CUS004732,2024-04-06,2024-04-06,Performance,Medium,6.63,5.0,resolved
TKT0003816,CUS004639,2023-05-26,2023-05-26,Billing,Low,6.01,4.9,resolved
TKT0003817,CUS002420,2024-08-30,2024-08-30,Integration,Low,12.27,4.5,resolved
TKT0003818,CUS003604,2024-04-27,2024-04-27,Performance,High,5.53,4.5,resolved
TKT0003819,CUS001232,2023-12-26,2023-12-26,Performance,Medium,8.96,4.4,resolved
TKT0003820,CUS000322,2024-04-27,2024-04-28,Technical,High,30.67,3.6,resolved
TKT0003821,CUS002607,2023-09-29,2023-09-30,Technical,Low,28.0,2.7,resolved
TKT0003822,CUS000513,2023-05-22,2023-05-22,Performance,Low,20.29,3.8,resolved
TKT0003823,CUS003893,2023-07-08,2023-07-08,Integration,Low,4.67,4.5,resolved
TKT0003824,CUS002543,2023-01-22,2023-01-22,Technical,Medium,14.82,4.2,resolved
TKT0003825,CUS000318,2023-10-17,2023-10-17,Technical,Critical,10.55,4.7,resolved
TKT0003826,CUS003595,2023-11-27,2023-11-28,Account,Medium,45.53,,resolved
TKT0003827,CUS002440,2024-11-04,2024-11-04,Technical,Low,16.38,5.0,resolved
TKT0003828,CUS002326,2023-11-07,2023-11-07,Performance,Low,17.39,4.2,resolved
TKT0003829,CUS002831,2024-11-07,2024-11-08,Performance,Low,32.74,,resolved
TKT0003830,CUS003938,2023-04-02,2023-04-03,Billing,Medium,24.83,4.4,resolved
TKT0003831,CUS000709,2024-11-17,2024-11-17,Billing,Medium,16.81,5.0,resolved
TKT0003832,CUS000571,2023-11-02,2023-11-02,Technical,Low,14.4,4.5,resolved
TKT0003833,CUS000862,2024-07-13,2024-07-13,Integration,Medium,13.71,3.8,resolved
TKT0003834,CUS001530,2023-06-23,2023-06-23,Account,Medium,13.64,3.6,resolved
TKT0003835,CUS003754,2023-05-11,2023-05-12,Account,Medium,26.77,4.0,resolved
TKT0003836,CUS002986,2024-02-20,2024-02-20,Technical,Critical,7.14,4.5,resolved
TKT0003837,CUS000311,2024-06-08,2024-06-08,Billing,High,11.73,,resolved
TKT0003838,CUS004102,2023-07-12,2023-07-12,Account,Medium,14.4,3.9,resolved
TKT0003839,CUS000223,2023-09-03,2023-09-03,Performance,Medium,12.21,3.8,resolved
TKT0003840,CUS001035,2023-11-07,2023-11-07,Integration,High,13.92,3.7,resolved
TKT0003841,CUS004440,2023-11-07,2023-11-07,Performance,Medium,17.72,5.0,resolved
TKT0003842,CUS001756,2024-12-23,2024-12-23,Billing,Low,13.75,5.0,resolved
TKT0003843,CUS001710,2023-12-04,2023-12-04,Performance,Medium,17.03,3.6,resolved
TKT0003844,CUS000949,2024-07-12,2024-07-12,Account,Medium,4.83,4.7,resolved
TKT0003845,CUS000896,2023-07-07,2023-07-07,Performance,Medium,4.82,4.6,resolved
TKT0003846,CUS000147,2024-05-10,2024-05-10,Billing,Medium,10.86,3.4,resolved
TKT0003847,CUS004234,2023-06-02,2023-06-02,Account,High,5.26,4.8,resolved
TKT0003848,CUS003652,2024-06-06,2024-06-06,Account,Critical,23.47,4.3,resolved
TKT0003849,CUS001886,2023-03-17,2023-03-17,Billing,Low,8.59,4.7,resolved
TKT0003850,CUS003777,2023-08-08,2023-08-08,Technical,Low,4.44,4.7,resolved
TKT0003851,CUS001418,2023-11-19,2023-11-19,Performance,Medium,9.56,4.4,resolved
TKT0003852,CUS001716,2024-11-10,2024-11-12,Technical,Medium,52.52,2.0,resolved
TKT0003853,CUS004419,2024-03-08,2024-03-08,Account,Medium,6.1,4.9,resolved
TKT0003854,CUS001125,2023-05-22,2023-05-22,Billing,Medium,7.18,5.0,resolved
TKT0003855,CUS004268,2024-10-07,2024-10-07,Performance,Low,14.89,4.1,resolved
TKT0003856,CUS001231,2024-08-03,2024-08-04,Integration,Low,41.58,2.4,resolved
TKT0003857,CUS004563,2023-01-13,2023-01-13,Technical,High,5.68,4.2,resolved
TKT0003858,CUS001144,2023-04-08,2023-04-08,Integration,Medium,6.59,5.0,resolved
TKT0003859,CUS001466,2023-02-03,2023-02-03,Account,Medium,6.65,5.0,resolved
TKT0003860,CUS002775,2023-06-19,2023-06-19,Billing,High,10.41,4.6,resolved
TKT0003861,CUS001002,2024-06-27,2024-06-27,Technical,Medium,12.27,4.6,resolved
TKT0003862,CUS000122,2023-05-08,2023-05-08,Account,Medium,18.52,4.0,resolved
TKT0003863,CUS001507,2024-07-31,2024-07-31,Performance,Medium,13.72,3.7,resolved
TKT0003864,CUS002167,2023-10-23,2023-10-23,Account,Medium,11.23,4.5,resolved
TKT0003865,CUS000063,2023-01-26,2023-01-26,Account,High,12.36,3.5,resolved
TKT0003866,CUS003926,2024-02-10,2024-02-11,Account,Medium,25.14,3.2,resolved
TKT0003867,CUS001397,2024-07-10,2024-07-10,Performance,Medium,5.06,4.6,resolved
TKT0003868,CUS000880,2023-09-14,2023-09-14,Performance,Low,12.32,5.0,resolved
TKT0003869,CUS003138,2024-02-13,2024-02-13,Account,Low,3.76,5.0,resolved
TKT0003870,CUS004386,2024-08-15,2024-08-15,Performance,Medium,21.36,3.3,resolved
TKT0003871,CUS002273,2023-08-22,2023-08-23,Integration,Medium,32.2,4.1,resolved
TKT0003872,CUS002140,2023-10-01,2023-10-01,Billing,Medium,7.33,4.7,resolved
TKT0003873,CUS002495,2024-04-22,2024-04-22,Billing,Medium,12.8,,resolved
TKT0003874,CUS000795,2024-11-09,2024-11-10,Integration,Medium,28.68,4.0,resolved
TKT0003875,CUS001557,2023-08-13,2023-08-14,Billing,Medium,27.64,3.7,resolved
TKT0003876,CUS002293,2023-06-10,2023-06-10,Technical,Low,16.01,2.8,resolved
TKT0003877,CUS004971,2023-11-18,2023-11-18,Performance,Low,6.8,4.9,resolved
TKT0003878,CUS001956,2023-02-17,2023-02-17,Billing,Low,14.09,,resolved
TKT0003879,CUS000246,2023-12-23,2023-12-23,Technical,Medium,23.87,3.3,resolved
TKT0003880,CUS001286,2023-09-06,2023-09-06,Performance,Medium,11.05,4.3,resolved
TKT0003881,CUS004645,2023-08-03,2023-08-04,Billing,Low,24.33,2.6,resolved
TKT0003882,CUS004191,2023-07-21,2023-07-22,Integration,Medium,32.5,3.2,resolved
TKT0003883,CUS003117,2023-08-28,2023-08-29,Technical,Medium,27.41,3.8,resolved
TKT0003884,CUS002684,2023-08-20,2023-08-20,Performance,High,10.33,4.0,resolved
TKT0003885,CUS003210,2024-10-13,2024-10-13,Integration,Medium,14.92,4.1,resolved
TKT0003886,CUS004813,2023-04-18,2023-04-19,Account,Medium,30.53,3.5,resolved
TKT0003887,CUS002210,2023-10-26,2023-10-26,Account,Medium,6.12,5.0,resolved
TKT0003888,CUS003996,2023-09-15,2023-09-15,Technical,High,23.89,4.2,resolved
TKT0003889,CUS004383,2023-07-22,2023-07-22,Performance,Low,13.86,4.0,resolved
TKT0003890,CUS001047,2023-04-26,2023-04-26,Billing,Medium,13.03,4.3,resolved
TKT0003891,CUS001939,2024-01-06,2024-01-06,Account,Medium,5.37,3.9,resolved
TKT0003892,CUS003598,2024-01-15,2024-01-15,Account,Low,11.02,4.1,resolved
TKT0003893,CUS001171,2023-04-08,2023-04-08,Performance,Low,12.46,5.0,resolved
TKT0003894,CUS001599,2024-12-22,2024-12-23,Performance,Low,30.9,2.8,resolved
TKT0003895,CUS001769,2024-02-17,2024-02-17,Billing,Medium,12.3,5.0,resolved
TKT0003896,CUS004870,2024-07-12,2024-07-13,Performance,Medium,26.36,3.0,resolved
TKT0003897,CUS003474,2024-09-06,2024-09-07,Account,Low,25.6,4.2,resolved
TKT0003898,CUS002618,2023-07-13,2023-07-13,Performance,Low,8.21,4.9,resolved
TKT0003899,CUS002250,2023-12-18,2023-12-19,Account,Low,25.6,,resolved
TKT0003900,CUS003421,2024-08-10,2024-08-10,Billing,Low,7.17,,resolved
TKT0003901,CUS004463,2023-01-12,2023-01-13,Integration,Low,39.66,2.4,resolved
TKT0003902,CUS001156,2023-07-27,2023-07-27,Integration,High,5.07,,resolved
TKT0003903,CUS003707,2024-10-22,2024-10-23,Integration,Medium,43.61,2.8,resolved
TKT0003904,CUS001227,2024-04-29,2024-04-29,Account,Medium,6.78,,resolved
TKT0003905,CUS003882,2024-07-02,2024-07-02,Billing,Medium,14.06,3.8,resolved
TKT0003906,CUS003694,2023-12-31,2023-12-31,Billing,High,15.58,3.6,resolved
TKT0003907,CUS003457,2024-12-08,2024-12-08,Integration,Medium,7.26,5.0,resolved
TKT0003908,CUS001342,2024-04-28,2024-04-30,Technical,Low,52.56,2.2,resolved
TKT0003909,CUS004955,2024-08-12,2024-08-12,Account,High,3.65,5.0,resolved
TKT0003910,CUS001678,2024-02-13,2024-02-13,Performance,Medium,23.81,3.9,resolved
TKT0003911,CUS004400,2024-09-20,2024-09-21,Integration,Low,25.18,4.3,resolved
TKT0003912,CUS000902,2024-05-24,2024-05-24,Billing,High,9.05,,resolved
TKT0003913,CUS001892,2024-10-31,2024-10-31,Performance,Medium,7.94,5.0,resolved
TKT0003914,CUS000112,2023-02-16,2023-02-16,Account,Critical,5.66,5.0,resolved
TKT0003915,CUS000506,2023-07-05,2023-07-05,Billing,High,8.6,5.0,resolved
TKT0003916,CUS002246,2023-10-10,2023-10-10,Billing,Medium,18.43,4.1,resolved
TKT0003917,CUS004115,2024-12-21,2024-12-21,Account,High,8.29,,resolved
TKT0003918,CUS003345,2023-07-21,2023-07-21,Account,Low,20.68,4.7,resolved
TKT0003919,CUS002887,2023-07-05,2023-07-05,Performance,High,9.85,5.0,resolved
TKT0003920,CUS000065,2024-03-10,2024-03-11,Performance,Medium,36.42,2.7,resolved
TKT0003921,CUS004155,2024-12-14,2024-12-14,Integration,Medium,11.37,5.0,resolved
TKT0003922,CUS001639,2024-12-22,2024-12-22,Performance,Low,6.16,4.1,resolved
TKT0003923,CUS002768,2024-08-04,2024-08-04,Technical,Medium,12.17,4.5,resolved
TKT0003924,CUS004106,2024-08-12,2024-08-13,Account,Low,26.68,2.7,resolved
TKT0003925,CUS000261,2024-06-19,2024-06-19,Account,Low,7.5,3.5,resolved
TKT0003926,CUS001589,2023-10-24,2023-10-25,Technical,Low,38.5,2.9,resolved
TKT0003927,CUS004771,2023-06-18,2023-06-18,Billing,High,6.34,5.0,resolved
TKT0003928,CUS000487,2024-04-11,2024-04-11,Billing,Low,8.05,4.6,resolved
TKT0003929,CUS001837,2023-08-13,2023-08-13,Performance,High,10.62,5.0,resolved
TKT0003930,CUS004493,2024-10-27,2024-10-27,Technical,High,19.24,3.3,resolved
TKT0003931,CUS000604,2023-04-24,2023-04-25,Account,Medium,41.54,2.9,resolved
TKT0003932,CUS003420,2024-09-12,2024-09-13,Performance,High,40.93,2.4,resolved
TKT0003933,CUS003443,2023-08-04,2023-08-04,Technical,Medium,19.12,3.8,resolved
TKT0003934,CUS001215,2024-03-14,2024-03-14,Account,Medium,21.17,3.6,resolved
TKT0003935,CUS000734,2024-11-03,2024-11-03,Account,High,15.84,4.0,resolved
TKT0003936,CUS003798,2023-06-04,2023-06-04,Billing,Medium,18.76,4.0,resolved
TKT0003937,CUS001148,2023-12-02,2023-12-02,Integration,Medium,7.7,3.9,resolved
TKT0003938,CUS003884,2024-02-16,2024-02-16,Account,Low,12.13,,resolved
TKT0003939,CUS004537,2024-11-30,2024-11-30,Billing,Critical,22.99,4.7,resolved
TKT0003940,CUS000231,2023-01-25,2023-01-25,Integration,Low,11.07,4.6,resolved
TKT0003941,CUS001402,2024-03-08,2024-03-08,Technical,Medium,8.29,4.6,resolved
TKT0003942,CUS003640,2024-12-15,2024-12-15,Technical,High,21.49,3.8,resolved
TKT0003943,CUS002844,2023-01-12,2023-01-12,Account,Medium,7.99,5.0,resolved
TKT0003944,CUS002590,2023-09-27,2023-09-27,Technical,Low,14.83,3.7,resolved
TKT0003945,CUS002353,2023-09-04,2023-09-04,Technical,High,13.36,4.8,resolved
TKT0003946,CUS004785,2023-02-25,2023-02-25,Account,High,18.38,3.9,resolved
TKT0003947,CUS003882,2023-09-07,2023-09-08,Performance,High,28.53,3.3,resolved
TKT0003948,CUS002778,2023-12-21,2023-12-21,Technical,High,15.84,4.2,resolved
TKT0003949,CUS001643,2023-11-08,2023-11-08,Account,Medium,8.58,4.8,resolved
TKT0003950,CUS000114,2024-02-12,2024-02-12,Account,Medium,12.58,3.5,resolved
TKT0003951,CUS003390,2024-05-04,2024-05-04,Technical,Medium,12.83,3.8,resolved
TKT0003952,CUS000785,2023-11-11,2023-11-11,Technical,High,12.16,4.1,resolved
TKT0003953,CUS000790,2023-07-16,2023-07-19,Integration,Low,80.31,1.0,resolved
TKT0003954,CUS000529,2024-10-30,2024-10-30,Technical,Medium,13.09,3.2,resolved
TKT0003955,CUS004401,2023-10-25,2023-10-25,Account,Low,11.12,5.0,resolved
TKT0003956,CUS002905,2024-11-23,2024-11-23,Performance,Medium,7.4,5.0,resolved
TKT0003957,CUS004011,2024-12-30,2024-12-30,Billing,Low,9.22,4.1,resolved
TKT0003958,CUS000075,2024-04-07,2024-04-07,Billing,Low,4.13,4.9,resolved
TKT0003959,CUS002390,2023-09-22,2023-09-22,Technical,High,5.41,5.0,resolved
TKT0003960,CUS003128,2024-12-15,2024-12-15,Billing,Medium,8.79,4.6,resolved
TKT0003961,CUS004586,2024-01-04,2024-01-05,Technical,Medium,31.59,3.2,resolved
TKT0003962,CUS003009,2023-09-18,2023-09-18,Performance,Medium,13.65,,resolved
TKT0003963,CUS000662,2024-01-11,2024-01-11,Billing,High,9.45,5.0,resolved
TKT0003964,CUS003553,2024-06-04,2024-06-04,Performance,Critical,7.22,4.4,resolved
TKT0003965,CUS001793,2023-05-23,2023-05-23,Performance,Low,9.82,4.2,resolved
TKT0003966,CUS001210,2023-05-25,2023-05-25,Technical,Medium,14.01,4.7,resolved
TKT0003967,CUS004238,2023-12-29,2023-12-29,Billing,Medium,6.19,4.4,resolved
TKT0003968,CUS002812,2024-04-06,2024-04-06,Integration,Medium,2.28,4.4,resolved
TKT0003969,CUS002471,2023-06-11,2023-06-11,Integration,Medium,5.43,4.5,resolved
TKT0003970,CUS004196,2023-03-04,2023-03-04,Integration,Low,5.62,,resolved
TKT0003971,CUS004698,2023-03-20,2023-03-20,Technical,High,21.31,3.1,resolved
TKT0003972,CUS003200,2023-02-04,2023-02-05,Billing,Low,24.98,4.8,resolved
TKT0003973,CUS004217,2024-08-13,2024-08-13,Account,Medium,3.28,4.1,resolved
TKT0003974,CUS002121,2024-03-17,2024-03-17,Performance,Low,16.75,4.3,resolved
TKT0003975,CUS004520,2024-06-06,2024-06-06,Integration,Medium,22.35,2.7,resolved
TKT0003976,CUS003593,2024-01-09,2024-01-09,Integration,High,6.51,5.0,resolved
TKT0003977,CUS004556,2023-07-17,2023-07-17,Performance,High,6.32,4.8,resolved
TKT0003978,CUS004313,2023-10-30,2023-10-31,Billing,Low,47.89,3.5,resolved
TKT0003979,CUS001787,2023-04-09,2023-04-09,Billing,Medium,15.41,3.8,resolved
TKT0003980,CUS004422,2023-09-29,2023-09-30,Account,Medium,38.17,4.6,resolved
TKT0003981,CUS002742,2024-12-19,2024-12-19,Billing,High,18.24,3.4,resolved
TKT0003982,CUS003971,2024-11-15,2024-11-16,Integration,Low,43.16,3.1,resolved
TKT0003983,CUS003547,2024-11-01,2024-11-01,Billing,Medium,13.98,2.8,resolved
TKT0003984,CUS004624,2024-06-16,2024-06-16,Integration,High,13.85,4.1,resolved
TKT0003985,CUS003517,2023-09-22,2023-09-22,Technical,High,7.78,4.7,resolved
TKT0003986,CUS003600,2024-07-14,2024-07-14,Billing,Low,7.32,4.7,resolved
TKT0003987,CUS004984,2024-04-16,2024-04-16,Account,Medium,9.26,4.3,resolved
TKT0003988,CUS004338,2024-06-18,2024-06-18,Account,Medium,10.06,4.9,resolved
TKT0003989,CUS003073,2023-07-30,2023-07-30,Technical,High,21.74,3.6,resolved
TKT0003990,CUS003757,2024-08-15,2024-08-15,Billing,Medium,13.56,5.0,resolved
TKT0003991,CUS001281,2023-10-02,2023-10-03,Account,Medium,31.22,3.7,resolved
TKT0003992,CUS002756,2024-04-10,2024-04-14,Account,High,101.38,1.0,resolved
TKT0003993,CUS004906,2024-01-29,2024-01-29,Billing,Medium,12.54,4.7,resolved
TKT0003994,CUS000863,2023-07-24,2023-07-26,Billing,Medium,54.63,2.1,resolved
TKT0003995,CUS004481,2023-07-16,2023-07-17,Performance,Medium,25.99,2.2,resolved
TKT0003996,CUS003719,2023-12-03,2023-12-03,Billing,High,8.76,5.0,resolved
TKT0003997,CUS001451,2023-03-05,2023-03-05,Integration,Medium,23.35,3.2,resolved
TKT0003998,CUS004729,2023-01-12,2023-01-12,Technical,Medium,10.18,4.7,resolved
TKT0003999,CUS002136,2024-06-10,2024-06-11,Technical,High,25.85,4.0,resolved
TKT0004000,CUS002374,2024-10-17,2024-10-17,Technical,Medium,6.18,4.8,resolved
TKT0004001,CUS002422,2023-05-20,2023-05-20,Performance,Medium,4.39,5.0,resolved
TKT0004002,CUS000980,2023-01-16,2023-01-16,Integration,Medium,10.44,5.0,resolved
TKT0004003,CUS003195,2023-08-08,2023-08-08,Performance,Low,6.23,4.9,resolved
TKT0004004,CUS002618,2024-07-02,2024-07-02,Account,High,6.33,4.2,resolved
TKT0004005,CUS004912,2024-11-29,2024-11-29,Integration,Medium,9.45,4.7,resolved
TKT0004006,CUS003874,2023-09-27,2023-09-27,Technical,High,8.03,5.0,resolved
TKT0004007,CUS002203,2024-03-16,2024-03-16,Billing,Medium,8.81,4.6,resolved
TKT0004008,CUS004448,2024-12-07,2024-12-07,Billing,Low,15.3,3.4,resolved
TKT0004009,CUS004626,2023-06-16,2023-06-16,Integration,Medium,20.69,4.8,resolved
TKT0004010,CUS002880,2023-04-29,2023-04-29,Account,Medium,7.05,,resolved
TKT0004011,CUS004801,2023-07-28,2023-07-28,Account,Critical,7.47,5.0,resolved
TKT0004012,CUS002609,2024-07-11,2024-07-11,Technical,Medium,18.18,3.8,resolved
TKT0004013,CUS001097,2023-06-13,2023-06-13,Technical,Medium,21.96,4.3,resolved
TKT0004014,CUS002636,2023-02-03,2023-02-05,Performance,Medium,52.89,2.1,resolved
TKT0004015,CUS002448,2024-09-27,2024-09-27,Integration,Low,10.82,4.2,resolved
TKT0004016,CUS002573,2024-08-06,2024-08-06,Performance,Medium,21.27,,resolved
TKT0004017,CUS000879,2024-08-08,2024-08-08,Performance,Medium,8.73,4.2,resolved
TKT0004018,CUS001022,2024-04-04,2024-04-05,Account,High,30.28,2.4,resolved
TKT0004019,CUS001979,2024-02-05,2024-02-05,Billing,Low,11.25,5.0,resolved
TKT0004020,CUS003779,2023-06-09,2023-06-10,Integration,Medium,31.09,3.1,resolved
TKT0004021,CUS001160,2023-04-05,2023-04-05,Account,Medium,7.18,4.9,resolved
TKT0004022,CUS000407,2024-04-02,2024-04-02,Account,Medium,6.34,5.0,resolved
TKT0004023,CUS001342,2024-06-23,2024-06-23,Integration,High,23.33,4.3,resolved
TKT0004024,CUS001993,2024-09-01,2024-09-01,Account,Medium,3.18,5.0,resolved
TKT0004025,CUS000274,2024-09-12,2024-09-12,Performance,High,11.0,,resolved
TKT0004026,CUS002060,2024-05-26,2024-05-26,Integration,High,2.3,5.0,resolved
TKT0004027,CUS002950,2024-01-21,2024-01-21,Technical,Medium,6.11,5.0,resolved
TKT0004028,CUS004120,2023-12-02,2023-12-02,Billing,High,10.47,4.2,resolved
TKT0004029,CUS002431,2023-06-04,2023-06-04,Integration,Medium,3.78,4.5,resolved
TKT0004030,CUS003653,2023-07-27,2023-07-27,Integration,High,12.3,4.9,resolved
TKT0004031,CUS003391,2024-05-22,2024-05-22,Integration,Medium,2.71,3.9,resolved
TKT0004032,CUS002715,2024-03-19,2024-03-19,Billing,High,16.55,3.4,resolved
TKT0004033,CUS002816,2023-08-27,2023-08-27,Account,High,16.57,3.2,resolved
TKT0004034,CUS001456,2023-09-23,2023-09-23,Integration,Medium,21.64,4.7,resolved
TKT0004035,CUS000741,2024-11-01,2024-11-02,Billing,Medium,27.09,4.4,resolved
TKT0004036,CUS002661,2023-10-26,2023-10-26,Integration,Critical,6.08,5.0,resolved
TKT0004037,CUS001357,2024-08-29,2024-08-29,Account,Medium,8.15,4.7,resolved
TKT0004038,CUS001861,2023-11-18,2023-11-18,Performance,Medium,11.26,4.2,resolved
TKT0004039,CUS003750,2023-10-24,2023-10-24,Billing,Low,17.83,4.0,resolved
TKT0004040,CUS003354,2024-03-09,2024-03-09,Technical,Medium,11.93,4.7,resolved
TKT0004041,CUS000748,2023-01-30,2023-01-30,Performance,Low,10.42,,resolved
TKT0004042,CUS000654,2023-09-01,2023-09-01,Billing,High,10.09,3.9,resolved
TKT0004043,CUS004277,2024-11-23,2024-11-23,Integration,Critical,14.92,4.8,resolved
TKT0004044,CUS001950,2024-08-07,2024-08-07,Performance,Low,10.18,,resolved
TKT0004045,CUS000915,2024-11-28,2024-11-28,Integration,Medium,17.14,4.7,resolved
TKT0004046,CUS003077,2024-09-05,2024-09-05,Billing,Low,21.23,3.0,resolved
TKT0004047,CUS004840,2023-12-22,2023-12-22,Billing,High,20.06,,resolved
TKT0004048,CUS003034,2024-10-24,2024-10-24,Account,Medium,8.39,4.6,resolved
TKT0004049,CUS003023,2023-01-05,2023-01-05,Billing,Low,10.83,5.0,resolved
TKT0004050,CUS004445,2023-06-25,2023-06-26,Technical,Medium,34.14,3.2,resolved
TKT0004051,CUS000997,2024-06-12,2024-06-12,Billing,High,18.21,4.9,resolved
TKT0004052,CUS002825,2023-05-16,2023-05-16,Integration,High,22.29,4.9,resolved
TKT0004053,CUS001203,2023-07-25,2023-07-25,Account,High,8.93,,resolved
TKT0004054,CUS003418,2023-06-11,2023-06-11,Account,High,17.04,3.9,resolved
TKT0004055,CUS002852,2024-07-01,2024-07-01,Account,Low,17.36,,resolved
TKT0004056,CUS004273,2024-07-30,2024-07-30,Performance,Medium,9.39,4.1,resolved
TKT0004057,CUS002922,2023-01-22,2023-01-22,Billing,High,10.71,4.2,resolved
TKT0004058,CUS003013,2023-05-31,2023-05-31,Account,Low,7.48,5.0,resolved
TKT0004059,CUS002441,2024-03-26,2024-03-26,Billing,Low,3.45,5.0,resolved
TKT0004060,CUS000272,2024-10-21,2024-10-21,Performance,High,11.2,4.4,resolved
TKT0004061,CUS002369,2024-11-17,2024-11-17,Account,Medium,21.73,5.0,resolved
TKT0004062,CUS000213,2024-08-14,2024-08-14,Performance,Medium,9.39,5.0,resolved
TKT0004063,CUS003080,2024-01-15,2024-01-15,Integration,Low,2.89,4.3,resolved
TKT0004064,CUS001173,2023-02-07,2023-02-07,Integration,Medium,12.9,4.5,resolved
TKT0004065,CUS000066,2024-11-22,2024-11-22,Billing,Medium,12.71,4.2,resolved
TKT0004066,CUS003809,2024-07-04,2024-07-04,Account,High,8.42,4.5,resolved
TKT0004067,CUS001652,2024-06-11,2024-06-11,Performance,Low,5.56,5.0,resolved
TKT0004068,CUS003261,2024-09-17,2024-09-17,Account,Low,11.04,5.0,resolved
TKT0004069,CUS003434,2024-03-11,2024-03-11,Integration,Critical,6.84,3.7,resolved
TKT0004070,CUS002507,2024-06-19,2024-06-20,Technical,Medium,37.55,3.8,resolved
TKT0004071,CUS000007,2024-09-10,2024-09-12,Account,High,48.83,,resolved
TKT0004072,CUS003996,2024-08-17,2024-08-17,Integration,High,9.55,4.9,resolved
TKT0004073,CUS001874,2024-11-03,2024-11-03,Integration,Low,10.81,5.0,resolved
TKT0004074,CUS001273,2023-05-21,2023-05-21,Performance,Medium,7.24,5.0,resolved
TKT0004075,CUS003715,2024-09-19,2024-09-19,Billing,Medium,9.51,,resolved
TKT0004076,CUS003940,2023-12-28,2023-12-28,Technical,Low,13.42,4.7,resolved
TKT0004077,CUS004057,2024-11-02,2024-11-02,Integration,Medium,11.8,5.0,resolved
TKT0004078,CUS003846,2024-12-15,2024-12-15,Technical,Low,19.28,4.0,resolved
TKT0004079,CUS000930,2023-02-16,2023-02-16,Integration,High,7.64,4.4,resolved
TKT0004080,CUS003882,2024-10-04,2024-10-04,Performance,Critical,17.44,3.5,resolved
TKT0004081,CUS001221,2023-06-05,2023-06-05,Performance,Low,2.26,5.0,resolved
TKT0004082,CUS001538,2024-10-19,2024-10-19,Technical,Medium,11.58,3.7,resolved
TKT0004083,CUS001301,2023-07-15,2023-07-15,Account,Low,2.88,4.4,resolved
TKT0004084,CUS001094,2024-05-14,2024-05-14,Billing,High,4.79,,resolved
TKT0004085,CUS002908,2024-12-02,2024-12-02,Integration,High,23.06,3.2,resolved
TKT0004086,CUS003094,2023-03-09,2023-03-10,Account,High,38.35,4.2,resolved
TKT0004087,CUS003742,2024-10-28,2024-10-28,Integration,Low,5.62,4.1,resolved
TKT0004088,CUS000994,2024-08-19,2024-08-20,Account,Low,30.39,,resolved
TKT0004089,CUS002378,2024-08-15,2024-08-16,Technical,Medium,27.12,4.3,resolved
TKT0004090,CUS002994,2024-10-29,2024-10-29,Technical,Medium,14.12,3.6,resolved
TKT0004091,CUS001842,2024-08-05,2024-08-05,Performance,High,8.42,4.2,resolved
TKT0004092,CUS001111,2023-07-23,2023-07-24,Performance,Medium,32.41,3.4,resolved
TKT0004093,CUS000390,2023-11-22,2023-11-22,Integration,Critical,16.49,3.8,resolved
TKT0004094,CUS001392,2024-02-14,2024-02-14,Account,Medium,6.41,5.0,resolved
TKT0004095,CUS002620,2023-03-14,2023-03-14,Account,Medium,2.49,,resolved
TKT0004096,CUS000847,2024-09-12,2024-09-12,Account,Medium,5.1,4.9,resolved
TKT0004097,CUS004376,2024-05-01,2024-05-01,Technical,Low,11.56,5.0,resolved
TKT0004098,CUS003533,2024-11-13,2024-11-13,Performance,Medium,9.18,4.1,resolved
TKT0004099,CUS000513,2024-01-17,2024-01-18,Account,High,26.52,3.7,resolved
TKT0004100,CUS001015,2023-01-13,2023-01-13,Integration,Medium,5.41,4.7,resolved
TKT0004101,CUS000254,2023-10-23,2023-10-23,Integration,Low,12.69,3.9,resolved
TKT0004102,CUS004273,2023-06-05,2023-06-05,Account,Medium,20.07,4.6,resolved
TKT0004103,CUS001160,2023-09-23,2023-09-23,Billing,Medium,4.64,3.8,resolved
TKT0004104,CUS004839,2024-02-26,2024-02-26,Integration,Medium,15.32,3.4,resolved
TKT0004105,CUS004886,2023-04-28,2023-04-28,Integration,High,17.13,4.7,resolved
TKT0004106,CUS001221,2024-03-27,2024-03-27,Technical,Medium,7.45,3.8,resolved
TKT0004107,CUS004628,2023-10-24,2023-10-24,Billing,High,2.69,5.0,resolved
TKT0004108,CUS001772,2024-08-14,2024-08-14,Billing,Medium,13.9,3.4,resolved
TKT0004109,CUS001674,2024-11-06,2024-11-06,Technical,Low,11.39,5.0,resolved
TKT0004110,CUS004546,2023-09-19,2023-09-19,Integration,Low,8.28,,resolved
TKT0004111,CUS002987,2023-05-25,2023-05-26,Performance,Medium,25.0,2.7,resolved
TKT0004112,CUS003426,2023-01-19,2023-01-19,Billing,Medium,10.28,4.6,resolved
TKT0004113,CUS002086,2024-03-13,2024-03-13,Billing,Medium,12.19,3.6,resolved
TKT0004114,CUS002623,2023-11-14,2023-11-16,Performance,Low,58.01,1.4,resolved
TKT0004115,CUS003867,2024-04-01,2024-04-01,Integration,Low,11.65,4.2,resolved
TKT0004116,CUS000857,2023-07-13,2023-07-13,Integration,Medium,6.4,3.5,resolved
TKT0004117,CUS004938,2023-10-07,2023-10-07,Integration,High,23.01,,resolved
TKT0004118,CUS003999,2024-11-13,2024-11-13,Performance,High,10.95,4.4,resolved
TKT0004119,CUS001346,2023-07-17,2023-07-17,Performance,High,7.62,4.6,resolved
TKT0004120,CUS003498,2024-02-13,2024-02-13,Account,Low,6.01,3.9,resolved
TKT0004121,CUS000066,2023-04-24,2023-04-24,Billing,High,14.49,4.0,resolved
TKT0004122,CUS003758,2023-03-05,2023-03-06,Account,Medium,31.16,3.6,resolved
TKT0004123,CUS003984,2023-11-01,2023-11-01,Billing,Medium,7.42,5.0,resolved
TKT0004124,CUS000706,2023-03-08,2023-03-08,Technical,High,11.63,,resolved
TKT0004125,CUS001530,2024-01-04,2024-01-04,Technical,Low,10.28,5.0,resolved
TKT0004126,CUS003246,2023-04-12,2023-04-13,Performance,Critical,41.84,2.2,resolved
TKT0004127,CUS003532,2023-01-27,2023-01-27,Integration,High,4.46,4.6,resolved
TKT0004128,CUS000342,2024-03-31,2024-03-31,Technical,Low,5.71,5.0,resolved
TKT0004129,CUS002144,2024-11-06,2024-11-06,Performance,High,6.97,5.0,resolved
TKT0004130,CUS002410,2024-12-24,2024-12-24,Billing,High,4.51,5.0,resolved
TKT0004131,CUS003413,2023-01-02,2023-01-02,Billing,Medium,14.53,3.2,resolved
TKT0004132,CUS001756,2024-03-21,2024-03-22,Account,Medium,26.4,4.3,resolved
TKT0004133,CUS001809,2023-02-05,2023-02-05,Billing,Medium,15.65,3.5,resolved
TKT0004134,CUS001085,2024-04-07,2024-04-07,Technical,Low,16.07,4.1,resolved
TKT0004135,CUS004549,2024-05-03,2024-05-03,Billing,High,8.96,5.0,resolved
TKT0004136,CUS000478,2023-04-11,2023-04-11,Integration,High,12.3,3.9,resolved
TKT0004137,CUS002458,2024-07-30,2024-07-31,Performance,High,40.65,2.6,resolved
TKT0004138,CUS000723,2024-10-07,2024-10-07,Account,High,8.49,5.0,resolved
TKT0004139,CUS000147,2023-12-01,2023-12-01,Billing,Medium,20.45,5.0,resolved
TKT0004140,CUS003469,2024-01-22,2024-01-22,Performance,Medium,15.68,4.6,resolved
TKT0004141,CUS000833,2023-08-24,2023-08-24,Integration,High,9.71,3.4,resolved
TKT0004142,CUS002928,2024-12-09,2024-12-09,Performance,Critical,4.96,3.8,resolved
TKT0004143,CUS003129,2024-06-06,2024-06-06,Integration,Medium,16.77,4.3,resolved
TKT0004144,CUS004883,2023-11-26,2023-11-26,Account,Medium,23.24,4.2,resolved
TKT0004145,CUS002164,2024-09-28,2024-09-28,Account,Medium,7.06,4.9,resolved
TKT0004146,CUS000374,2024-08-22,2024-08-23,Technical,Medium,33.96,2.6,resolved
TKT0004147,CUS002316,2023-08-18,2023-08-18,Billing,Medium,9.47,4.6,resolved
TKT0004148,CUS000674,2024-12-30,,Billing,High,24.2,4.5,open
TKT0004149,CUS002601,2024-03-25,2024-03-25,Integration,Medium,10.55,4.5,resolved
TKT0004150,CUS002408,2023-02-02,2023-02-02,Integration,High,4.12,4.3,resolved
TKT0004151,CUS002291,2024-10-18,2024-10-18,Account,Critical,6.68,,resolved
TKT0004152,CUS003957,2023-08-01,2023-08-01,Integration,Critical,6.7,5.0,resolved
TKT0004153,CUS001872,2024-04-29,2024-04-29,Technical,High,11.28,4.3,resolved
TKT0004154,CUS003799,2024-08-09,2024-08-09,Technical,Medium,4.82,5.0,resolved
TKT0004155,CUS003909,2023-03-01,2023-03-01,Account,Low,5.69,4.7,resolved
TKT0004156,CUS001837,2024-08-29,2024-08-29,Technical,Medium,15.3,3.4,resolved
TKT0004157,CUS001584,2023-04-28,2023-04-30,Performance,Critical,53.45,2.0,resolved
TKT0004158,CUS000095,2023-05-15,2023-05-15,Billing,Medium,19.64,4.7,resolved
TKT0004159,CUS003889,2024-08-10,2024-08-10,Account,High,8.44,4.4,resolved
TKT0004160,CUS003675,2024-01-10,2024-01-10,Integration,Low,2.26,5.0,resolved
TKT0004161,CUS000762,2023-12-15,2023-12-16,Performance,Critical,35.78,2.0,resolved
TKT0004162,CUS000790,2024-02-05,2024-02-06,Technical,Critical,33.5,3.6,resolved
TKT0004163,CUS003837,2023-06-19,2023-06-19,Account,Low,7.9,5.0,resolved
TKT0004164,CUS000646,2024-12-31,,Technical,Low,12.71,3.7,open
TKT0004165,CUS003979,2023-03-03,2023-03-03,Technical,Medium,7.82,4.7,resolved
TKT0004166,CUS001108,2023-05-17,2023-05-17,Billing,High,5.06,3.4,resolved
TKT0004167,CUS002423,2023-02-26,2023-02-26,Account,High,8.2,4.7,resolved
TKT0004168,CUS000950,2023-01-26,2023-01-27,Billing,Medium,29.46,3.2,resolved
TKT0004169,CUS001280,2024-01-12,2024-01-12,Technical,High,13.15,4.7,resolved
TKT0004170,CUS002910,2023-03-23,2023-03-23,Billing,High,9.16,5.0,resolved
TKT0004171,CUS004258,2024-06-21,2024-06-21,Billing,Medium,15.71,4.2,resolved
TKT0004172,CUS002977,2024-12-13,2024-12-13,Billing,High,8.59,3.9,resolved
TKT0004173,CUS001054,2023-10-31,2023-10-31,Technical,Medium,22.67,3.0,resolved
TKT0004174,CUS002779,2023-05-01,2023-05-01,Integration,Low,5.47,4.1,resolved
TKT0004175,CUS000877,2023-10-19,2023-10-19,Billing,Medium,13.84,4.6,resolved
TKT0004176,CUS002590,2023-10-21,2023-10-21,Integration,Low,17.15,4.4,resolved
TKT0004177,CUS001109,2023-01-03,2023-01-03,Billing,Low,16.38,2.8,resolved
TKT0004178,CUS003912,2024-05-31,2024-05-31,Integration,Medium,6.9,5.0,resolved
TKT0004179,CUS004262,2023-09-25,2023-09-25,Performance,Medium,6.1,5.0,resolved
TKT0004180,CUS003127,2024-07-07,2024-07-07,Billing,Low,23.78,3.5,resolved
TKT0004181,CUS001982,2023-05-17,2023-05-18,Billing,Medium,25.5,3.3,resolved
TKT0004182,CUS004184,2023-01-18,2023-01-19,Billing,Medium,30.26,3.2,resolved
TKT0004183,CUS001830,2023-10-18,2023-10-18,Integration,Low,5.04,5.0,resolved
TKT0004184,CUS001766,2023-12-29,2023-12-29,Technical,Medium,6.91,,resolved
TKT0004185,CUS000629,2023-02-02,2023-02-02,Technical,Low,5.35,4.8,resolved
TKT0004186,CUS004334,2024-02-04,2024-02-05,Billing,Low,41.64,3.5,resolved
TKT0004187,CUS000698,2024-02-11,2024-02-11,Technical,Low,10.09,5.0,resolved
TKT0004188,CUS004733,2024-12-19,2024-12-19,Integration,High,8.67,4.5,resolved
TKT0004189,CUS003658,2024-02-28,2024-02-28,Technical,High,20.51,4.7,resolved
TKT0004190,CUS004197,2023-04-24,2023-04-24,Performance,Medium,23.2,4.7,resolved
TKT0004191,CUS002434,2024-09-08,2024-09-08,Billing,Medium,8.22,5.0,resolved
TKT0004192,CUS001258,2024-11-25,2024-11-25,Billing,Low,12.49,4.8,resolved
TKT0004193,CUS002464,2023-05-02,2023-05-02,Technical,Medium,11.16,4.9,resolved
TKT0004194,CUS004005,2023-09-08,2023-09-09,Technical,High,29.01,3.0,resolved
TKT0004195,CUS002370,2024-03-20,2024-03-20,Technical,High,10.72,3.3,resolved
TKT0004196,CUS001374,2023-02-03,2023-02-03,Technical,High,22.22,4.1,resolved
TKT0004197,CUS002813,2024-09-09,2024-09-09,Integration,Medium,7.09,4.6,resolved
TKT0004198,CUS000153,2024-06-16,2024-06-16,Performance,Medium,7.15,,resolved
TKT0004199,CUS003710,2024-10-31,2024-10-31,Performance,Medium,13.95,3.5,resolved
TKT0004200,CUS003324,2024-07-07,2024-07-07,Performance,Medium,5.96,5.0,resolved
TKT0004201,CUS001125,2023-05-09,2023-05-09,Account,Low,12.89,4.3,resolved
TKT0004202,CUS001086,2024-06-08,2024-06-09,Performance,High,32.06,2.7,resolved
TKT0004203,CUS003866,2024-04-04,2024-04-04,Account,Medium,15.34,3.9,resolved
TKT0004204,CUS001475,2023-07-19,2023-07-19,Technical,Medium,3.12,4.3,resolved
TKT0004205,CUS002839,2023-04-22,2023-04-23,Technical,High,25.67,3.5,resolved
TKT0004206,CUS002799,2024-10-21,2024-10-21,Account,High,3.77,4.9,resolved
TKT0004207,CUS003049,2023-05-23,2023-05-24,Integration,Low,31.86,3.7,resolved
TKT0004208,CUS000187,2023-04-20,2023-04-20,Performance,Low,11.0,3.4,resolved
TKT0004209,CUS002317,2024-06-07,2024-06-07,Integration,Medium,23.8,3.9,resolved
TKT0004210,CUS003863,2024-07-17,2024-07-17,Account,Medium,10.2,3.6,resolved
TKT0004211,CUS003751,2024-09-05,2024-09-05,Account,Low,11.02,4.3,resolved
TKT0004212,CUS002173,2024-01-13,2024-01-13,Technical,Medium,5.81,5.0,resolved
TKT0004213,CUS000575,2023-09-23,2023-09-23,Integration,Low,15.43,4.1,resolved
TKT0004214,CUS002672,2024-06-01,2024-06-01,Account,High,13.82,3.0,resolved
TKT0004215,CUS003054,2024-08-05,2024-08-05,Account,High,22.52,3.6,resolved
TKT0004216,CUS004086,2023-04-30,2023-05-01,Integration,Medium,26.52,4.7,resolved
TKT0004217,CUS003839,2024-05-14,2024-05-14,Technical,High,9.46,5.0,resolved
TKT0004218,CUS001865,2023-05-31,2023-05-31,Performance,Medium,18.2,5.0,resolved
TKT0004219,CUS003132,2023-09-21,2023-09-21,Technical,Low,4.17,,resolved
TKT0004220,CUS002641,2024-10-29,2024-10-29,Integration,Medium,21.64,3.5,resolved
TKT0004221,CUS001102,2023-07-24,2023-07-24,Technical,High,16.51,4.0,resolved
TKT0004222,CUS001332,2024-06-19,2024-06-19,Integration,Low,9.06,4.8,resolved
TKT0004223,CUS003553,2024-06-16,2024-06-16,Technical,Medium,18.19,4.0,resolved
TKT0004224,CUS003614,2023-06-06,2023-06-06,Performance,High,23.59,4.3,resolved
TKT0004225,CUS003586,2024-09-07,2024-09-07,Integration,Medium,4.18,5.0,resolved
TKT0004226,CUS001696,2024-05-20,2024-05-20,Technical,Low,15.76,3.3,resolved
TKT0004227,CUS002557,2023-03-08,2023-03-08,Performance,Medium,6.17,5.0,resolved
TKT0004228,CUS000990,2024-08-26,2024-08-26,Billing,Low,11.57,,resolved
TKT0004229,CUS003454,2023-12-11,2023-12-11,Technical,Medium,18.79,5.0,resolved
TKT0004230,CUS001792,2024-01-28,2024-01-28,Billing,Medium,10.81,5.0,resolved
TKT0004231,CUS001626,2023-07-20,2023-07-20,Integration,Medium,10.07,5.0,resolved
TKT0004232,CUS001750,2023-05-15,2023-05-16,Account,Low,25.31,3.7,resolved
TKT0004233,CUS000237,2023-03-25,2023-03-25,Account,Medium,11.7,3.7,resolved
TKT0004234,CUS002215,2023-01-09,2023-01-09,Performance,Medium,14.75,5.0,resolved
TKT0004235,CUS002669,2023-05-13,2023-05-13,Technical,High,3.93,5.0,resolved
TKT0004236,CUS000348,2023-06-19,2023-06-19,Performance,High,17.57,5.0,resolved
TKT0004237,CUS001865,2024-08-16,2024-08-17,Billing,Medium,26.69,3.4,resolved
TKT0004238,CUS004931,2023-04-30,2023-05-01,Integration,Medium,26.49,3.9,resolved
TKT0004239,CUS002309,2024-05-13,2024-05-13,Account,Medium,14.11,4.4,resolved
TKT0004240,CUS002009,2024-04-25,2024-04-25,Technical,High,13.85,4.0,resolved
TKT0004241,CUS002947,2024-12-08,2024-12-09,Technical,Medium,26.52,2.6,resolved
TKT0004242,CUS001840,2024-11-29,2024-11-29,Technical,Medium,8.07,4.5,resolved
TKT0004243,CUS000610,2023-08-31,2023-09-01,Technical,High,29.34,3.0,resolved
TKT0004244,CUS003991,2023-07-09,2023-07-09,Account,Medium,6.23,5.0,resolved
TKT0004245,CUS003978,2024-10-29,2024-10-30,Billing,Low,32.65,3.6,resolved
TKT0004246,CUS003650,2023-08-18,2023-08-18,Technical,Low,11.43,4.2,resolved
TKT0004247,CUS001366,2023-03-06,2023-03-07,Technical,Low,27.9,4.4,resolved
TKT0004248,CUS002832,2024-12-29,2024-12-29,Billing,High,13.45,5.0,resolved
TKT0004249,CUS002365,2024-09-30,2024-09-30,Integration,Low,4.05,5.0,resolved
TKT0004250,CUS003398,2024-09-16,2024-09-16,Billing,Medium,9.84,,resolved
TKT0004251,CUS003586,2023-02-06,2023-02-06,Billing,Medium,15.66,,resolved
TKT0004252,CUS001977,2023-06-22,2023-06-22,Account,Low,7.49,4.9,resolved
TKT0004253,CUS003882,2023-05-10,2023-05-10,Technical,High,14.54,4.3,resolved
TKT0004254,CUS003127,2023-11-19,2023-11-19,Technical,Low,18.21,4.9,resolved
TKT0004255,CUS003688,2024-08-10,2024-08-10,Technical,Low,4.09,5.0,resolved
TKT0004256,CUS003558,2024-07-10,2024-07-10,Performance,Medium,8.79,4.5,resolved
TKT0004257,CUS003859,2024-11-14,2024-11-14,Billing,Medium,11.94,5.0,resolved
TKT0004258,CUS002866,2024-01-06,2024-01-06,Account,Low,7.55,4.4,resolved
TKT0004259,CUS003082,2024-03-08,2024-03-09,Billing,Medium,37.34,2.8,resolved
TKT0004260,CUS000547,2024-09-03,2024-09-03,Account,Medium,19.91,4.2,resolved
TKT0004261,CUS002663,2024-09-21,2024-09-21,Integration,Low,2.8,5.0,resolved
TKT0004262,CUS004538,2024-11-09,2024-11-09,Billing,Low,7.64,,resolved
TKT0004263,CUS001427,2023-03-31,2023-03-31,Performance,Medium,6.82,,resolved
TKT0004264,CUS002001,2023-02-03,2023-02-03,Technical,Low,10.17,5.0,resolved
TKT0004265,CUS003001,2024-09-23,2024-09-24,Performance,Low,27.19,2.5,resolved
TKT0004266,CUS001490,2024-06-09,2024-06-09,Account,Low,15.44,4.5,resolved
TKT0004267,CUS001050,2023-07-27,2023-07-27,Integration,Low,8.28,4.8,resolved
TKT0004268,CUS004529,2024-10-22,2024-10-22,Billing,Medium,7.83,4.2,resolved
TKT0004269,CUS000313,2024-11-17,2024-11-17,Account,Medium,8.61,4.6,resolved
TKT0004270,CUS001213,2024-11-06,2024-11-06,Billing,Medium,7.3,3.9,resolved
TKT0004271,CUS003176,2023-11-09,2023-11-09,Technical,High,6.8,5.0,resolved
TKT0004272,CUS004193,2024-05-30,2024-05-30,Billing,Medium,14.35,4.3,resolved
TKT0004273,CUS000675,2024-07-24,2024-07-24,Technical,High,2.92,4.4,resolved
TKT0004274,CUS001564,2023-04-17,2023-04-17,Integration,Medium,14.47,4.1,resolved
TKT0004275,CUS004071,2024-05-24,2024-05-24,Technical,Low,4.07,5.0,resolved
TKT0004276,CUS000831,2023-07-14,2023-07-14,Integration,Critical,14.4,4.4,resolved
TKT0004277,CUS000306,2023-01-13,2023-01-13,Technical,Medium,20.31,3.9,resolved
TKT0004278,CUS000203,2024-10-24,2024-10-24,Billing,Medium,5.5,4.4,resolved
TKT0004279,CUS004483,2023-06-07,2023-06-07,Account,High,6.67,5.0,resolved
TKT0004280,CUS004084,2023-12-08,2023-12-08,Integration,Medium,19.19,4.6,resolved
TKT0004281,CUS002348,2024-02-19,2024-02-19,Account,Low,8.63,5.0,resolved
TKT0004282,CUS004536,2024-05-29,2024-05-29,Integration,Medium,6.46,5.0,resolved
TKT0004283,CUS000475,2023-06-13,2023-06-13,Performance,Low,6.69,5.0,resolved
TKT0004284,CUS000185,2023-09-28,2023-10-01,Billing,Low,77.4,1.0,resolved
TKT0004285,CUS002456,2024-07-31,2024-07-31,Performance,Medium,7.71,4.3,resolved
TKT0004286,CUS003873,2024-07-29,2024-07-29,Account,High,14.36,4.6,resolved
TKT0004287,CUS000364,2024-08-22,2024-08-22,Technical,Medium,15.7,4.4,resolved
TKT0004288,CUS001748,2024-01-24,2024-01-25,Billing,High,45.63,2.5,resolved
TKT0004289,CUS000704,2023-01-16,2023-01-17,Performance,Medium,34.74,3.3,resolved
TKT0004290,CUS003588,2024-10-15,2024-10-15,Account,Medium,3.27,5.0,resolved
TKT0004291,CUS001342,2024-03-16,2024-03-17,Performance,Low,25.79,4.0,resolved
TKT0004292,CUS002744,2023-10-17,2023-10-17,Billing,Medium,18.87,4.6,resolved
TKT0004293,CUS000037,2024-12-26,2024-12-26,Integration,Low,5.55,3.9,resolved
TKT0004294,CUS002152,2024-10-29,2024-10-30,Account,Medium,31.74,4.2,resolved
TKT0004295,CUS000407,2024-01-24,2024-01-24,Account,High,5.99,4.9,resolved
TKT0004296,CUS004505,2024-05-02,2024-05-02,Account,Medium,23.4,4.0,resolved
TKT0004297,CUS003247,2024-09-10,2024-09-10,Performance,Low,8.28,4.6,resolved
TKT0004298,CUS002769,2023-03-01,2023-03-01,Integration,Low,20.44,3.3,resolved
TKT0004299,CUS001656,2023-03-22,2023-03-23,Technical,Low,27.41,,resolved
TKT0004300,CUS000126,2023-04-17,2023-04-17,Integration,Medium,4.96,4.4,resolved
TKT0004301,CUS001933,2024-06-17,2024-06-17,Technical,Medium,9.41,5.0,resolved
TKT0004302,CUS001025,2024-04-21,2024-04-22,Integration,Critical,25.03,4.8,resolved
TKT0004303,CUS002507,2023-05-31,2023-05-31,Integration,High,7.76,4.8,resolved
TKT0004304,CUS000527,2024-04-01,2024-04-01,Technical,Medium,15.81,4.5,resolved
TKT0004305,CUS002803,2023-07-26,2023-07-26,Account,Low,9.07,5.0,resolved
TKT0004306,CUS004127,2024-04-28,2024-04-28,Billing,Medium,10.1,4.7,resolved
TKT0004307,CUS002082,2023-12-29,2023-12-29,Account,Medium,13.0,3.2,resolved
TKT0004308,CUS000246,2023-12-14,2023-12-14,Account,Medium,2.9,,resolved
TKT0004309,CUS002924,2024-11-17,2024-11-17,Billing,Medium,4.6,4.9,resolved
TKT0004310,CUS004671,2024-07-22,2024-07-22,Technical,Medium,5.51,5.0,resolved
TKT0004311,CUS004691,2024-05-12,2024-05-12,Performance,Medium,3.92,4.9,resolved
TKT0004312,CUS001906,2024-08-12,2024-08-12,Billing,Medium,13.13,4.3,resolved
TKT0004313,CUS002160,2024-11-05,2024-11-05,Account,Medium,6.17,,resolved
TKT0004314,CUS001451,2023-10-22,2023-10-22,Billing,Medium,20.02,4.2,resolved
TKT0004315,CUS004541,2024-06-23,2024-06-23,Billing,Low,16.65,4.4,resolved
TKT0004316,CUS001048,2024-03-09,2024-03-09,Integration,High,23.01,,resolved
TKT0004317,CUS002796,2024-07-04,2024-07-04,Account,Medium,17.2,5.0,resolved
TKT0004318,CUS002464,2024-09-22,2024-09-22,Billing,Critical,3.88,5.0,resolved
TKT0004319,CUS000439,2024-09-18,2024-09-18,Account,Medium,9.89,5.0,resolved
TKT0004320,CUS002523,2024-01-30,2024-01-30,Account,Medium,3.57,5.0,resolved
TKT0004321,CUS002832,2023-08-28,2023-08-28,Technical,Medium,9.8,4.7,resolved
TKT0004322,CUS001378,2023-07-14,2023-07-15,Performance,High,26.02,4.4,resolved
TKT0004323,CUS000872,2024-08-01,2024-08-01,Billing,Critical,12.61,5.0,resolved
TKT0004324,CUS002247,2024-02-15,2024-02-15,Integration,Medium,19.43,4.2,resolved
TKT0004325,CUS004829,2024-09-08,2024-09-08,Billing,Medium,4.58,4.9,resolved
TKT0004326,CUS004788,2023-12-08,2023-12-08,Technical,Medium,15.23,4.3,resolved
TKT0004327,CUS001959,2024-06-25,2024-06-25,Account,Low,15.19,4.5,resolved
TKT0004328,CUS003974,2023-07-18,2023-07-18,Billing,High,5.61,4.0,resolved
TKT0004329,CUS003879,2024-05-13,2024-05-13,Integration,Low,9.13,5.0,resolved
TKT0004330,CUS004700,2023-04-24,2023-04-24,Account,High,18.84,4.9,resolved
TKT0004331,CUS003303,2023-05-18,2023-05-18,Account,High,19.5,3.7,resolved
TKT0004332,CUS001479,2024-09-11,2024-09-11,Integration,High,14.55,4.0,resolved
TKT0004333,CUS004916,2024-12-01,2024-12-01,Integration,Medium,10.23,4.2,resolved
TKT0004334,CUS001725,2023-11-12,2023-11-12,Integration,Medium,11.22,4.3,resolved
TKT0004335,CUS000674,2023-07-27,2023-07-27,Integration,Critical,5.25,4.1,resolved
TKT0004336,CUS002416,2024-09-30,2024-10-01,Billing,Medium,33.61,3.0,resolved
TKT0004337,CUS004813,2023-11-01,2023-11-01,Performance,Low,4.72,5.0,resolved
TKT0004338,CUS003235,2024-05-12,2024-05-12,Performance,Low,23.41,3.2,resolved
TKT0004339,CUS003082,2023-02-21,2023-02-21,Integration,Low,5.24,4.7,resolved
TKT0004340,CUS001666,2024-08-17,2024-08-17,Performance,Medium,8.85,5.0,resolved
TKT0004341,CUS003664,2023-01-16,2023-01-16,Performance,Medium,13.25,4.7,resolved
TKT0004342,CUS000905,2024-07-05,2024-07-05,Integration,Medium,6.67,5.0,resolved
TKT0004343,CUS000487,2023-05-04,2023-05-04,Billing,Medium,4.13,5.0,resolved
TKT0004344,CUS004364,2024-10-31,2024-10-31,Technical,Low,10.37,4.7,resolved
TKT0004345,CUS002603,2024-03-30,2024-03-30,Performance,Medium,8.98,3.9,resolved
TKT0004346,CUS004430,2024-01-11,2024-01-11,Performance,Low,11.62,4.6,resolved
TKT0004347,CUS000175,2023-08-04,2023-08-04,Integration,Medium,9.72,4.2,resolved
TKT0004348,CUS003518,2023-06-24,2023-06-24,Technical,High,18.68,4.7,resolved
TKT0004349,CUS000638,2024-10-04,2024-10-04,Billing,Medium,12.88,4.0,resolved
TKT0004350,CUS000751,2023-10-04,2023-10-04,Integration,Low,15.88,4.9,resolved
TKT0004351,CUS001038,2023-01-15,2023-01-15,Account,High,7.87,4.8,resolved
TKT0004352,CUS000198,2023-03-06,2023-03-06,Technical,Medium,12.94,,resolved
TKT0004353,CUS004940,2023-05-24,2023-05-24,Performance,High,5.06,5.0,resolved
TKT0004354,CUS003257,2024-11-06,2024-11-06,Performance,High,3.86,5.0,resolved
TKT0004355,CUS004522,2023-03-01,2023-03-01,Integration,Medium,7.85,5.0,resolved
TKT0004356,CUS000735,2024-06-06,2024-06-08,Billing,Medium,71.89,1.0,resolved
TKT0004357,CUS003972,2023-03-16,2023-03-16,Integration,Medium,10.4,5.0,resolved
TKT0004358,CUS000460,2023-01-24,2023-01-24,Integration,Medium,17.65,4.5,resolved
TKT0004359,CUS000683,2023-06-24,2023-06-24,Performance,Medium,21.88,4.6,resolved
TKT0004360,CUS004368,2023-03-03,2023-03-03,Integration,Medium,8.64,4.8,resolved
TKT0004361,CUS000893,2024-09-24,2024-09-25,Billing,High,43.46,3.8,resolved
TKT0004362,CUS004015,2024-11-09,2024-11-09,Integration,Medium,14.25,4.6,resolved
TKT0004363,CUS004568,2024-09-17,2024-09-17,Performance,Medium,20.63,3.1,resolved
TKT0004364,CUS000186,2024-02-06,2024-02-06,Performance,Medium,11.85,4.6,resolved
TKT0004365,CUS004676,2023-08-28,2023-08-28,Technical,Medium,20.23,3.6,resolved
TKT0004366,CUS002762,2024-12-23,2024-12-24,Technical,Medium,25.37,3.6,resolved
TKT0004367,CUS003086,2023-02-25,2023-02-25,Performance,Medium,12.79,4.5,resolved
TKT0004368,CUS004185,2023-08-29,2023-08-29,Integration,Low,12.88,4.8,resolved
TKT0004369,CUS003360,2024-05-14,2024-05-14,Account,High,23.93,3.7,resolved
TKT0004370,CUS004821,2023-08-17,2023-08-17,Integration,Low,11.43,5.0,resolved
TKT0004371,CUS004597,2024-05-24,2024-05-25,Performance,Medium,26.73,3.8,resolved
TKT0004372,CUS001257,2024-09-30,2024-09-30,Performance,Medium,12.94,4.4,resolved
TKT0004373,CUS003700,2024-11-06,2024-11-06,Technical,Medium,16.69,4.9,resolved
TKT0004374,CUS001938,2023-03-28,2023-03-29,Technical,Low,30.05,3.8,resolved
TKT0004375,CUS000586,2024-11-02,2024-11-02,Performance,Medium,22.23,3.1,resolved
TKT0004376,CUS001521,2024-12-10,2024-12-10,Technical,High,7.14,4.1,resolved
TKT0004377,CUS000248,2023-07-09,2023-07-09,Integration,Medium,10.67,5.0,resolved
TKT0004378,CUS002632,2023-01-21,2023-01-21,Billing,High,17.55,4.2,resolved
TKT0004379,CUS000020,2024-10-08,2024-10-08,Performance,Medium,12.42,4.5,resolved
TKT0004380,CUS000875,2024-10-27,2024-10-27,Technical,Medium,13.25,5.0,resolved
TKT0004381,CUS004977,2024-01-24,2024-01-24,Technical,Medium,9.87,4.7,resolved
TKT0004382,CUS004694,2023-07-26,2023-07-26,Billing,Medium,14.45,4.2,resolved
TKT0004383,CUS003023,2024-10-30,2024-10-30,Integration,Medium,5.25,4.9,resolved
TKT0004384,CUS004919,2024-07-29,2024-07-30,Performance,Medium,24.84,3.6,resolved
TKT0004385,CUS002330,2024-05-08,2024-05-08,Integration,Medium,15.35,4.3,resolved
TKT0004386,CUS002427,2023-12-19,2023-12-19,Performance,Low,5.39,5.0,resolved
TKT0004387,CUS002230,2023-12-06,2023-12-06,Integration,Low,14.57,4.7,resolved
TKT0004388,CUS000177,2024-10-30,2024-10-30,Technical,Low,12.81,4.4,resolved
TKT0004389,CUS001716,2024-02-27,2024-02-28,Performance,High,24.88,3.8,resolved
TKT0004390,CUS002638,2023-09-25,2023-09-25,Integration,Medium,21.01,4.1,resolved
TKT0004391,CUS002578,2023-06-21,2023-06-22,Technical,Critical,32.94,4.9,resolved
TKT0004392,CUS002550,2024-02-01,2024-02-01,Integration,Medium,11.14,4.9,resolved
TKT0004393,CUS001792,2024-02-20,2024-02-20,Account,Low,8.95,3.0,resolved
TKT0004394,CUS003575,2024-07-13,2024-07-13,Technical,Medium,9.83,4.6,resolved
TKT0004395,CUS004749,2023-07-17,2023-07-17,Integration,Medium,14.05,3.6,resolved
TKT0004396,CUS003999,2024-08-25,2024-08-25,Performance,Medium,7.55,4.6,resolved
TKT0004397,CUS001618,2023-11-19,2023-11-19,Account,Critical,10.72,4.4,resolved
TKT0004398,CUS001434,2024-04-25,2024-04-25,Integration,High,4.11,3.9,resolved
TKT0004399,CUS004421,2023-08-06,2023-08-06,Billing,Medium,17.83,5.0,resolved
TKT0004400,CUS001085,2023-12-27,2023-12-27,Account,Medium,13.23,4.5,resolved
TKT0004401,CUS000590,2023-11-21,2023-11-22,Account,High,27.18,4.4,resolved
TKT0004402,CUS001334,2024-06-05,2024-06-05,Technical,Medium,10.27,4.2,resolved
TKT0004403,CUS002701,2024-09-20,2024-09-21,Account,High,42.69,2.8,resolved
TKT0004404,CUS000037,2023-12-26,2023-12-26,Account,Low,19.11,4.6,resolved
TKT0004405,CUS000986,2024-02-19,2024-02-19,Performance,High,5.89,4.1,resolved
TKT0004406,CUS001284,2024-06-01,2024-06-01,Technical,Low,11.59,5.0,resolved
TKT0004407,CUS002805,2023-02-05,2023-02-05,Billing,Medium,21.58,4.8,resolved
TKT0004408,CUS003644,2024-03-01,2024-03-02,Performance,Medium,25.15,3.9,resolved
TKT0004409,CUS004909,2024-05-24,2024-05-26,Account,High,61.42,1.4,resolved
TKT0004410,CUS000998,2023-07-18,2023-07-18,Integration,Medium,11.87,4.7,resolved
TKT0004411,CUS003483,2024-04-28,2024-05-04,Technical,Medium,166.77,1.0,resolved
TKT0004412,CUS001146,2023-03-01,2023-03-01,Integration,Medium,8.74,4.9,resolved
TKT0004413,CUS003002,2023-03-07,2023-03-08,Integration,High,36.16,4.1,resolved
TKT0004414,CUS001283,2023-05-27,2023-05-27,Billing,Medium,5.97,3.9,resolved
TKT0004415,CUS002332,2023-08-17,2023-08-17,Account,Medium,6.54,4.4,resolved
TKT0004416,CUS002401,2024-07-16,2024-07-16,Performance,Low,18.39,3.6,resolved
TKT0004417,CUS004785,2023-07-05,2023-07-06,Account,Medium,31.41,4.2,resolved
TKT0004418,CUS001300,2024-01-30,2024-01-30,Account,Medium,21.29,4.3,resolved
TKT0004419,CUS004121,2023-12-03,2023-12-03,Technical,Critical,9.61,4.3,resolved
TKT0004420,CUS003647,2023-03-16,2023-03-16,Account,Medium,8.58,4.7,resolved
TKT0004421,CUS002751,2023-10-07,2023-10-07,Account,Low,23.4,4.0,resolved
TKT0004422,CUS003545,2024-06-09,2024-06-09,Account,Low,9.53,3.9,resolved
TKT0004423,CUS001797,2024-08-28,2024-08-29,Integration,Low,26.11,3.0,resolved
TKT0004424,CUS003155,2024-02-09,2024-02-09,Performance,Low,21.64,3.7,resolved
TKT0004425,CUS000739,2023-10-13,2023-10-13,Billing,Medium,14.77,3.8,resolved
TKT0004426,CUS003938,2023-07-26,2023-07-26,Billing,Medium,10.62,4.5,resolved
TKT0004427,CUS001686,2023-03-28,2023-03-28,Billing,Medium,6.68,4.3,resolved
TKT0004428,CUS004927,2023-01-26,2023-01-26,Integration,Low,15.48,4.4,resolved
TKT0004429,CUS002184,2023-07-27,2023-07-27,Integration,Low,11.77,4.5,resolved
TKT0004430,CUS004651,2024-05-04,2024-05-05,Billing,Critical,34.47,3.7,resolved
TKT0004431,CUS001304,2023-04-13,2023-04-13,Performance,High,15.69,4.5,resolved
TKT0004432,CUS001465,2023-12-04,2023-12-05,Performance,Medium,24.58,2.6,resolved
TKT0004433,CUS004009,2023-08-26,2023-08-27,Integration,Medium,28.15,3.3,resolved
TKT0004434,CUS004406,2023-09-11,2023-09-11,Performance,Critical,7.26,5.0,resolved
TKT0004435,CUS002453,2024-09-14,2024-09-14,Billing,Low,14.91,5.0,resolved
TKT0004436,CUS000320,2023-08-27,2023-08-27,Billing,High,6.36,5.0,resolved
TKT0004437,CUS001755,2024-01-25,2024-01-25,Account,Medium,18.85,5.0,resolved
TKT0004438,CUS004018,2024-01-13,2024-01-14,Account,Medium,47.6,2.6,resolved
TKT0004439,CUS002408,2023-09-20,2023-09-20,Account,High,20.11,4.8,resolved
TKT0004440,CUS003589,2024-04-13,2024-04-13,Billing,High,13.5,5.0,resolved
TKT0004441,CUS001898,2024-10-17,2024-10-17,Account,Low,20.3,4.6,resolved
TKT0004442,CUS000161,2023-11-12,2023-11-13,Technical,Low,27.68,,resolved
TKT0004443,CUS003387,2023-12-02,2023-12-02,Technical,Medium,11.29,,resolved
TKT0004444,CUS001490,2024-09-19,2024-09-19,Integration,Medium,7.17,3.5,resolved
TKT0004445,CUS002449,2024-06-19,2024-06-19,Billing,Medium,19.92,3.8,resolved
TKT0004446,CUS004564,2023-11-28,2023-11-28,Technical,Medium,6.12,3.1,resolved
TKT0004447,CUS001113,2023-05-29,2023-05-29,Performance,High,5.44,,resolved
TKT0004448,CUS001756,2024-07-01,2024-07-01,Account,Low,10.25,4.0,resolved
TKT0004449,CUS000789,2023-09-27,2023-09-27,Billing,Medium,13.57,3.4,resolved
TKT0004450,CUS000182,2024-04-08,2024-04-08,Performance,Medium,17.26,4.5,resolved
TKT0004451,CUS002074,2024-01-06,2024-01-06,Integration,Low,19.77,3.6,resolved
TKT0004452,CUS000495,2024-02-09,2024-02-09,Performance,Critical,19.64,4.0,resolved
TKT0004453,CUS001501,2024-01-10,2024-01-10,Performance,Medium,15.5,4.6,resolved
TKT0004454,CUS004240,2024-05-07,2024-05-09,Billing,Medium,53.99,1.2,resolved
TKT0004455,CUS000211,2024-08-08,2024-08-08,Integration,Medium,20.83,4.5,resolved
TKT0004456,CUS003171,2024-07-19,2024-07-19,Performance,Low,9.02,4.7,resolved
TKT0004457,CUS001950,2024-02-28,2024-02-28,Account,Critical,14.47,4.7,resolved
TKT0004458,CUS001962,2023-04-27,2023-04-28,Technical,High,39.63,2.5,resolved
TKT0004459,CUS002513,2024-10-18,2024-10-18,Account,Medium,23.07,4.6,resolved
TKT0004460,CUS001733,2024-02-19,2024-02-19,Billing,High,7.85,,resolved
TKT0004461,CUS000408,2024-11-01,2024-11-01,Billing,Medium,8.62,4.8,resolved
TKT0004462,CUS004426,2024-11-11,2024-11-11,Integration,Critical,18.62,3.9,resolved
TKT0004463,CUS000967,2023-11-13,2023-11-13,Account,Low,8.64,3.7,resolved
TKT0004464,CUS003423,2023-10-11,2023-10-11,Billing,Low,21.94,4.0,resolved
TKT0004465,CUS003767,2024-05-14,2024-05-14,Billing,Medium,9.53,5.0,resolved
TKT0004466,CUS001034,2023-04-21,2023-04-22,Performance,High,27.22,3.5,resolved
TKT0004467,CUS000799,2024-07-27,2024-07-27,Integration,Low,22.29,3.3,resolved
TKT0004468,CUS004570,2024-08-16,2024-08-16,Account,Medium,7.57,4.5,resolved
TKT0004469,CUS000124,2023-09-24,2023-09-24,Account,High,17.39,4.6,resolved
TKT0004470,CUS002194,2023-09-18,2023-09-18,Technical,Medium,4.58,5.0,resolved
TKT0004471,CUS000347,2023-07-27,2023-07-27,Integration,Medium,11.1,5.0,resolved
TKT0004472,CUS002137,2023-07-05,2023-07-05,Billing,Medium,10.56,5.0,resolved
TKT0004473,CUS000959,2024-10-04,2024-10-04,Integration,Medium,3.71,4.3,resolved
TKT0004474,CUS004596,2024-10-28,2024-10-28,Billing,High,3.55,,resolved
TKT0004475,CUS001580,2024-03-09,2024-03-09,Integration,Medium,22.22,4.1,resolved
TKT0004476,CUS003985,2023-10-17,2023-10-17,Integration,Medium,10.31,4.4,resolved
TKT0004477,CUS001876,2023-05-19,2023-05-19,Technical,Medium,11.6,,resolved
TKT0004478,CUS002664,2023-02-26,2023-02-26,Integration,Medium,8.77,4.4,resolved
TKT0004479,CUS003387,2024-02-27,2024-02-28,Account,Medium,37.96,4.2,resolved
TKT0004480,CUS003362,2023-12-15,2023-12-15,Technical,High,4.15,5.0,resolved
TKT0004481,CUS004245,2023-06-12,2023-06-12,Integration,Low,17.73,4.1,resolved
TKT0004482,CUS001595,2023-02-21,2023-02-23,Integration,High,59.03,1.3,resolved
TKT0004483,CUS002449,2023-12-05,2023-12-05,Account,Medium,6.38,5.0,resolved
TKT0004484,CUS004168,2023-07-07,2023-07-07,Technical,Low,5.76,5.0,resolved
TKT0004485,CUS001610,2024-05-11,2024-05-11,Technical,Critical,13.34,4.8,resolved
TKT0004486,CUS001049,2023-01-07,2023-01-08,Billing,Low,25.92,2.9,resolved
TKT0004487,CUS001390,2024-08-30,2024-08-30,Billing,High,4.74,4.3,resolved
TKT0004488,CUS001651,2024-01-21,2024-01-21,Technical,Low,8.41,,resolved
TKT0004489,CUS000794,2023-10-22,2023-10-23,Integration,High,44.38,4.1,resolved
TKT0004490,CUS000914,2024-06-29,2024-06-30,Billing,Medium,34.38,3.4,resolved
TKT0004491,CUS000259,2023-03-14,2023-03-14,Technical,Medium,9.48,5.0,resolved
TKT0004492,CUS001119,2023-03-24,2023-03-24,Technical,Medium,18.79,4.4,resolved
TKT0004493,CUS004536,2024-07-20,2024-07-20,Account,Medium,12.79,4.7,resolved
TKT0004494,CUS003068,2023-10-01,2023-10-01,Integration,Medium,1.87,4.6,resolved
TKT0004495,CUS001664,2024-04-30,2024-04-30,Technical,Medium,6.58,4.1,resolved
TKT0004496,CUS004001,2024-08-04,2024-08-04,Account,Medium,10.17,3.8,resolved
TKT0004497,CUS003009,2024-03-30,2024-03-31,Integration,Critical,44.88,2.7,resolved
TKT0004498,CUS000934,2023-04-20,2023-04-20,Integration,High,22.52,3.6,resolved
TKT0004499,CUS003114,2023-08-14,2023-08-15,Account,High,25.92,3.4,resolved
TKT0004500,CUS004673,2023-04-21,2023-04-21,Billing,High,9.33,4.7,resolved
TKT0004501,CUS000381,2023-02-02,2023-02-02,Performance,Medium,13.86,3.3,resolved
TKT0004502,CUS004950,2024-11-24,2024-11-24,Technical,Medium,9.54,,resolved
TKT0004503,CUS002130,2024-03-11,2024-03-11,Technical,Medium,4.19,5.0,resolved
TKT0004504,CUS002455,2023-06-11,2023-06-11,Performance,High,5.19,5.0,resolved
TKT0004505,CUS000111,2024-07-22,2024-07-22,Billing,High,7.94,5.0,resolved
TKT0004506,CUS001326,2023-03-02,2023-03-02,Billing,Medium,9.83,4.4,resolved
TKT0004507,CUS001891,2023-08-10,2023-08-10,Billing,High,7.01,4.7,resolved
TKT0004508,CUS004842,2023-08-22,2023-08-22,Performance,High,3.98,5.0,resolved
TKT0004509,CUS003692,2024-05-15,2024-05-16,Account,Medium,33.66,2.3,resolved
TKT0004510,CUS004689,2024-06-03,2024-06-03,Billing,Critical,9.85,4.5,resolved
TKT0004511,CUS003660,2023-04-05,2023-04-05,Performance,Medium,10.17,4.9,resolved
TKT0004512,CUS004230,2023-05-13,2023-05-13,Integration,Medium,6.28,4.6,resolved
TKT0004513,CUS000154,2024-06-17,2024-06-17,Integration,Critical,18.44,4.8,resolved
TKT0004514,CUS004314,2024-10-11,2024-10-11,Performance,Medium,3.33,5.0,resolved
TKT0004515,CUS004060,2024-09-16,2024-09-16,Integration,Low,17.25,3.4,resolved
TKT0004516,CUS002987,2024-01-17,2024-01-17,Performance,Medium,7.4,4.5,resolved
TKT0004517,CUS003508,2023-10-12,2023-10-12,Billing,Low,13.08,3.8,resolved
TKT0004518,CUS003858,2023-11-04,2023-11-04,Account,High,9.94,5.0,resolved
TKT0004519,CUS000252,2023-04-10,2023-04-10,Technical,High,9.27,5.0,resolved
TKT0004520,CUS001245,2024-04-15,2024-04-15,Technical,Medium,22.98,4.4,resolved
TKT0004521,CUS004686,2023-12-21,2023-12-21,Account,Medium,14.45,4.8,resolved
TKT0004522,CUS001504,2023-04-28,2023-04-28,Billing,Medium,22.07,4.5,resolved
TKT0004523,CUS000523,2024-03-03,2024-03-03,Billing,Critical,13.14,5.0,resolved
TKT0004524,CUS003417,2024-07-25,2024-07-25,Integration,Medium,8.87,4.5,resolved
TKT0004525,CUS001905,2023-03-26,2023-03-26,Integration,High,8.96,4.7,resolved
TKT0004526,CUS004125,2023-10-16,2023-10-16,Billing,Medium,3.58,5.0,resolved
TKT0004527,CUS002910,2023-05-23,2023-05-24,Account,Medium,31.27,3.6,resolved
TKT0004528,CUS004955,2024-09-14,2024-09-14,Integration,Medium,8.88,4.9,resolved
TKT0004529,CUS003575,2023-02-17,2023-02-17,Integration,Medium,3.19,5.0,resolved
TKT0004530,CUS003252,2023-02-25,2023-02-25,Performance,Critical,5.08,5.0,resolved
TKT0004531,CUS002479,2024-09-10,2024-09-10,Technical,High,3.63,5.0,resolved
TKT0004532,CUS000321,2024-01-16,2024-01-16,Performance,Medium,6.14,5.0,resolved
TKT0004533,CUS000160,2023-10-05,2023-10-05,Performance,Low,13.56,3.4,resolved
TKT0004534,CUS003748,2024-06-28,2024-06-28,Account,Medium,4.41,5.0,resolved
TKT0004535,CUS003803,2024-02-12,2024-02-12,Account,Low,21.76,5.0,resolved
TKT0004536,CUS001049,2024-06-01,2024-06-01,Performance,Medium,10.72,2.6,resolved
TKT0004537,CUS002770,2024-05-20,2024-05-20,Performance,Low,8.4,5.0,resolved
TKT0004538,CUS001646,2023-06-23,2023-06-23,Billing,Medium,9.17,,resolved
TKT0004539,CUS003670,2023-07-05,2023-07-05,Account,High,4.86,4.8,resolved
TKT0004540,CUS004096,2024-08-23,2024-08-23,Billing,Low,14.96,4.8,resolved
TKT0004541,CUS002219,2024-07-13,2024-07-13,Billing,Low,6.61,4.6,resolved
TKT0004542,CUS003447,2024-08-05,2024-08-06,Technical,Low,24.94,5.0,resolved
TKT0004543,CUS001817,2023-05-01,2023-05-01,Technical,Medium,4.97,5.0,resolved
TKT0004544,CUS002623,2023-09-03,2023-09-03,Account,Medium,15.47,4.6,resolved
TKT0004545,CUS003700,2024-12-23,2024-12-23,Integration,Low,10.35,3.8,resolved
TKT0004546,CUS000609,2023-09-20,2023-09-21,Account,Medium,31.18,3.0,resolved
TKT0004547,CUS000089,2023-12-09,2023-12-09,Integration,Medium,4.74,3.5,resolved
TKT0004548,CUS003237,2024-10-25,2024-10-25,Account,Low,22.91,3.9,resolved
TKT0004549,CUS003940,2023-12-28,2023-12-29,Performance,Low,36.38,3.4,resolved
TKT0004550,CUS003143,2024-10-09,2024-10-09,Billing,Medium,6.7,4.6,resolved
TKT0004551,CUS000917,2024-02-11,2024-02-11,Technical,Medium,2.97,4.8,resolved
TKT0004552,CUS002532,2024-11-18,2024-11-18,Account,Medium,8.11,4.5,resolved
TKT0004553,CUS002037,2023-08-01,2023-08-01,Technical,Medium,17.37,3.7,resolved
TKT0004554,CUS004717,2024-11-28,2024-11-28,Integration,High,13.81,4.2,resolved
TKT0004555,CUS003456,2023-11-29,2023-11-29,Account,Medium,8.09,4.9,resolved
TKT0004556,CUS002607,2023-07-14,2023-07-15,Technical,Medium,24.35,2.7,resolved
TKT0004557,CUS001999,2023-01-30,2023-01-30,Billing,Medium,12.02,5.0,resolved
TKT0004558,CUS001702,2024-09-14,2024-09-14,Billing,Medium,5.91,4.6,resolved
TKT0004559,CUS000680,2024-09-02,2024-09-02,Performance,Low,6.15,4.4,resolved
TKT0004560,CUS003513,2023-09-04,2023-09-05,Billing,High,36.35,3.8,resolved
TKT0004561,CUS002711,2024-11-19,2024-11-19,Billing,Low,17.64,5.0,resolved
TKT0004562,CUS000387,2023-03-30,2023-03-30,Performance,Low,9.45,5.0,resolved
TKT0004563,CUS002056,2023-10-01,2023-10-01,Account,Low,4.42,5.0,resolved
TKT0004564,CUS003829,2024-11-10,2024-11-10,Billing,High,15.44,3.5,resolved
TKT0004565,CUS000735,2024-09-09,2024-09-09,Technical,High,9.7,,resolved
TKT0004566,CUS003882,2024-04-21,2024-04-21,Technical,High,16.0,4.9,resolved
TKT0004567,CUS002305,2024-04-17,2024-04-18,Technical,Medium,29.68,4.1,resolved
TKT0004568,CUS000345,2023-08-22,2023-08-22,Integration,High,5.11,3.9,resolved
TKT0004569,CUS004693,2023-08-09,2023-08-09,Account,High,20.31,3.6,resolved
TKT0004570,CUS000931,2024-11-12,2024-11-12,Integration,Medium,11.84,4.1,resolved
TKT0004571,CUS000206,2023-06-11,2023-06-12,Performance,High,33.2,3.9,resolved
TKT0004572,CUS002662,2023-07-29,2023-07-29,Account,Low,8.23,4.4,resolved
TKT0004573,CUS000754,2024-02-20,2024-02-20,Account,Medium,21.75,4.4,resolved
TKT0004574,CUS000238,2024-06-30,2024-06-30,Performance,Low,6.05,4.7,resolved
TKT0004575,CUS003365,2023-07-13,2023-07-13,Performance,High,6.9,5.0,resolved
TKT0004576,CUS000546,2023-06-18,2023-06-18,Account,Medium,9.14,4.9,resolved
TKT0004577,CUS004829,2024-05-14,2024-05-14,Technical,Low,13.2,4.7,resolved
TKT0004578,CUS004054,2023-04-01,2023-04-01,Integration,Medium,19.42,2.9,resolved
TKT0004579,CUS004353,2023-07-11,2023-07-11,Performance,Low,4.85,,resolved
TKT0004580,CUS003347,2024-02-13,2024-02-13,Billing,Medium,17.09,,resolved
TKT0004581,CUS002743,2024-09-18,2024-09-18,Account,High,9.71,4.5,resolved
TKT0004582,CUS003424,2024-01-21,2024-01-21,Account,Medium,4.88,4.3,resolved
TKT0004583,CUS002947,2024-09-28,2024-09-30,Billing,Medium,48.06,1.6,resolved
TKT0004584,CUS004033,2023-11-20,2023-11-20,Technical,Low,4.25,,resolved
TKT0004585,CUS000929,2023-12-26,2023-12-26,Technical,Medium,17.15,4.5,resolved
TKT0004586,CUS000668,2024-03-26,2024-03-26,Billing,Medium,22.21,5.0,resolved
TKT0004587,CUS003391,2024-03-02,2024-03-02,Billing,Low,3.08,3.9,resolved
TKT0004588,CUS000999,2023-10-18,2023-10-18,Performance,High,5.14,5.0,resolved
TKT0004589,CUS004900,2023-09-20,2023-09-21,Performance,High,37.45,2.9,resolved
TKT0004590,CUS000758,2024-03-20,2024-03-20,Technical,Medium,10.95,4.5,resolved
TKT0004591,CUS003310,2024-10-03,2024-10-03,Performance,Medium,14.87,4.5,resolved
TKT0004592,CUS003986,2024-08-13,2024-08-13,Performance,High,10.3,3.6,resolved
TKT0004593,CUS001426,2024-10-11,2024-10-12,Technical,Low,26.35,3.8,resolved
TKT0004594,CUS003357,2024-10-02,2024-10-02,Billing,Medium,7.69,5.0,resolved
TKT0004595,CUS004784,2024-03-30,2024-03-30,Technical,Medium,15.65,4.5,resolved
TKT0004596,CUS004763,2023-02-11,2023-02-11,Integration,High,8.91,,resolved
TKT0004597,CUS000749,2023-03-29,2023-03-29,Billing,High,8.67,4.8,resolved
TKT0004598,CUS000574,2024-06-23,2024-06-23,Technical,Low,9.14,4.6,resolved
TKT0004599,CUS001528,2024-01-13,2024-01-13,Performance,Critical,3.77,5.0,resolved
TKT0004600,CUS000292,2023-04-21,2023-04-21,Billing,Medium,14.93,5.0,resolved
TKT0004601,CUS000711,2024-05-18,2024-05-18,Technical,Medium,21.16,3.9,resolved
TKT0004602,CUS001928,2023-01-10,2023-01-10,Billing,Low,11.19,3.6,resolved
TKT0004603,CUS000063,2024-11-13,2024-11-13,Performance,Medium,5.4,5.0,resolved
TKT0004604,CUS000348,2024-10-26,2024-10-26,Technical,Medium,14.63,4.3,resolved
TKT0004605,CUS004825,2024-11-13,2024-11-13,Billing,Low,8.32,4.6,resolved
TKT0004606,CUS003593,2023-08-25,2023-08-25,Billing,Low,5.93,5.0,resolved
TKT0004607,CUS001568,2024-07-24,2024-07-24,Account,Medium,12.81,,resolved
TKT0004608,CUS000604,2023-08-14,2023-08-14,Billing,Low,8.95,5.0,resolved
TKT0004609,CUS002408,2023-01-10,2023-01-10,Billing,Low,10.68,5.0,resolved
TKT0004610,CUS003001,2023-11-09,2023-11-09,Integration,Medium,5.02,5.0,resolved
TKT0004611,CUS001372,2023-10-27,2023-10-27,Integration,Medium,10.21,,resolved
TKT0004612,CUS002851,2023-08-06,2023-08-07,Performance,High,42.32,2.9,resolved
TKT0004613,CUS002281,2024-11-13,2024-11-13,Technical,Medium,6.4,,resolved
TKT0004614,CUS003192,2023-09-16,2023-09-16,Integration,Low,7.36,4.1,resolved
TKT0004615,CUS002107,2023-10-03,2023-10-03,Performance,High,16.28,5.0,resolved
TKT0004616,CUS002520,2024-11-05,2024-11-05,Integration,Medium,18.91,4.2,resolved
TKT0004617,CUS000612,2024-03-18,2024-03-18,Account,High,11.97,,resolved
TKT0004618,CUS001068,2024-11-26,2024-11-27,Performance,High,35.69,3.6,resolved
TKT0004619,CUS002351,2024-08-31,2024-08-31,Technical,Low,5.4,5.0,resolved
TKT0004620,CUS002662,2023-04-03,2023-04-03,Account,Medium,15.15,4.5,resolved
TKT0004621,CUS003864,2023-05-28,2023-05-28,Billing,High,15.67,5.0,resolved
TKT0004622,CUS000916,2024-01-14,2024-01-14,Account,High,13.01,5.0,resolved
TKT0004623,CUS003482,2023-05-24,2023-05-24,Technical,Low,23.88,3.9,resolved
TKT0004624,CUS002297,2024-02-02,2024-02-02,Billing,Medium,15.76,4.1,resolved
TKT0004625,CUS000144,2024-11-07,2024-11-07,Account,Medium,13.78,,resolved
TKT0004626,CUS000255,2024-02-23,2024-02-23,Account,Medium,16.2,4.5,resolved
TKT0004627,CUS002610,2024-09-04,2024-09-04,Performance,Medium,3.65,5.0,resolved
TKT0004628,CUS003378,2023-02-11,2023-02-11,Performance,High,9.56,4.6,resolved
TKT0004629,CUS004302,2023-11-15,2023-11-15,Billing,Low,17.58,4.4,resolved
TKT0004630,CUS001165,2023-08-06,2023-08-06,Performance,High,3.03,4.7,resolved
TKT0004631,CUS004082,2024-11-01,2024-11-01,Performance,Medium,4.95,4.6,resolved
TKT0004632,CUS000881,2024-08-04,2024-08-05,Technical,High,26.0,5.0,resolved
TKT0004633,CUS003259,2024-02-16,2024-02-16,Billing,Critical,7.93,4.7,resolved
TKT0004634,CUS000854,2024-12-13,2024-12-13,Integration,Medium,11.32,5.0,resolved
TKT0004635,CUS003135,2023-06-09,2023-06-09,Technical,Low,21.27,3.8,resolved
TKT0004636,CUS001366,2023-06-18,2023-06-18,Integration,Low,21.88,4.9,resolved
TKT0004637,CUS001897,2023-09-16,2023-09-16,Performance,High,12.05,4.8,resolved
TKT0004638,CUS003237,2024-11-20,2024-11-20,Account,Medium,8.05,4.6,resolved
TKT0004639,CUS002664,2024-08-18,2024-08-19,Account,Medium,38.04,1.9,resolved
TKT0004640,CUS000445,2023-03-26,2023-03-26,Integration,Medium,4.41,4.5,resolved
TKT0004641,CUS003095,2024-02-05,2024-02-05,Billing,Medium,6.53,5.0,resolved
TKT0004642,CUS002829,2024-03-01,2024-03-01,Integration,Low,8.05,3.3,resolved
TKT0004643,CUS003705,2023-01-20,2023-01-20,Integration,Medium,8.87,,resolved
TKT0004644,CUS004257,2023-07-20,2023-07-20,Billing,Medium,5.65,2.8,resolved
TKT0004645,CUS000990,2024-01-08,2024-01-08,Account,Low,22.01,2.5,resolved
TKT0004646,CUS003372,2023-11-03,2023-11-04,Account,Medium,26.81,3.9,resolved
TKT0004647,CUS001773,2023-01-10,2023-01-10,Technical,Medium,9.79,3.8,resolved
TKT0004648,CUS001177,2024-06-06,2024-06-06,Account,Low,5.32,5.0,resolved
TKT0004649,CUS003566,2023-05-01,2023-05-03,Integration,Medium,51.17,3.1,resolved
TKT0004650,CUS002579,2024-05-17,2024-05-17,Account,Critical,10.31,4.4,resolved
TKT0004651,CUS004468,2024-04-22,2024-04-23,Integration,Low,24.66,3.8,resolved
TKT0004652,CUS001201,2023-11-26,2023-11-26,Billing,Low,12.56,4.1,resolved
TKT0004653,CUS000871,2024-03-31,2024-03-31,Account,High,8.97,4.8,resolved
TKT0004654,CUS002528,2023-07-18,2023-07-18,Technical,Medium,7.7,4.7,resolved
TKT0004655,CUS003935,2024-02-01,2024-02-02,Account,Low,31.52,2.6,resolved
TKT0004656,CUS002596,2024-12-06,2024-12-06,Account,High,11.84,4.2,resolved
TKT0004657,CUS002145,2024-03-29,2024-03-29,Technical,High,13.56,5.0,resolved
TKT0004658,CUS003228,2023-02-15,2023-02-15,Billing,Low,16.56,5.0,resolved
TKT0004659,CUS002671,2023-10-29,2023-10-29,Billing,Low,13.03,,resolved
TKT0004660,CUS003194,2024-03-20,2024-03-21,Performance,High,30.82,1.7,resolved
TKT0004661,CUS003790,2023-01-05,2023-01-05,Technical,Medium,14.0,5.0,resolved
TKT0004662,CUS004909,2024-02-27,2024-02-27,Performance,Low,15.19,3.5,resolved
TKT0004663,CUS001223,2024-04-26,2024-04-28,Performance,Medium,70.97,1.0,resolved
TKT0004664,CUS003024,2023-12-06,2023-12-06,Technical,High,6.95,4.8,resolved
TKT0004665,CUS003022,2024-06-11,2024-06-11,Technical,Low,16.99,5.0,resolved
TKT0004666,CUS001150,2024-12-04,2024-12-05,Integration,Medium,39.16,2.8,resolved
TKT0004667,CUS004812,2024-02-15,2024-02-15,Integration,High,16.41,4.7,resolved
TKT0004668,CUS003935,2024-10-31,2024-10-31,Account,Low,7.82,3.6,resolved
TKT0004669,CUS001119,2024-03-19,2024-03-19,Account,Medium,12.31,4.6,resolved
TKT0004670,CUS004903,2024-08-07,2024-08-07,Account,High,16.65,4.9,resolved
TKT0004671,CUS001131,2023-05-16,2023-05-16,Billing,Low,20.27,,resolved
TKT0004672,CUS001266,2024-11-18,2024-11-18,Account,High,10.14,4.5,resolved
TKT0004673,CUS000066,2023-07-04,2023-07-04,Integration,Medium,12.12,,resolved
TKT0004674,CUS000568,2023-01-17,2023-01-17,Performance,High,15.44,4.1,resolved
TKT0004675,CUS000395,2024-01-31,2024-01-31,Account,Medium,10.56,4.9,resolved
TKT0004676,CUS004665,2024-12-18,2024-12-18,Account,Medium,17.55,3.7,resolved
TKT0004677,CUS004277,2023-07-30,2023-07-30,Integration,Medium,11.16,4.5,resolved
TKT0004678,CUS003406,2023-02-15,2023-02-15,Performance,High,6.58,,resolved
TKT0004679,CUS001944,2023-06-14,2023-06-14,Performance,High,13.83,3.4,resolved
TKT0004680,CUS003763,2024-02-25,2024-02-25,Performance,Medium,18.73,3.8,resolved
TKT0004681,CUS002426,2024-07-24,2024-07-24,Billing,Low,13.09,5.0,resolved
TKT0004682,CUS004806,2024-12-22,2024-12-22,Technical,High,3.84,5.0,resolved
TKT0004683,CUS000160,2024-03-26,2024-03-26,Performance,High,12.29,5.0,resolved
TKT0004684,CUS000035,2024-06-02,2024-06-02,Account,Medium,7.69,4.0,resolved
TKT0004685,CUS001910,2023-03-16,2023-03-16,Account,Medium,10.69,5.0,resolved
TKT0004686,CUS004197,2024-08-14,2024-08-14,Integration,Medium,23.13,4.5,resolved
TKT0004687,CUS003409,2024-09-05,2024-09-05,Integration,Medium,8.87,4.0,resolved
TKT0004688,CUS001625,2023-05-10,2023-05-10,Performance,Low,15.28,4.0,resolved
TKT0004689,CUS000498,2024-01-25,2024-01-25,Performance,Medium,13.92,3.4,resolved
TKT0004690,CUS002831,2024-08-28,2024-08-28,Performance,Low,21.24,2.9,resolved
TKT0004691,CUS002823,2024-07-03,2024-07-03,Technical,Low,8.28,5.0,resolved
TKT0004692,CUS000152,2023-11-19,2023-11-20,Integration,High,31.67,1.9,resolved
TKT0004693,CUS004142,2024-02-05,2024-02-06,Integration,Critical,25.78,3.8,resolved
TKT0004694,CUS003783,2023-09-10,2023-09-10,Account,Medium,16.97,3.7,resolved
TKT0004695,CUS002491,2023-12-13,2023-12-13,Performance,High,7.71,5.0,resolved
TKT0004696,CUS000867,2023-08-10,2023-08-10,Performance,High,13.37,4.5,resolved
TKT0004697,CUS002670,2024-06-03,2024-06-03,Technical,Low,17.04,3.3,resolved
TKT0004698,CUS003157,2024-07-13,2024-07-13,Billing,Medium,11.1,4.4,resolved
TKT0004699,CUS004557,2023-12-13,2023-12-13,Account,High,9.01,4.7,resolved
TKT0004700,CUS001175,2023-05-06,2023-05-06,Billing,Low,10.9,4.6,resolved
TKT0004701,CUS003914,2024-04-14,2024-04-14,Billing,Medium,13.32,4.4,resolved
TKT0004702,CUS002527,2023-04-25,2023-04-25,Performance,Medium,15.29,5.0,resolved
TKT0004703,CUS000265,2024-02-19,2024-02-19,Integration,High,9.99,,resolved
TKT0004704,CUS004001,2023-05-09,2023-05-09,Account,Low,12.39,,resolved
TKT0004705,CUS002910,2024-06-07,2024-06-07,Technical,High,14.23,3.5,resolved
TKT0004706,CUS000238,2023-12-22,2023-12-23,Performance,Low,30.53,2.6,resolved
TKT0004707,CUS003415,2024-07-26,2024-07-26,Performance,Medium,6.07,4.7,resolved
TKT0004708,CUS002804,2024-05-21,2024-05-21,Account,Low,14.43,4.5,resolved
TKT0004709,CUS002017,2024-06-01,2024-06-01,Technical,Medium,8.14,5.0,resolved
TKT0004710,CUS000456,2023-08-22,2023-08-22,Performance,Medium,17.55,3.6,resolved
TKT0004711,CUS004453,2024-11-05,2024-11-05,Integration,Medium,7.83,4.7,resolved
TKT0004712,CUS004647,2024-01-23,2024-01-23,Technical,Medium,8.77,4.5,resolved
TKT0004713,CUS004676,2024-11-17,2024-11-18,Performance,Low,26.92,4.0,resolved
TKT0004714,CUS003168,2024-05-16,2024-05-16,Performance,Low,4.26,4.9,resolved
TKT0004715,CUS000316,2023-03-21,2023-03-21,Account,High,6.39,4.2,resolved
TKT0004716,CUS003194,2023-07-25,2023-07-25,Account,Critical,11.27,4.6,resolved
TKT0004717,CUS004163,2024-03-22,2024-03-23,Account,High,37.37,4.2,resolved
TKT0004718,CUS004965,2023-01-30,2023-01-30,Performance,Low,18.07,4.1,resolved
TKT0004719,CUS002825,2024-03-01,2024-03-01,Performance,Medium,12.0,5.0,resolved
TKT0004720,CUS001791,2024-09-09,2024-09-09,Performance,Low,6.21,4.7,resolved
TKT0004721,CUS002270,2023-02-04,2023-02-04,Billing,Medium,7.69,5.0,resolved
TKT0004722,CUS002889,2023-02-04,2023-02-04,Billing,Medium,2.12,4.7,resolved
TKT0004723,CUS004124,2023-10-08,2023-10-08,Integration,Medium,10.78,4.9,resolved
TKT0004724,CUS004719,2024-11-21,2024-11-21,Performance,High,11.31,5.0,resolved
TKT0004725,CUS001125,2023-07-13,2023-07-13,Performance,Medium,3.81,5.0,resolved
TKT0004726,CUS001248,2023-08-11,2023-08-11,Technical,Medium,12.52,5.0,resolved
TKT0004727,CUS004173,2023-11-04,2023-11-04,Technical,Medium,5.82,,resolved
TKT0004728,CUS002317,2023-06-08,2023-06-08,Integration,Medium,18.17,3.2,resolved
TKT0004729,CUS001375,2024-07-18,2024-07-18,Account,High,12.36,3.7,resolved
TKT0004730,CUS000604,2024-04-02,2024-04-10,Technical,Low,205.25,1.0,resolved
TKT0004731,CUS000923,2023-07-31,2023-07-31,Performance,Medium,13.41,5.0,resolved
TKT0004732,CUS001674,2024-02-10,2024-02-10,Billing,Low,19.23,3.7,resolved
TKT0004733,CUS000142,2024-11-06,2024-11-06,Performance,Medium,10.05,4.4,resolved
TKT0004734,CUS004857,2024-11-22,2024-11-22,Billing,Medium,6.45,5.0,resolved
TKT0004735,CUS002748,2024-10-05,2024-10-05,Account,Medium,11.74,4.5,resolved
TKT0004736,CUS004112,2023-12-09,2023-12-10,Account,Medium,27.53,3.9,resolved
TKT0004737,CUS002212,2024-04-07,2024-04-07,Account,High,14.51,4.0,resolved
TKT0004738,CUS004788,2023-06-02,2023-06-03,Account,Low,26.22,4.6,resolved
TKT0004739,CUS002127,2024-12-22,2024-12-22,Billing,Critical,6.32,4.1,resolved
TKT0004740,CUS002001,2024-05-19,2024-05-19,Account,High,17.89,4.1,resolved
TKT0004741,CUS003635,2023-01-11,2023-01-11,Billing,Medium,6.37,5.0,resolved
TKT0004742,CUS002829,2024-11-23,2024-11-23,Billing,Medium,5.86,5.0,resolved
TKT0004743,CUS001536,2023-09-14,2023-09-15,Integration,Medium,29.68,,resolved
TKT0004744,CUS000007,2023-07-01,2023-07-01,Account,Low,18.32,3.9,resolved
TKT0004745,CUS000620,2023-07-01,2023-07-01,Account,Low,15.3,3.8,resolved
TKT0004746,CUS001306,2023-04-30,2023-04-30,Account,Medium,15.34,5.0,resolved
TKT0004747,CUS000543,2023-04-15,2023-04-15,Performance,Critical,10.17,3.7,resolved
TKT0004748,CUS002595,2023-09-23,2023-09-23,Billing,Medium,23.67,4.4,resolved
TKT0004749,CUS001697,2024-07-15,2024-07-15,Billing,High,9.5,3.8,resolved
TKT0004750,CUS003495,2024-02-15,2024-02-15,Account,High,2.72,5.0,resolved
TKT0004751,CUS002387,2024-01-09,2024-01-09,Integration,High,19.05,4.7,resolved
TKT0004752,CUS001053,2023-12-12,2023-12-12,Account,High,18.51,3.3,resolved
TKT0004753,CUS002207,2024-11-05,2024-11-05,Technical,Medium,4.32,5.0,resolved
TKT0004754,CUS003642,2024-08-19,2024-08-19,Performance,Low,8.69,4.3,resolved
TKT0004755,CUS002610,2023-10-17,2023-10-17,Technical,Low,20.61,2.5,resolved
TKT0004756,CUS002136,2024-11-08,2024-11-08,Integration,High,17.95,,resolved
TKT0004757,CUS001807,2024-12-02,2024-12-02,Technical,High,9.55,3.9,resolved
TKT0004758,CUS003462,2024-10-14,2024-10-14,Account,Critical,6.42,4.4,resolved
TKT0004759,CUS003572,2024-04-11,2024-04-11,Integration,Medium,17.0,3.3,resolved
TKT0004760,CUS003153,2023-11-16,2023-11-16,Technical,Low,12.03,4.0,resolved
TKT0004761,CUS002864,2023-09-26,2023-09-26,Performance,Medium,16.38,5.0,resolved
TKT0004762,CUS001805,2024-06-06,2024-06-06,Integration,Medium,20.34,5.0,resolved
TKT0004763,CUS003733,2024-04-19,2024-04-20,Performance,Low,44.72,2.1,resolved
TKT0004764,CUS004384,2023-01-24,2023-01-24,Billing,Medium,11.94,4.4,resolved
TKT0004765,CUS000636,2024-10-11,2024-10-11,Performance,High,13.71,4.6,resolved
TKT0004766,CUS004606,2023-05-04,2023-05-04,Account,Low,12.09,3.8,resolved
TKT0004767,CUS001164,2023-02-11,2023-02-11,Performance,Medium,6.08,5.0,resolved
TKT0004768,CUS000678,2024-07-02,2024-07-02,Billing,Low,19.47,5.0,resolved
TKT0004769,CUS003337,2023-11-15,2023-11-15,Integration,Medium,15.06,3.5,resolved
TKT0004770,CUS002202,2024-07-24,2024-07-24,Technical,Medium,1.76,,resolved
TKT0004771,CUS004900,2023-02-08,2023-02-08,Account,Medium,13.39,3.6,resolved
TKT0004772,CUS002080,2024-11-24,2024-11-25,Billing,Low,36.54,,resolved
TKT0004773,CUS003273,2024-04-01,2024-04-02,Performance,Critical,27.53,,resolved
TKT0004774,CUS000753,2023-02-18,2023-02-18,Integration,Medium,7.39,5.0,resolved
TKT0004775,CUS002108,2023-01-10,2023-01-10,Technical,Low,7.69,3.8,resolved
TKT0004776,CUS003409,2023-11-10,2023-11-10,Performance,Low,14.87,4.9,resolved
TKT0004777,CUS000606,2024-01-11,2024-01-11,Technical,Low,8.86,3.8,resolved
TKT0004778,CUS002891,2023-05-17,2023-05-17,Technical,Medium,5.77,5.0,resolved
TKT0004779,CUS004771,2023-05-24,2023-05-25,Account,High,24.4,3.5,resolved
TKT0004780,CUS001492,2023-01-20,2023-01-20,Performance,Medium,21.03,4.4,resolved
TKT0004781,CUS003024,2023-05-24,2023-05-25,Integration,High,25.47,4.0,resolved
TKT0004782,CUS003148,2023-09-12,2023-09-12,Performance,High,11.67,4.7,resolved
TKT0004783,CUS004171,2024-06-26,2024-06-26,Integration,Medium,9.22,4.5,resolved
TKT0004784,CUS000770,2024-05-06,2024-05-07,Performance,Medium,28.96,5.0,resolved
TKT0004785,CUS003572,2023-05-05,2023-05-06,Account,Medium,37.01,2.8,resolved
TKT0004786,CUS002780,2023-08-15,2023-08-15,Performance,Low,19.6,3.6,resolved
TKT0004787,CUS002740,2023-02-12,2023-02-12,Account,High,9.84,5.0,resolved
TKT0004788,CUS003191,2024-11-14,2024-11-14,Technical,High,5.72,4.2,resolved
TKT0004789,CUS003962,2023-10-11,2023-10-11,Account,Critical,19.79,4.7,resolved
TKT0004790,CUS003589,2024-07-09,2024-07-09,Billing,Medium,16.89,4.0,resolved
TKT0004791,CUS000270,2023-11-24,2023-11-24,Account,High,13.68,3.8,resolved
TKT0004792,CUS002408,2023-07-12,2023-07-12,Account,Low,8.65,5.0,resolved
TKT0004793,CUS003358,2023-09-14,2023-09-14,Billing,Medium,6.87,5.0,resolved
TKT0004794,CUS000040,2024-11-28,2024-11-28,Billing,Medium,17.81,4.2,resolved
TKT0004795,CUS001504,2024-01-14,2024-01-14,Integration,Medium,11.6,4.6,resolved
TKT0004796,CUS000572,2024-05-31,2024-05-31,Technical,Medium,4.98,5.0,resolved
TKT0004797,CUS001589,2023-09-24,2023-09-25,Technical,Medium,38.37,2.1,resolved
TKT0004798,CUS003795,2023-03-29,2023-03-29,Billing,High,14.2,5.0,resolved
TKT0004799,CUS003923,2023-08-04,2023-08-04,Performance,Medium,13.08,3.3,resolved
TKT0004800,CUS003351,2024-04-29,2024-04-29,Integration,High,7.64,4.0,resolved
TKT0004801,CUS000682,2024-01-05,2024-01-05,Billing,Medium,20.19,,resolved
TKT0004802,CUS003619,2024-07-08,2024-07-08,Performance,Medium,23.28,4.5,resolved
TKT0004803,CUS003635,2023-01-23,2023-01-24,Account,Low,38.54,2.7,resolved
TKT0004804,CUS000214,2023-08-31,2023-09-01,Account,Low,26.97,4.2,resolved
TKT0004805,CUS002776,2023-01-16,2023-01-16,Account,High,7.69,4.5,resolved
TKT0004806,CUS002522,2023-05-29,2023-05-29,Technical,Low,15.44,3.2,resolved
TKT0004807,CUS003243,2024-09-30,2024-09-30,Billing,Medium,3.67,4.5,resolved
TKT0004808,CUS003443,2023-08-12,2023-08-12,Technical,Low,20.89,3.1,resolved
TKT0004809,CUS000329,2024-04-30,2024-05-04,Account,Medium,115.57,1.0,resolved
TKT0004810,CUS001244,2023-01-17,2023-01-17,Account,Low,8.06,4.9,resolved
TKT0004811,CUS004123,2023-09-09,2023-09-09,Performance,Medium,6.18,5.0,resolved
TKT0004812,CUS002605,2023-08-27,2023-08-27,Billing,Medium,9.47,3.8,resolved
TKT0004813,CUS004067,2023-09-15,2023-09-15,Billing,High,8.91,4.9,resolved
TKT0004814,CUS001283,2024-04-18,2024-04-19,Technical,Critical,28.51,3.9,resolved
TKT0004815,CUS004687,2023-09-18,2023-09-18,Performance,Medium,16.58,5.0,resolved
TKT0004816,CUS002326,2023-01-14,2023-01-14,Technical,Medium,4.85,4.5,resolved
TKT0004817,CUS002443,2024-09-24,2024-09-24,Account,Medium,5.43,4.2,resolved
TKT0004818,CUS001472,2024-04-27,2024-04-27,Account,Medium,9.44,4.1,resolved
TKT0004819,CUS003965,2024-12-11,2024-12-11,Technical,Low,7.28,,resolved
TKT0004820,CUS003482,2024-07-14,2024-07-14,Billing,Medium,21.48,3.9,resolved
TKT0004821,CUS004314,2023-08-08,2023-08-08,Billing,Medium,13.4,4.3,resolved
TKT0004822,CUS002129,2024-09-25,2024-09-25,Account,Medium,2.58,4.6,resolved
TKT0004823,CUS004078,2024-05-25,2024-05-25,Account,Medium,8.58,5.0,resolved
TKT0004824,CUS002214,2023-08-01,2023-08-01,Account,High,6.15,5.0,resolved
TKT0004825,CUS001523,2023-07-01,2023-07-01,Billing,High,11.21,4.4,resolved
TKT0004826,CUS004932,2023-01-22,2023-01-22,Billing,Low,15.8,5.0,resolved
TKT0004827,CUS001367,2024-06-22,2024-06-22,Integration,High,9.17,3.8,resolved
TKT0004828,CUS000996,2023-03-24,2023-03-24,Technical,Low,4.72,4.5,resolved
TKT0004829,CUS002946,2024-11-26,2024-11-26,Performance,Medium,23.71,3.2,resolved
TKT0004830,CUS003828,2023-07-09,2023-07-09,Technical,Critical,10.6,4.1,resolved
TKT0004831,CUS000699,2023-01-27,2023-01-27,Technical,Low,7.56,4.6,resolved
TKT0004832,CUS004003,2024-10-05,2024-10-05,Performance,Medium,3.22,5.0,resolved
TKT0004833,CUS004854,2023-02-16,2023-02-17,Performance,Medium,24.05,3.8,resolved
TKT0004834,CUS002575,2023-10-01,2023-10-01,Account,Critical,17.47,5.0,resolved
TKT0004835,CUS004830,2024-08-05,2024-08-05,Billing,Low,14.22,3.3,resolved
TKT0004836,CUS000693,2023-10-08,2023-10-08,Integration,High,10.48,4.3,resolved
TKT0004837,CUS002874,2023-11-27,2023-11-28,Performance,Medium,25.88,4.1,resolved
TKT0004838,CUS004420,2024-06-11,2024-06-12,Performance,Medium,25.22,1.9,resolved
TKT0004839,CUS002299,2024-02-10,2024-02-10,Account,Medium,2.54,5.0,resolved
TKT0004840,CUS004126,2023-06-03,2023-06-03,Technical,Low,13.81,5.0,resolved
TKT0004841,CUS003275,2023-10-12,2023-10-12,Billing,Medium,4.23,4.7,resolved
TKT0004842,CUS001307,2023-09-25,2023-09-25,Account,Low,13.87,3.9,resolved
TKT0004843,CUS004501,2023-02-09,2023-02-09,Billing,Medium,20.37,3.7,resolved
TKT0004844,CUS001863,2024-08-30,2024-08-30,Account,Medium,9.11,4.9,resolved
TKT0004845,CUS000225,2023-10-22,2023-10-22,Technical,Low,6.34,4.9,resolved
TKT0004846,CUS001158,2023-08-19,2023-08-19,Technical,Low,18.83,4.5,resolved
TKT0004847,CUS003994,2023-04-19,2023-04-19,Performance,Medium,10.39,4.0,resolved
TKT0004848,CUS003589,2023-12-07,2023-12-07,Integration,Low,7.41,5.0,resolved
TKT0004849,CUS003344,2023-08-26,2023-08-26,Billing,Medium,7.37,4.7,resolved
TKT0004850,CUS000443,2023-05-17,2023-05-17,Account,Critical,6.5,5.0,resolved
TKT0004851,CUS003845,2023-05-07,2023-05-07,Account,Medium,9.1,4.0,resolved
TKT0004852,CUS003066,2024-11-13,2024-11-15,Account,High,51.34,3.2,resolved
TKT0004853,CUS000655,2024-09-17,2024-09-17,Technical,Medium,11.56,4.0,resolved
TKT0004854,CUS002222,2024-04-10,2024-04-10,Technical,Medium,5.38,4.0,resolved
TKT0004855,CUS001592,2023-07-02,2023-07-02,Technical,Low,20.48,4.0,resolved
TKT0004856,CUS003565,2023-03-09,2023-03-09,Account,Low,8.94,3.9,resolved
TKT0004857,CUS002101,2024-03-03,2024-03-04,Billing,High,42.2,3.1,resolved
TKT0004858,CUS003411,2023-03-07,2023-03-07,Performance,High,7.95,5.0,resolved
TKT0004859,CUS004591,2024-12-21,2024-12-21,Integration,High,8.69,4.4,resolved
TKT0004860,CUS002149,2024-03-16,2024-03-16,Account,Medium,20.9,3.5,resolved
TKT0004861,CUS004377,2024-12-24,2024-12-24,Integration,High,6.2,5.0,resolved
TKT0004862,CUS001763,2024-02-25,2024-02-25,Account,Medium,8.26,4.0,resolved
TKT0004863,CUS001585,2024-04-23,2024-04-24,Technical,Low,26.68,2.7,resolved
TKT0004864,CUS000787,2023-12-11,2023-12-11,Account,Medium,11.65,5.0,resolved
TKT0004865,CUS003639,2023-08-14,2023-08-14,Performance,Medium,4.6,5.0,resolved
TKT0004866,CUS003724,2023-01-08,2023-01-08,Integration,Low,3.05,4.9,resolved
TKT0004867,CUS000662,2024-01-04,2024-01-04,Billing,Medium,21.11,,resolved
TKT0004868,CUS004642,2024-10-18,2024-10-18,Technical,Low,12.75,4.9,resolved
TKT0004869,CUS001897,2024-01-06,2024-01-07,Integration,Medium,24.2,4.3,resolved
TKT0004870,CUS003256,2024-06-10,2024-06-11,Performance,Low,42.11,1.6,resolved
TKT0004871,CUS004301,2024-10-02,2024-10-02,Technical,High,18.41,5.0,resolved
TKT0004872,CUS002531,2023-09-29,2023-09-29,Performance,High,9.53,,resolved
TKT0004873,CUS004400,2024-06-08,2024-06-10,Account,Critical,58.04,1.5,resolved
TKT0004874,CUS003797,2024-02-07,2024-02-07,Account,Medium,11.17,4.2,resolved
TKT0004875,CUS001880,2024-10-07,2024-10-07,Performance,Low,4.15,3.6,resolved
TKT0004876,CUS002253,2024-05-12,2024-05-12,Integration,Medium,12.12,3.9,resolved
TKT0004877,CUS003212,2023-01-12,2023-01-12,Account,Medium,15.7,3.9,resolved
TKT0004878,CUS004388,2023-01-28,2023-01-28,Performance,Medium,5.96,4.6,resolved
TKT0004879,CUS004938,2024-12-12,2024-12-13,Account,Critical,30.31,3.0,resolved
TKT0004880,CUS000799,2023-10-18,2023-10-18,Performance,High,8.62,5.0,resolved
TKT0004881,CUS003115,2024-05-14,2024-05-14,Account,Low,20.4,4.2,resolved
TKT0004882,CUS004536,2024-10-16,2024-10-16,Technical,Medium,5.7,5.0,resolved
TKT0004883,CUS001373,2024-11-11,2024-11-12,Billing,High,28.88,3.3,resolved
TKT0004884,CUS002513,2024-06-22,2024-06-23,Integration,Low,40.58,3.4,resolved
TKT0004885,CUS003508,2024-08-01,2024-08-01,Technical,Medium,10.53,,resolved
TKT0004886,CUS002369,2024-07-16,2024-07-16,Account,Medium,12.56,,resolved
TKT0004887,CUS000860,2024-05-29,2024-05-29,Account,Low,9.05,,resolved
TKT0004888,CUS000954,2024-12-04,2024-12-04,Billing,High,5.55,5.0,resolved
TKT0004889,CUS002987,2023-02-23,2023-02-23,Integration,Medium,11.24,4.7,resolved
TKT0004890,CUS004942,2023-07-22,2023-07-22,Account,High,8.58,4.7,resolved
TKT0004891,CUS000565,2023-04-16,2023-04-16,Technical,Medium,8.91,5.0,resolved
TKT0004892,CUS002465,2024-07-26,2024-07-26,Performance,High,8.38,4.5,resolved
TKT0004893,CUS000439,2023-06-03,2023-06-04,Account,Medium,29.42,3.3,resolved
TKT0004894,CUS003791,2023-04-23,2023-04-23,Technical,Medium,13.34,5.0,resolved
TKT0004895,CUS004044,2023-12-25,2023-12-25,Technical,High,8.73,4.4,resolved
TKT0004896,CUS003508,2023-05-19,2023-05-19,Billing,High,9.05,4.5,resolved
TKT0004897,CUS003315,2024-07-19,2024-07-19,Integration,Low,20.47,3.0,resolved
TKT0004898,CUS004111,2023-11-06,2023-11-06,Integration,Low,7.68,4.1,resolved
TKT0004899,CUS003589,2023-06-22,2023-06-22,Integration,Critical,6.4,,resolved
TKT0004900,CUS003065,2024-02-25,2024-02-25,Performance,Medium,11.44,4.7,resolved
TKT0004901,CUS003576,2024-12-17,2024-12-17,Performance,Low,7.71,4.0,resolved
TKT0004902,CUS000547,2024-06-25,2024-06-26,Technical,Medium,25.52,3.4,resolved
TKT0004903,CUS001742,2024-04-30,2024-05-01,Integration,Medium,27.43,3.0,resolved
TKT0004904,CUS003306,2024-05-21,2024-05-21,Account,High,23.24,4.1,resolved
TKT0004905,CUS003987,2024-06-24,2024-06-24,Integration,Low,18.98,4.4,resolved
TKT0004906,CUS001049,2024-04-01,2024-04-01,Performance,Medium,9.83,4.2,resolved
TKT0004907,CUS001662,2024-10-20,2024-10-20,Integration,Low,20.05,3.4,resolved
TKT0004908,CUS002241,2023-07-14,2023-07-14,Integration,High,7.91,3.6,resolved
TKT0004909,CUS004566,2024-01-11,2024-01-11,Account,Critical,5.17,5.0,resolved
TKT0004910,CUS001852,2024-06-12,2024-06-12,Billing,High,14.68,4.2,resolved
TKT0004911,CUS000706,2023-04-17,2023-04-17,Performance,Medium,8.02,5.0,resolved
TKT0004912,CUS004351,2023-12-16,2023-12-16,Technical,Medium,9.51,3.9,resolved
TKT0004913,CUS001995,2023-11-09,2023-11-09,Account,High,15.93,4.0,resolved
TKT0004914,CUS004307,2023-08-13,2023-08-13,Integration,Low,17.0,3.5,resolved
TKT0004915,CUS000422,2024-01-23,2024-01-23,Account,Low,8.67,5.0,resolved
TKT0004916,CUS004726,2024-05-29,2024-05-29,Integration,High,11.41,5.0,resolved
TKT0004917,CUS004771,2024-12-10,2024-12-11,Integration,Medium,30.66,4.0,resolved
TKT0004918,CUS001434,2023-11-22,2023-11-22,Account,Medium,6.69,4.3,resolved
TKT0004919,CUS000180,2023-02-22,2023-02-22,Performance,Medium,3.92,5.0,resolved
TKT0004920,CUS002014,2024-12-20,2024-12-20,Account,High,7.73,,resolved
TKT0004921,CUS001157,2023-08-29,2023-08-29,Account,High,14.14,,resolved
TKT0004922,CUS003863,2023-10-15,2023-10-15,Billing,Low,9.66,5.0,resolved
TKT0004923,CUS000215,2024-06-29,2024-07-02,Performance,Medium,91.68,1.0,resolved
TKT0004924,CUS000585,2023-08-26,2023-08-26,Integration,Medium,11.02,4.4,resolved
TKT0004925,CUS003299,2024-05-30,2024-05-30,Account,Critical,9.46,4.0,resolved
TKT0004926,CUS004073,2023-01-08,2023-01-08,Performance,Medium,6.14,4.3,resolved
TKT0004927,CUS000164,2024-09-02,2024-09-02,Account,Medium,20.02,3.5,resolved
TKT0004928,CUS001273,2024-01-17,2024-01-17,Account,Medium,14.5,3.9,resolved
TKT0004929,CUS003061,2024-11-30,2024-11-30,Performance,High,16.66,4.9,resolved
TKT0004930,CUS001408,2024-03-17,2024-03-17,Performance,Medium,20.23,3.6,resolved
TKT0004931,CUS003258,2024-02-17,2024-02-17,Integration,High,11.12,4.5,resolved
TKT0004932,CUS003102,2023-12-27,2023-12-27,Performance,Medium,3.85,5.0,resolved
TKT0004933,CUS002541,2024-09-16,2024-09-17,Billing,Low,26.97,3.9,resolved
TKT0004934,CUS003917,2023-05-12,2023-05-13,Performance,Low,40.59,4.6,resolved
TKT0004935,CUS000352,2024-12-04,2024-12-04,Billing,Medium,6.45,5.0,resolved
TKT0004936,CUS000544,2023-09-25,2023-09-25,Billing,Medium,6.13,4.6,resolved
TKT0004937,CUS000654,2023-04-06,2023-04-06,Performance,Medium,5.32,3.9,resolved
TKT0004938,CUS004887,2023-04-22,2023-04-22,Performance,Low,15.39,,resolved
TKT0004939,CUS001378,2024-03-05,2024-03-05,Billing,Low,5.21,4.6,resolved
TKT0004940,CUS001977,2024-11-05,2024-11-05,Integration,Medium,9.7,,resolved
TKT0004941,CUS001355,2023-11-28,2023-11-28,Account,Low,6.88,4.2,resolved
TKT0004942,CUS003687,2023-05-17,2023-05-17,Performance,Low,13.57,3.7,resolved
TKT0004943,CUS001332,2024-07-17,2024-07-17,Billing,Medium,8.01,4.6,resolved
TKT0004944,CUS002853,2023-08-06,2023-08-06,Integration,Medium,11.97,4.2,resolved
TKT0004945,CUS000555,2023-05-26,2023-05-26,Integration,Medium,6.17,4.9,resolved
TKT0004946,CUS004061,2024-04-21,2024-04-21,Integration,Medium,6.74,5.0,resolved
TKT0004947,CUS004771,2024-09-19,2024-09-19,Account,High,12.13,,resolved
TKT0004948,CUS001787,2024-11-24,2024-11-24,Performance,Low,10.21,5.0,resolved
TKT0004949,CUS000492,2023-11-23,2023-11-23,Account,Medium,6.0,4.6,resolved
TKT0004950,CUS001754,2024-11-21,2024-11-21,Performance,High,7.83,4.6,resolved
TKT0004951,CUS000822,2023-09-25,2023-09-25,Integration,Medium,14.05,2.9,resolved
TKT0004952,CUS004451,2023-12-27,2023-12-27,Integration,Medium,12.63,5.0,resolved
TKT0004953,CUS004822,2024-06-07,2024-06-07,Billing,Low,13.32,3.9,resolved
TKT0004954,CUS001482,2024-10-30,2024-10-30,Account,High,16.74,4.7,resolved
TKT0004955,CUS003795,2023-08-31,2023-09-01,Performance,Low,43.25,1.2,resolved
TKT0004956,CUS003817,2023-06-27,2023-06-27,Account,Critical,6.76,4.3,resolved
TKT0004957,CUS003885,2024-10-12,2024-10-12,Technical,High,11.94,4.6,resolved
TKT0004958,CUS000459,2023-04-11,2023-04-11,Integration,Low,19.72,3.9,resolved
TKT0004959,CUS004238,2024-10-02,2024-10-02,Technical,Low,7.05,4.2,resolved
TKT0004960,CUS002215,2023-12-23,2023-12-23,Technical,Medium,7.72,4.8,resolved
TKT0004961,CUS004107,2023-01-24,2023-01-25,Account,Critical,47.89,3.0,resolved
TKT0004962,CUS001680,2024-06-20,2024-06-20,Technical,Low,12.97,3.5,resolved
TKT0004963,CUS004590,2023-05-15,2023-05-15,Account,High,10.69,,resolved
TKT0004964,CUS001114,2023-12-03,2023-12-03,Billing,Medium,12.84,5.0,resolved
TKT0004965,CUS000911,2024-06-22,2024-06-26,Account,Medium,101.41,1.0,resolved
TKT0004966,CUS000061,2023-12-01,2023-12-01,Technical,High,9.16,4.7,resolved
TKT0004967,CUS001442,2024-01-30,2024-01-30,Performance,Medium,10.81,4.4,resolved
TKT0004968,CUS002132,2023-05-31,2023-05-31,Technical,High,10.88,5.0,resolved
TKT0004969,CUS003833,2023-03-01,2023-03-01,Billing,Low,20.62,3.9,resolved
TKT0004970,CUS000321,2023-06-03,2023-06-03,Performance,Medium,12.4,5.0,resolved
TKT0004971,CUS001131,2023-10-27,2023-10-27,Integration,Low,6.61,5.0,resolved
TKT0004972,CUS003013,2023-08-01,2023-08-01,Billing,Low,5.79,4.1,resolved
TKT0004973,CUS003833,2023-01-27,2023-01-27,Account,High,19.92,4.3,resolved
TKT0004974,CUS003449,2023-11-25,2023-11-25,Account,Low,20.17,4.0,resolved
TKT0004975,CUS003837,2023-07-09,2023-07-09,Billing,Medium,8.53,3.4,resolved
TKT0004976,CUS003882,2024-08-19,2024-08-19,Account,Medium,10.59,4.8,resolved
TKT0004977,CUS000837,2023-05-09,2023-05-10,Account,Medium,30.97,3.4,resolved
TKT0004978,CUS001428,2024-02-28,2024-02-28,Billing,High,19.96,,resolved
TKT0004979,CUS004490,2024-08-26,2024-08-26,Performance,Medium,14.49,4.9,resolved
TKT0004980,CUS003641,2023-12-12,2023-12-13,Billing,Medium,28.71,3.7,resolved
TKT0004981,CUS004806,2024-09-18,2024-09-18,Technical,Medium,13.68,5.0,resolved
TKT0004982,CUS004845,2024-06-26,2024-06-26,Billing,Low,7.96,3.9,resolved
TKT0004983,CUS000018,2024-08-26,2024-08-26,Technical,High,15.27,4.3,resolved
TKT0004984,CUS002984,2023-08-29,2023-08-29,Billing,Medium,15.66,5.0,resolved
TKT0004985,CUS003989,2023-01-20,2023-01-20,Billing,Medium,18.18,4.7,resolved
TKT0004986,CUS003250,2024-06-30,2024-06-30,Billing,Critical,20.2,3.9,resolved
TKT0004987,CUS000340,2024-06-30,2024-06-30,Account,High,6.4,5.0,resolved
TKT0004988,CUS003409,2024-10-29,2024-10-29,Performance,High,11.74,4.0,resolved
TKT0004989,CUS002372,2024-03-18,2024-03-18,Account,High,6.36,5.0,resolved
TKT0004990,CUS002884,2024-02-01,2024-02-01,Account,Low,16.06,4.9,resolved
TKT0004991,CUS003968,2024-05-17,2024-05-17,Integration,Medium,8.95,4.7,resolved
TKT0004992,CUS000850,2024-06-20,2024-06-20,Integration,Critical,17.21,4.5,resolved
TKT0004993,CUS001800,2023-02-05,2023-02-06,Performance,Low,30.66,3.8,resolved
TKT0004994,CUS000250,2024-05-21,2024-05-21,Account,Medium,6.19,,resolved
TKT0004995,CUS002877,2023-05-31,2023-06-01,Integration,High,35.39,3.0,resolved
TKT0004996,CUS000441,2024-02-02,2024-02-02,Integration,Low,22.75,4.3,resolved
TKT0004997,CUS001262,2023-06-02,2023-06-02,Account,Low,3.86,5.0,resolved
TKT0004998,CUS003758,2023-11-29,2023-11-29,Billing,Low,20.94,4.6,resolved
TKT0004999,CUS000570,2023-04-29,2023-04-29,Technical,Medium,8.4,4.5,resolved
TKT0005000,CUS001739,2024-10-05,2024-10-05,Technical,Critical,12.99,4.2,resolved
TKT0005001,CUS003760,2024-02-23,2024-02-23,Billing,Medium,4.3,5.0,resolved
TKT0005002,CUS003852,2023-01-21,2023-01-21,Technical,Low,21.36,5.0,resolved
TKT0005003,CUS003748,2023-09-02,2023-09-03,Integration,Medium,36.26,3.4,resolved
TKT0005004,CUS003003,2023-02-28,2023-02-28,Performance,Low,7.78,3.6,resolved
TKT0005005,CUS003482,2023-12-01,2023-12-01,Integration,Low,19.12,3.4,resolved
TKT0005006,CUS003325,2023-06-25,2023-06-25,Technical,Low,7.79,4.1,resolved
TKT0005007,CUS002747,2024-06-09,2024-06-09,Technical,High,12.15,,resolved
TKT0005008,CUS001945,2024-12-01,2024-12-01,Performance,Low,15.49,3.5,resolved
TKT0005009,CUS000559,2024-02-03,2024-02-03,Integration,Medium,3.92,5.0,resolved
TKT0005010,CUS004154,2023-01-05,2023-01-06,Integration,Medium,28.49,4.7,resolved
TKT0005011,CUS002503,2023-11-29,2023-11-29,Account,Medium,11.26,,resolved
TKT0005012,CUS003916,2024-12-03,2024-12-03,Integration,Medium,22.38,2.6,resolved
TKT0005013,CUS002361,2024-10-26,2024-10-26,Performance,Low,9.24,4.1,resolved
TKT0005014,CUS003202,2024-01-25,2024-01-25,Billing,Medium,6.7,4.6,resolved
TKT0005015,CUS004905,2024-04-11,2024-04-11,Billing,Low,23.63,3.5,resolved
TKT0005016,CUS000479,2023-09-11,2023-09-11,Integration,Low,18.64,3.5,resolved
TKT0005017,CUS001452,2024-05-16,2024-05-16,Account,Medium,14.61,3.8,resolved
TKT0005018,CUS001293,2024-10-02,2024-10-02,Billing,Medium,12.11,4.5,resolved
TKT0005019,CUS004470,2023-05-12,2023-05-12,Integration,High,7.17,4.4,resolved
TKT0005020,CUS000621,2024-11-09,2024-11-09,Performance,Medium,2.75,4.8,resolved
TKT0005021,CUS004187,2024-03-16,2024-03-16,Integration,Low,8.26,5.0,resolved
TKT0005022,CUS000529,2023-02-17,2023-02-17,Integration,Low,11.18,3.1,resolved
TKT0005023,CUS004909,2024-01-12,2024-01-12,Performance,High,17.06,3.2,resolved
TKT0005024,CUS000732,2023-04-16,2023-04-16,Performance,Low,8.65,4.4,resolved
TKT0005025,CUS000185,2024-11-20,2024-11-20,Account,Medium,18.03,,resolved
TKT0005026,CUS004580,2024-11-12,2024-11-12,Billing,Low,11.4,4.1,resolved
TKT0005027,CUS004643,2024-06-25,2024-06-25,Performance,High,23.15,3.9,resolved
TKT0005028,CUS002304,2023-05-19,2023-05-19,Account,Medium,7.81,4.5,resolved
TKT0005029,CUS003101,2024-09-05,2024-09-06,Performance,Medium,28.24,4.6,resolved
TKT0005030,CUS000975,2024-12-12,2024-12-12,Integration,High,7.19,4.1,resolved
TKT0005031,CUS004778,2024-04-26,2024-04-26,Integration,Medium,10.85,4.6,resolved
TKT0005032,CUS004188,2024-01-17,2024-01-17,Performance,Medium,23.0,3.7,resolved
TKT0005033,CUS004436,2023-08-27,2023-08-27,Technical,Low,22.28,3.9,resolved
TKT0005034,CUS004218,2024-02-19,2024-02-19,Billing,Medium,7.38,4.5,resolved
TKT0005035,CUS002784,2024-04-28,2024-04-28,Account,Medium,21.21,4.6,resolved
TKT0005036,CUS001671,2023-06-11,2023-06-11,Technical,Medium,13.45,4.7,resolved
TKT0005037,CUS004963,2024-12-09,2024-12-10,Integration,Low,29.94,2.8,resolved
TKT0005038,CUS002001,2024-03-13,2024-03-13,Performance,Medium,6.8,5.0,resolved
TKT0005039,CUS004860,2023-08-24,2023-08-24,Account,Medium,11.86,4.8,resolved
TKT0005040,CUS001167,2023-02-10,2023-02-10,Account,Low,16.51,4.0,resolved
TKT0005041,CUS003010,2023-05-05,2023-05-05,Account,Medium,11.32,5.0,resolved
TKT0005042,CUS002765,2024-06-13,2024-06-13,Billing,High,17.56,3.8,resolved
TKT0005043,CUS001336,2023-08-17,2023-08-18,Performance,Medium,24.27,3.9,resolved
TKT0005044,CUS001303,2023-05-13,2023-05-13,Billing,Medium,12.54,3.7,resolved
TKT0005045,CUS003907,2024-07-23,2024-07-23,Integration,Medium,3.78,5.0,resolved
TKT0005046,CUS001669,2024-07-26,2024-07-26,Performance,Medium,8.09,4.9,resolved
TKT0005047,CUS003344,2023-03-04,2023-03-07,Performance,Medium,72.34,1.2,resolved
TKT0005048,CUS002643,2023-09-01,2023-09-01,Technical,Medium,5.66,5.0,resolved
TKT0005049,CUS000942,2024-11-10,2024-11-10,Account,Medium,11.43,3.5,resolved
TKT0005050,CUS001410,2023-03-31,2023-03-31,Account,Medium,16.06,4.8,resolved
TKT0005051,CUS001615,2024-06-06,2024-06-08,Technical,Medium,67.28,,resolved
TKT0005052,CUS001358,2023-09-26,2023-09-26,Integration,Low,7.03,,resolved
TKT0005053,CUS000512,2024-03-20,2024-03-21,Integration,High,41.27,2.8,resolved
TKT0005054,CUS000041,2024-03-20,2024-03-20,Account,Low,21.79,3.1,resolved
TKT0005055,CUS003996,2023-05-09,2023-05-09,Account,Low,22.12,,resolved
TKT0005056,CUS001328,2024-05-23,2024-05-23,Account,Medium,5.79,5.0,resolved
TKT0005057,CUS004493,2024-02-02,2024-02-02,Integration,Low,7.21,,resolved
TKT0005058,CUS000130,2023-09-03,2023-09-03,Billing,Low,6.76,4.9,resolved
TKT0005059,CUS003920,2023-01-12,2023-01-12,Integration,High,8.77,5.0,resolved
TKT0005060,CUS001498,2024-12-30,2024-12-30,Billing,Medium,23.92,1.8,resolved
TKT0005061,CUS003358,2024-02-20,2024-02-20,Integration,Medium,12.21,4.6,resolved
TKT0005062,CUS003467,2023-08-29,2023-08-29,Performance,Medium,14.96,4.3,resolved
TKT0005063,CUS001088,2023-08-07,2023-08-07,Integration,Medium,11.22,4.6,resolved
TKT0005064,CUS001010,2023-09-07,2023-09-08,Integration,High,26.19,2.7,resolved
TKT0005065,CUS004247,2024-01-28,2024-01-28,Performance,Medium,3.86,4.8,resolved
TKT0005066,CUS001138,2024-11-17,2024-11-17,Billing,Medium,0.98,4.1,resolved
TKT0005067,CUS000605,2023-09-22,2023-09-22,Integration,Low,9.86,4.8,resolved
TKT0005068,CUS003444,2024-08-30,2024-08-30,Technical,Low,10.02,4.2,resolved
TKT0005069,CUS001085,2023-11-19,2023-11-19,Account,Medium,9.83,4.7,resolved
TKT0005070,CUS003615,2024-01-26,2024-01-26,Performance,Low,6.58,4.8,resolved
TKT0005071,CUS002309,2024-02-12,2024-02-12,Integration,Medium,7.42,4.9,resolved
TKT0005072,CUS001820,2024-10-17,2024-10-17,Performance,High,9.45,,resolved
TKT0005073,CUS000303,2024-11-28,2024-11-28,Integration,High,8.04,4.7,resolved
TKT0005074,CUS001476,2024-02-27,2024-02-27,Billing,Medium,19.27,4.2,resolved
TKT0005075,CUS001314,2024-12-19,2024-12-19,Billing,High,15.5,5.0,resolved
TKT0005076,CUS003733,2023-11-15,2023-11-16,Integration,High,34.48,3.4,resolved
TKT0005077,CUS002510,2024-03-23,2024-03-24,Account,Medium,27.79,4.1,resolved
TKT0005078,CUS004567,2024-09-27,2024-09-27,Integration,Medium,9.97,,resolved
TKT0005079,CUS000411,2023-04-13,2023-04-13,Performance,Medium,13.42,4.4,resolved
TKT0005080,CUS002563,2024-07-17,2024-07-17,Account,Low,4.89,5.0,resolved
TKT0005081,CUS001200,2023-02-03,2023-02-03,Technical,Low,6.02,5.0,resolved
TKT0005082,CUS002326,2023-02-15,2023-02-17,Billing,Medium,48.23,1.4,resolved
TKT0005083,CUS000995,2024-12-26,2024-12-27,Technical,Medium,31.95,3.8,resolved
TKT0005084,CUS001545,2023-03-05,2023-03-05,Account,Medium,4.1,5.0,resolved
TKT0005085,CUS003416,2024-04-06,2024-04-06,Integration,Medium,10.87,4.8,resolved
TKT0005086,CUS004100,2024-04-12,2024-04-13,Performance,Medium,32.02,2.7,resolved
TKT0005087,CUS002792,2024-03-13,2024-03-13,Performance,Low,6.31,4.3,resolved
TKT0005088,CUS001598,2023-03-08,2023-03-08,Billing,Low,3.24,4.5,resolved
TKT0005089,CUS001838,2023-01-31,2023-01-31,Account,Medium,7.41,5.0,resolved
TKT0005090,CUS002584,2023-01-20,2023-01-20,Integration,Low,7.53,5.0,resolved
TKT0005091,CUS002768,2024-11-18,2024-11-18,Billing,Medium,20.78,2.7,resolved
TKT0005092,CUS004092,2024-07-02,2024-07-03,Performance,Medium,28.88,3.3,resolved
TKT0005093,CUS004779,2023-04-27,2023-04-27,Integration,Medium,7.69,4.7,resolved
TKT0005094,CUS001002,2023-12-13,2023-12-13,Billing,Medium,9.99,4.7,resolved
TKT0005095,CUS004625,2024-01-30,2024-01-30,Performance,Low,12.49,3.9,resolved
TKT0005096,CUS002911,2023-10-13,2023-10-13,Billing,Low,16.36,4.2,resolved
TKT0005097,CUS001793,2023-08-09,2023-08-09,Technical,High,8.3,4.8,resolved
TKT0005098,CUS000944,2023-03-28,2023-03-28,Integration,Medium,12.55,4.4,resolved
TKT0005099,CUS003277,2023-10-08,2023-10-09,Account,Low,41.94,3.0,resolved
TKT0005100,CUS003393,2023-01-24,2023-01-24,Performance,Medium,9.57,4.5,resolved
TKT0005101,CUS004497,2023-08-30,2023-08-30,Integration,Low,11.43,4.7,resolved
TKT0005102,CUS001639,2024-05-26,2024-05-26,Technical,Medium,15.3,3.8,resolved
TKT0005103,CUS002702,2023-07-11,2023-07-11,Account,Low,7.36,4.7,resolved
TKT0005104,CUS003206,2024-12-14,2024-12-14,Account,Critical,6.06,,resolved
TKT0005105,CUS003888,2023-07-10,2023-07-10,Performance,Medium,13.39,4.5,resolved
TKT0005106,CUS004263,2024-09-28,2024-09-29,Billing,Low,24.82,3.8,resolved
TKT0005107,CUS003681,2023-03-02,2023-03-02,Billing,High,9.97,4.2,resolved
TKT0005108,CUS001501,2024-02-19,2024-02-19,Technical,Critical,7.07,4.5,resolved
TKT0005109,CUS002526,2023-01-16,2023-01-16,Performance,High,7.86,4.5,resolved
TKT0005110,CUS002666,2023-12-02,2023-12-02,Performance,Low,20.33,3.8,resolved
TKT0005111,CUS004895,2023-10-23,2023-10-23,Account,Critical,5.06,3.6,resolved
TKT0005112,CUS002695,2023-03-13,2023-03-13,Account,Medium,20.07,4.9,resolved
TKT0005113,CUS000200,2023-03-01,2023-03-02,Billing,High,45.65,2.5,resolved
TKT0005114,CUS003753,2024-06-03,2024-06-03,Billing,Medium,4.14,5.0,resolved
TKT0005115,CUS001978,2023-09-10,2023-09-10,Integration,Low,14.8,3.2,resolved
TKT0005116,CUS002596,2023-06-25,2023-06-25,Account,Medium,17.15,4.3,resolved
TKT0005117,CUS003700,2023-06-25,2023-06-26,Integration,Critical,29.73,3.4,resolved
TKT0005118,CUS004819,2023-12-21,2023-12-21,Integration,Low,3.76,3.9,resolved
TKT0005119,CUS004018,2023-12-30,2023-12-30,Billing,Medium,14.15,,resolved
TKT0005120,CUS001282,2024-07-25,2024-07-25,Performance,High,7.37,5.0,resolved
TKT0005121,CUS001082,2024-04-06,2024-04-06,Account,Low,9.02,4.9,resolved
TKT0005122,CUS004889,2024-05-16,2024-05-16,Integration,Medium,8.05,5.0,resolved
TKT0005123,CUS001065,2023-10-12,2023-10-13,Integration,High,30.56,3.7,resolved
TKT0005124,CUS000694,2024-11-07,2024-11-07,Account,Medium,13.74,4.1,resolved
TKT0005125,CUS004469,2023-12-02,2023-12-02,Performance,Medium,9.21,3.5,resolved
TKT0005126,CUS002240,2024-08-26,2024-08-26,Integration,High,7.45,4.0,resolved
TKT0005127,CUS000238,2024-12-24,2024-12-25,Account,Medium,41.26,2.5,resolved
TKT0005128,CUS002983,2024-06-29,2024-06-29,Billing,Medium,9.85,5.0,resolved
TKT0005129,CUS001856,2023-11-17,2023-11-17,Billing,Medium,23.17,3.3,resolved
TKT0005130,CUS002200,2024-12-02,2024-12-02,Billing,Medium,15.94,4.1,resolved
TKT0005131,CUS003010,2023-10-31,2023-10-31,Performance,Critical,4.52,4.9,resolved
TKT0005132,CUS004955,2023-02-17,2023-02-17,Billing,Medium,5.68,5.0,resolved
TKT0005133,CUS000556,2024-02-20,2024-02-20,Performance,Medium,5.07,4.7,resolved
TKT0005134,CUS001181,2024-02-13,2024-02-13,Account,Low,14.0,4.1,resolved
TKT0005135,CUS004175,2023-01-23,2023-01-24,Billing,Medium,34.19,4.9,resolved
TKT0005136,CUS000689,2024-09-20,2024-09-20,Billing,Low,19.26,3.8,resolved
TKT0005137,CUS004870,2023-12-26,2023-12-26,Technical,Low,9.81,5.0,resolved
TKT0005138,CUS001651,2024-09-06,2024-09-06,Technical,Critical,14.63,4.1,resolved
TKT0005139,CUS003157,2023-01-31,2023-01-31,Performance,High,10.01,,resolved
TKT0005140,CUS000986,2023-07-13,2023-07-13,Performance,High,8.51,5.0,resolved
TKT0005141,CUS001589,2023-07-22,2023-07-22,Technical,Medium,19.5,3.8,resolved
TKT0005142,CUS002787,2024-08-13,2024-08-13,Billing,High,16.79,3.4,resolved
TKT0005143,CUS004824,2024-07-23,2024-07-23,Billing,Medium,7.65,4.9,resolved
TKT0005144,CUS001900,2023-02-03,2023-02-03,Account,Low,5.64,4.0,resolved
TKT0005145,CUS004517,2023-06-01,2023-06-01,Performance,High,18.87,2.6,resolved
TKT0005146,CUS001042,2023-05-14,2023-05-14,Billing,Low,2.65,5.0,resolved
TKT0005147,CUS000175,2023-12-26,2023-12-26,Technical,Medium,4.62,4.2,resolved
TKT0005148,CUS004191,2024-06-26,2024-06-26,Technical,Low,17.4,4.8,resolved
TKT0005149,CUS003515,2024-05-22,2024-05-23,Integration,Medium,30.0,3.7,resolved
TKT0005150,CUS000582,2023-02-22,2023-02-22,Technical,High,11.89,5.0,resolved
TKT0005151,CUS000100,2024-12-15,2024-12-15,Billing,Medium,7.35,5.0,resolved
TKT0005152,CUS004103,2024-10-28,2024-10-28,Account,Low,17.3,4.7,resolved
TKT0005153,CUS000861,2024-04-14,2024-04-14,Integration,Medium,13.85,5.0,resolved
TKT0005154,CUS002406,2024-10-24,2024-10-24,Technical,Medium,15.83,3.9,resolved
TKT0005155,CUS004261,2024-10-07,2024-10-07,Account,Medium,7.92,5.0,resolved
TKT0005156,CUS002864,2024-10-19,2024-10-19,Account,Low,5.01,5.0,resolved
TKT0005157,CUS004500,2023-05-30,2023-05-30,Performance,Medium,16.3,4.6,resolved
TKT0005158,CUS000184,2024-04-15,2024-04-16,Billing,Medium,46.02,3.3,resolved
TKT0005159,CUS002128,2023-02-25,2023-02-25,Performance,Low,8.18,5.0,resolved
TKT0005160,CUS000990,2023-01-12,2023-01-12,Technical,Medium,19.42,4.3,resolved
TKT0005161,CUS002016,2023-12-26,2023-12-26,Billing,Low,3.07,3.8,resolved
TKT0005162,CUS003806,2024-11-27,2024-11-27,Account,Critical,4.48,,resolved
TKT0005163,CUS004462,2024-02-21,2024-02-21,Performance,Medium,5.68,4.5,resolved
TKT0005164,CUS000750,2024-11-15,2024-11-15,Integration,Medium,9.39,4.9,resolved
TKT0005165,CUS001739,2023-08-23,2023-08-23,Integration,Medium,13.97,4.8,resolved
TKT0005166,CUS002232,2024-04-25,2024-04-25,Technical,Low,10.45,3.2,resolved
TKT0005167,CUS001240,2024-06-09,2024-06-09,Account,Low,5.8,4.6,resolved
TKT0005168,CUS000994,2023-02-14,2023-02-14,Performance,Medium,17.09,4.3,resolved
TKT0005169,CUS004106,2024-02-07,2024-02-07,Technical,Medium,10.05,,resolved
TKT0005170,CUS004331,2024-08-14,2024-08-15,Account,Critical,39.97,,resolved
TKT0005171,CUS000148,2024-03-06,2024-03-06,Integration,Medium,6.54,4.2,resolved
TKT0005172,CUS004609,2024-09-26,2024-09-26,Billing,Medium,21.08,4.8,resolved
TKT0005173,CUS003943,2024-10-17,2024-10-18,Account,Medium,28.04,4.6,resolved
TKT0005174,CUS001448,2024-12-31,,Billing,Medium,10.8,4.4,open
TKT0005175,CUS003198,2023-05-02,2023-05-02,Performance,Low,11.75,4.5,resolved
TKT0005176,CUS002326,2024-04-16,2024-04-16,Account,Medium,18.33,4.5,resolved
TKT0005177,CUS001032,2023-08-27,2023-08-28,Account,Low,34.16,3.6,resolved
TKT0005178,CUS000556,2023-05-11,2023-05-11,Billing,High,2.66,5.0,resolved
TKT0005179,CUS002972,2024-07-09,2024-07-09,Account,Low,8.32,4.0,resolved
TKT0005180,CUS000164,2024-12-08,2024-12-08,Integration,Medium,19.06,,resolved
TKT0005181,CUS004009,2023-12-29,2023-12-29,Performance,High,21.7,3.3,resolved
TKT0005182,CUS003303,2023-09-01,2023-09-01,Performance,High,7.2,,resolved
TKT0005183,CUS003253,2024-10-10,2024-10-10,Technical,Medium,2.81,4.9,resolved
TKT0005184,CUS002731,2023-01-14,2023-01-14,Technical,Medium,2.16,5.0,resolved
TKT0005185,CUS003092,2023-04-26,2023-04-26,Billing,High,17.72,3.6,resolved
TKT0005186,CUS004590,2024-04-08,2024-04-08,Integration,High,4.55,4.3,resolved
TKT0005187,CUS002805,2023-11-30,2023-11-30,Account,Low,14.66,4.7,resolved
TKT0005188,CUS001385,2023-01-10,2023-01-10,Technical,Low,4.65,4.4,resolved
TKT0005189,CUS003612,2024-07-16,2024-07-16,Billing,High,13.56,4.0,resolved
TKT0005190,CUS001686,2024-09-07,2024-09-08,Account,Low,34.51,3.2,resolved
TKT0005191,CUS004318,2024-04-03,2024-04-06,Account,Medium,80.1,,resolved
TKT0005192,CUS002213,2024-06-03,2024-06-03,Billing,High,10.17,3.8,resolved
TKT0005193,CUS001340,2023-04-17,2023-04-17,Account,Low,8.66,5.0,resolved
TKT0005194,CUS000389,2023-04-02,2023-04-02,Integration,Low,5.91,5.0,resolved
TKT0005195,CUS001678,2024-05-26,2024-05-26,Account,Medium,23.96,3.5,resolved
TKT0005196,CUS002600,2023-10-06,2023-10-06,Integration,Low,8.22,5.0,resolved
TKT0005197,CUS000399,2024-02-03,2024-02-03,Integration,Low,23.68,3.4,resolved
TKT0005198,CUS004884,2024-09-12,2024-09-12,Account,Low,11.03,4.6,resolved
TKT0005199,CUS003042,2024-12-11,2024-12-11,Account,Medium,11.32,3.7,resolved
TKT0005200,CUS003828,2023-02-05,2023-02-05,Billing,Critical,6.01,4.5,resolved
TKT0005201,CUS000394,2024-04-08,2024-04-08,Technical,Low,15.47,5.0,resolved
TKT0005202,CUS002039,2024-10-14,2024-10-15,Integration,High,32.64,3.6,resolved
TKT0005203,CUS001945,2023-08-22,2023-08-22,Integration,Medium,6.51,4.8,resolved
TKT0005204,CUS003359,2024-02-15,2024-02-15,Integration,Critical,8.77,4.1,resolved
TKT0005205,CUS002374,2024-01-31,2024-01-31,Performance,Medium,8.89,3.8,resolved
TKT0005206,CUS001255,2024-07-04,2024-07-04,Account,Medium,11.99,,resolved
TKT0005207,CUS003746,2023-04-08,2023-04-08,Technical,Low,13.01,,resolved
TKT0005208,CUS003468,2023-10-15,2023-10-15,Performance,Medium,12.02,4.0,resolved
TKT0005209,CUS002054,2024-06-30,2024-06-30,Performance,Low,17.45,3.6,resolved
TKT0005210,CUS004376,2023-11-30,2023-11-30,Integration,Medium,6.92,5.0,resolved
TKT0005211,CUS000710,2024-09-19,2024-09-19,Integration,Medium,14.53,5.0,resolved
TKT0005212,CUS002579,2023-07-17,2023-07-17,Performance,Medium,6.41,3.9,resolved
TKT0005213,CUS004243,2024-03-04,2024-03-04,Account,Medium,6.3,4.8,resolved
TKT0005214,CUS003529,2024-10-22,2024-10-22,Technical,Medium,3.96,5.0,resolved
TKT0005215,CUS002639,2024-02-19,2024-02-19,Integration,Medium,11.96,4.6,resolved
TKT0005216,CUS000476,2024-06-02,2024-06-02,Account,Medium,12.27,4.4,resolved
TKT0005217,CUS000169,2023-03-21,2023-03-21,Billing,High,7.88,3.8,resolved
TKT0005218,CUS003351,2023-07-03,2023-07-03,Integration,Low,11.93,4.5,resolved
TKT0005219,CUS002200,2023-05-12,2023-05-12,Billing,High,4.85,5.0,resolved
TKT0005220,CUS002099,2024-08-28,2024-08-28,Performance,Medium,21.75,3.0,resolved
TKT0005221,CUS001962,2024-12-02,2024-12-03,Technical,Medium,29.07,3.7,resolved
TKT0005222,CUS000870,2024-12-29,2024-12-29,Account,High,5.64,5.0,resolved
TKT0005223,CUS002818,2023-10-18,2023-10-18,Integration,Medium,7.94,4.0,resolved
TKT0005224,CUS001908,2023-06-19,2023-06-19,Billing,High,7.46,4.3,resolved
TKT0005225,CUS000365,2024-07-20,2024-07-20,Integration,Medium,11.66,3.9,resolved
TKT0005226,CUS004643,2023-10-10,2023-10-10,Technical,Medium,17.97,4.2,resolved
TKT0005227,CUS002508,2024-10-14,2024-10-14,Technical,High,5.24,,resolved
TKT0005228,CUS001249,2023-07-11,2023-07-11,Account,High,7.78,3.6,resolved
TKT0005229,CUS003517,2023-03-08,2023-03-08,Billing,Medium,12.42,4.7,resolved
TKT0005230,CUS004242,2023-07-09,2023-07-09,Billing,Medium,7.88,5.0,resolved
TKT0005231,CUS001502,2024-10-12,2024-10-12,Integration,Medium,17.81,,resolved
TKT0005232,CUS004643,2023-08-07,2023-08-08,Performance,Low,30.92,2.2,resolved
TKT0005233,CUS002974,2023-05-06,2023-05-06,Billing,Medium,6.89,4.0,resolved
TKT0005234,CUS001307,2024-04-01,2024-04-02,Account,Medium,38.07,2.7,resolved
TKT0005235,CUS003513,2024-07-17,2024-07-17,Account,Medium,16.35,4.4,resolved
TKT0005236,CUS003105,2024-01-13,2024-01-13,Technical,High,9.43,4.1,resolved
TKT0005237,CUS004619,2023-07-16,2023-07-16,Technical,High,7.28,4.9,resolved
TKT0005238,CUS004426,2024-10-27,2024-10-27,Integration,Low,16.59,3.7,resolved
TKT0005239,CUS003032,2024-09-11,2024-09-13,Billing,Medium,57.2,2.8,resolved
TKT0005240,CUS003173,2024-03-24,2024-03-24,Account,Medium,8.93,3.7,resolved
TKT0005241,CUS001068,2023-12-01,2023-12-01,Technical,Medium,9.55,4.5,resolved
TKT0005242,CUS003739,2024-08-10,2024-08-11,Technical,Medium,27.1,3.3,resolved
TKT0005243,CUS004097,2023-12-06,2023-12-06,Performance,Critical,15.5,4.4,resolved
TKT0005244,CUS004957,2024-03-13,2024-03-13,Performance,Critical,6.84,3.9,resolved
TKT0005245,CUS001106,2024-02-29,2024-03-01,Integration,Medium,29.63,3.6,resolved
TKT0005246,CUS002792,2024-01-25,2024-01-25,Billing,High,7.88,4.4,resolved
TKT0005247,CUS004858,2024-09-14,2024-09-14,Account,Low,10.66,4.7,resolved
TKT0005248,CUS003595,2023-11-01,2023-11-01,Performance,Medium,12.92,4.1,resolved
TKT0005249,CUS001669,2023-08-07,2023-08-07,Technical,Medium,16.8,4.9,resolved
TKT0005250,CUS000220,2024-01-05,2024-01-05,Billing,High,22.74,3.9,resolved
TKT0005251,CUS004892,2024-12-16,2024-12-18,Account,Medium,62.2,1.5,resolved
TKT0005252,CUS003210,2023-12-24,2023-12-25,Performance,Medium,40.53,2.7,resolved
TKT0005253,CUS004102,2024-09-02,2024-09-03,Integration,High,27.76,3.4,resolved
TKT0005254,CUS000397,2024-10-05,2024-10-05,Billing,Low,6.96,,resolved
TKT0005255,CUS002904,2023-10-10,2023-10-10,Technical,High,12.82,4.5,resolved
TKT0005256,CUS004606,2024-01-19,2024-01-21,Performance,Medium,49.16,2.3,resolved
TKT0005257,CUS003159,2023-01-20,2023-01-20,Integration,Low,8.2,5.0,resolved
TKT0005258,CUS001910,2023-10-17,2023-10-17,Integration,Low,8.24,5.0,resolved
TKT0005259,CUS001499,2023-05-09,2023-05-09,Integration,Medium,18.58,3.7,resolved
TKT0005260,CUS000502,2023-04-01,2023-04-01,Account,High,14.02,,resolved
TKT0005261,CUS000018,2024-02-11,2024-02-11,Account,High,17.1,3.7,resolved
TKT0005262,CUS001722,2024-04-04,2024-04-04,Performance,High,12.42,,resolved
TKT0005263,CUS002859,2024-08-29,2024-08-29,Account,High,5.59,5.0,resolved
TKT0005264,CUS004499,2024-02-22,2024-02-22,Integration,High,8.52,3.8,resolved
TKT0005265,CUS004925,2024-11-20,2024-11-20,Billing,Critical,6.19,5.0,resolved
TKT0005266,CUS000493,2023-06-21,2023-06-22,Technical,High,28.35,2.5,resolved
TKT0005267,CUS001436,2023-10-06,2023-10-06,Billing,Medium,9.39,4.3,resolved
TKT0005268,CUS000153,2024-10-14,2024-10-14,Technical,High,11.05,4.5,resolved
TKT0005269,CUS001736,2023-01-31,2023-01-31,Integration,Medium,20.76,,resolved
TKT0005270,CUS003270,2024-05-15,2024-05-16,Integration,Medium,27.45,2.9,resolved
TKT0005271,CUS002087,2024-05-30,2024-05-30,Billing,High,20.41,3.2,resolved
TKT0005272,CUS004055,2023-08-05,2023-08-05,Integration,Low,10.2,,resolved
TKT0005273,CUS000333,2023-08-16,2023-08-16,Integration,Low,7.46,4.8,resolved
TKT0005274,CUS003203,2024-02-04,2024-02-04,Technical,High,12.58,,resolved
TKT0005275,CUS004993,2024-03-10,2024-03-10,Billing,Medium,21.14,5.0,resolved
TKT0005276,CUS000939,2023-04-13,2023-04-13,Account,Low,6.35,4.3,resolved
TKT0005277,CUS004824,2023-10-21,2023-10-21,Integration,Low,2.92,4.4,resolved
TKT0005278,CUS003840,2024-08-22,2024-08-22,Performance,Medium,3.84,4.1,resolved
TKT0005279,CUS001619,2024-04-06,2024-04-06,Integration,Medium,8.29,5.0,resolved
TKT0005280,CUS002128,2023-04-08,2023-04-08,Technical,Medium,9.15,4.3,resolved
TKT0005281,CUS000540,2023-07-02,2023-07-02,Performance,Medium,14.21,4.7,resolved
TKT0005282,CUS003416,2023-01-27,2023-01-27,Account,Medium,6.17,5.0,resolved
TKT0005283,CUS002822,2023-04-25,2023-04-25,Billing,Low,9.01,5.0,resolved
TKT0005284,CUS000908,2023-02-11,2023-02-12,Technical,Low,29.47,2.8,resolved
TKT0005285,CUS002638,2023-05-05,2023-05-05,Technical,Medium,13.08,4.4,resolved
TKT0005286,CUS004782,2024-07-24,2024-07-25,Performance,Medium,36.27,3.0,resolved
TKT0005287,CUS004842,2024-11-02,2024-11-02,Billing,High,17.35,,resolved
TKT0005288,CUS003968,2024-10-31,2024-10-31,Technical,Low,10.32,4.9,resolved
TKT0005289,CUS000720,2024-09-25,2024-09-25,Billing,Medium,12.5,4.3,resolved
TKT0005290,CUS001830,2023-01-21,2023-01-22,Billing,High,32.42,3.8,resolved
TKT0005291,CUS003060,2024-09-15,2024-09-16,Billing,Low,27.8,,resolved
TKT0005292,CUS000877,2024-04-20,2024-04-21,Performance,Low,27.68,3.6,resolved
TKT0005293,CUS004365,2024-03-23,2024-03-23,Integration,Low,13.67,5.0,resolved
TKT0005294,CUS003448,2023-03-06,2023-03-06,Technical,Medium,6.16,4.3,resolved
TKT0005295,CUS001373,2023-10-26,2023-10-26,Technical,Low,7.53,5.0,resolved
TKT0005296,CUS004375,2023-08-02,2023-08-02,Performance,High,7.95,4.9,resolved
TKT0005297,CUS003447,2023-06-14,2023-06-15,Account,Medium,27.1,4.7,resolved
TKT0005298,CUS004103,2024-04-09,2024-04-10,Account,Medium,31.74,3.2,resolved
TKT0005299,CUS003211,2024-04-21,2024-04-21,Technical,Medium,6.38,5.0,resolved
TKT0005300,CUS004799,2023-03-27,2023-03-28,Performance,Low,24.21,3.5,resolved
TKT0005301,CUS004290,2023-08-22,2023-08-23,Performance,High,32.55,,resolved
TKT0005302,CUS004729,2024-01-16,2024-01-16,Billing,Medium,22.74,3.5,resolved
TKT0005303,CUS004635,2024-03-11,2024-03-11,Technical,High,13.06,5.0,resolved
TKT0005304,CUS003102,2023-07-04,2023-07-05,Account,Critical,28.79,3.2,resolved
TKT0005305,CUS004255,2023-09-19,2023-09-19,Performance,High,4.03,5.0,resolved
TKT0005306,CUS001851,2023-10-08,2023-10-08,Account,Medium,4.4,5.0,resolved
TKT0005307,CUS000498,2023-01-11,2023-01-13,Integration,Critical,49.44,2.4,resolved
TKT0005308,CUS002443,2024-05-27,2024-05-27,Account,High,7.91,4.1,resolved
TKT0005309,CUS000644,2024-03-29,2024-03-29,Integration,Medium,8.54,3.4,resolved
TKT0005310,CUS001031,2024-09-29,2024-09-29,Technical,Medium,8.42,4.9,resolved
TKT0005311,CUS002949,2024-12-23,2024-12-25,Technical,Medium,55.09,1.4,resolved
TKT0005312,CUS001283,2024-05-28,2024-05-29,Performance,High,35.66,3.7,resolved
TKT0005313,CUS000072,2023-12-13,2023-12-13,Integration,Low,6.96,3.0,resolved
TKT0005314,CUS001470,2023-04-09,2023-04-09,Account,Medium,10.09,3.9,resolved
TKT0005315,CUS002808,2023-04-22,2023-04-22,Account,High,14.32,,resolved
TKT0005316,CUS002458,2023-03-15,2023-03-16,Integration,High,26.44,4.6,resolved
TKT0005317,CUS001579,2024-06-30,2024-06-30,Integration,Medium,14.46,4.3,resolved
TKT0005318,CUS003581,2023-11-18,2023-11-18,Account,Medium,9.68,4.7,resolved
TKT0005319,CUS001294,2024-01-04,2024-01-04,Billing,Low,9.16,,resolved
TKT0005320,CUS003583,2024-09-06,2024-09-06,Performance,High,5.32,4.8,resolved
TKT0005321,CUS001021,2024-06-03,2024-06-03,Billing,Medium,19.13,3.8,resolved
TKT0005322,CUS000361,2024-02-02,2024-02-02,Billing,High,9.98,5.0,resolved
TKT0005323,CUS001820,2024-10-06,2024-10-06,Technical,Low,13.04,3.1,resolved
TKT0005324,CUS004291,2024-03-22,2024-03-22,Account,Medium,7.01,5.0,resolved
TKT0005325,CUS003695,2023-07-23,2023-07-23,Account,Low,15.75,3.8,resolved
TKT0005326,CUS003517,2024-09-09,2024-09-09,Account,Low,16.09,,resolved
TKT0005327,CUS000385,2023-07-08,2023-07-08,Billing,Medium,4.38,4.8,resolved
TKT0005328,CUS000897,2023-01-10,2023-01-11,Account,Medium,28.6,3.2,resolved
TKT0005329,CUS003288,2023-12-09,2023-12-09,Technical,High,5.17,4.2,resolved
TKT0005330,CUS003418,2024-08-28,2024-08-28,Account,High,6.95,3.8,resolved
TKT0005331,CUS002067,2023-03-05,2023-03-05,Account,High,18.75,,resolved
TKT0005332,CUS004586,2024-08-31,2024-08-31,Account,Medium,11.69,4.4,resolved
TKT0005333,CUS004858,2023-03-16,2023-03-16,Performance,High,11.42,3.8,resolved
TKT0005334,CUS000775,2024-08-05,2024-08-05,Integration,Low,10.02,5.0,resolved
TKT0005335,CUS001119,2024-01-07,2024-01-07,Performance,Medium,7.18,5.0,resolved
TKT0005336,CUS004883,2024-01-28,2024-01-29,Performance,Medium,25.51,3.8,resolved
TKT0005337,CUS004013,2023-10-16,2023-10-17,Performance,Medium,42.44,2.1,resolved
TKT0005338,CUS001167,2024-08-30,2024-08-30,Performance,Low,23.37,4.5,resolved
TKT0005339,CUS004494,2023-10-20,2023-10-20,Integration,High,8.83,4.1,resolved
TKT0005340,CUS003199,2024-02-21,2024-02-21,Billing,Low,11.28,3.9,resolved
TKT0005341,CUS002775,2024-04-15,2024-04-17,Account,Low,52.43,1.6,resolved
TKT0005342,CUS003726,2023-04-03,2023-04-03,Account,Medium,7.71,4.0,resolved
TKT0005343,CUS001119,2024-11-10,2024-11-10,Integration,Medium,13.47,4.9,resolved
TKT0005344,CUS002049,2023-06-01,2023-06-01,Integration,Medium,9.28,4.3,resolved
TKT0005345,CUS002135,2024-11-15,2024-11-15,Account,Low,2.75,5.0,resolved
TKT0005346,CUS001996,2024-04-19,2024-04-20,Account,Medium,35.34,3.4,resolved
TKT0005347,CUS000473,2023-10-22,2023-10-22,Integration,Low,12.03,4.6,resolved
TKT0005348,CUS002085,2024-10-29,2024-10-29,Billing,Critical,17.86,4.3,resolved
TKT0005349,CUS000755,2024-04-19,2024-04-19,Billing,Medium,17.15,3.8,resolved
TKT0005350,CUS003133,2023-12-17,2023-12-17,Performance,Medium,7.18,5.0,resolved
TKT0005351,CUS004530,2023-10-19,2023-10-19,Performance,High,11.64,4.0,resolved
TKT0005352,CUS003712,2023-05-15,2023-05-15,Performance,Low,8.58,4.4,resolved
TKT0005353,CUS002222,2024-06-28,2024-06-28,Technical,Medium,15.24,4.9,resolved
TKT0005354,CUS002378,2023-09-21,2023-09-22,Performance,Low,26.52,4.6,resolved
TKT0005355,CUS003054,2024-01-05,2024-01-07,Integration,Low,66.51,2.8,resolved
TKT0005356,CUS004735,2023-01-01,2023-01-02,Billing,Critical,42.2,2.5,resolved
TKT0005357,CUS004763,2023-04-02,2023-04-02,Account,Medium,12.68,4.8,resolved
TKT0005358,CUS003536,2023-03-28,2023-03-28,Integration,Low,9.14,3.5,resolved
TKT0005359,CUS002209,2024-02-04,2024-02-04,Performance,Medium,18.51,5.0,resolved
TKT0005360,CUS001106,2024-01-07,2024-01-07,Technical,High,12.93,4.3,resolved
TKT0005361,CUS000855,2024-12-26,2024-12-26,Billing,Medium,8.0,5.0,resolved
TKT0005362,CUS000038,2023-09-04,2023-09-04,Integration,Low,2.98,5.0,resolved
TKT0005363,CUS001840,2023-07-18,2023-07-19,Technical,Medium,44.55,3.0,resolved
TKT0005364,CUS000303,2024-01-16,2024-01-16,Technical,High,20.77,3.6,resolved
TKT0005365,CUS003467,2024-07-15,2024-07-15,Technical,Medium,15.97,3.8,resolved
TKT0005366,CUS000746,2024-01-27,2024-01-27,Billing,Low,11.12,5.0,resolved
TKT0005367,CUS004049,2023-07-29,2023-07-30,Integration,Low,34.78,2.9,resolved
TKT0005368,CUS001512,2023-09-16,2023-09-16,Performance,High,18.58,3.7,resolved
TKT0005369,CUS004287,2024-06-14,2024-06-14,Technical,Medium,4.52,4.8,resolved
TKT0005370,CUS000081,2024-08-05,2024-08-05,Integration,Medium,9.14,4.6,resolved
TKT0005371,CUS000526,2023-12-13,2023-12-13,Integration,Medium,17.11,3.9,resolved
TKT0005372,CUS003926,2024-03-01,2024-03-02,Technical,Medium,37.34,3.0,resolved
TKT0005373,CUS003191,2024-06-06,2024-06-06,Integration,Low,8.93,,resolved
TKT0005374,CUS000709,2023-01-06,2023-01-07,Performance,High,27.6,3.0,resolved
TKT0005375,CUS004500,2024-09-01,2024-09-01,Billing,Low,4.69,4.1,resolved
TKT0005376,CUS003368,2023-11-09,2023-11-09,Performance,Low,9.12,5.0,resolved
TKT0005377,CUS002516,2023-01-14,2023-01-14,Technical,Low,15.44,4.6,resolved
TKT0005378,CUS003632,2024-09-25,2024-09-25,Billing,Low,19.28,3.9,resolved
TKT0005379,CUS003157,2024-04-14,2024-04-15,Integration,High,24.01,3.5,resolved
TKT0005380,CUS000009,2024-07-23,2024-07-24,Performance,High,39.02,3.5,resolved
TKT0005381,CUS004480,2023-02-19,2023-02-19,Performance,Medium,4.52,4.1,resolved
TKT0005382,CUS004163,2023-12-11,2023-12-11,Technical,Medium,19.29,3.4,resolved
TKT0005383,CUS002906,2024-11-24,2024-11-24,Performance,High,4.14,4.4,resolved
TKT0005384,CUS002639,2023-10-01,2023-10-01,Account,Medium,10.95,3.0,resolved
TKT0005385,CUS004017,2024-01-13,2024-01-14,Performance,Medium,30.05,4.8,resolved
TKT0005386,CUS000726,2023-10-13,2023-10-14,Performance,Low,37.53,2.2,resolved
TKT0005387,CUS004717,2023-08-02,2023-08-02,Technical,Medium,23.77,4.5,resolved
TKT0005388,CUS004672,2024-09-19,2024-09-19,Technical,Medium,12.81,4.6,resolved
TKT0005389,CUS002168,2024-05-08,2024-05-08,Billing,Medium,9.61,4.9,resolved
TKT0005390,CUS002997,2024-01-03,2024-01-03,Performance,High,17.42,5.0,resolved
TKT0005391,CUS003311,2024-05-13,2024-05-14,Performance,Medium,26.36,4.0,resolved
TKT0005392,CUS003938,2023-12-11,2023-12-11,Account,Medium,10.31,4.5,resolved
TKT0005393,CUS004132,2023-12-01,2023-12-01,Performance,Low,9.04,5.0,resolved
TKT0005394,CUS003531,2024-02-09,2024-02-09,Performance,Medium,10.79,3.2,resolved
TKT0005395,CUS004087,2024-10-20,2024-10-20,Billing,Low,6.87,5.0,resolved
TKT0005396,CUS001389,2024-05-09,2024-05-09,Integration,High,14.56,4.4,resolved
TKT0005397,CUS002467,2024-12-05,2024-12-06,Account,Medium,45.86,2.6,resolved
TKT0005398,CUS004434,2024-11-10,2024-11-10,Account,High,15.7,4.1,resolved
TKT0005399,CUS003451,2023-12-02,2023-12-02,Billing,Medium,6.86,5.0,resolved
TKT0005400,CUS003816,2023-03-04,2023-03-04,Performance,Medium,6.65,4.5,resolved
TKT0005401,CUS002283,2024-06-05,2024-06-05,Integration,Low,4.8,4.3,resolved
TKT0005402,CUS002629,2023-12-26,2023-12-26,Account,Medium,9.85,4.7,resolved
TKT0005403,CUS000705,2023-01-05,2023-01-05,Integration,Medium,6.29,5.0,resolved
TKT0005404,CUS003279,2023-02-14,2023-02-14,Technical,High,12.24,4.4,resolved
TKT0005405,CUS003000,2023-08-12,2023-08-12,Performance,Medium,6.81,5.0,resolved
TKT0005406,CUS004892,2023-09-03,2023-09-03,Billing,Critical,7.25,5.0,resolved
TKT0005407,CUS002513,2024-09-02,2024-09-02,Technical,Low,5.21,5.0,resolved
TKT0005408,CUS002396,2024-02-26,2024-02-26,Performance,Low,15.48,4.7,resolved
TKT0005409,CUS002622,2023-04-01,2023-04-01,Billing,Medium,4.43,5.0,resolved
TKT0005410,CUS004348,2024-01-21,2024-01-21,Integration,Medium,23.54,4.0,resolved
TKT0005411,CUS002839,2023-01-26,2023-01-26,Account,Low,7.0,3.4,resolved
TKT0005412,CUS002358,2023-12-17,2023-12-17,Billing,Medium,12.33,4.0,resolved
TKT0005413,CUS001432,2024-05-15,2024-05-16,Integration,Medium,36.1,3.0,resolved
TKT0005414,CUS004997,2023-10-14,2023-10-14,Billing,Low,11.49,5.0,resolved
TKT0005415,CUS003457,2023-10-01,2023-10-01,Performance,Medium,18.95,3.8,resolved
TKT0005416,CUS000574,2024-11-10,2024-11-10,Account,Critical,6.76,5.0,resolved
TKT0005417,CUS000648,2024-10-10,2024-10-11,Technical,Medium,43.51,3.7,resolved
TKT0005418,CUS002805,2024-01-09,2024-01-10,Technical,Medium,27.77,5.0,resolved
TKT0005419,CUS003289,2024-12-06,2024-12-06,Account,Medium,8.5,5.0,resolved
TKT0005420,CUS001636,2024-03-30,2024-03-30,Account,Medium,9.07,4.2,resolved
TKT0005421,CUS000068,2023-09-10,2023-09-10,Performance,Medium,18.56,4.4,resolved
TKT0005422,CUS003147,2023-04-14,2023-04-14,Billing,Medium,8.04,5.0,resolved
TKT0005423,CUS000694,2024-12-11,2024-12-11,Technical,High,3.56,4.0,resolved
TKT0005424,CUS002695,2023-02-15,2023-02-15,Technical,High,5.7,5.0,resolved
TKT0005425,CUS004545,2024-05-23,2024-05-23,Account,Medium,5.69,4.5,resolved
TKT0005426,CUS002458,2024-05-09,2024-05-09,Performance,High,15.29,4.4,resolved
TKT0005427,CUS000803,2023-11-22,2023-11-22,Billing,Low,4.92,4.2,resolved
TKT0005428,CUS002671,2024-08-10,2024-08-10,Technical,Medium,17.51,,resolved
TKT0005429,CUS000502,2024-02-05,2024-02-05,Billing,High,11.34,3.3,resolved
TKT0005430,CUS004000,2023-11-20,2023-11-20,Performance,Medium,13.35,4.4,resolved
TKT0005431,CUS002644,2024-10-21,2024-10-21,Billing,Medium,6.3,4.5,resolved
TKT0005432,CUS001931,2023-04-05,2023-04-05,Account,Medium,10.6,5.0,resolved
TKT0005433,CUS002755,2023-03-14,2023-03-14,Technical,Critical,18.74,3.8,resolved
TKT0005434,CUS000986,2023-03-16,2023-03-16,Integration,Medium,3.26,5.0,resolved
TKT0005435,CUS001515,2023-09-14,2023-09-14,Technical,High,4.13,4.7,resolved
TKT0005436,CUS001728,2024-07-28,2024-07-28,Integration,Medium,5.52,5.0,resolved
TKT0005437,CUS003151,2023-10-07,2023-10-07,Performance,Medium,4.64,5.0,resolved
TKT0005438,CUS002985,2023-06-02,2023-06-02,Integration,High,4.26,5.0,resolved
TKT0005439,CUS000604,2023-10-26,2023-10-26,Integration,Medium,17.36,4.5,resolved
TKT0005440,CUS004432,2023-06-29,2023-06-29,Performance,Medium,10.22,3.6,resolved
TKT0005441,CUS001255,2024-03-20,2024-03-20,Technical,High,8.27,4.3,resolved
TKT0005442,CUS004331,2023-12-06,2023-12-06,Account,Medium,19.55,3.8,resolved
TKT0005443,CUS001728,2023-05-22,2023-05-22,Account,Medium,9.96,5.0,resolved
TKT0005444,CUS002583,2024-05-03,2024-05-03,Integration,Medium,10.78,5.0,resolved
TKT0005445,CUS002380,2024-02-29,2024-02-29,Integration,High,8.0,4.9,resolved
TKT0005446,CUS003324,2024-11-29,2024-11-29,Billing,Low,11.96,4.3,resolved
TKT0005447,CUS001315,2024-11-16,2024-11-16,Billing,Low,4.92,4.9,resolved
TKT0005448,CUS003278,2023-11-09,2023-11-09,Account,Low,12.57,4.7,resolved
TKT0005449,CUS002172,2023-12-16,2023-12-16,Technical,Medium,1.43,5.0,resolved
TKT0005450,CUS003681,2024-06-25,2024-06-25,Performance,High,22.06,3.5,resolved
TKT0005451,CUS002794,2023-11-01,2023-11-01,Account,Medium,12.75,3.7,resolved
TKT0005452,CUS003921,2024-03-10,2024-03-10,Account,Medium,9.49,,resolved
TKT0005453,CUS004420,2023-03-27,2023-03-27,Performance,Medium,20.27,3.3,resolved
TKT0005454,CUS002101,2023-10-10,2023-10-11,Performance,High,35.15,3.3,resolved
TKT0005455,CUS000982,2024-06-21,2024-06-22,Billing,Low,25.66,3.3,resolved
TKT0005456,CUS000360,2024-12-04,2024-12-05,Integration,Medium,28.61,4.0,resolved
TKT0005457,CUS001748,2024-05-23,2024-05-23,Account,Low,10.52,3.1,resolved
TKT0005458,CUS002899,2023-03-14,2023-03-14,Integration,High,18.09,3.6,resolved
TKT0005459,CUS003515,2024-04-20,2024-04-21,Technical,High,41.51,2.8,resolved
TKT0005460,CUS003221,2023-05-14,2023-05-14,Technical,Low,5.16,5.0,resolved
TKT0005461,CUS000912,2024-12-01,2024-12-01,Technical,High,11.0,4.6,resolved
TKT0005462,CUS002456,2023-11-25,2023-11-25,Technical,Low,4.19,5.0,resolved
TKT0005463,CUS003850,2023-10-14,2023-10-15,Integration,High,29.04,,resolved
TKT0005464,CUS003930,2024-05-26,2024-05-28,Integration,Medium,48.62,2.8,resolved
TKT0005465,CUS003002,2024-02-19,2024-02-19,Billing,Medium,12.33,4.6,resolved
TKT0005466,CUS000672,2023-09-23,2023-09-23,Account,Medium,10.27,4.9,resolved
TKT0005467,CUS002220,2024-10-23,2024-10-23,Billing,Low,7.64,4.7,resolved
TKT0005468,CUS000001,2024-04-07,2024-04-11,Integration,Medium,105.71,1.0,resolved
TKT0005469,CUS003424,2024-06-17,2024-06-17,Performance,Medium,5.97,4.8,resolved
TKT0005470,CUS001902,2023-12-28,2023-12-28,Account,Medium,5.96,4.7,resolved
TKT0005471,CUS000988,2024-04-15,2024-04-15,Integration,Low,14.82,4.7,resolved
TKT0005472,CUS001139,2024-12-19,2024-12-19,Account,High,16.38,3.8,resolved
TKT0005473,CUS000032,2024-04-26,2024-04-28,Account,Medium,49.77,3.4,resolved
TKT0005474,CUS004193,2023-10-05,2023-10-06,Integration,Low,35.92,2.2,resolved
TKT0005475,CUS000023,2023-07-20,2023-07-21,Account,Medium,25.35,3.1,resolved
TKT0005476,CUS001787,2024-10-06,2024-10-07,Technical,High,30.82,4.2,resolved
TKT0005477,CUS003181,2023-03-13,2023-03-13,Billing,Medium,16.5,5.0,resolved
TKT0005478,CUS004085,2024-07-01,2024-07-01,Account,Medium,20.05,5.0,resolved
TKT0005479,CUS004777,2023-01-30,2023-01-30,Account,Low,14.51,4.0,resolved
TKT0005480,CUS001407,2023-03-13,2023-03-13,Technical,Medium,5.61,4.8,resolved
TKT0005481,CUS000007,2024-04-30,2024-04-30,Integration,Low,22.33,4.1,resolved
TKT0005482,CUS003703,2023-10-06,2023-10-06,Technical,High,19.14,4.4,resolved
TKT0005483,CUS002551,2023-12-21,2023-12-21,Account,Medium,7.68,,resolved
TKT0005484,CUS002095,2024-06-26,2024-06-27,Billing,Medium,24.1,4.1,resolved
TKT0005485,CUS003532,2024-10-09,2024-10-09,Integration,Low,16.45,5.0,resolved
TKT0005486,CUS004963,2024-04-28,2024-04-28,Account,Medium,5.02,,resolved
TKT0005487,CUS001133,2023-01-20,2023-01-20,Integration,Low,5.15,5.0,resolved
TKT0005488,CUS003143,2023-07-29,2023-07-29,Account,Critical,7.7,4.2,resolved
TKT0005489,CUS002995,2024-04-08,2024-04-08,Billing,Low,17.06,4.8,resolved
TKT0005490,CUS003086,2023-12-24,2023-12-25,Performance,Low,35.6,3.9,resolved
TKT0005491,CUS002660,2023-05-08,2023-05-08,Integration,Low,8.24,5.0,resolved
TKT0005492,CUS004874,2024-10-14,2024-10-14,Technical,High,17.25,3.1,resolved
TKT0005493,CUS001269,2023-11-24,2023-11-24,Account,Critical,12.79,4.0,resolved
TKT0005494,CUS004358,2024-08-17,2024-08-17,Integration,Medium,18.04,3.7,resolved
TKT0005495,CUS003300,2024-09-11,2024-09-11,Billing,High,8.44,4.6,resolved
TKT0005496,CUS004536,2023-08-14,2023-08-14,Integration,Medium,13.72,4.2,resolved
TKT0005497,CUS003978,2023-10-16,2023-10-16,Billing,Low,10.02,5.0,resolved
TKT0005498,CUS003298,2024-05-24,2024-05-24,Account,Medium,3.99,4.6,resolved
TKT0005499,CUS000228,2024-01-10,2024-01-11,Performance,Medium,24.49,3.9,resolved
TKT0005500,CUS003036,2024-07-13,2024-07-13,Technical,Medium,21.05,4.4,resolved
TKT0005501,CUS001113,2024-07-19,2024-07-19,Performance,High,9.32,4.7,resolved
TKT0005502,CUS001702,2023-05-30,2023-05-30,Billing,Medium,10.82,5.0,resolved
TKT0005503,CUS001996,2023-01-14,2023-01-14,Integration,Low,6.76,5.0,resolved
TKT0005504,CUS004365,2024-01-30,2024-01-30,Technical,Medium,4.28,4.8,resolved
TKT0005505,CUS004676,2023-01-05,2023-01-05,Integration,Medium,8.62,4.5,resolved
TKT0005506,CUS003857,2024-08-16,2024-08-16,Account,Medium,9.67,5.0,resolved
TKT0005507,CUS000767,2024-07-18,2024-07-18,Performance,High,7.43,5.0,resolved
TKT0005508,CUS001983,2024-06-28,2024-06-28,Billing,Medium,23.8,4.3,resolved
TKT0005509,CUS000024,2023-10-22,2023-10-23,Technical,Critical,25.04,3.5,resolved
TKT0005510,CUS004279,2023-08-13,2023-08-13,Billing,Low,5.93,4.5,resolved
TKT0005511,CUS000694,2024-09-10,2024-09-10,Billing,High,3.9,5.0,resolved
TKT0005512,CUS003245,2024-09-24,2024-09-24,Performance,High,9.8,5.0,resolved
TKT0005513,CUS002666,2024-08-16,2024-08-17,Performance,Medium,42.39,3.4,resolved
TKT0005514,CUS001268,2023-11-16,2023-11-17,Technical,Low,26.11,3.5,resolved
TKT0005515,CUS002915,2024-07-04,2024-07-04,Integration,Low,9.38,4.6,resolved
TKT0005516,CUS001521,2023-01-13,2023-01-13,Performance,High,10.38,3.3,resolved
TKT0005517,CUS001577,2024-12-10,2024-12-10,Performance,High,21.33,4.8,resolved
TKT0005518,CUS000666,2023-01-30,2023-01-30,Performance,High,17.06,3.5,resolved
TKT0005519,CUS002756,2024-01-17,2024-01-19,Performance,Medium,70.49,2.0,resolved
TKT0005520,CUS004483,2024-12-26,2024-12-26,Account,Medium,11.03,4.7,resolved
TKT0005521,CUS001738,2023-04-27,2023-04-27,Technical,Medium,9.71,5.0,resolved
TKT0005522,CUS002899,2024-08-19,2024-08-19,Technical,High,3.0,5.0,resolved
TKT0005523,CUS001887,2023-09-30,2023-09-30,Technical,High,13.79,4.7,resolved
TKT0005524,CUS001411,2023-09-03,2023-09-03,Integration,Medium,9.21,4.7,resolved
TKT0005525,CUS002467,2024-10-09,2024-10-09,Billing,Critical,9.68,4.3,resolved
TKT0005526,CUS001269,2024-10-28,2024-10-28,Integration,Critical,16.1,4.4,resolved
TKT0005527,CUS003452,2024-04-28,2024-04-28,Billing,Low,12.4,4.4,resolved
TKT0005528,CUS004568,2023-05-31,2023-05-31,Technical,Medium,7.89,,resolved
TKT0005529,CUS002105,2024-03-14,2024-03-14,Technical,High,12.67,5.0,resolved
TKT0005530,CUS003381,2024-01-22,2024-01-22,Performance,High,9.63,4.5,resolved
TKT0005531,CUS001226,2023-02-12,2023-02-12,Billing,Low,18.6,4.0,resolved
TKT0005532,CUS002592,2024-03-10,2024-03-10,Billing,Medium,11.09,3.4,resolved
TKT0005533,CUS002987,2024-05-29,2024-05-29,Integration,Medium,8.27,4.5,resolved
TKT0005534,CUS004184,2023-09-04,2023-09-05,Technical,Critical,37.46,3.6,resolved
TKT0005535,CUS003446,2024-05-07,2024-05-07,Integration,Low,5.41,4.4,resolved
TKT0005536,CUS001467,2023-01-15,2023-01-15,Integration,Medium,4.38,4.3,resolved
TKT0005537,CUS003899,2024-07-29,2024-07-29,Performance,Medium,7.24,4.6,resolved
TKT0005538,CUS004233,2024-10-09,2024-10-09,Performance,Medium,3.47,5.0,resolved
TKT0005539,CUS002756,2024-07-08,2024-07-08,Technical,High,6.67,5.0,resolved
TKT0005540,CUS002863,2024-11-02,2024-11-02,Billing,Medium,14.92,5.0,resolved
TKT0005541,CUS003399,2023-11-02,2023-11-02,Technical,Medium,10.88,,resolved
TKT0005542,CUS002344,2024-12-17,2024-12-17,Technical,High,8.9,3.8,resolved
TKT0005543,CUS002894,2023-03-28,2023-03-28,Performance,Low,14.33,4.0,resolved
TKT0005544,CUS003458,2024-01-11,2024-01-11,Account,High,7.85,5.0,resolved
TKT0005545,CUS001365,2023-07-05,2023-07-05,Billing,Medium,3.23,4.3,resolved
TKT0005546,CUS000417,2023-01-03,2023-01-03,Billing,Medium,16.66,4.7,resolved
TKT0005547,CUS001570,2023-07-26,2023-07-26,Technical,Medium,9.96,5.0,resolved
TKT0005548,CUS001998,2023-03-09,2023-03-09,Technical,Medium,16.16,4.9,resolved
TKT0005549,CUS004463,2024-11-29,2024-11-30,Billing,Medium,25.5,4.0,resolved
TKT0005550,CUS004537,2023-08-29,2023-08-29,Technical,Low,20.51,4.9,resolved
TKT0005551,CUS003096,2023-09-09,2023-09-09,Account,Low,6.05,5.0,resolved
TKT0005552,CUS000485,2024-11-10,2024-11-10,Technical,Low,5.02,4.6,resolved
TKT0005553,CUS000701,2023-03-31,2023-03-31,Integration,Low,9.92,,resolved
TKT0005554,CUS000012,2023-10-29,2023-10-29,Integration,Medium,15.77,3.6,resolved
TKT0005555,CUS002247,2024-12-05,2024-12-05,Account,Medium,22.73,3.1,resolved
TKT0005556,CUS003368,2024-12-27,2024-12-27,Account,High,14.4,4.3,resolved
TKT0005557,CUS004689,2024-06-25,2024-06-25,Integration,Critical,18.97,3.7,resolved
TKT0005558,CUS001126,2023-08-21,2023-08-21,Account,Medium,4.94,4.4,resolved
TKT0005559,CUS000690,2023-09-15,2023-09-15,Technical,Medium,6.77,4.1,resolved
TKT0005560,CUS001350,2023-02-02,2023-02-02,Integration,Medium,3.85,4.8,resolved
TKT0005561,CUS002732,2023-01-05,2023-01-05,Integration,Medium,6.32,4.3,resolved
TKT0005562,CUS000185,2023-01-20,2023-01-20,Billing,Low,19.38,4.1,resolved
TKT0005563,CUS004142,2023-01-03,2023-01-03,Billing,Medium,13.87,4.0,resolved
TKT0005564,CUS003094,2024-05-04,2024-05-05,Account,Low,25.76,3.3,resolved
TKT0005565,CUS003828,2023-12-01,2023-12-02,Billing,Low,27.8,3.5,resolved
TKT0005566,CUS004760,2023-08-29,2023-08-30,Integration,Low,24.63,2.7,resolved
TKT0005567,CUS003635,2024-09-23,2024-09-23,Integration,Medium,11.92,3.9,resolved
TKT0005568,CUS004043,2023-02-17,2023-02-17,Account,Low,6.53,5.0,resolved
TKT0005569,CUS003273,2024-04-21,2024-04-24,Account,Low,83.29,1.0,resolved
TKT0005570,CUS001379,2023-06-20,2023-06-20,Performance,Medium,8.23,4.7,resolved
TKT0005571,CUS001056,2023-02-01,2023-02-01,Integration,Low,13.97,3.4,resolved
TKT0005572,CUS004894,2024-01-08,2024-01-08,Performance,Medium,9.75,3.9,resolved
TKT0005573,CUS002073,2023-04-26,2023-04-26,Account,Medium,6.86,,resolved
TKT0005574,CUS002542,2023-11-18,2023-11-18,Performance,Low,9.36,4.9,resolved
TKT0005575,CUS001029,2024-06-14,2024-06-14,Integration,Low,14.11,4.0,resolved
TKT0005576,CUS000588,2024-03-08,2024-03-08,Integration,Low,15.49,4.7,resolved
TKT0005577,CUS002257,2023-11-21,2023-11-21,Billing,High,7.97,4.6,resolved
TKT0005578,CUS003178,2023-06-08,2023-06-08,Integration,Medium,12.06,5.0,resolved
TKT0005579,CUS004360,2024-06-05,2024-06-05,Performance,Critical,6.86,5.0,resolved
TKT0005580,CUS001654,2023-09-23,2023-09-23,Integration,Medium,12.79,5.0,resolved
TKT0005581,CUS002020,2024-10-21,2024-10-22,Technical,Medium,46.25,2.6,resolved
TKT0005582,CUS004347,2024-07-24,2024-07-24,Billing,Medium,7.36,4.4,resolved
TKT0005583,CUS003542,2024-06-19,2024-06-19,Technical,Low,10.18,5.0,resolved
TKT0005584,CUS001421,2024-03-20,2024-03-21,Billing,Low,27.91,3.7,resolved
TKT0005585,CUS004585,2024-04-24,2024-04-28,Performance,Medium,97.99,1.0,resolved
TKT0005586,CUS000235,2024-01-04,2024-01-04,Billing,Low,4.96,5.0,resolved
TKT0005587,CUS003223,2024-09-09,2024-09-09,Performance,Low,22.22,4.7,resolved
TKT0005588,CUS004863,2024-08-08,2024-08-08,Performance,Critical,1.88,5.0,resolved
TKT0005589,CUS000291,2023-11-19,2023-11-19,Integration,Medium,2.46,5.0,resolved
TKT0005590,CUS002776,2024-01-21,2024-01-21,Integration,Medium,3.46,3.5,resolved
TKT0005591,CUS001853,2024-04-17,2024-04-17,Integration,Medium,8.33,5.0,resolved
TKT0005592,CUS002071,2024-01-18,2024-01-18,Account,High,3.04,5.0,resolved
TKT0005593,CUS001188,2024-08-18,2024-08-18,Billing,Medium,23.62,4.5,resolved
TKT0005594,CUS004533,2024-05-19,2024-05-20,Billing,High,38.18,2.4,resolved
TKT0005595,CUS000800,2024-09-22,2024-09-22,Technical,Medium,15.39,3.9,resolved
TKT0005596,CUS000413,2024-03-12,2024-03-12,Integration,Medium,8.46,5.0,resolved
TKT0005597,CUS000503,2023-09-30,2023-09-30,Integration,Medium,7.26,5.0,resolved
TKT0005598,CUS000199,2023-04-12,2023-04-12,Technical,Medium,9.95,4.9,resolved
TKT0005599,CUS002863,2023-09-03,2023-09-05,Performance,High,57.89,4.3,resolved
TKT0005600,CUS001272,2024-09-09,2024-09-09,Account,Low,11.87,4.4,resolved
TKT0005601,CUS004502,2023-06-06,2023-06-06,Account,Medium,11.59,5.0,resolved
TKT0005602,CUS003882,2023-04-13,2023-04-13,Performance,Medium,9.01,4.1,resolved
TKT0005603,CUS003065,2024-09-25,2024-09-25,Performance,High,5.63,5.0,resolved
TKT0005604,CUS001355,2024-06-12,2024-06-12,Integration,High,11.37,3.7,resolved
TKT0005605,CUS004809,2024-02-27,2024-02-27,Performance,High,15.36,4.7,resolved
TKT0005606,CUS000840,2024-09-07,2024-09-07,Performance,Medium,12.83,4.1,resolved
TKT0005607,CUS004655,2024-02-22,2024-02-22,Account,Critical,3.08,4.4,resolved
TKT0005608,CUS001634,2023-07-06,2023-07-06,Account,Critical,13.84,5.0,resolved
TKT0005609,CUS003518,2023-06-26,2023-06-27,Account,Medium,27.03,4.0,resolved
TKT0005610,CUS003515,2023-10-07,2023-10-08,Account,Low,24.94,3.3,resolved
TKT0005611,CUS002687,2023-09-16,2023-09-16,Billing,Medium,14.93,3.9,resolved
TKT0005612,CUS001678,2023-06-25,2023-06-26,Account,Medium,25.03,2.8,resolved
TKT0005613,CUS001288,2023-02-27,2023-02-27,Technical,High,13.17,,resolved
TKT0005614,CUS002186,2023-01-09,2023-01-09,Billing,Medium,4.58,4.5,resolved
TKT0005615,CUS004543,2023-08-20,2023-08-20,Integration,Low,19.11,4.4,resolved
TKT0005616,CUS001588,2024-05-29,2024-05-30,Integration,Low,30.5,3.6,resolved
TKT0005617,CUS003079,2024-12-12,2024-12-12,Performance,Medium,22.99,3.3,resolved
TKT0005618,CUS000406,2023-04-29,2023-04-29,Integration,Low,20.51,3.4,resolved
TKT0005619,CUS000867,2024-03-21,2024-03-21,Technical,Critical,16.53,5.0,resolved
TKT0005620,CUS000071,2024-08-01,2024-08-01,Account,Low,11.73,5.0,resolved
TKT0005621,CUS004573,2024-05-11,2024-05-11,Billing,Medium,3.28,5.0,resolved
TKT0005622,CUS003094,2024-05-04,2024-05-05,Performance,Medium,31.51,3.4,resolved
TKT0005623,CUS003715,2024-03-24,2024-03-24,Performance,High,4.18,4.2,resolved
TKT0005624,CUS003604,2024-09-16,2024-09-16,Billing,Medium,8.39,4.9,resolved
TKT0005625,CUS000096,2024-04-23,2024-04-24,Account,Medium,29.38,3.1,resolved
TKT0005626,CUS002363,2024-12-28,2024-12-28,Account,High,22.85,5.0,resolved
TKT0005627,CUS004477,2024-10-26,2024-10-26,Technical,Medium,15.83,3.8,resolved
TKT0005628,CUS003665,2024-08-28,2024-08-28,Performance,Medium,11.82,,resolved
TKT0005629,CUS003523,2024-11-08,2024-11-08,Account,High,9.77,4.4,resolved
TKT0005630,CUS003111,2023-08-18,2023-08-18,Technical,High,9.22,4.6,resolved
TKT0005631,CUS001466,2023-02-01,2023-02-02,Integration,Low,25.47,4.7,resolved
TKT0005632,CUS001826,2023-06-28,2023-06-28,Performance,Low,5.6,4.1,resolved
TKT0005633,CUS000007,2023-07-16,2023-07-16,Billing,High,20.77,4.8,resolved
TKT0005634,CUS003387,2024-06-03,2024-06-03,Billing,Medium,15.26,4.0,resolved
TKT0005635,CUS001304,2023-05-08,2023-05-09,Integration,High,47.9,,resolved
TKT0005636,CUS001823,2024-10-11,2024-10-11,Account,High,6.43,5.0,resolved
TKT0005637,CUS000422,2024-10-26,2024-10-26,Account,High,22.4,4.4,resolved
TKT0005638,CUS004373,2023-10-21,2023-10-21,Integration,Medium,8.07,3.9,resolved
TKT0005639,CUS000870,2024-08-04,2024-08-04,Technical,Critical,9.91,4.3,resolved
TKT0005640,CUS002240,2023-11-16,2023-11-17,Performance,Medium,24.32,3.9,resolved
TKT0005641,CUS001818,2024-11-09,2024-11-09,Account,Critical,14.75,3.7,resolved
TKT0005642,CUS001021,2023-09-30,2023-09-30,Integration,High,9.8,4.9,resolved
TKT0005643,CUS004232,2023-01-29,2023-01-29,Technical,Medium,8.43,5.0,resolved
TKT0005644,CUS001285,2023-01-24,2023-01-25,Integration,Low,24.87,3.5,resolved
TKT0005645,CUS001588,2024-03-18,2024-03-18,Technical,Medium,8.41,5.0,resolved
TKT0005646,CUS004130,2024-03-11,2024-03-11,Integration,High,13.87,4.4,resolved
TKT0005647,CUS002095,2023-02-05,2023-02-05,Integration,Medium,6.89,4.9,resolved
TKT0005648,CUS002853,2024-07-19,2024-07-20,Billing,Medium,32.21,3.8,resolved
TKT0005649,CUS003857,2023-05-07,2023-05-07,Performance,Medium,7.94,,resolved
TKT0005650,CUS001774,2024-10-25,2024-10-25,Performance,Low,12.54,3.8,resolved
TKT0005651,CUS002285,2024-08-22,2024-08-22,Technical,Medium,12.92,,resolved
TKT0005652,CUS001650,2024-05-20,2024-05-20,Technical,Medium,10.73,5.0,resolved
TKT0005653,CUS000447,2024-04-02,2024-04-02,Account,High,8.87,4.8,resolved
TKT0005654,CUS003412,2024-03-23,2024-03-23,Billing,Low,8.33,4.0,resolved
TKT0005655,CUS001862,2024-01-26,2024-01-26,Billing,High,11.9,4.8,resolved
TKT0005656,CUS000269,2023-03-22,2023-03-22,Performance,Medium,11.2,4.8,resolved
TKT0005657,CUS004780,2023-01-21,2023-01-21,Billing,High,12.74,4.3,resolved
TKT0005658,CUS002253,2024-08-10,2024-08-10,Billing,Medium,8.78,5.0,resolved
TKT0005659,CUS000084,2023-07-26,2023-07-27,Technical,Low,36.42,,resolved
TKT0005660,CUS001813,2024-12-11,2024-12-11,Account,Low,6.98,5.0,resolved
TKT0005661,CUS003687,2023-09-18,2023-09-18,Performance,Medium,12.32,4.5,resolved
TKT0005662,CUS001336,2024-01-09,2024-01-09,Account,Medium,11.31,5.0,resolved
TKT0005663,CUS000149,2023-11-08,2023-11-08,Account,Low,15.31,3.5,resolved
TKT0005664,CUS004941,2023-12-30,2023-12-30,Performance,Medium,19.74,,resolved
TKT0005665,CUS003107,2023-04-02,2023-04-02,Integration,Low,6.24,4.0,resolved
TKT0005666,CUS002494,2023-03-13,2023-03-13,Technical,Medium,15.72,,resolved
TKT0005667,CUS003921,2023-06-29,2023-06-29,Technical,Medium,17.54,5.0,resolved
TKT0005668,CUS001502,2023-08-23,2023-08-24,Technical,Low,31.82,3.6,resolved
TKT0005669,CUS003194,2024-05-05,2024-05-07,Integration,Medium,60.57,2.8,resolved
TKT0005670,CUS000166,2024-10-18,2024-10-18,Technical,Low,15.25,,resolved
TKT0005671,CUS001461,2024-04-04,2024-04-05,Technical,High,40.27,1.6,resolved
TKT0005672,CUS000217,2024-07-14,2024-07-14,Billing,Low,7.4,4.8,resolved
TKT0005673,CUS001076,2023-09-16,2023-09-16,Integration,Medium,11.13,4.1,resolved
TKT0005674,CUS004191,2024-03-15,2024-03-16,Performance,Medium,34.53,2.7,resolved
TKT0005675,CUS001879,2023-09-15,2023-09-15,Integration,Medium,20.06,4.1,resolved
TKT0005676,CUS000424,2023-03-02,2023-03-02,Billing,High,6.52,5.0,resolved
TKT0005677,CUS004889,2024-08-22,2024-08-22,Technical,High,9.11,3.5,resolved
TKT0005678,CUS002226,2024-11-08,2024-11-08,Technical,Low,16.96,3.7,resolved
TKT0005679,CUS000927,2023-07-24,2023-07-24,Technical,Medium,7.45,4.4,resolved
TKT0005680,CUS001800,2023-12-08,2023-12-08,Integration,Medium,16.77,,resolved
TKT0005681,CUS000201,2023-02-17,2023-02-18,Account,Medium,41.49,3.3,resolved
TKT0005682,CUS002081,2023-05-04,2023-05-04,Account,Low,6.23,4.3,resolved
TKT0005683,CUS001825,2023-08-23,2023-08-23,Integration,Medium,21.87,4.3,resolved
TKT0005684,CUS004589,2024-02-13,2024-02-13,Performance,High,9.31,5.0,resolved
TKT0005685,CUS003223,2023-04-22,2023-04-22,Billing,Medium,22.06,4.0,resolved
TKT0005686,CUS003149,2024-08-03,2024-08-03,Account,Low,11.66,4.7,resolved
TKT0005687,CUS004735,2023-07-25,2023-07-25,Billing,Low,6.0,4.7,resolved
TKT0005688,CUS000725,2024-09-10,2024-09-10,Billing,Low,4.93,4.4,resolved
TKT0005689,CUS002651,2023-08-20,2023-08-20,Performance,Medium,6.16,4.5,resolved
TKT0005690,CUS003239,2024-01-24,2024-01-24,Integration,High,11.39,,resolved
TKT0005691,CUS002373,2023-05-26,2023-05-27,Integration,High,34.77,2.5,resolved
TKT0005692,CUS000974,2024-12-18,2024-12-18,Performance,High,13.35,4.0,resolved
TKT0005693,CUS001343,2023-08-05,2023-08-05,Billing,High,6.15,4.4,resolved
TKT0005694,CUS000076,2023-02-10,2023-02-11,Billing,Medium,25.7,4.0,resolved
TKT0005695,CUS001285,2024-04-05,2024-04-05,Technical,Low,10.09,4.4,resolved
TKT0005696,CUS002811,2023-10-06,2023-10-06,Account,Low,5.95,4.6,resolved
TKT0005697,CUS004189,2024-02-20,2024-02-20,Account,Medium,16.1,4.1,resolved
TKT0005698,CUS003468,2024-08-21,2024-08-21,Account,Low,17.41,4.3,resolved
TKT0005699,CUS004719,2023-02-16,2023-02-16,Integration,Medium,10.19,5.0,resolved
TKT0005700,CUS004965,2024-09-01,2024-09-02,Technical,Medium,31.21,4.3,resolved
TKT0005701,CUS001366,2023-08-03,2023-08-03,Integration,Low,13.82,3.6,resolved
TKT0005702,CUS003260,2023-07-03,2023-07-03,Account,High,6.27,4.9,resolved
TKT0005703,CUS003702,2023-11-28,2023-11-28,Billing,Medium,15.31,4.8,resolved
TKT0005704,CUS000253,2023-11-21,2023-11-21,Integration,Low,22.12,5.0,resolved
TKT0005705,CUS002556,2023-01-20,2023-01-20,Billing,Medium,17.08,3.5,resolved
TKT0005706,CUS003864,2024-09-01,2024-09-02,Billing,Critical,27.79,3.7,resolved
TKT0005707,CUS002356,2024-12-05,2024-12-05,Account,High,6.96,5.0,resolved
TKT0005708,CUS002087,2023-10-21,2023-10-21,Account,High,16.11,3.9,resolved
TKT0005709,CUS002758,2023-06-22,2023-06-22,Billing,High,2.6,,resolved
TKT0005710,CUS000546,2023-05-27,2023-05-27,Account,Medium,18.82,3.8,resolved
TKT0005711,CUS000369,2024-04-14,2024-04-14,Integration,Medium,20.08,4.3,resolved
TKT0005712,CUS000052,2023-10-10,2023-10-10,Account,High,9.25,4.5,resolved
TKT0005713,CUS002076,2023-03-25,2023-03-25,Billing,Low,5.79,5.0,resolved
TKT0005714,CUS002317,2024-11-23,2024-11-24,Performance,Medium,33.31,2.9,resolved
TKT0005715,CUS004725,2023-10-06,2023-10-06,Billing,Low,4.95,5.0,resolved
TKT0005716,CUS004556,2024-11-03,2024-11-04,Performance,Medium,43.92,3.0,resolved
TKT0005717,CUS001911,2023-01-16,2023-01-16,Account,Low,6.74,3.6,resolved
TKT0005718,CUS004849,2024-03-30,2024-03-30,Technical,Medium,8.9,5.0,resolved
TKT0005719,CUS000795,2023-04-09,2023-04-09,Technical,Medium,4.21,3.9,resolved
TKT0005720,CUS001183,2023-03-24,2023-03-24,Account,Medium,10.82,4.2,resolved
TKT0005721,CUS002605,2023-04-03,2023-04-03,Integration,High,12.18,4.4,resolved
TKT0005722,CUS001872,2023-10-18,2023-10-18,Integration,Low,21.02,3.7,resolved
TKT0005723,CUS002664,2024-04-03,2024-04-03,Performance,High,9.03,5.0,resolved
TKT0005724,CUS000026,2024-07-27,2024-07-27,Technical,High,12.66,5.0,resolved
TKT0005725,CUS003380,2023-01-17,2023-01-20,Performance,Low,74.75,1.0,resolved
TKT0005726,CUS001374,2024-03-24,2024-03-24,Integration,High,16.44,3.9,resolved
TKT0005727,CUS001544,2023-08-28,2023-08-30,Billing,High,60.78,1.9,resolved
TKT0005728,CUS004564,2023-01-12,2023-01-13,Billing,Medium,27.13,3.6,resolved
TKT0005729,CUS004433,2023-05-16,2023-05-16,Billing,Medium,6.92,3.5,resolved
TKT0005730,CUS002040,2024-11-22,2024-11-22,Account,Medium,7.76,5.0,resolved
TKT0005731,CUS001889,2024-05-05,2024-05-06,Technical,Low,28.58,3.7,resolved
TKT0005732,CUS003944,2024-06-26,2024-06-26,Billing,High,9.52,5.0,resolved
TKT0005733,CUS003647,2023-01-30,2023-01-31,Technical,Medium,41.25,3.2,resolved
TKT0005734,CUS000695,2024-12-29,2024-12-29,Performance,Low,9.78,4.4,resolved
TKT0005735,CUS002005,2024-03-31,2024-03-31,Account,High,2.25,4.2,resolved
TKT0005736,CUS002501,2024-03-30,2024-03-30,Performance,Medium,8.57,4.7,resolved
TKT0005737,CUS002378,2024-03-06,2024-03-06,Performance,Low,14.91,3.5,resolved
TKT0005738,CUS000518,2024-03-23,2024-03-23,Technical,High,7.62,5.0,resolved
TKT0005739,CUS003161,2023-03-24,2023-03-24,Integration,Medium,6.71,5.0,resolved
TKT0005740,CUS003190,2024-09-29,2024-09-29,Performance,High,4.18,5.0,resolved
TKT0005741,CUS003920,2024-05-25,2024-05-25,Integration,Low,10.26,,resolved
TKT0005742,CUS003036,2023-04-24,2023-04-25,Technical,Medium,44.58,3.4,resolved
TKT0005743,CUS000218,2023-06-04,2023-06-05,Technical,Low,26.62,4.5,resolved
TKT0005744,CUS001221,2024-03-15,2024-03-15,Technical,Critical,22.16,4.3,resolved
TKT0005745,CUS002687,2023-03-10,2023-03-10,Billing,Low,9.39,,resolved
TKT0005746,CUS002086,2024-09-20,2024-09-20,Integration,Medium,22.28,4.8,resolved
TKT0005747,CUS003068,2023-02-19,2023-02-19,Performance,Low,3.94,5.0,resolved
TKT0005748,CUS000355,2024-07-24,2024-07-24,Integration,Medium,15.35,5.0,resolved
TKT0005749,CUS001543,2024-12-10,2024-12-11,Account,High,28.15,1.9,resolved
TKT0005750,CUS001085,2023-09-28,2023-09-28,Integration,Medium,16.61,4.6,resolved
TKT0005751,CUS002938,2023-07-25,2023-07-25,Account,Medium,3.84,5.0,resolved
TKT0005752,CUS000619,2024-12-04,2024-12-04,Account,High,6.02,5.0,resolved
TKT0005753,CUS001702,2024-09-15,2024-09-15,Billing,Low,11.55,,resolved
TKT0005754,CUS004240,2023-04-25,2023-04-25,Technical,High,5.37,,resolved
TKT0005755,CUS003532,2024-01-20,2024-01-20,Technical,Critical,8.55,5.0,resolved
TKT0005756,CUS002237,2023-10-25,2023-10-25,Technical,Medium,9.85,5.0,resolved
TKT0005757,CUS002520,2024-09-17,2024-09-17,Technical,Low,9.09,,resolved
TKT0005758,CUS000075,2024-07-02,2024-07-02,Account,Medium,5.99,4.5,resolved
TKT0005759,CUS004064,2024-08-08,2024-08-08,Billing,High,20.82,3.3,resolved
TKT0005760,CUS001590,2023-11-04,2023-11-04,Account,Medium,9.36,4.2,resolved
TKT0005761,CUS001243,2023-07-10,2023-07-10,Billing,High,4.33,4.5,resolved
TKT0005762,CUS001604,2023-12-04,2023-12-04,Billing,Low,13.11,4.9,resolved
TKT0005763,CUS000998,2023-12-22,2023-12-22,Billing,Low,12.22,4.7,resolved
TKT0005764,CUS004082,2024-09-11,2024-09-11,Technical,Medium,3.39,4.4,resolved
TKT0005765,CUS000286,2023-06-13,2023-06-13,Performance,Medium,8.26,5.0,resolved
TKT0005766,CUS002385,2024-05-19,2024-05-19,Integration,Low,23.22,2.0,resolved
TKT0005767,CUS003287,2023-09-21,2023-09-21,Performance,Low,8.96,2.8,resolved
TKT0005768,CUS000248,2024-11-16,2024-11-16,Billing,Medium,9.34,5.0,resolved
TKT0005769,CUS002635,2024-12-10,2024-12-11,Billing,Medium,24.31,,resolved
TKT0005770,CUS002035,2023-02-26,2023-02-26,Account,Medium,7.24,2.9,resolved
TKT0005771,CUS003626,2023-10-15,2023-10-15,Billing,Medium,5.33,,resolved
TKT0005772,CUS004423,2024-07-20,2024-07-21,Performance,High,26.71,4.8,resolved
TKT0005773,CUS000161,2023-03-31,2023-03-31,Billing,Medium,10.35,3.5,resolved
TKT0005774,CUS001349,2023-06-26,2023-06-26,Technical,Low,3.62,5.0,resolved
TKT0005775,CUS003245,2024-01-22,2024-01-22,Account,Medium,22.29,3.7,resolved
TKT0005776,CUS004779,2024-01-13,2024-01-13,Integration,Low,12.75,5.0,resolved
TKT0005777,CUS004758,2024-06-05,2024-06-05,Account,Medium,3.54,5.0,resolved
TKT0005778,CUS004980,2024-10-29,2024-10-29,Account,Medium,2.38,5.0,resolved
TKT0005779,CUS004242,2023-08-31,2023-08-31,Performance,High,6.93,4.2,resolved
TKT0005780,CUS000594,2023-09-26,2023-09-28,Account,Low,50.69,1.7,resolved
TKT0005781,CUS004045,2023-12-04,2023-12-05,Technical,Medium,45.71,2.3,resolved
TKT0005782,CUS000830,2024-09-25,2024-09-26,Integration,Low,26.79,2.6,resolved
TKT0005783,CUS002560,2024-08-18,2024-08-18,Billing,Medium,6.56,5.0,resolved
TKT0005784,CUS002879,2023-03-21,2023-03-21,Integration,Medium,6.26,3.6,resolved
TKT0005785,CUS003137,2023-08-14,2023-08-14,Technical,Low,4.69,5.0,resolved
TKT0005786,CUS000628,2024-10-16,2024-10-16,Technical,High,4.87,4.4,resolved
TKT0005787,CUS003808,2024-09-26,2024-09-26,Performance,Medium,15.4,4.1,resolved
TKT0005788,CUS000349,2024-06-07,2024-06-11,Technical,Medium,109.07,1.0,resolved
TKT0005789,CUS004790,2024-07-17,2024-07-17,Integration,High,8.97,5.0,resolved
TKT0005790,CUS002589,2023-07-24,2023-07-24,Technical,High,7.47,5.0,resolved
TKT0005791,CUS001632,2024-07-08,2024-07-08,Account,Low,5.91,5.0,resolved
TKT0005792,CUS000993,2024-03-21,2024-03-21,Performance,Critical,15.12,4.0,resolved
TKT0005793,CUS004623,2024-10-03,2024-10-03,Technical,High,6.14,5.0,resolved
TKT0005794,CUS003571,2023-03-20,2023-03-20,Account,Medium,7.22,5.0,resolved
TKT0005795,CUS002797,2024-03-25,2024-03-25,Performance,Low,11.73,4.5,resolved
TKT0005796,CUS003613,2024-03-29,2024-03-29,Account,Low,10.5,4.7,resolved
TKT0005797,CUS004315,2023-11-18,2023-11-18,Account,Low,7.57,4.9,resolved
TKT0005798,CUS002371,2023-08-31,2023-08-31,Integration,Low,10.58,4.7,resolved
TKT0005799,CUS004811,2024-09-23,2024-09-23,Performance,Medium,2.9,5.0,resolved
TKT0005800,CUS001150,2024-12-17,2024-12-17,Account,Low,6.69,4.2,resolved
TKT0005801,CUS003914,2024-03-10,2024-03-10,Integration,Medium,11.37,2.6,resolved
TKT0005802,CUS003183,2024-06-21,2024-06-21,Performance,Medium,5.1,4.4,resolved
TKT0005803,CUS005000,2023-08-14,2023-08-14,Performance,Medium,17.83,3.7,resolved
TKT0005804,CUS004263,2023-04-21,2023-04-21,Account,Low,10.98,4.7,resolved
TKT0005805,CUS004940,2023-06-13,2023-06-13,Billing,Medium,12.47,4.5,resolved
TKT0005806,CUS003466,2023-05-24,2023-05-24,Billing,Critical,3.89,,resolved
TKT0005807,CUS002892,2023-09-21,2023-09-21,Performance,High,6.27,3.6,resolved
TKT0005808,CUS002247,2024-10-11,2024-10-12,Integration,Medium,28.34,3.2,resolved
TKT0005809,CUS002157,2024-07-05,2024-07-05,Billing,Low,13.18,4.6,resolved
TKT0005810,CUS003578,2023-12-01,2023-12-01,Account,Medium,18.63,4.9,resolved
TKT0005811,CUS000772,2023-06-06,2023-06-06,Billing,Low,10.54,4.1,resolved
TKT0005812,CUS001354,2024-12-02,2024-12-02,Integration,Medium,4.77,4.8,resolved
TKT0005813,CUS002191,2024-05-04,2024-05-04,Account,Low,6.63,4.6,resolved
TKT0005814,CUS004227,2024-11-22,2024-11-22,Integration,Low,6.99,4.1,resolved
TKT0005815,CUS000089,2023-11-07,2023-11-07,Integration,High,7.0,5.0,resolved
TKT0005816,CUS000861,2024-02-19,2024-02-19,Integration,Medium,23.61,4.1,resolved
TKT0005817,CUS004276,2023-04-28,2023-04-28,Account,High,9.1,5.0,resolved
TKT0005818,CUS002560,2023-05-31,2023-05-31,Billing,Low,4.42,4.1,resolved
TKT0005819,CUS002027,2024-04-15,2024-04-15,Technical,Medium,14.77,4.2,resolved
TKT0005820,CUS000185,2024-03-25,2024-03-25,Billing,Low,22.24,4.0,resolved
TKT0005821,CUS002934,2024-12-15,2024-12-15,Technical,Medium,4.09,4.4,resolved
TKT0005822,CUS003352,2024-12-22,2024-12-22,Performance,Medium,20.58,4.8,resolved
TKT0005823,CUS000649,2023-01-24,2023-01-25,Account,High,42.61,2.6,resolved
TKT0005824,CUS003299,2024-10-01,2024-10-01,Billing,Critical,6.21,4.4,resolved
TKT0005825,CUS004765,2024-04-09,2024-04-09,Account,Medium,14.52,4.9,resolved
TKT0005826,CUS002757,2023-06-22,2023-06-23,Account,Low,31.08,2.8,resolved
TKT0005827,CUS001126,2023-04-23,2023-04-23,Billing,Medium,5.56,5.0,resolved
TKT0005828,CUS003854,2024-10-18,2024-10-18,Integration,Medium,8.07,4.1,resolved
TKT0005829,CUS000756,2023-01-23,2023-01-23,Technical,Low,14.57,4.1,resolved
TKT0005830,CUS000998,2024-01-21,2024-01-21,Account,Low,21.76,3.9,resolved
TKT0005831,CUS003718,2023-05-23,2023-05-24,Technical,High,25.87,4.1,resolved
TKT0005832,CUS004341,2024-12-07,2024-12-07,Account,Medium,8.88,4.7,resolved
TKT0005833,CUS001557,2023-04-16,2023-04-16,Account,Medium,4.05,4.6,resolved
TKT0005834,CUS002778,2024-05-10,2024-05-10,Performance,High,3.48,5.0,resolved
TKT0005835,CUS002831,2023-07-19,2023-07-19,Account,Low,10.66,4.0,resolved
TKT0005836,CUS003700,2023-08-04,2023-08-04,Performance,Low,14.36,5.0,resolved
TKT0005837,CUS000846,2024-03-30,2024-03-30,Account,Low,21.8,5.0,resolved
TKT0005838,CUS000404,2023-07-27,2023-07-27,Integration,High,5.83,4.9,resolved
TKT0005839,CUS003660,2024-10-12,2024-10-12,Billing,Medium,9.25,5.0,resolved
TKT0005840,CUS004738,2023-12-25,2023-12-26,Billing,Low,42.8,,resolved
TKT0005841,CUS004777,2023-02-25,2023-02-25,Technical,Low,13.24,4.4,resolved
TKT0005842,CUS004111,2024-01-09,2024-01-09,Account,Low,7.92,5.0,resolved
TKT0005843,CUS004612,2023-06-25,2023-06-25,Integration,Medium,11.5,4.8,resolved
TKT0005844,CUS001190,2024-10-30,2024-10-30,Account,Low,16.47,3.8,resolved
TKT0005845,CUS000135,2023-01-16,2023-01-16,Account,Medium,22.25,3.6,resolved
TKT0005846,CUS000909,2023-03-31,2023-03-31,Account,High,16.09,4.1,resolved
TKT0005847,CUS003046,2023-12-30,2023-12-30,Technical,High,12.13,4.3,resolved
TKT0005848,CUS002645,2023-07-24,2023-07-24,Performance,Medium,14.42,3.8,resolved
TKT0005849,CUS004827,2023-09-22,2023-09-22,Performance,Low,10.43,5.0,resolved
TKT0005850,CUS000519,2023-06-10,2023-06-10,Account,Low,6.32,5.0,resolved
TKT0005851,CUS001075,2024-10-28,2024-10-28,Technical,Medium,15.88,3.5,resolved
TKT0005852,CUS000084,2023-01-01,2023-01-01,Technical,Medium,6.68,,resolved
TKT0005853,CUS001232,2023-04-03,2023-04-03,Performance,Low,12.68,5.0,resolved
TKT0005854,CUS002019,2024-11-27,2024-11-27,Integration,Low,15.64,3.9,resolved
TKT0005855,CUS001858,2023-12-27,2023-12-27,Integration,Low,4.66,4.7,resolved
TKT0005856,CUS000235,2024-11-16,2024-11-16,Account,High,8.81,4.6,resolved
TKT0005857,CUS002911,2024-09-01,2024-09-02,Integration,Low,26.57,2.9,resolved
TKT0005858,CUS001386,2023-08-11,2023-08-11,Technical,High,23.15,2.7,resolved
TKT0005859,CUS000283,2024-06-13,2024-06-13,Integration,High,13.21,4.0,resolved
TKT0005860,CUS002004,2023-04-18,2023-04-18,Performance,Medium,14.92,4.9,resolved
TKT0005861,CUS004643,2024-03-23,2024-03-23,Account,Medium,14.09,3.3,resolved
TKT0005862,CUS004580,2023-09-10,2023-09-10,Account,Medium,11.0,,resolved
TKT0005863,CUS001024,2024-05-15,2024-05-15,Performance,High,9.67,4.4,resolved
TKT0005864,CUS000921,2023-04-17,2023-04-17,Technical,Low,22.48,3.6,resolved
TKT0005865,CUS003290,2024-09-03,2024-09-03,Technical,Medium,11.27,4.3,resolved
TKT0005866,CUS004459,2023-07-16,2023-07-16,Performance,High,4.58,5.0,resolved
TKT0005867,CUS002696,2023-12-06,2023-12-06,Integration,Medium,18.5,,resolved
TKT0005868,CUS002957,2024-09-06,2024-09-06,Account,Low,8.04,,resolved
TKT0005869,CUS003029,2023-12-17,2023-12-17,Billing,Low,5.47,,resolved
TKT0005870,CUS003275,2024-01-23,2024-01-23,Technical,Critical,10.28,4.0,resolved
TKT0005871,CUS004541,2023-03-28,2023-03-28,Performance,Medium,8.19,5.0,resolved
TKT0005872,CUS003243,2024-06-04,2024-06-04,Technical,Low,10.4,,resolved
TKT0005873,CUS000627,2024-12-09,2024-12-09,Billing,Medium,13.63,4.0,resolved
TKT0005874,CUS004606,2024-06-21,2024-06-21,Technical,Medium,20.67,4.8,resolved
TKT0005875,CUS002059,2024-10-31,2024-10-31,Technical,Medium,13.27,3.9,resolved
TKT0005876,CUS000037,2024-12-22,2024-12-22,Technical,Medium,10.87,3.5,resolved
TKT0005877,CUS003019,2024-05-04,2024-05-04,Integration,Medium,5.46,5.0,resolved
TKT0005878,CUS004377,2024-09-23,2024-09-23,Technical,High,10.49,4.6,resolved
TKT0005879,CUS003212,2024-01-15,2024-01-15,Performance,Medium,4.47,5.0,resolved
TKT0005880,CUS000113,2023-09-15,2023-09-15,Account,Medium,10.5,4.2,resolved
TKT0005881,CUS002645,2024-02-25,2024-02-25,Account,Medium,6.43,4.2,resolved
TKT0005882,CUS003825,2024-09-16,2024-09-16,Account,High,14.18,4.4,resolved
TKT0005883,CUS002191,2023-05-08,2023-05-08,Technical,Medium,3.28,5.0,resolved
TKT0005884,CUS001134,2024-04-01,2024-04-02,Billing,Medium,31.18,3.2,resolved
TKT0005885,CUS004749,2024-05-20,2024-05-20,Billing,High,15.46,5.0,resolved
TKT0005886,CUS000281,2024-06-03,2024-06-03,Performance,Medium,16.07,5.0,resolved
TKT0005887,CUS000230,2024-06-16,2024-06-16,Performance,Medium,17.44,4.1,resolved
TKT0005888,CUS003194,2024-04-22,2024-04-24,Performance,Medium,49.44,2.5,resolved
TKT0005889,CUS001580,2024-03-24,2024-03-24,Account,Medium,10.67,4.4,resolved
TKT0005890,CUS004580,2024-11-09,2024-11-10,Integration,Low,47.34,2.2,resolved
TKT0005891,CUS004046,2023-01-05,2023-01-05,Technical,Medium,7.6,4.4,resolved
TKT0005892,CUS002417,2023-11-27,2023-11-29,Billing,High,69.62,1.0,resolved
TKT0005893,CUS002378,2023-02-25,2023-02-25,Performance,Medium,11.63,4.2,resolved
TKT0005894,CUS004062,2024-10-06,2024-10-06,Integration,Low,16.15,3.8,resolved
TKT0005895,CUS003792,2023-04-16,2023-04-17,Account,Medium,25.67,3.8,resolved
TKT0005896,CUS003167,2024-07-17,2024-07-17,Performance,Low,8.89,5.0,resolved
TKT0005897,CUS003413,2024-06-04,2024-06-04,Account,Medium,9.54,4.9,resolved
TKT0005898,CUS004488,2023-08-25,2023-08-25,Technical,Low,4.34,5.0,resolved
TKT0005899,CUS000442,2023-11-08,2023-11-11,Billing,High,81.79,1.0,resolved
TKT0005900,CUS001020,2023-05-30,2023-05-30,Integration,Medium,8.8,5.0,resolved
TKT0005901,CUS001597,2024-08-16,2024-08-17,Account,High,24.31,3.8,resolved
TKT0005902,CUS001852,2024-05-31,2024-05-31,Performance,Medium,6.51,4.2,resolved
TKT0005903,CUS000638,2024-12-05,2024-12-05,Performance,Medium,4.25,5.0,resolved
TKT0005904,CUS003259,2024-03-14,2024-03-14,Account,Low,6.85,4.2,resolved
TKT0005905,CUS002080,2024-01-13,2024-01-13,Performance,Low,18.79,3.9,resolved
TKT0005906,CUS001215,2024-11-09,2024-11-09,Performance,Medium,10.98,4.4,resolved
TKT0005907,CUS004281,2023-08-19,2023-08-19,Account,Medium,6.8,,resolved
TKT0005908,CUS002686,2024-10-05,2024-10-05,Performance,High,12.74,,resolved
TKT0005909,CUS001599,2024-02-28,2024-02-28,Account,Medium,18.45,4.8,resolved
TKT0005910,CUS004130,2024-07-28,2024-07-28,Billing,Medium,10.38,,resolved
TKT0005911,CUS002380,2023-08-27,2023-08-27,Billing,Medium,7.66,4.1,resolved
TKT0005912,CUS002106,2023-12-24,2023-12-24,Technical,Medium,5.24,5.0,resolved
TKT0005913,CUS003597,2023-10-15,2023-10-16,Account,Medium,27.66,4.6,resolved
TKT0005914,CUS004673,2024-07-16,2024-07-16,Technical,Low,4.55,4.7,resolved
TKT0005915,CUS003579,2023-02-20,2023-02-20,Account,Medium,8.52,3.8,resolved
TKT0005916,CUS004580,2024-11-24,2024-11-24,Performance,Medium,23.72,4.0,resolved
TKT0005917,CUS004967,2023-09-02,2023-09-02,Technical,High,15.07,4.1,resolved
TKT0005918,CUS004182,2023-10-20,2023-10-20,Integration,Medium,5.11,5.0,resolved
TKT0005919,CUS003541,2024-12-12,2024-12-12,Performance,High,16.84,3.7,resolved
TKT0005920,CUS002450,2023-03-15,2023-03-15,Performance,Low,22.92,3.2,resolved
TKT0005921,CUS001919,2024-06-30,2024-07-02,Performance,High,55.76,1.8,resolved
TKT0005922,CUS003449,2023-03-13,2023-03-13,Integration,Medium,16.02,3.6,resolved
TKT0005923,CUS002350,2024-11-14,2024-11-14,Billing,Medium,13.77,4.6,resolved
TKT0005924,CUS002540,2023-07-26,2023-07-26,Account,Medium,15.15,4.2,resolved
TKT0005925,CUS003971,2023-08-18,2023-08-21,Billing,Medium,80.3,1.4,resolved
TKT0005926,CUS004050,2024-07-10,2024-07-10,Account,Medium,3.6,5.0,resolved
TKT0005927,CUS001116,2023-06-11,2023-06-11,Billing,Low,13.51,4.2,resolved
TKT0005928,CUS003062,2023-03-09,2023-03-09,Technical,Medium,16.44,3.4,resolved
TKT0005929,CUS004856,2023-02-22,2023-02-22,Billing,Medium,20.78,3.7,resolved
TKT0005930,CUS004466,2024-10-30,2024-10-30,Account,High,19.63,,resolved
TKT0005931,CUS000175,2024-02-13,2024-02-13,Billing,Low,19.0,4.5,resolved
TKT0005932,CUS004242,2024-11-29,2024-11-29,Performance,Low,13.09,4.8,resolved
TKT0005933,CUS004377,2024-08-15,2024-08-15,Integration,Medium,9.85,5.0,resolved
TKT0005934,CUS001363,2023-09-26,2023-09-26,Billing,Medium,4.83,4.8,resolved
TKT0005935,CUS004844,2024-12-14,2024-12-15,Billing,Medium,40.32,2.7,resolved
TKT0005936,CUS002153,2024-08-08,2024-08-08,Account,High,2.51,5.0,resolved
TKT0005937,CUS003749,2023-06-01,2023-06-01,Technical,Medium,15.85,5.0,resolved
TKT0005938,CUS000204,2023-04-27,2023-04-27,Performance,Medium,13.41,5.0,resolved
TKT0005939,CUS000819,2023-02-21,2023-02-21,Integration,Medium,7.87,5.0,resolved
TKT0005940,CUS002062,2023-02-13,2023-02-14,Technical,Medium,44.14,2.9,resolved
TKT0005941,CUS000492,2023-11-22,2023-11-22,Performance,Medium,19.04,3.5,resolved
TKT0005942,CUS002962,2023-11-06,2023-11-06,Technical,Critical,13.15,5.0,resolved
TKT0005943,CUS001299,2023-10-17,2023-10-17,Billing,High,4.87,4.9,resolved
TKT0005944,CUS001426,2023-02-15,2023-02-16,Account,Medium,46.82,2.8,resolved
TKT0005945,CUS003352,2024-03-24,2024-03-25,Integration,Medium,29.6,3.5,resolved
TKT0005946,CUS002513,2023-02-08,2023-02-08,Billing,High,19.95,2.7,resolved
TKT0005947,CUS001086,2024-02-28,2024-03-01,Billing,Medium,56.64,2.6,resolved
TKT0005948,CUS001055,2023-03-27,2023-03-27,Account,Medium,12.52,4.0,resolved
TKT0005949,CUS001664,2024-02-28,2024-02-28,Account,High,13.96,4.6,resolved
TKT0005950,CUS001593,2023-08-06,2023-08-06,Integration,Low,10.52,4.9,resolved
TKT0005951,CUS004626,2024-12-03,2024-12-04,Billing,Medium,28.72,3.3,resolved
TKT0005952,CUS003739,2023-04-18,2023-04-18,Technical,Medium,15.4,4.9,resolved
TKT0005953,CUS001350,2024-08-14,2024-08-14,Billing,High,7.79,5.0,resolved
TKT0005954,CUS004737,2024-03-01,2024-03-01,Integration,Low,5.31,4.7,resolved
TKT0005955,CUS004586,2023-12-29,2023-12-29,Technical,Medium,15.67,4.1,resolved
TKT0005956,CUS004275,2024-09-01,2024-09-01,Performance,Low,16.85,4.2,resolved
TKT0005957,CUS003657,2023-05-22,2023-05-22,Integration,Low,9.6,5.0,resolved
TKT0005958,CUS003849,2024-09-19,2024-09-19,Billing,Low,5.98,4.4,resolved
TKT0005959,CUS002383,2024-09-04,2024-09-04,Integration,Critical,10.18,4.3,resolved
TKT0005960,CUS001470,2024-10-02,2024-10-02,Billing,Medium,5.14,4.8,resolved
TKT0005961,CUS002631,2023-02-10,2023-02-10,Billing,Low,7.54,4.3,resolved
TKT0005962,CUS003808,2024-02-04,2024-02-04,Billing,Medium,3.44,,resolved
TKT0005963,CUS001911,2023-09-26,2023-09-26,Integration,High,18.89,4.5,resolved
TKT0005964,CUS001647,2023-07-02,2023-07-02,Integration,Low,17.27,3.7,resolved
TKT0005965,CUS000758,2023-08-29,2023-08-29,Technical,Medium,10.82,4.7,resolved
TKT0005966,CUS003821,2024-02-18,2024-02-18,Billing,Medium,13.57,3.8,resolved
TKT0005967,CUS003320,2023-01-26,2023-01-26,Technical,High,11.68,,resolved
TKT0005968,CUS002731,2024-04-07,2024-04-07,Performance,Medium,14.22,3.8,resolved
TKT0005969,CUS001543,2023-09-09,2023-09-09,Account,Medium,15.32,4.2,resolved
TKT0005970,CUS002785,2024-06-12,2024-06-12,Integration,High,15.52,5.0,resolved
TKT0005971,CUS000267,2023-06-01,2023-06-01,Integration,High,21.56,3.5,resolved
TKT0005972,CUS000767,2024-06-04,2024-06-04,Account,Medium,3.87,4.3,resolved
TKT0005973,CUS001483,2024-04-10,2024-04-11,Billing,High,36.7,3.3,resolved
TKT0005974,CUS000495,2023-05-22,2023-05-22,Performance,Medium,9.16,,resolved
TKT0005975,CUS000144,2023-08-02,2023-08-02,Integration,Low,7.81,5.0,resolved
TKT0005976,CUS001134,2023-07-08,2023-07-08,Integration,Critical,5.22,3.9,resolved
TKT0005977,CUS004406,2024-11-07,2024-11-07,Account,Medium,3.92,4.9,resolved
TKT0005978,CUS000029,2024-04-20,2024-04-20,Billing,Low,7.68,5.0,resolved
TKT0005979,CUS004000,2024-06-19,2024-06-19,Integration,Critical,10.34,4.8,resolved
TKT0005980,CUS002867,2023-03-07,2023-03-07,Account,Medium,19.44,4.3,resolved
TKT0005981,CUS000240,2023-04-04,2023-04-04,Performance,Medium,16.56,3.2,resolved
TKT0005982,CUS002103,2024-12-31,,Technical,Medium,26.63,3.5,open
TKT0005983,CUS003173,2024-07-23,2024-07-23,Billing,Critical,15.73,4.3,resolved
TKT0005984,CUS000406,2024-08-04,2024-08-05,Account,High,25.96,2.4,resolved
TKT0005985,CUS000545,2024-11-10,2024-11-10,Billing,High,3.95,5.0,resolved
TKT0005986,CUS000546,2024-09-08,2024-09-11,Technical,Medium,76.18,1.0,resolved
TKT0005987,CUS003772,2023-02-05,2023-02-07,Integration,Low,52.69,3.1,resolved
TKT0005988,CUS000434,2023-08-12,2023-08-12,Performance,Low,10.35,3.3,resolved
TKT0005989,CUS003133,2023-10-24,2023-10-25,Account,High,46.7,,resolved
TKT0005990,CUS001502,2023-04-20,2023-04-20,Account,Low,8.48,5.0,resolved
TKT0005991,CUS003002,2024-10-15,2024-10-15,Integration,Low,11.39,3.8,resolved
TKT0005992,CUS000116,2024-11-13,2024-11-13,Integration,Low,10.55,5.0,resolved
TKT0005993,CUS002636,2023-04-27,2023-04-27,Billing,Medium,10.05,4.5,resolved
TKT0005994,CUS004104,2024-07-11,2024-07-12,Performance,High,25.18,3.0,resolved
TKT0005995,CUS003892,2024-08-17,2024-08-17,Technical,Low,21.23,3.3,resolved
TKT0005996,CUS002673,2023-01-22,2023-01-22,Billing,Medium,4.35,4.8,resolved
TKT0005997,CUS001059,2023-04-02,2023-04-02,Billing,Low,11.29,,resolved
TKT0005998,CUS003810,2024-11-23,2024-11-23,Integration,Low,5.67,5.0,resolved
TKT0005999,CUS002730,2023-07-03,2023-07-03,Technical,Medium,12.43,4.4,resolved
TKT0006000,CUS001454,2024-08-08,2024-08-08,Technical,High,12.61,4.9,resolved
TKT0006001,CUS004643,2024-04-27,2024-04-27,Billing,Medium,11.66,4.6,resolved
TKT0006002,CUS002673,2024-01-30,2024-01-30,Integration,High,9.47,4.6,resolved
TKT0006003,CUS004524,2023-01-20,2023-01-20,Performance,Critical,11.18,3.7,resolved
TKT0006004,CUS002161,2024-02-23,2024-02-23,Billing,High,11.32,3.9,resolved
TKT0006005,CUS002286,2024-07-26,2024-07-26,Account,Medium,3.71,,resolved
TKT0006006,CUS001802,2023-07-23,2023-07-24,Performance,Low,27.99,4.0,resolved
TKT0006007,CUS001902,2024-05-07,2024-05-07,Account,Medium,16.88,5.0,resolved
TKT0006008,CUS001713,2023-10-22,2023-10-23,Account,Medium,27.07,4.0,resolved
TKT0006009,CUS003791,2024-11-23,2024-11-23,Performance,Low,9.35,5.0,resolved
TKT0006010,CUS001404,2024-01-04,2024-01-04,Account,Medium,9.08,5.0,resolved
TKT0006011,CUS001119,2023-01-05,2023-01-05,Technical,Low,6.3,,resolved
TKT0006012,CUS004379,2023-04-27,2023-04-28,Performance,Medium,38.22,3.7,resolved
TKT0006013,CUS004891,2023-05-23,2023-05-23,Billing,Medium,4.6,5.0,resolved
TKT0006014,CUS002587,2023-09-16,2023-09-16,Performance,High,22.78,4.4,resolved
TKT0006015,CUS000817,2023-11-02,2023-11-02,Technical,Low,6.48,4.9,resolved
TKT0006016,CUS000499,2024-01-05,2024-01-05,Account,Medium,12.65,4.8,resolved
TKT0006017,CUS003078,2024-06-07,2024-06-07,Technical,Low,19.22,4.2,resolved
TKT0006018,CUS003902,2024-06-17,2024-06-17,Integration,High,17.75,3.2,resolved
TKT0006019,CUS003572,2023-12-23,2023-12-23,Billing,High,22.26,4.9,resolved
TKT0006020,CUS004476,2024-02-05,2024-02-05,Performance,High,7.45,5.0,resolved
TKT0006021,CUS002085,2023-03-22,2023-03-22,Integration,Low,3.86,,resolved
TKT0006022,CUS004689,2024-08-07,2024-08-07,Integration,Medium,15.61,4.8,resolved
TKT0006023,CUS003416,2023-02-06,2023-02-07,Technical,High,34.53,2.9,resolved
TKT0006024,CUS003740,2024-12-10,2024-12-10,Billing,Medium,10.59,4.1,resolved
TKT0006025,CUS003191,2023-09-11,2023-09-11,Technical,Medium,5.85,4.6,resolved
TKT0006026,CUS000410,2023-11-27,2023-11-29,Integration,Medium,58.23,1.8,resolved
TKT0006027,CUS004377,2023-04-27,2023-04-27,Account,Medium,10.54,4.6,resolved
TKT0006028,CUS001333,2023-08-20,2023-08-20,Technical,Low,10.21,3.7,resolved
TKT0006029,CUS000494,2023-05-09,2023-05-10,Account,High,39.72,,resolved
TKT0006030,CUS004538,2023-09-04,2023-09-04,Performance,High,3.58,,resolved
TKT0006031,CUS001374,2023-08-04,2023-08-04,Integration,High,9.71,4.1,resolved
TKT0006032,CUS004942,2024-06-14,2024-06-14,Billing,High,19.75,4.9,resolved
TKT0006033,CUS004283,2024-03-01,2024-03-01,Technical,Critical,5.82,3.6,resolved
TKT0006034,CUS003311,2024-07-03,2024-07-03,Billing,Medium,16.49,4.7,resolved
TKT0006035,CUS004445,2024-07-27,2024-07-28,Account,Medium,29.46,2.9,resolved
TKT0006036,CUS004069,2024-09-25,2024-09-26,Integration,Medium,37.81,,resolved
TKT0006037,CUS003283,2023-06-02,2023-06-02,Account,Medium,20.27,,resolved
TKT0006038,CUS002940,2023-09-18,2023-09-18,Account,High,7.89,4.8,resolved
TKT0006039,CUS003694,2023-11-11,2023-11-11,Performance,Medium,10.96,5.0,resolved
TKT0006040,CUS000950,2023-11-11,2023-11-11,Account,Medium,8.99,2.8,resolved
TKT0006041,CUS003306,2024-06-12,2024-06-12,Billing,High,5.25,5.0,resolved
TKT0006042,CUS000287,2023-01-29,2023-01-29,Account,Medium,13.39,5.0,resolved
TKT0006043,CUS004364,2024-09-20,2024-09-20,Account,Low,5.75,4.4,resolved
TKT0006044,CUS003517,2024-02-18,2024-02-18,Technical,High,11.59,5.0,resolved
TKT0006045,CUS000624,2023-06-02,2023-06-02,Integration,Medium,3.17,5.0,resolved
TKT0006046,CUS004820,2023-09-03,2023-09-03,Technical,High,12.3,5.0,resolved
TKT0006047,CUS004802,2024-09-06,2024-09-06,Technical,High,7.47,5.0,resolved
TKT0006048,CUS002844,2024-03-08,2024-03-08,Technical,Medium,15.52,4.2,resolved
TKT0006049,CUS000032,2023-11-14,2023-11-14,Performance,High,1.96,4.9,resolved
TKT0006050,CUS004320,2024-10-19,2024-10-19,Billing,Medium,18.86,3.4,resolved
TKT0006051,CUS004500,2024-04-18,2024-04-18,Integration,Low,22.69,4.7,resolved
TKT0006052,CUS000698,2023-04-23,2023-04-23,Performance,Low,7.84,5.0,resolved
TKT0006053,CUS002412,2023-12-06,2023-12-06,Performance,Low,23.93,4.2,resolved
TKT0006054,CUS004657,2024-12-19,2024-12-19,Billing,Medium,22.8,4.1,resolved
TKT0006055,CUS004212,2024-06-28,2024-06-28,Technical,Low,4.46,3.3,resolved
TKT0006056,CUS004769,2024-04-20,2024-04-20,Account,Medium,11.56,3.9,resolved
TKT0006057,CUS003558,2024-06-10,2024-06-10,Technical,Low,16.51,2.4,resolved
TKT0006058,CUS001277,2023-11-20,2023-11-20,Integration,Low,3.91,5.0,resolved
TKT0006059,CUS003559,2024-01-14,2024-01-14,Technical,Medium,11.9,4.0,resolved
TKT0006060,CUS002167,2023-02-26,2023-02-26,Integration,Low,22.12,3.9,resolved
TKT0006061,CUS003523,2024-11-28,2024-11-28,Integration,Medium,11.66,4.4,resolved
TKT0006062,CUS002387,2023-04-28,2023-04-28,Performance,Medium,12.93,5.0,resolved
TKT0006063,CUS004259,2024-10-22,2024-10-22,Account,Medium,4.49,4.5,resolved
TKT0006064,CUS003074,2024-10-25,2024-10-25,Account,Medium,5.3,4.6,resolved
TKT0006065,CUS001901,2023-09-05,2023-09-05,Billing,Medium,8.16,4.1,resolved
TKT0006066,CUS001343,2024-12-13,2024-12-13,Account,Low,16.97,3.5,resolved
TKT0006067,CUS003626,2023-03-29,2023-03-29,Integration,Medium,15.14,4.1,resolved
TKT0006068,CUS004387,2023-03-13,2023-03-13,Account,Low,8.18,4.4,resolved
TKT0006069,CUS004698,2023-04-18,2023-04-18,Technical,Medium,6.28,5.0,resolved
TKT0006070,CUS004506,2024-10-13,2024-10-13,Integration,Medium,7.18,3.7,resolved
TKT0006071,CUS000131,2023-07-09,2023-07-10,Integration,Medium,35.41,2.4,resolved
TKT0006072,CUS003055,2024-12-27,2024-12-27,Performance,Critical,4.07,5.0,resolved
TKT0006073,CUS003589,2024-04-23,2024-04-24,Performance,High,37.57,2.2,resolved
TKT0006074,CUS001088,2023-07-23,2023-07-23,Billing,Low,7.48,4.7,resolved
TKT0006075,CUS001542,2023-05-17,2023-05-17,Billing,Low,15.56,4.4,resolved
TKT0006076,CUS003612,2024-06-28,2024-06-28,Integration,Low,14.84,4.2,resolved
TKT0006077,CUS004669,2024-02-16,2024-02-16,Integration,Low,7.73,4.5,resolved
TKT0006078,CUS000986,2023-04-14,2023-04-15,Billing,High,27.2,3.8,resolved
TKT0006079,CUS003731,2024-07-01,2024-07-01,Technical,Medium,11.67,3.9,resolved
TKT0006080,CUS002139,2024-10-04,2024-10-04,Account,Medium,11.26,5.0,resolved
TKT0006081,CUS001561,2023-06-01,2023-06-01,Integration,Medium,4.28,4.4,resolved
TKT0006082,CUS001475,2024-01-21,2024-01-21,Technical,Low,8.31,5.0,resolved
TKT0006083,CUS004112,2023-08-13,2023-08-13,Account,Low,10.64,5.0,resolved
TKT0006084,CUS000287,2023-06-20,2023-06-20,Account,Critical,9.61,3.3,resolved
TKT0006085,CUS003747,2023-02-02,2023-02-02,Integration,Low,3.17,4.2,resolved
TKT0006086,CUS001308,2024-12-18,2024-12-18,Billing,Low,18.14,4.4,resolved
TKT0006087,CUS001589,2023-03-25,2023-03-26,Account,High,28.06,5.0,resolved
TKT0006088,CUS003562,2023-09-16,2023-09-16,Technical,High,11.92,5.0,resolved
TKT0006089,CUS002462,2023-10-01,2023-10-01,Integration,Low,19.84,4.9,resolved
TKT0006090,CUS000285,2024-08-07,2024-08-07,Account,High,5.34,4.7,resolved
TKT0006091,CUS003950,2023-07-20,2023-07-21,Technical,Medium,28.84,4.6,resolved
TKT0006092,CUS002293,2024-10-30,2024-10-30,Technical,Low,8.9,5.0,resolved
TKT0006093,CUS001974,2023-06-06,2023-06-06,Performance,Low,9.04,2.5,resolved
TKT0006094,CUS002782,2024-07-31,2024-07-31,Performance,Medium,10.19,4.3,resolved
TKT0006095,CUS003367,2023-08-27,2023-08-27,Billing,High,5.7,4.4,resolved
TKT0006096,CUS004732,2023-04-10,2023-04-11,Integration,High,27.23,2.9,resolved
TKT0006097,CUS000322,2023-03-21,2023-03-22,Integration,Medium,42.01,3.0,resolved
TKT0006098,CUS003375,2024-04-06,2024-04-06,Billing,Low,7.52,5.0,resolved
TKT0006099,CUS000781,2024-06-15,2024-06-18,Billing,Medium,85.72,1.0,resolved
TKT0006100,CUS000020,2024-04-05,2024-04-08,Billing,Low,72.56,,resolved
TKT0006101,CUS004135,2024-03-10,2024-03-10,Account,Low,19.4,4.3,resolved
TKT0006102,CUS004761,2024-01-23,2024-01-23,Technical,Low,10.4,4.8,resolved
TKT0006103,CUS001539,2023-07-11,2023-07-11,Integration,Medium,21.67,4.2,resolved
TKT0006104,CUS002317,2024-07-20,2024-07-20,Performance,Medium,18.47,3.3,resolved
TKT0006105,CUS002957,2023-04-10,2023-04-10,Integration,Medium,5.62,5.0,resolved
TKT0006106,CUS003031,2023-04-25,2023-04-25,Account,Medium,10.23,3.6,resolved
TKT0006107,CUS004161,2023-01-31,2023-01-31,Integration,Medium,7.87,4.0,resolved
TKT0006108,CUS001727,2024-04-14,2024-04-14,Technical,High,4.83,5.0,resolved
TKT0006109,CUS003056,2024-05-11,2024-05-11,Account,Medium,19.44,,resolved
TKT0006110,CUS000439,2024-09-02,2024-09-02,Account,Medium,19.1,,resolved
TKT0006111,CUS004109,2023-06-06,2023-06-06,Account,Low,9.96,4.2,resolved
TKT0006112,CUS003320,2024-02-20,2024-02-21,Performance,Critical,30.83,3.0,resolved
TKT0006113,CUS003013,2023-11-12,2023-11-12,Integration,Low,19.09,3.4,resolved
TKT0006114,CUS000283,2024-12-15,2024-12-15,Technical,Low,22.47,3.5,resolved
TKT0006115,CUS000245,2024-03-07,2024-03-07,Integration,High,5.44,4.2,resolved
TKT0006116,CUS000424,2024-04-26,2024-04-26,Performance,Medium,6.42,4.2,resolved
TKT0006117,CUS001159,2023-09-18,2023-09-18,Billing,Medium,10.48,4.4,resolved
TKT0006118,CUS002150,2024-06-18,2024-06-18,Performance,Medium,11.12,4.6,resolved
TKT0006119,CUS002197,2023-01-28,2023-01-28,Integration,Medium,12.6,4.9,resolved
TKT0006120,CUS000789,2024-09-29,2024-09-30,Billing,Medium,32.2,3.3,resolved
TKT0006121,CUS002233,2024-01-19,2024-01-25,Account,Medium,163.06,1.0,resolved
TKT0006122,CUS002588,2024-03-01,2024-03-01,Performance,Medium,3.86,4.8,resolved
TKT0006123,CUS000503,2024-11-17,2024-11-17,Integration,Medium,7.17,4.2,resolved
TKT0006124,CUS000625,2023-04-30,2023-04-30,Technical,Medium,13.44,4.3,resolved
TKT0006125,CUS003721,2023-04-04,2023-04-05,Integration,Medium,35.17,3.5,resolved
TKT0006126,CUS004986,2024-04-10,2024-04-10,Billing,Medium,9.11,5.0,resolved
TKT0006127,CUS000933,2023-10-02,2023-10-02,Account,Medium,10.34,4.1,resolved
TKT0006128,CUS002330,2024-02-27,2024-02-27,Integration,High,13.4,4.3,resolved
TKT0006129,CUS000940,2023-08-18,2023-08-18,Integration,High,24.0,4.3,resolved
TKT0006130,CUS000293,2023-10-26,2023-10-26,Billing,Medium,10.28,4.8,resolved
TKT0006131,CUS000904,2023-06-26,2023-06-26,Integration,Medium,17.38,3.7,resolved
TKT0006132,CUS001811,2024-04-11,2024-04-11,Integration,Medium,22.38,3.1,resolved
TKT0006133,CUS002756,2024-04-06,2024-04-07,Performance,Medium,29.33,1.9,resolved
TKT0006134,CUS002630,2024-05-09,2024-05-09,Performance,Medium,18.93,,resolved
TKT0006135,CUS002269,2023-09-28,2023-09-28,Integration,Medium,6.57,5.0,resolved
TKT0006136,CUS001808,2023-11-20,2023-11-20,Account,Medium,12.0,5.0,resolved
TKT0006137,CUS001923,2023-08-18,2023-08-18,Integration,Medium,6.9,4.2,resolved
TKT0006138,CUS000012,2024-03-20,2024-03-20,Integration,High,6.17,4.6,resolved
TKT0006139,CUS001119,2023-05-05,2023-05-06,Billing,Medium,30.54,3.1,resolved
TKT0006140,CUS000873,2023-02-23,2023-02-23,Performance,High,5.55,4.6,resolved
TKT0006141,CUS002930,2023-09-23,2023-09-23,Account,Medium,10.91,4.8,resolved
TKT0006142,CUS002250,2024-04-21,2024-04-21,Technical,High,8.37,5.0,resolved
TKT0006143,CUS001095,2024-12-25,2024-12-26,Integration,Medium,34.01,2.7,resolved
TKT0006144,CUS000663,2023-06-15,2023-06-16,Integration,High,28.68,3.8,resolved
TKT0006145,CUS003382,2024-09-26,2024-09-26,Account,High,3.7,,resolved
TKT0006146,CUS004500,2023-06-13,2023-06-13,Performance,Low,4.86,5.0,resolved
TKT0006147,CUS001283,2023-03-12,2023-03-14,Integration,Medium,55.36,1.2,resolved
TKT0006148,CUS003082,2023-05-06,2023-05-08,Account,Low,67.08,1.5,resolved
TKT0006149,CUS000810,2024-04-07,2024-04-07,Technical,Medium,14.11,,resolved
TKT0006150,CUS001207,2023-10-06,2023-10-06,Performance,Low,18.84,4.3,resolved
TKT0006151,CUS000919,2023-12-19,2023-12-19,Billing,Medium,16.64,,resolved
TKT0006152,CUS002725,2023-07-22,2023-07-22,Technical,Medium,9.15,5.0,resolved
TKT0006153,CUS000208,2024-05-11,2024-05-11,Integration,Low,10.4,4.2,resolved
TKT0006154,CUS002337,2024-02-01,2024-02-01,Performance,High,17.51,4.3,resolved
TKT0006155,CUS004505,2024-11-18,2024-11-18,Performance,Medium,5.84,4.4,resolved
TKT0006156,CUS000705,2023-12-29,2023-12-29,Account,Medium,15.72,5.0,resolved
TKT0006157,CUS002972,2023-03-08,2023-03-08,Account,Medium,10.71,4.5,resolved
TKT0006158,CUS000205,2024-08-11,2024-08-12,Account,Medium,34.11,3.2,resolved
TKT0006159,CUS002764,2024-02-09,2024-02-09,Technical,Medium,6.85,4.6,resolved
TKT0006160,CUS003962,2023-07-07,2023-07-07,Performance,High,7.84,4.9,resolved
TKT0006161,CUS000977,2023-02-20,2023-02-20,Billing,Medium,5.6,4.8,resolved
TKT0006162,CUS001923,2023-08-06,2023-08-06,Technical,Medium,10.35,4.5,resolved
TKT0006163,CUS002093,2023-09-29,2023-09-29,Performance,High,15.71,4.0,resolved
TKT0006164,CUS004305,2023-05-09,2023-05-09,Technical,Low,4.73,4.7,resolved
TKT0006165,CUS000207,2023-11-26,2023-11-26,Billing,Medium,7.53,4.8,resolved
TKT0006166,CUS001591,2024-03-04,2024-03-04,Billing,Medium,11.01,5.0,resolved
TKT0006167,CUS000489,2023-03-04,2023-03-05,Performance,Medium,26.82,3.9,resolved
TKT0006168,CUS003297,2023-01-03,2023-01-03,Integration,Medium,17.06,,resolved
TKT0006169,CUS002575,2023-06-27,2023-06-28,Account,Low,26.73,3.4,resolved
TKT0006170,CUS002678,2024-09-23,2024-09-23,Account,High,10.76,5.0,resolved
TKT0006171,CUS000877,2024-02-23,2024-02-23,Performance,Medium,17.82,3.2,resolved
TKT0006172,CUS001862,2023-12-22,2023-12-22,Technical,High,23.59,3.0,resolved
TKT0006173,CUS004367,2023-06-14,2023-06-14,Account,Medium,5.01,,resolved
TKT0006174,CUS003098,2024-03-04,2024-03-05,Billing,Low,33.78,3.7,resolved
TKT0006175,CUS004301,2024-06-10,2024-06-10,Performance,Low,18.15,,resolved
TKT0006176,CUS003158,2023-07-02,2023-07-02,Billing,Medium,9.93,4.0,resolved
TKT0006177,CUS002887,2024-05-02,2024-05-02,Integration,Low,12.24,5.0,resolved
TKT0006178,CUS004492,2023-04-02,2023-04-02,Performance,Critical,21.25,3.0,resolved
TKT0006179,CUS002513,2023-12-30,2023-12-30,Technical,High,22.39,4.4,resolved
TKT0006180,CUS003586,2024-05-24,2024-05-25,Technical,Low,33.47,4.1,resolved
TKT0006181,CUS000598,2024-02-13,2024-02-13,Account,High,11.08,5.0,resolved
TKT0006182,CUS000926,2024-12-12,2024-12-12,Technical,Medium,5.36,5.0,resolved
TKT0006183,CUS002293,2023-08-25,2023-08-25,Account,Low,3.46,5.0,resolved
TKT0006184,CUS001723,2023-02-05,2023-02-05,Billing,Medium,17.54,5.0,resolved
TKT0006185,CUS001168,2024-02-06,2024-02-07,Performance,Low,32.34,3.4,resolved
TKT0006186,CUS001658,2024-12-11,2024-12-11,Billing,Low,4.99,4.9,resolved
TKT0006187,CUS003419,2023-08-23,2023-08-23,Performance,Low,4.63,5.0,resolved
TKT0006188,CUS003213,2024-08-11,2024-08-11,Integration,Medium,8.37,4.3,resolved
TKT0006189,CUS000587,2024-10-24,2024-10-24,Integration,High,7.05,4.6,resolved
TKT0006190,CUS004923,2023-05-14,2023-05-14,Integration,Low,5.8,5.0,resolved
TKT0006191,CUS003495,2023-03-02,2023-03-02,Account,High,10.99,5.0,resolved
TKT0006192,CUS001119,2023-08-19,2023-08-19,Account,Low,18.52,3.3,resolved
TKT0006193,CUS000437,2023-05-29,2023-05-29,Billing,Low,10.41,4.7,resolved
TKT0006194,CUS004445,2024-12-23,2024-12-23,Technical,High,12.01,5.0,resolved
TKT0006195,CUS001827,2023-07-04,2023-07-04,Billing,Medium,5.72,4.8,resolved
TKT0006196,CUS001154,2024-10-18,2024-10-18,Technical,High,4.01,4.9,resolved
TKT0006197,CUS001412,2024-07-29,2024-07-29,Billing,High,11.56,3.7,resolved
TKT0006198,CUS001347,2024-11-05,2024-11-05,Integration,Low,14.78,4.8,resolved
TKT0006199,CUS003877,2023-11-27,2023-11-27,Technical,High,3.65,,resolved
TKT0006200,CUS003227,2024-05-03,2024-05-03,Performance,High,20.53,4.3,resolved
TKT0006201,CUS001744,2024-02-10,2024-02-10,Technical,Medium,5.17,,resolved
TKT0006202,CUS001662,2023-12-26,2023-12-26,Integration,Critical,4.45,4.3,resolved
TKT0006203,CUS004783,2023-08-04,2023-08-04,Account,Critical,18.15,3.5,resolved
TKT0006204,CUS003224,2023-06-05,2023-06-05,Account,Medium,21.42,3.5,resolved
TKT0006205,CUS003618,2023-07-16,2023-07-16,Performance,High,13.61,4.6,resolved
TKT0006206,CUS001493,2023-07-29,2023-07-29,Technical,Low,4.78,5.0,resolved
TKT0006207,CUS004949,2024-04-19,2024-04-21,Integration,Medium,59.53,1.0,resolved
TKT0006208,CUS003734,2023-02-23,2023-02-23,Integration,High,15.85,4.1,resolved
TKT0006209,CUS001200,2024-05-16,2024-05-19,Performance,Medium,74.26,1.1,resolved
TKT0006210,CUS004613,2024-05-22,2024-05-22,Performance,Medium,15.46,4.5,resolved
TKT0006211,CUS001950,2024-01-14,2024-01-14,Account,Low,20.86,4.0,resolved
TKT0006212,CUS000339,2024-10-06,2024-10-06,Performance,Medium,9.52,5.0,resolved
TKT0006213,CUS001882,2024-05-29,2024-05-29,Integration,Low,10.95,3.7,resolved
TKT0006214,CUS004044,2024-03-25,2024-03-25,Technical,Medium,3.22,5.0,resolved
TKT0006215,CUS002175,2024-07-19,2024-07-19,Technical,Medium,10.4,3.3,resolved
TKT0006216,CUS002612,2024-01-31,2024-01-31,Integration,High,6.34,5.0,resolved
TKT0006217,CUS002423,2023-03-16,2023-03-16,Technical,High,13.87,5.0,resolved
TKT0006218,CUS004772,2024-05-15,2024-05-15,Integration,High,15.0,3.7,resolved
TKT0006219,CUS000214,2023-06-21,2023-06-21,Technical,Medium,10.17,5.0,resolved
TKT0006220,CUS001374,2023-02-16,2023-02-16,Performance,Medium,6.35,4.7,resolved
TKT0006221,CUS003890,2024-03-30,2024-03-30,Billing,Medium,5.47,4.7,resolved
TKT0006222,CUS000297,2023-07-31,2023-07-31,Billing,Medium,11.67,5.0,resolved
TKT0006223,CUS001738,2024-09-30,2024-09-30,Performance,Medium,20.49,4.1,resolved
TKT0006224,CUS004332,2023-10-14,2023-10-14,Billing,Low,12.53,4.2,resolved
TKT0006225,CUS000498,2024-08-16,2024-08-16,Billing,Low,17.25,4.0,resolved
TKT0006226,CUS000827,2024-09-01,2024-09-01,Technical,Medium,8.68,4.8,resolved
TKT0006227,CUS001638,2024-03-02,2024-03-02,Technical,Medium,11.48,4.1,resolved
TKT0006228,CUS003601,2023-07-16,2023-07-16,Account,Low,14.25,4.7,resolved
TKT0006229,CUS001850,2023-11-21,2023-11-21,Technical,Medium,18.38,3.8,resolved
TKT0006230,CUS004138,2023-03-10,2023-03-10,Performance,Medium,16.5,4.0,resolved
TKT0006231,CUS000022,2023-01-24,2023-01-24,Account,Medium,9.79,4.3,resolved
TKT0006232,CUS000323,2023-01-31,2023-01-31,Billing,Critical,20.14,2.8,resolved
TKT0006233,CUS004194,2024-11-04,2024-11-04,Integration,Low,10.38,4.4,resolved
TKT0006234,CUS001927,2023-04-06,2023-04-06,Account,Medium,14.05,4.7,resolved
TKT0006235,CUS002527,2024-06-28,2024-06-28,Performance,Medium,6.8,5.0,resolved
TKT0006236,CUS004533,2024-11-22,2024-11-22,Performance,Medium,5.74,5.0,resolved
TKT0006237,CUS000676,2023-07-27,2023-07-27,Performance,High,14.05,4.4,resolved
TKT0006238,CUS003144,2023-05-31,2023-05-31,Performance,Low,13.45,4.4,resolved
TKT0006239,CUS003733,2024-01-05,2024-01-05,Account,Medium,19.6,3.6,resolved
TKT0006240,CUS002317,2024-03-14,2024-03-14,Performance,Medium,21.46,4.5,resolved
TKT0006241,CUS001244,2023-06-24,2023-06-24,Integration,Low,15.02,3.5,resolved
TKT0006242,CUS000095,2023-11-24,2023-11-26,Technical,Low,53.09,1.7,resolved
TKT0006243,CUS002879,2024-10-31,2024-10-31,Account,Medium,17.47,3.2,resolved
TKT0006244,CUS000937,2023-12-05,2023-12-06,Performance,High,33.67,3.2,resolved
TKT0006245,CUS001216,2023-11-24,2023-11-24,Account,Low,6.7,,resolved
TKT0006246,CUS001688,2023-07-29,2023-07-29,Performance,Low,9.75,3.9,resolved
TKT0006247,CUS002944,2024-09-16,2024-09-16,Integration,Medium,9.75,,resolved
TKT0006248,CUS004425,2024-11-20,2024-11-21,Account,Low,24.84,4.2,resolved
TKT0006249,CUS003722,2024-03-29,2024-03-29,Technical,Medium,2.81,4.8,resolved
TKT0006250,CUS002790,2023-06-14,2023-06-14,Integration,Low,14.81,3.7,resolved
TKT0006251,CUS000512,2024-01-19,2024-01-19,Billing,High,19.1,,resolved
TKT0006252,CUS000913,2023-04-18,2023-04-18,Integration,Low,20.04,4.5,resolved
TKT0006253,CUS001348,2024-10-24,2024-10-24,Billing,Medium,7.41,5.0,resolved
TKT0006254,CUS002989,2024-11-06,2024-11-06,Account,Medium,3.57,4.9,resolved
TKT0006255,CUS003396,2023-04-12,2023-04-14,Billing,High,55.96,1.4,resolved
TKT0006256,CUS001453,2023-12-27,2023-12-27,Performance,Low,10.41,3.8,resolved
TKT0006257,CUS002817,2023-02-17,2023-02-17,Performance,Medium,18.96,2.9,resolved
TKT0006258,CUS003684,2024-01-08,2024-01-08,Billing,High,8.67,4.1,resolved
TKT0006259,CUS002897,2024-04-29,2024-04-30,Performance,Critical,35.05,3.6,resolved
TKT0006260,CUS004856,2024-06-23,2024-06-24,Performance,Low,27.97,3.1,resolved
TKT0006261,CUS000997,2024-10-31,2024-11-01,Billing,Medium,36.93,2.5,resolved
TKT0006262,CUS003326,2024-12-18,2024-12-18,Account,High,8.56,4.1,resolved
TKT0006263,CUS000238,2023-04-08,2023-04-09,Technical,Medium,40.08,,resolved
TKT0006264,CUS000332,2024-06-06,2024-06-06,Integration,Low,14.57,5.0,resolved
TKT0006265,CUS000018,2023-06-27,2023-06-27,Integration,Low,5.63,4.2,resolved
TKT0006266,CUS001592,2024-07-12,2024-07-13,Technical,Medium,40.37,2.5,resolved
TKT0006267,CUS000144,2023-10-20,2023-10-20,Account,Low,15.04,,resolved
TKT0006268,CUS004318,2024-03-17,2024-03-17,Technical,High,14.42,5.0,resolved
TKT0006269,CUS002529,2024-11-12,2024-11-12,Account,Medium,9.69,4.6,resolved
TKT0006270,CUS003557,2024-11-09,2024-11-09,Billing,Critical,5.63,3.9,resolved
TKT0006271,CUS003484,2024-09-15,2024-09-15,Account,Medium,11.53,3.8,resolved
TKT0006272,CUS004455,2023-12-05,2023-12-05,Technical,Medium,14.82,4.6,resolved
TKT0006273,CUS000518,2024-12-11,2024-12-11,Technical,High,11.29,5.0,resolved
TKT0006274,CUS000214,2023-01-01,2023-01-01,Account,Medium,12.13,4.1,resolved
TKT0006275,CUS003565,2024-07-19,2024-07-19,Integration,Medium,7.49,5.0,resolved
TKT0006276,CUS004105,2023-06-07,2023-06-07,Technical,Medium,5.94,5.0,resolved
TKT0006277,CUS000059,2023-09-12,2023-09-12,Performance,High,10.73,5.0,resolved
TKT0006278,CUS002719,2024-11-11,2024-11-11,Performance,Medium,12.34,3.8,resolved
TKT0006279,CUS002003,2023-02-08,2023-02-08,Account,High,13.44,5.0,resolved
TKT0006280,CUS004559,2023-05-29,2023-05-29,Technical,Low,14.09,4.9,resolved
TKT0006281,CUS003487,2024-03-25,2024-03-25,Account,Medium,17.96,3.6,resolved
TKT0006282,CUS004903,2024-12-24,2024-12-25,Performance,Medium,31.73,3.8,resolved
TKT0006283,CUS001766,2024-10-15,2024-10-15,Technical,High,7.77,4.2,resolved
TKT0006284,CUS000713,2024-02-10,2024-02-10,Technical,Critical,3.75,5.0,resolved
TKT0006285,CUS003731,2023-11-23,2023-11-23,Performance,Medium,13.74,4.8,resolved
TKT0006286,CUS003757,2023-10-19,2023-10-19,Technical,Medium,14.5,3.9,resolved
TKT0006287,CUS002113,2023-10-14,2023-10-14,Integration,Medium,17.59,5.0,resolved
TKT0006288,CUS000956,2024-07-29,2024-07-29,Integration,Medium,12.85,4.4,resolved
TKT0006289,CUS000390,2024-08-02,2024-08-03,Integration,High,28.93,3.6,resolved
TKT0006290,CUS003210,2023-08-06,2023-08-06,Technical,High,13.39,4.9,resolved
TKT0006291,CUS000995,2023-10-19,2023-10-21,Account,Medium,55.33,2.6,resolved
TKT0006292,CUS000371,2024-08-23,2024-08-23,Performance,Low,17.02,4.8,resolved
TKT0006293,CUS003192,2024-06-20,2024-06-20,Performance,Medium,20.16,4.5,resolved
TKT0006294,CUS003127,2024-01-17,2024-01-17,Technical,Medium,15.98,5.0,resolved
TKT0006295,CUS002664,2023-06-02,2023-06-02,Performance,Low,6.27,,resolved
TKT0006296,CUS003782,2023-06-24,2023-06-24,Account,Medium,16.21,4.4,resolved
TKT0006297,CUS001797,2024-04-08,2024-04-08,Billing,Low,12.99,,resolved
TKT0006298,CUS002596,2024-05-25,2024-05-25,Performance,High,7.68,4.7,resolved
TKT0006299,CUS004765,2024-02-21,2024-02-21,Integration,Critical,16.31,3.5,resolved
TKT0006300,CUS001352,2024-02-10,2024-02-11,Technical,Medium,24.94,3.5,resolved
TKT0006301,CUS000635,2023-11-17,2023-11-17,Integration,Medium,5.95,4.5,resolved
TKT0006302,CUS001927,2024-07-03,2024-07-04,Integration,Medium,25.43,4.9,resolved
TKT0006303,CUS002528,2023-08-29,2023-08-29,Integration,Medium,19.09,,resolved
TKT0006304,CUS004018,2024-04-17,2024-04-17,Integration,Medium,6.74,4.0,resolved
TKT0006305,CUS002446,2024-03-26,2024-03-27,Technical,High,35.25,3.8,resolved
TKT0006306,CUS003294,2023-06-22,2023-06-23,Account,Medium,25.03,5.0,resolved
TKT0006307,CUS003011,2024-11-23,2024-11-23,Account,Low,3.62,4.0,resolved
TKT0006308,CUS002279,2024-06-25,2024-06-25,Integration,High,13.86,5.0,resolved
TKT0006309,CUS003990,2023-08-13,2023-08-13,Account,Medium,6.03,4.2,resolved
TKT0006310,CUS000597,2023-07-26,2023-07-26,Account,High,8.29,3.5,resolved
TKT0006311,CUS003768,2023-02-10,2023-02-10,Technical,Low,12.74,3.5,resolved
TKT0006312,CUS003135,2023-12-05,2023-12-05,Account,Medium,18.98,4.1,resolved
TKT0006313,CUS004722,2024-10-04,2024-10-04,Integration,Medium,5.97,,resolved
TKT0006314,CUS001453,2023-07-15,2023-07-15,Technical,Low,6.41,4.7,resolved
TKT0006315,CUS000861,2023-01-14,2023-01-14,Technical,Low,10.56,4.2,resolved
TKT0006316,CUS001457,2023-11-27,2023-11-27,Integration,High,13.54,3.5,resolved
TKT0006317,CUS001209,2023-02-16,2023-02-16,Technical,Low,6.29,5.0,resolved
TKT0006318,CUS004301,2024-08-02,2024-08-02,Account,Low,18.07,3.8,resolved
TKT0006319,CUS003214,2023-04-15,2023-04-15,Integration,High,14.77,5.0,resolved
TKT0006320,CUS002549,2023-10-20,2023-10-20,Integration,High,18.51,,resolved
TKT0006321,CUS003736,2024-06-29,2024-06-29,Performance,High,12.59,4.2,resolved
TKT0006322,CUS000306,2023-07-03,2023-07-03,Account,Medium,11.58,,resolved
TKT0006323,CUS001899,2023-02-20,2023-02-20,Technical,Medium,9.04,3.3,resolved
TKT0006324,CUS001745,2024-07-30,2024-07-30,Technical,Medium,8.14,5.0,resolved
TKT0006325,CUS004609,2023-12-29,2023-12-29,Account,Medium,11.72,4.6,resolved
TKT0006326,CUS001633,2023-02-23,2023-02-23,Technical,Low,11.13,4.8,resolved
TKT0006327,CUS001506,2023-04-11,2023-04-11,Integration,High,22.36,3.3,resolved
TKT0006328,CUS004694,2024-10-14,2024-10-14,Technical,Medium,6.53,4.8,resolved
TKT0006329,CUS004130,2024-02-11,2024-02-12,Account,Medium,25.75,,resolved
TKT0006330,CUS003694,2023-07-08,2023-07-08,Performance,Low,6.75,4.1,resolved
TKT0006331,CUS000275,2023-12-22,2023-12-22,Account,Low,16.01,,resolved
TKT0006332,CUS001239,2024-12-21,2024-12-21,Technical,Medium,9.2,4.4,resolved
TKT0006333,CUS000993,2023-08-16,2023-08-16,Account,Medium,8.58,4.6,resolved
TKT0006334,CUS004240,2023-06-04,2023-06-04,Integration,High,5.22,3.9,resolved
TKT0006335,CUS004669,2024-02-23,2024-02-24,Performance,Critical,24.32,3.2,resolved
TKT0006336,CUS003388,2024-08-25,2024-08-25,Performance,Medium,18.69,3.4,resolved
TKT0006337,CUS004269,2023-08-13,2023-08-13,Performance,High,19.66,3.9,resolved
TKT0006338,CUS002407,2023-03-06,2023-03-06,Technical,Medium,9.32,4.2,resolved
TKT0006339,CUS000683,2024-09-06,2024-09-06,Technical,Low,8.15,4.5,resolved
TKT0006340,CUS003694,2024-08-28,2024-08-28,Performance,Low,18.64,4.5,resolved
TKT0006341,CUS004414,2024-11-08,2024-11-08,Technical,Medium,10.26,5.0,resolved
TKT0006342,CUS004319,2023-09-14,2023-09-14,Integration,Low,10.78,4.9,resolved
TKT0006343,CUS001028,2024-01-15,2024-01-15,Account,Medium,3.7,4.3,resolved
TKT0006344,CUS004802,2023-12-12,2023-12-12,Billing,Medium,6.79,3.9,resolved
TKT0006345,CUS002220,2023-04-01,2023-04-01,Integration,Low,11.53,3.9,resolved
TKT0006346,CUS002480,2024-04-01,2024-04-01,Performance,High,17.51,4.3,resolved
TKT0006347,CUS002484,2023-08-24,2023-08-24,Integration,Low,3.04,5.0,resolved
TKT0006348,CUS001129,2024-10-17,2024-10-17,Integration,Low,7.67,5.0,resolved
TKT0006349,CUS002465,2024-08-23,2024-08-23,Performance,Low,19.71,5.0,resolved
TKT0006350,CUS002914,2023-06-12,2023-06-12,Technical,Low,18.63,4.1,resolved
TKT0006351,CUS004672,2023-06-02,2023-06-02,Performance,Medium,10.82,4.2,resolved
TKT0006352,CUS004803,2023-04-02,2023-04-02,Integration,High,12.47,4.4,resolved
TKT0006353,CUS001119,2023-04-04,2023-04-04,Account,Medium,10.66,,resolved
TKT0006354,CUS000698,2023-11-28,2023-11-28,Technical,Medium,13.82,4.4,resolved
TKT0006355,CUS001052,2024-12-04,2024-12-04,Performance,High,12.06,4.2,resolved
TKT0006356,CUS001544,2024-01-22,2024-01-22,Technical,Medium,9.99,3.8,resolved
TKT0006357,CUS002715,2024-02-07,2024-02-09,Account,Medium,59.69,2.7,resolved
TKT0006358,CUS002278,2023-10-23,2023-10-23,Billing,High,22.25,3.4,resolved
TKT0006359,CUS000045,2023-12-04,2023-12-04,Performance,High,14.21,4.0,resolved
TKT0006360,CUS000240,2023-12-28,2023-12-28,Account,Medium,18.59,3.1,resolved
TKT0006361,CUS003647,2024-11-05,2024-11-06,Account,Medium,25.83,3.8,resolved
TKT0006362,CUS004112,2023-02-16,2023-02-16,Performance,Medium,14.59,5.0,resolved
TKT0006363,CUS003931,2024-01-28,2024-01-28,Billing,Medium,5.26,5.0,resolved
TKT0006364,CUS000023,2024-02-28,2024-02-29,Account,Low,31.44,4.1,resolved
TKT0006365,CUS002326,2023-12-28,2023-12-28,Integration,High,17.14,3.8,resolved
TKT0006366,CUS004669,2023-11-10,2023-11-11,Billing,Medium,30.23,,resolved
TKT0006367,CUS004967,2023-08-08,2023-08-08,Technical,Medium,17.42,3.7,resolved
TKT0006368,CUS004900,2023-11-20,2023-11-20,Performance,Low,6.82,,resolved
TKT0006369,CUS004387,2024-05-08,2024-05-08,Performance,Low,15.47,4.6,resolved
TKT0006370,CUS003198,2023-08-17,2023-08-18,Technical,Medium,30.72,4.4,resolved
TKT0006371,CUS004372,2024-06-05,2024-06-05,Performance,Low,9.39,4.1,resolved
TKT0006372,CUS004553,2024-08-20,2024-08-20,Integration,High,13.01,4.6,resolved
TKT0006373,CUS002908,2023-04-09,2023-04-09,Integration,Medium,19.99,2.8,resolved
TKT0006374,CUS000678,2024-04-20,2024-04-20,Performance,High,4.23,4.2,resolved
TKT0006375,CUS000877,2024-07-24,2024-07-24,Billing,Low,4.9,5.0,resolved
TKT0006376,CUS003428,2024-07-14,2024-07-14,Integration,Critical,15.72,4.0,resolved
TKT0006377,CUS003187,2023-11-20,2023-11-20,Account,Medium,3.97,4.5,resolved
TKT0006378,CUS002099,2023-07-30,2023-07-31,Technical,Low,24.17,4.2,resolved
TKT0006379,CUS000562,2023-11-03,2023-11-03,Performance,Medium,17.89,3.5,resolved
TKT0006380,CUS001102,2024-07-21,2024-07-21,Account,Medium,23.51,,resolved
TKT0006381,CUS004987,2024-10-23,2024-10-23,Technical,Low,10.21,5.0,resolved
TKT0006382,CUS000041,2024-01-28,2024-01-28,Billing,Low,21.03,3.8,resolved
TKT0006383,CUS004153,2023-04-25,2023-04-25,Billing,Medium,11.11,5.0,resolved
TKT0006384,CUS003079,2023-03-04,2023-03-04,Performance,Medium,13.45,3.4,resolved
TKT0006385,CUS000205,2023-12-25,2023-12-27,Performance,Medium,65.36,1.3,resolved
TKT0006386,CUS002132,2024-01-23,2024-01-23,Technical,Medium,4.82,5.0,resolved
TKT0006387,CUS004067,2023-11-26,2023-11-27,Integration,High,30.79,4.1,resolved
TKT0006388,CUS003094,2024-07-03,2024-07-03,Integration,Low,5.4,,resolved
TKT0006389,CUS004630,2024-03-15,2024-03-15,Technical,High,10.39,4.1,resolved
TKT0006390,CUS004810,2024-01-21,2024-01-21,Integration,Low,14.84,4.5,resolved
TKT0006391,CUS004130,2023-06-12,2023-06-12,Integration,Medium,12.75,3.2,resolved
TKT0006392,CUS003627,2024-05-05,2024-05-05,Performance,Medium,12.53,4.5,resolved
TKT0006393,CUS000547,2023-06-30,2023-06-30,Billing,High,21.76,4.1,resolved
TKT0006394,CUS003826,2024-11-28,2024-11-28,Technical,Medium,15.41,3.8,resolved
TKT0006395,CUS003192,2023-02-07,2023-02-07,Performance,Critical,9.27,4.6,resolved
TKT0006396,CUS001902,2023-05-08,2023-05-08,Performance,Low,6.88,4.8,resolved
TKT0006397,CUS003934,2024-08-14,2024-08-14,Integration,Medium,11.79,3.5,resolved
TKT0006398,CUS002232,2024-12-19,2024-12-19,Account,Medium,8.59,4.6,resolved
TKT0006399,CUS003513,2023-03-11,2023-03-11,Account,Low,17.62,3.3,resolved
TKT0006400,CUS003546,2023-04-24,2023-04-24,Billing,Low,8.66,4.2,resolved
TKT0006401,CUS003807,2024-03-24,2024-03-24,Account,High,11.87,4.2,resolved
TKT0006402,CUS001748,2024-12-23,2024-12-23,Technical,Medium,11.89,5.0,resolved
TKT0006403,CUS000925,2023-01-22,2023-01-22,Integration,Medium,12.87,5.0,resolved
TKT0006404,CUS003638,2023-10-15,2023-10-15,Billing,Medium,5.27,5.0,resolved
TKT0006405,CUS001995,2024-03-08,2024-03-08,Performance,Low,11.56,4.1,resolved
TKT0006406,CUS004870,2024-04-02,2024-04-02,Account,High,12.91,,resolved
TKT0006407,CUS004986,2023-06-17,2023-06-17,Billing,Medium,12.7,4.6,resolved
TKT0006408,CUS004719,2023-01-13,2023-01-14,Technical,High,32.55,3.4,resolved
TKT0006409,CUS002365,2024-05-01,2024-05-03,Account,Low,59.57,2.6,resolved
TKT0006410,CUS004722,2024-12-18,2024-12-18,Account,High,9.8,5.0,resolved
TKT0006411,CUS000186,2024-07-14,2024-07-16,Account,Medium,58.51,,resolved
TKT0006412,CUS003235,2024-10-25,2024-10-25,Billing,Medium,15.37,4.1,resolved
TKT0006413,CUS004890,2024-12-16,2024-12-16,Performance,High,11.35,5.0,resolved
TKT0006414,CUS000060,2024-05-07,2024-05-08,Performance,Medium,34.95,2.9,resolved
TKT0006415,CUS003804,2024-06-28,2024-06-28,Billing,High,6.07,5.0,resolved
TKT0006416,CUS002987,2023-05-06,2023-05-06,Performance,Low,10.39,4.4,resolved
TKT0006417,CUS000340,2024-11-22,2024-11-22,Billing,Medium,8.72,4.8,resolved
TKT0006418,CUS001056,2024-03-17,2024-03-17,Technical,Medium,7.77,5.0,resolved
TKT0006419,CUS000683,2024-11-11,2024-11-11,Performance,Medium,19.38,5.0,resolved
TKT0006420,CUS003720,2024-12-16,2024-12-16,Billing,Low,12.59,5.0,resolved
TKT0006421,CUS003911,2023-07-25,2023-07-25,Account,Low,15.87,3.7,resolved
TKT0006422,CUS004868,2024-07-19,2024-07-19,Account,Medium,15.71,5.0,resolved
TKT0006423,CUS003864,2023-10-20,2023-10-20,Performance,Medium,6.07,3.8,resolved
TKT0006424,CUS003911,2023-02-27,2023-02-27,Performance,Low,22.0,3.6,resolved
TKT0006425,CUS002207,2023-10-29,2023-10-29,Performance,High,6.59,4.3,resolved
TKT0006426,CUS000780,2023-12-08,2023-12-08,Performance,High,19.22,3.8,resolved
TKT0006427,CUS002126,2023-09-10,2023-09-10,Technical,Low,4.83,5.0,resolved
TKT0006428,CUS000534,2023-11-03,2023-11-03,Technical,High,21.7,4.7,resolved
TKT0006429,CUS004227,2024-06-24,2024-06-24,Performance,Low,15.28,5.0,resolved
TKT0006430,CUS002238,2024-06-06,2024-06-06,Performance,Low,12.08,4.2,resolved
TKT0006431,CUS003967,2023-10-08,2023-10-08,Performance,Low,15.73,3.3,resolved
TKT0006432,CUS004761,2024-06-02,2024-06-02,Billing,Medium,12.56,4.8,resolved
TKT0006433,CUS001774,2024-11-04,2024-11-04,Technical,Medium,9.12,4.8,resolved
TKT0006434,CUS001036,2024-10-18,2024-10-18,Technical,High,7.8,3.5,resolved
TKT0006435,CUS001226,2024-02-13,2024-02-13,Account,Medium,22.8,3.7,resolved
TKT0006436,CUS003717,2024-09-15,2024-09-15,Technical,Low,22.79,3.2,resolved
TKT0006437,CUS001205,2023-08-12,2023-08-14,Account,High,56.34,1.0,resolved
TKT0006438,CUS001682,2023-04-21,2023-04-21,Account,High,17.89,4.3,resolved
TKT0006439,CUS003065,2024-09-09,2024-09-09,Billing,Low,10.0,4.2,resolved
TKT0006440,CUS002245,2024-06-14,2024-06-14,Integration,Medium,11.22,4.1,resolved
TKT0006441,CUS001064,2024-05-14,2024-05-14,Account,High,15.1,4.4,resolved
TKT0006442,CUS002423,2024-07-06,2024-07-06,Integration,Medium,5.0,3.6,resolved
TKT0006443,CUS002237,2023-08-20,2023-08-20,Billing,High,7.69,4.0,resolved
TKT0006444,CUS003275,2023-07-21,2023-07-21,Performance,Medium,6.82,4.9,resolved
TKT0006445,CUS002028,2024-10-16,2024-10-16,Performance,Low,15.24,4.7,resolved
TKT0006446,CUS004037,2024-07-20,2024-07-20,Billing,Medium,17.49,5.0,resolved
TKT0006447,CUS001177,2023-11-23,2023-11-23,Technical,Medium,3.2,5.0,resolved
TKT0006448,CUS002538,2023-10-29,2023-10-29,Technical,Medium,6.59,5.0,resolved
TKT0006449,CUS004003,2023-03-19,2023-03-19,Integration,Low,13.74,4.5,resolved
TKT0006450,CUS001349,2023-02-06,2023-02-06,Account,Medium,11.79,5.0,resolved
TKT0006451,CUS001179,2024-08-18,2024-08-18,Billing,Medium,9.48,3.9,resolved
TKT0006452,CUS002883,2023-09-11,2023-09-11,Performance,Medium,9.32,4.2,resolved
TKT0006453,CUS002708,2024-05-30,2024-05-30,Integration,Critical,13.32,4.3,resolved
TKT0006454,CUS004758,2024-10-18,2024-10-18,Technical,Low,13.81,4.4,resolved
TKT0006455,CUS004018,2023-01-29,2023-01-29,Performance,High,7.92,3.9,resolved
TKT0006456,CUS001541,2023-07-22,2023-07-22,Integration,Medium,3.56,3.9,resolved
TKT0006457,CUS000718,2023-04-11,2023-04-11,Performance,Low,10.22,4.0,resolved
TKT0006458,CUS001256,2024-01-23,2024-01-23,Technical,High,16.94,,resolved
TKT0006459,CUS002031,2024-10-15,2024-10-15,Account,Medium,8.18,4.9,resolved
TKT0006460,CUS000454,2023-06-01,2023-06-02,Billing,Medium,41.51,1.5,resolved
TKT0006461,CUS001342,2023-01-30,2023-01-30,Technical,Medium,17.97,5.0,resolved
TKT0006462,CUS004008,2024-05-04,2024-05-04,Billing,Medium,8.05,4.1,resolved
TKT0006463,CUS002903,2024-02-07,2024-02-07,Performance,Critical,3.68,3.9,resolved
TKT0006464,CUS000191,2024-06-19,2024-06-19,Integration,Low,16.93,3.3,resolved
TKT0006465,CUS000043,2023-02-13,2023-02-13,Billing,Low,6.4,4.7,resolved
TKT0006466,CUS001930,2023-06-08,2023-06-08,Performance,High,7.53,,resolved
TKT0006467,CUS000206,2024-08-31,2024-08-31,Performance,High,11.01,4.4,resolved
TKT0006468,CUS001542,2023-08-22,2023-08-22,Technical,Medium,4.87,4.6,resolved
TKT0006469,CUS001152,2023-04-26,2023-04-26,Technical,High,7.72,4.8,resolved
TKT0006470,CUS002426,2024-11-21,2024-11-21,Billing,Medium,7.66,4.6,resolved
TKT0006471,CUS002793,2024-03-14,2024-03-14,Billing,Low,6.33,,resolved
TKT0006472,CUS003420,2024-12-17,2024-12-17,Performance,Low,11.87,,resolved
TKT0006473,CUS002128,2024-12-21,2024-12-22,Account,High,32.2,3.1,resolved
TKT0006474,CUS003013,2023-04-26,2023-04-27,Account,Medium,27.36,3.0,resolved
TKT0006475,CUS003092,2024-04-30,2024-04-30,Account,Medium,15.95,4.9,resolved
TKT0006476,CUS001664,2024-05-30,2024-05-30,Performance,Critical,3.65,5.0,resolved
TKT0006477,CUS001466,2023-10-21,2023-10-22,Integration,Medium,24.22,,resolved
TKT0006478,CUS003337,2024-09-18,2024-09-20,Performance,Medium,53.95,2.3,resolved
TKT0006479,CUS001134,2023-09-25,2023-09-27,Integration,Low,50.58,2.0,resolved
TKT0006480,CUS000307,2023-02-05,2023-02-05,Account,Medium,9.65,5.0,resolved
TKT0006481,CUS000265,2024-11-26,2024-11-26,Account,Medium,13.0,5.0,resolved
TKT0006482,CUS001682,2024-02-03,2024-02-03,Technical,High,8.71,4.8,resolved
TKT0006483,CUS004886,2024-03-05,2024-03-05,Performance,High,20.39,3.8,resolved
TKT0006484,CUS002480,2024-07-01,2024-07-01,Billing,Medium,16.05,3.1,resolved
TKT0006485,CUS001579,2024-12-29,2024-12-29,Integration,Medium,14.35,4.9,resolved
TKT0006486,CUS003347,2024-04-17,2024-04-18,Billing,High,46.73,2.6,resolved
TKT0006487,CUS000717,2023-02-14,2023-02-14,Technical,High,15.78,4.9,resolved
TKT0006488,CUS004337,2023-10-12,2023-10-12,Technical,Medium,3.81,4.0,resolved
TKT0006489,CUS004970,2024-08-15,2024-08-15,Performance,Critical,8.27,4.6,resolved
TKT0006490,CUS003125,2024-07-07,2024-07-07,Billing,Medium,19.44,,resolved
TKT0006491,CUS000603,2023-05-16,2023-05-16,Technical,Medium,3.81,3.7,resolved
TKT0006492,CUS004626,2023-05-11,2023-05-11,Integration,Medium,18.05,3.2,resolved
TKT0006493,CUS000560,2023-09-07,2023-09-07,Performance,High,8.06,4.9,resolved
TKT0006494,CUS000669,2024-09-08,2024-09-08,Billing,Low,4.87,5.0,resolved
TKT0006495,CUS003582,2024-04-19,2024-04-20,Technical,High,40.4,3.8,resolved
TKT0006496,CUS003620,2024-05-02,2024-05-02,Account,High,6.45,3.6,resolved
TKT0006497,CUS001134,2024-08-12,2024-08-14,Account,Medium,64.32,1.7,resolved
TKT0006498,CUS003423,2023-08-20,2023-08-20,Integration,Low,9.18,4.2,resolved
TKT0006499,CUS004635,2024-02-20,2024-02-21,Account,Medium,33.69,3.7,resolved
TKT0006500,CUS004163,2024-01-01,2024-01-03,Performance,Medium,48.96,2.5,resolved
TKT0006501,CUS001333,2023-03-18,2023-03-18,Billing,Low,21.22,3.6,resolved
TKT0006502,CUS001732,2023-08-27,2023-08-27,Integration,Medium,11.05,5.0,resolved
TKT0006503,CUS004880,2023-01-03,2023-01-03,Billing,Low,16.88,4.3,resolved
TKT0006504,CUS002331,2023-08-22,2023-08-23,Account,Medium,29.27,3.7,resolved
TKT0006505,CUS004284,2024-09-29,2024-09-29,Billing,Low,12.83,4.4,resolved
TKT0006506,CUS000152,2023-02-22,2023-02-22,Technical,Medium,11.21,4.5,resolved
TKT0006507,CUS000159,2023-07-20,2023-07-20,Billing,Low,7.08,4.8,resolved
TKT0006508,CUS000837,2024-01-06,2024-01-06,Billing,Critical,12.99,5.0,resolved
TKT0006509,CUS001366,2024-05-05,2024-05-05,Billing,Low,9.26,5.0,resolved
TKT0006510,CUS004422,2023-03-09,2023-03-10,Technical,Medium,30.71,,resolved
TKT0006511,CUS000725,2024-07-21,2024-07-21,Account,Low,22.93,2.6,resolved
TKT0006512,CUS004104,2023-12-30,2023-12-31,Performance,Critical,24.84,4.1,resolved
TKT0006513,CUS003456,2024-05-28,2024-05-28,Integration,Medium,21.75,3.3,resolved
TKT0006514,CUS002361,2024-02-25,2024-02-25,Account,Medium,15.38,4.4,resolved
TKT0006515,CUS002633,2023-03-15,2023-03-15,Billing,High,10.67,5.0,resolved
TKT0006516,CUS002915,2023-09-04,2023-09-04,Technical,Low,8.92,4.0,resolved
TKT0006517,CUS001527,2024-07-20,2024-07-20,Performance,Medium,8.0,4.9,resolved
TKT0006518,CUS003982,2023-12-28,2023-12-28,Performance,Medium,11.27,4.2,resolved
TKT0006519,CUS000845,2024-10-14,2024-10-14,Performance,Low,17.51,4.8,resolved
TKT0006520,CUS000838,2024-05-21,2024-05-21,Billing,Medium,22.69,4.0,resolved
TKT0006521,CUS003094,2024-08-03,2024-08-04,Performance,Low,24.7,,resolved
TKT0006522,CUS001606,2024-01-19,2024-01-19,Performance,Critical,4.62,,resolved
TKT0006523,CUS000069,2024-01-08,2024-01-08,Billing,High,14.31,4.5,resolved
TKT0006524,CUS003217,2024-02-12,2024-02-12,Integration,Medium,11.14,5.0,resolved
TKT0006525,CUS004019,2023-05-26,2023-05-26,Performance,Medium,12.53,4.6,resolved
TKT0006526,CUS003325,2024-03-02,2024-03-02,Performance,Medium,14.87,4.7,resolved
TKT0006527,CUS002385,2024-04-01,2024-04-01,Billing,Medium,10.75,5.0,resolved
TKT0006528,CUS003452,2023-01-07,2023-01-08,Billing,Critical,29.19,3.4,resolved
TKT0006529,CUS002211,2024-05-27,2024-05-27,Billing,Medium,13.83,3.7,resolved
TKT0006530,CUS003222,2023-10-06,2023-10-06,Technical,High,11.69,4.6,resolved
TKT0006531,CUS002094,2023-07-17,2023-07-17,Account,Low,6.81,5.0,resolved
TKT0006532,CUS003653,2024-04-19,2024-04-19,Billing,Medium,5.42,4.8,resolved
TKT0006533,CUS004771,2024-04-14,2024-04-16,Account,Medium,54.15,1.5,resolved
TKT0006534,CUS003733,2023-05-06,2023-05-07,Integration,Low,35.93,3.6,resolved
TKT0006535,CUS002997,2024-10-01,2024-10-01,Technical,Medium,11.99,,resolved
TKT0006536,CUS000738,2024-07-27,2024-07-27,Performance,Low,14.6,4.4,resolved
TKT0006537,CUS000455,2023-10-06,2023-10-06,Performance,Low,19.98,,resolved
TKT0006538,CUS000085,2023-02-16,2023-02-16,Account,Low,19.94,4.7,resolved
TKT0006539,CUS002475,2024-01-25,2024-01-25,Technical,Low,17.52,4.8,resolved
TKT0006540,CUS001363,2024-12-23,2024-12-23,Technical,Low,11.52,4.9,resolved
TKT0006541,CUS000852,2024-06-08,2024-06-08,Technical,Medium,15.43,4.5,resolved
TKT0006542,CUS001296,2023-08-29,2023-08-29,Integration,Medium,9.06,4.8,resolved
TKT0006543,CUS004826,2024-06-26,2024-06-26,Account,Medium,15.23,5.0,resolved
TKT0006544,CUS001111,2024-08-08,2024-08-08,Performance,Medium,7.64,5.0,resolved
TKT0006545,CUS002652,2024-04-16,2024-04-16,Billing,Medium,12.83,4.4,resolved
TKT0006546,CUS004903,2023-06-05,2023-06-06,Integration,Medium,34.01,3.5,resolved
TKT0006547,CUS000682,2024-01-22,2024-01-22,Account,High,23.35,,resolved
TKT0006548,CUS001207,2023-06-26,2023-06-26,Technical,High,11.66,4.4,resolved
TKT0006549,CUS002970,2024-05-28,2024-05-28,Account,Medium,5.32,4.7,resolved
TKT0006550,CUS003632,2023-01-15,2023-01-15,Billing,High,10.96,5.0,resolved
TKT0006551,CUS004263,2024-09-10,2024-09-11,Account,Low,40.92,2.8,resolved
TKT0006552,CUS003308,2023-12-20,2023-12-21,Integration,Medium,28.27,3.6,resolved
TKT0006553,CUS000134,2024-10-17,2024-10-18,Technical,Low,35.74,3.3,resolved
TKT0006554,CUS001080,2024-11-30,2024-12-02,Account,Critical,57.36,2.5,resolved
TKT0006555,CUS002756,2023-11-10,2023-11-10,Technical,Medium,16.27,5.0,resolved
TKT0006556,CUS000623,2024-10-16,2024-10-16,Performance,Medium,15.54,3.9,resolved
TKT0006557,CUS000681,2024-06-04,2024-06-04,Account,High,10.46,4.9,resolved
TKT0006558,CUS004056,2023-12-12,2023-12-12,Performance,Medium,7.49,,resolved
TKT0006559,CUS003766,2023-10-23,2023-10-23,Integration,Medium,13.79,4.5,resolved
TKT0006560,CUS001005,2024-10-11,2024-10-11,Integration,Medium,12.28,3.4,resolved
TKT0006561,CUS002475,2024-09-21,2024-09-21,Integration,High,16.8,4.2,resolved
TKT0006562,CUS004896,2024-09-26,2024-09-26,Account,Medium,8.43,4.8,resolved
TKT0006563,CUS002976,2024-08-30,2024-08-30,Account,Low,11.41,5.0,resolved
TKT0006564,CUS003616,2024-11-19,2024-11-19,Performance,Low,8.36,5.0,resolved
TKT0006565,CUS003273,2024-07-04,2024-07-04,Account,Medium,15.9,4.7,resolved
TKT0006566,CUS002107,2023-08-08,2023-08-08,Integration,Medium,5.29,5.0,resolved
TKT0006567,CUS004081,2023-12-24,2023-12-24,Account,Medium,10.47,4.9,resolved
TKT0006568,CUS000391,2023-01-15,2023-01-15,Performance,Medium,12.4,4.2,resolved
TKT0006569,CUS003043,2024-01-29,2024-01-29,Performance,Medium,11.88,5.0,resolved
TKT0006570,CUS002070,2023-06-15,2023-06-15,Account,High,11.03,4.5,resolved
TKT0006571,CUS004374,2024-08-08,2024-08-08,Account,Low,7.27,5.0,resolved
TKT0006572,CUS003102,2024-10-10,2024-10-10,Integration,High,12.69,3.9,resolved
TKT0006573,CUS001365,2023-02-05,2023-02-05,Performance,Low,11.94,4.2,resolved
TKT0006574,CUS003815,2024-02-10,2024-02-10,Billing,Medium,7.8,3.8,resolved
TKT0006575,CUS001985,2024-02-19,2024-02-19,Performance,High,5.81,,resolved
TKT0006576,CUS003882,2024-05-23,2024-05-24,Performance,Medium,26.42,3.3,resolved
TKT0006577,CUS000570,2023-06-25,2023-06-25,Billing,Low,7.44,5.0,resolved
TKT0006578,CUS001841,2023-01-08,2023-01-08,Technical,Low,9.08,5.0,resolved
TKT0006579,CUS002858,2024-03-16,2024-03-16,Billing,High,21.02,3.7,resolved
TKT0006580,CUS000633,2023-06-24,2023-06-24,Performance,Medium,5.12,4.4,resolved
TKT0006581,CUS002531,2023-12-15,2023-12-16,Integration,Medium,26.49,3.2,resolved
TKT0006582,CUS004404,2024-07-03,2024-07-03,Technical,Low,5.11,,resolved
TKT0006583,CUS000320,2024-04-11,2024-04-11,Integration,High,5.77,4.2,resolved
TKT0006584,CUS002196,2024-10-19,2024-10-19,Billing,High,9.02,4.6,resolved
TKT0006585,CUS003966,2023-03-10,2023-03-10,Billing,Medium,4.66,4.5,resolved
TKT0006586,CUS000597,2023-01-09,2023-01-10,Technical,Medium,41.16,2.2,resolved
TKT0006587,CUS000252,2024-11-08,2024-11-08,Integration,Low,22.09,,resolved
TKT0006588,CUS002429,2024-09-25,2024-09-25,Integration,High,7.3,4.4,resolved
TKT0006589,CUS004725,2024-03-02,2024-03-03,Account,Critical,27.85,3.2,resolved
TKT0006590,CUS003290,2024-09-22,2024-09-22,Technical,Low,8.1,5.0,resolved
TKT0006591,CUS004293,2023-08-04,2023-08-06,Performance,Medium,65.89,2.7,resolved
TKT0006592,CUS004688,2024-11-30,2024-11-30,Performance,Medium,9.58,5.0,resolved
TKT0006593,CUS002574,2024-08-05,2024-08-05,Performance,Medium,7.24,4.9,resolved
TKT0006594,CUS000357,2023-10-14,2023-10-14,Billing,High,23.61,3.4,resolved
TKT0006595,CUS000518,2024-05-13,2024-05-13,Technical,Low,13.09,5.0,resolved
TKT0006596,CUS003574,2023-07-01,2023-07-01,Integration,Medium,7.21,4.4,resolved
TKT0006597,CUS003308,2023-11-24,2023-11-24,Technical,Medium,13.22,3.5,resolved
TKT0006598,CUS001149,2023-12-09,2023-12-09,Technical,Low,11.05,4.3,resolved
TKT0006599,CUS003789,2023-07-23,2023-07-23,Billing,Low,2.75,4.3,resolved
TKT0006600,CUS001205,2023-07-25,2023-07-25,Integration,Medium,9.94,4.1,resolved
TKT0006601,CUS002819,2023-08-22,2023-08-23,Performance,Medium,35.24,4.1,resolved
TKT0006602,CUS001863,2024-05-04,2024-05-04,Account,Medium,17.23,5.0,resolved
TKT0006603,CUS003513,2023-02-07,2023-02-07,Performance,High,3.92,4.5,resolved
TKT0006604,CUS003417,2023-12-24,2023-12-24,Performance,Medium,10.51,4.1,resolved
TKT0006605,CUS004119,2023-10-09,2023-10-09,Integration,High,13.1,3.9,resolved
TKT0006606,CUS001410,2024-09-07,2024-09-07,Integration,Low,10.38,5.0,resolved
TKT0006607,CUS002014,2024-01-10,2024-01-10,Performance,Medium,17.08,5.0,resolved
TKT0006608,CUS001135,2024-04-15,2024-04-15,Performance,Low,8.77,4.2,resolved
TKT0006609,CUS002644,2024-09-07,2024-09-07,Billing,Medium,19.71,4.8,resolved
TKT0006610,CUS000219,2024-10-01,2024-10-01,Performance,High,10.41,4.7,resolved
TKT0006611,CUS004470,2024-04-18,2024-04-18,Billing,Medium,11.28,4.8,resolved
TKT0006612,CUS001702,2024-03-31,2024-03-31,Billing,Medium,21.46,4.4,resolved
TKT0006613,CUS001650,2023-06-09,2023-06-09,Technical,Medium,16.15,4.1,resolved
TKT0006614,CUS002074,2023-03-26,2023-03-26,Billing,Low,21.59,3.8,resolved
TKT0006615,CUS001648,2024-12-05,2024-12-05,Technical,Medium,6.61,5.0,resolved
TKT0006616,CUS003300,2023-09-08,2023-09-09,Technical,Medium,28.32,3.6,resolved
TKT0006617,CUS004676,2023-06-11,2023-06-11,Billing,Medium,10.65,4.8,resolved
TKT0006618,CUS002561,2023-11-30,2023-11-30,Performance,High,6.12,5.0,resolved
TKT0006619,CUS004041,2024-03-27,2024-03-27,Technical,Critical,3.14,5.0,resolved
TKT0006620,CUS001642,2023-05-13,2023-05-13,Account,Medium,8.96,4.7,resolved
TKT0006621,CUS002092,2023-08-29,2023-08-29,Technical,Low,7.7,4.5,resolved
TKT0006622,CUS004506,2024-06-26,2024-06-26,Performance,Medium,10.94,4.1,resolved
TKT0006623,CUS000260,2023-03-31,2023-03-31,Performance,Medium,10.35,4.8,resolved
TKT0006624,CUS002540,2023-11-27,2023-11-28,Account,Medium,29.17,3.2,resolved
TKT0006625,CUS004149,2024-08-24,2024-08-24,Integration,Medium,12.02,4.3,resolved
TKT0006626,CUS003052,2023-07-23,2023-07-23,Account,High,7.29,3.6,resolved
TKT0006627,CUS000512,2024-03-06,2024-03-06,Billing,Medium,16.55,4.5,resolved
TKT0006628,CUS000297,2024-09-05,2024-09-05,Integration,Medium,13.23,3.9,resolved
TKT0006629,CUS004405,2024-01-19,2024-01-19,Technical,Critical,22.2,5.0,resolved
TKT0006630,CUS002039,2023-09-13,2023-09-13,Account,Medium,14.52,3.8,resolved
TKT0006631,CUS002328,2023-08-08,2023-08-08,Billing,Low,14.37,4.1,resolved
TKT0006632,CUS000900,2024-08-18,2024-08-18,Billing,Medium,11.29,4.5,resolved
TKT0006633,CUS002362,2024-07-23,2024-07-23,Technical,High,6.31,,resolved
TKT0006634,CUS002088,2024-08-22,2024-08-22,Account,High,7.15,3.6,resolved
TKT0006635,CUS003905,2024-09-15,2024-09-15,Technical,Low,2.65,5.0,resolved
TKT0006636,CUS000468,2023-11-07,2023-11-07,Integration,High,8.63,5.0,resolved
TKT0006637,CUS003194,2024-09-03,2024-09-04,Performance,Medium,25.73,3.6,resolved
TKT0006638,CUS004856,2023-03-05,2023-03-05,Integration,Medium,14.73,4.2,resolved
TKT0006639,CUS001453,2023-02-22,2023-02-22,Performance,Medium,13.71,,resolved
TKT0006640,CUS003620,2023-12-27,2023-12-28,Performance,Medium,34.05,2.8,resolved
TKT0006641,CUS000480,2023-05-26,2023-05-26,Account,Low,11.2,4.2,resolved
TKT0006642,CUS002427,2024-12-15,2024-12-15,Integration,Low,14.97,5.0,resolved
TKT0006643,CUS001820,2023-04-01,2023-04-01,Performance,Low,11.27,4.9,resolved
TKT0006644,CUS003597,2023-07-14,2023-07-14,Billing,Medium,10.42,5.0,resolved
TKT0006645,CUS004779,2023-08-11,2023-08-11,Account,Medium,9.19,4.3,resolved
TKT0006646,CUS003819,2023-08-08,2023-08-08,Technical,Low,5.34,5.0,resolved
TKT0006647,CUS000954,2023-03-24,2023-03-24,Performance,High,17.74,5.0,resolved
TKT0006648,CUS004088,2024-11-14,2024-11-14,Account,Medium,18.65,3.9,resolved
TKT0006649,CUS000149,2023-05-10,2023-05-10,Integration,Medium,9.9,,resolved
TKT0006650,CUS003417,2024-06-16,2024-06-18,Billing,Low,67.54,1.0,resolved
TKT0006651,CUS000230,2024-05-31,2024-05-31,Performance,Medium,15.04,3.6,resolved
TKT0006652,CUS004190,2023-06-10,2023-06-10,Billing,Medium,18.01,3.7,resolved
TKT0006653,CUS004457,2024-05-04,2024-05-04,Technical,Medium,8.99,4.4,resolved
TKT0006654,CUS003255,2023-02-27,2023-02-27,Technical,Medium,13.83,4.9,resolved
TKT0006655,CUS001210,2023-07-26,2023-07-26,Integration,Medium,7.29,4.3,resolved
TKT0006656,CUS000999,2024-11-02,2024-11-02,Technical,Medium,7.71,3.5,resolved
TKT0006657,CUS001106,2024-08-25,2024-08-25,Performance,High,10.93,,resolved
TKT0006658,CUS001559,2023-11-01,2023-11-01,Billing,High,17.76,,resolved
TKT0006659,CUS002517,2024-05-03,2024-05-03,Performance,Critical,10.8,4.8,resolved
TKT0006660,CUS000267,2023-04-21,2023-04-22,Performance,Medium,24.46,2.2,resolved
TKT0006661,CUS003878,2023-11-12,2023-11-12,Performance,Medium,13.82,4.2,resolved
TKT0006662,CUS002505,2023-01-26,2023-01-26,Performance,Low,9.75,,resolved
TKT0006663,CUS002805,2023-01-16,2023-01-18,Performance,Low,55.16,2.2,resolved
TKT0006664,CUS003243,2024-11-29,2024-11-29,Billing,Medium,4.09,5.0,resolved
TKT0006665,CUS000802,2024-04-24,2024-04-24,Account,High,6.65,4.2,resolved
TKT0006666,CUS003029,2023-04-16,2023-04-16,Technical,Low,10.43,4.5,resolved
TKT0006667,CUS002019,2024-07-26,2024-07-26,Technical,Medium,8.74,4.7,resolved
TKT0006668,CUS002355,2024-01-01,2024-01-01,Performance,Medium,11.34,4.3,resolved
TKT0006669,CUS003022,2023-06-13,2023-06-13,Billing,High,11.14,4.8,resolved
TKT0006670,CUS001212,2024-11-23,2024-11-24,Account,Medium,40.92,2.3,resolved
TKT0006671,CUS000433,2023-03-28,2023-03-28,Account,Medium,14.92,4.6,resolved
TKT0006672,CUS002079,2024-06-10,2024-06-10,Integration,Low,21.63,3.8,resolved
TKT0006673,CUS000773,2023-08-19,2023-08-19,Integration,Low,10.83,5.0,resolved
TKT0006674,CUS000390,2024-10-18,2024-10-18,Performance,Medium,2.32,5.0,resolved
TKT0006675,CUS003624,2024-05-28,2024-05-28,Billing,Low,10.71,5.0,resolved
TKT0006676,CUS003076,2024-05-22,2024-05-22,Integration,Medium,2.66,4.2,resolved
TKT0006677,CUS000797,2024-12-04,2024-12-04,Billing,Low,8.64,,resolved
TKT0006678,CUS002467,2023-05-06,2023-05-06,Performance,Medium,15.29,4.5,resolved
TKT0006679,CUS004577,2023-10-14,2023-10-14,Technical,Medium,17.57,4.0,resolved
TKT0006680,CUS004556,2023-11-05,2023-11-06,Technical,High,39.02,2.6,resolved
TKT0006681,CUS002225,2024-08-29,2024-08-31,Billing,Critical,48.98,3.0,resolved
TKT0006682,CUS004583,2024-04-14,2024-04-14,Technical,High,17.91,3.5,resolved
TKT0006683,CUS004236,2024-07-10,2024-07-10,Billing,Low,10.48,3.5,resolved
TKT0006684,CUS000609,2023-10-22,2023-10-22,Billing,Medium,6.91,4.1,resolved
TKT0006685,CUS001400,2024-10-10,2024-10-10,Performance,Medium,5.52,5.0,resolved
TKT0006686,CUS001326,2023-03-07,2023-03-07,Billing,Low,16.96,5.0,resolved
TKT0006687,CUS000192,2024-04-29,2024-04-30,Performance,Medium,34.02,4.5,resolved
TKT0006688,CUS002754,2024-11-04,2024-11-05,Integration,Medium,24.41,3.6,resolved
TKT0006689,CUS003068,2024-11-22,2024-11-22,Billing,Medium,7.02,4.1,resolved
TKT0006690,CUS000255,2023-03-05,2023-03-05,Account,High,5.02,4.9,resolved
TKT0006691,CUS003011,2024-11-01,2024-11-01,Billing,Medium,3.33,5.0,resolved
TKT0006692,CUS001073,2024-07-06,2024-07-06,Integration,High,9.77,3.5,resolved
TKT0006693,CUS001321,2023-01-25,2023-01-27,Billing,Low,56.86,1.0,resolved
TKT0006694,CUS000135,2024-10-23,2024-10-23,Performance,Medium,7.47,3.9,resolved
TKT0006695,CUS000057,2024-01-13,2024-01-13,Billing,Medium,6.92,,resolved
TKT0006696,CUS003305,2023-10-22,2023-10-22,Performance,High,8.76,,resolved
TKT0006697,CUS001080,2023-08-28,2023-08-28,Billing,High,8.63,4.3,resolved
TKT0006698,CUS004795,2023-02-11,2023-02-11,Technical,Critical,10.77,,resolved
TKT0006699,CUS004508,2024-09-10,2024-09-10,Billing,Medium,2.15,5.0,resolved
TKT0006700,CUS000199,2024-12-29,2024-12-29,Billing,High,5.55,4.4,resolved
TKT0006701,CUS004143,2023-10-27,2023-10-27,Technical,High,8.04,4.8,resolved
TKT0006702,CUS003384,2024-12-11,2024-12-11,Billing,Low,12.1,4.6,resolved
TKT0006703,CUS002055,2024-10-29,2024-10-29,Integration,Low,7.19,5.0,resolved
TKT0006704,CUS001160,2023-11-08,2023-11-08,Integration,Medium,11.67,,resolved
TKT0006705,CUS002855,2024-10-25,2024-10-25,Billing,High,6.94,3.8,resolved
TKT0006706,CUS004549,2024-07-29,2024-07-29,Performance,Low,17.25,4.2,resolved
TKT0006707,CUS000579,2023-09-24,2023-09-24,Performance,Medium,12.5,4.7,resolved
TKT0006708,CUS004602,2023-04-11,2023-04-11,Integration,Medium,11.53,4.4,resolved
TKT0006709,CUS003407,2024-02-25,2024-02-25,Performance,Medium,16.97,3.8,resolved
TKT0006710,CUS000359,2024-01-07,2024-01-07,Billing,High,14.73,3.5,resolved
TKT0006711,CUS002479,2023-01-21,2023-01-21,Account,Low,7.23,5.0,resolved
TKT0006712,CUS000291,2023-07-11,2023-07-11,Performance,High,10.29,,resolved
TKT0006713,CUS003447,2023-09-18,2023-09-18,Account,Medium,23.77,3.9,resolved
TKT0006714,CUS000355,2024-10-10,2024-10-11,Billing,Low,34.56,2.6,resolved
TKT0006715,CUS001966,2024-04-26,2024-04-26,Billing,Medium,21.43,4.4,resolved
TKT0006716,CUS000521,2023-04-15,2023-04-15,Technical,Medium,21.09,,resolved
TKT0006717,CUS004803,2023-06-04,2023-06-04,Account,Medium,9.08,3.5,resolved
TKT0006718,CUS001410,2024-12-22,2024-12-22,Performance,Critical,9.42,5.0,resolved
TKT0006719,CUS002494,2023-04-27,2023-04-27,Account,Low,8.69,3.3,resolved
TKT0006720,CUS001179,2024-10-22,2024-10-22,Technical,Low,8.5,,resolved
TKT0006721,CUS002828,2024-11-28,2024-11-28,Performance,High,6.33,5.0,resolved
TKT0006722,CUS000552,2024-05-14,2024-05-14,Integration,Low,12.91,4.5,resolved
TKT0006723,CUS003490,2024-03-02,2024-03-02,Billing,Medium,13.01,4.9,resolved
TKT0006724,CUS000867,2024-11-22,2024-11-22,Billing,Medium,9.78,5.0,resolved
TKT0006725,CUS004763,2024-02-17,2024-02-17,Billing,Low,6.6,,resolved
TKT0006726,CUS002919,2024-01-24,2024-01-24,Account,Medium,11.82,4.5,resolved
TKT0006727,CUS004540,2024-08-22,2024-08-22,Performance,High,16.9,,resolved
TKT0006728,CUS000425,2023-05-30,2023-05-30,Integration,Medium,7.19,4.7,resolved
TKT0006729,CUS001547,2024-02-12,2024-02-12,Account,Medium,9.22,5.0,resolved
TKT0006730,CUS002783,2024-09-04,2024-09-04,Integration,High,4.63,5.0,resolved
TKT0006731,CUS002970,2024-04-17,2024-04-17,Integration,Low,15.8,4.9,resolved
TKT0006732,CUS004008,2023-08-27,2023-08-27,Integration,Medium,8.18,4.1,resolved
TKT0006733,CUS000079,2023-08-13,2023-08-13,Integration,Medium,8.01,4.9,resolved
TKT0006734,CUS003539,2024-03-14,2024-03-14,Billing,Low,14.07,3.7,resolved
TKT0006735,CUS002774,2023-10-03,2023-10-03,Integration,Medium,20.04,4.3,resolved
TKT0006736,CUS004794,2023-09-14,2023-09-14,Billing,High,17.32,5.0,resolved
TKT0006737,CUS004016,2023-07-20,2023-07-20,Account,Medium,7.1,5.0,resolved
TKT0006738,CUS001511,2023-03-09,2023-03-09,Integration,Medium,13.43,3.6,resolved
TKT0006739,CUS000091,2024-03-13,2024-03-13,Billing,Medium,10.87,3.8,resolved
TKT0006740,CUS002793,2023-08-01,2023-08-01,Performance,Medium,12.72,4.7,resolved
TKT0006741,CUS002600,2024-03-11,2024-03-11,Billing,Medium,17.31,3.8,resolved
TKT0006742,CUS004357,2024-11-07,2024-11-07,Integration,Medium,9.4,5.0,resolved
TKT0006743,CUS000499,2023-05-01,2023-05-01,Performance,Medium,19.75,4.6,resolved
TKT0006744,CUS002948,2024-09-11,2024-09-11,Integration,Medium,7.33,5.0,resolved
TKT0006745,CUS004982,2024-07-12,2024-07-12,Integration,Medium,6.85,4.1,resolved
TKT0006746,CUS000120,2023-06-22,2023-06-22,Integration,Critical,18.27,4.7,resolved
TKT0006747,CUS000269,2023-05-22,2023-05-22,Integration,Medium,13.78,4.8,resolved
TKT0006748,CUS000017,2023-10-17,2023-10-17,Integration,Low,9.5,4.6,resolved
TKT0006749,CUS000291,2024-05-15,2024-05-16,Performance,Low,36.83,2.2,resolved
TKT0006750,CUS001134,2024-03-11,2024-03-11,Technical,Medium,14.38,5.0,resolved
TKT0006751,CUS003297,2023-02-15,2023-02-15,Billing,Medium,15.28,3.6,resolved
TKT0006752,CUS002524,2023-04-14,2023-04-14,Account,Low,4.88,3.9,resolved
TKT0006753,CUS000433,2024-11-02,2024-11-02,Performance,High,10.7,4.9,resolved
TKT0006754,CUS001788,2023-06-13,2023-06-13,Technical,Low,9.53,,resolved
TKT0006755,CUS002037,2023-02-13,2023-02-13,Billing,Low,6.54,4.3,resolved
TKT0006756,CUS003176,2023-07-12,2023-07-12,Account,Medium,2.75,4.4,resolved
TKT0006757,CUS001311,2023-02-17,2023-02-17,Billing,High,3.86,5.0,resolved
TKT0006758,CUS000023,2024-02-05,2024-02-06,Account,Low,35.88,4.4,resolved
TKT0006759,CUS000322,2023-03-05,2023-03-07,Technical,Medium,56.79,3.1,resolved
TKT0006760,CUS000246,2023-01-05,2023-01-05,Performance,Medium,12.45,5.0,resolved
TKT0006761,CUS004116,2023-11-28,2023-11-28,Integration,Medium,9.39,4.8,resolved
TKT0006762,CUS000086,2024-04-24,2024-04-24,Billing,High,21.34,3.8,resolved
TKT0006763,CUS001413,2024-02-07,2024-02-07,Account,High,5.31,4.7,resolved
TKT0006764,CUS001754,2023-06-10,2023-06-10,Technical,Low,20.9,3.8,resolved
TKT0006765,CUS004052,2023-04-21,2023-04-21,Performance,Low,20.98,4.1,resolved
TKT0006766,CUS003876,2024-01-23,2024-01-23,Integration,Low,8.95,4.4,resolved
TKT0006767,CUS003571,2024-07-02,2024-07-02,Billing,Medium,5.47,4.7,resolved
TKT0006768,CUS003235,2023-12-07,2023-12-07,Performance,Low,20.86,3.6,resolved
TKT0006769,CUS002975,2023-04-01,2023-04-01,Billing,Medium,7.35,4.6,resolved
TKT0006770,CUS004765,2023-10-26,2023-10-26,Integration,Medium,6.78,4.7,resolved
TKT0006771,CUS000024,2024-11-16,2024-11-16,Technical,Low,6.78,4.9,resolved
TKT0006772,CUS002495,2024-11-30,2024-11-30,Performance,Medium,15.12,4.7,resolved
TKT0006773,CUS003315,2023-11-14,2023-11-14,Billing,High,13.16,5.0,resolved
TKT0006774,CUS003153,2024-11-28,2024-11-28,Performance,Low,14.66,5.0,resolved
TKT0006775,CUS004896,2024-02-01,2024-02-01,Billing,High,7.89,5.0,resolved
TKT0006776,CUS003760,2024-06-24,2024-06-24,Performance,Low,8.68,5.0,resolved
TKT0006777,CUS002993,2024-07-13,2024-07-13,Technical,High,6.79,5.0,resolved
TKT0006778,CUS001366,2024-01-16,2024-01-16,Technical,Medium,20.02,3.0,resolved
TKT0006779,CUS004478,2024-08-29,2024-08-29,Billing,High,10.38,4.9,resolved
TKT0006780,CUS001618,2024-12-08,2024-12-08,Performance,Medium,8.59,4.5,resolved
TKT0006781,CUS003571,2024-08-05,2024-08-05,Performance,Medium,8.01,4.4,resolved
TKT0006782,CUS001693,2023-12-09,2023-12-09,Technical,High,14.15,,resolved
TKT0006783,CUS002997,2023-09-03,2023-09-03,Technical,Medium,6.89,3.9,resolved
TKT0006784,CUS002158,2023-05-18,2023-05-18,Technical,Medium,7.07,4.6,resolved
TKT0006785,CUS002344,2024-06-28,2024-06-28,Integration,Low,6.27,5.0,resolved
TKT0006786,CUS002057,2024-05-10,2024-05-10,Performance,Medium,9.02,4.7,resolved
TKT0006787,CUS003944,2023-03-05,2023-03-05,Technical,High,12.34,4.2,resolved
TKT0006788,CUS002966,2024-05-11,2024-05-11,Integration,Critical,9.46,5.0,resolved
TKT0006789,CUS002530,2024-04-04,2024-04-04,Integration,Low,15.5,,resolved
TKT0006790,CUS002479,2024-03-12,2024-03-12,Technical,Low,8.86,5.0,resolved
TKT0006791,CUS002351,2023-09-18,2023-09-18,Technical,Medium,11.49,4.9,resolved
TKT0006792,CUS004052,2024-07-17,2024-07-17,Account,Medium,22.46,4.4,resolved
TKT0006793,CUS002503,2023-01-13,2023-01-14,Integration,High,24.08,2.7,resolved
TKT0006794,CUS002471,2023-06-09,2023-06-10,Integration,Low,45.74,2.9,resolved
TKT0006795,CUS000676,2024-08-01,2024-08-02,Billing,Low,25.78,3.4,resolved
TKT0006796,CUS001228,2024-07-10,2024-07-10,Account,Low,10.43,5.0,resolved
TKT0006797,CUS004040,2024-10-04,2024-10-04,Technical,Medium,5.87,5.0,resolved
TKT0006798,CUS004120,2024-12-28,2024-12-28,Account,Medium,8.34,4.9,resolved
TKT0006799,CUS001760,2023-04-03,2023-04-03,Account,Medium,11.87,4.4,resolved
TKT0006800,CUS000992,2023-05-12,2023-05-12,Billing,Medium,8.07,3.3,resolved
TKT0006801,CUS003944,2023-05-01,2023-05-01,Technical,Medium,8.54,3.9,resolved
TKT0006802,CUS004581,2024-01-09,2024-01-09,Billing,Medium,15.64,4.0,resolved
TKT0006803,CUS003501,2023-04-04,2023-04-04,Technical,Medium,9.26,4.9,resolved
TKT0006804,CUS001897,2024-11-30,2024-11-30,Technical,Medium,21.07,3.7,resolved
TKT0006805,CUS002477,2024-12-31,,Integration,Medium,9.12,5.0,open
TKT0006806,CUS004380,2024-09-15,2024-09-15,Integration,Low,3.02,4.6,resolved
TKT0006807,CUS000767,2023-02-10,2023-02-10,Account,Medium,3.02,5.0,resolved
TKT0006808,CUS000234,2023-12-03,2023-12-03,Performance,Low,13.25,3.6,resolved
TKT0006809,CUS004538,2024-05-23,2024-05-23,Integration,Medium,9.91,5.0,resolved
TKT0006810,CUS002879,2023-08-30,2023-08-30,Performance,Medium,11.44,4.4,resolved
TKT0006811,CUS003194,2023-01-30,2023-01-30,Technical,Medium,20.53,3.8,resolved
TKT0006812,CUS000695,2023-09-05,2023-09-05,Billing,Medium,11.99,4.4,resolved
TKT0006813,CUS003631,2024-04-19,2024-04-19,Billing,High,10.15,4.1,resolved
TKT0006814,CUS002832,2023-10-01,2023-10-02,Integration,High,38.2,3.2,resolved
TKT0006815,CUS001689,2024-12-09,2024-12-09,Integration,Medium,11.95,4.0,resolved
TKT0006816,CUS003352,2024-08-09,2024-08-09,Performance,High,12.16,4.6,resolved
TKT0006817,CUS004594,2023-05-07,2023-05-07,Performance,Medium,7.61,5.0,resolved
TKT0006818,CUS004604,2024-09-29,2024-09-29,Integration,Medium,5.12,5.0,resolved
TKT0006819,CUS000171,2024-05-19,2024-05-20,Account,Medium,40.21,2.6,resolved
TKT0006820,CUS000463,2023-08-20,2023-08-20,Performance,Low,17.42,5.0,resolved
TKT0006821,CUS002746,2024-05-28,2024-05-29,Account,Medium,26.28,2.6,resolved
TKT0006822,CUS003139,2024-11-26,2024-11-26,Account,High,14.95,4.6,resolved
TKT0006823,CUS004667,2023-08-27,2023-08-27,Billing,Medium,15.41,5.0,resolved
TKT0006824,CUS003090,2023-07-27,2023-07-27,Account,High,7.65,5.0,resolved
TKT0006825,CUS003987,2024-10-07,2024-10-07,Integration,Medium,16.19,3.5,resolved
TKT0006826,CUS003535,2024-02-27,2024-02-28,Technical,High,26.47,3.2,resolved
TKT0006827,CUS002179,2024-05-24,2024-05-24,Technical,Low,9.98,4.5,resolved
TKT0006828,CUS001687,2024-12-28,2024-12-29,Integration,High,27.39,,resolved
TKT0006829,CUS003199,2023-06-06,2023-06-06,Performance,Low,8.9,4.2,resolved
TKT0006830,CUS003232,2024-07-17,2024-07-17,Integration,High,3.48,4.0,resolved
TKT0006831,CUS001790,2023-04-14,2023-04-14,Performance,Medium,17.45,4.6,resolved
TKT0006832,CUS001537,2023-06-10,2023-06-10,Integration,Medium,9.85,5.0,resolved
TKT0006833,CUS000566,2024-09-08,2024-09-09,Billing,Medium,28.9,3.1,resolved
TKT0006834,CUS000480,2023-09-21,2023-09-21,Account,Medium,5.23,4.6,resolved
TKT0006835,CUS000439,2023-01-26,2023-01-26,Integration,Low,12.8,3.8,resolved
TKT0006836,CUS003497,2023-09-13,2023-09-14,Technical,High,24.11,,resolved
TKT0006837,CUS002673,2024-09-26,2024-09-26,Account,Low,12.59,4.0,resolved
TKT0006838,CUS004370,2023-11-12,2023-11-13,Account,Low,26.53,3.1,resolved
TKT0006839,CUS000570,2023-03-09,2023-03-09,Billing,Low,11.73,,resolved
TKT0006840,CUS004996,2024-05-21,2024-05-22,Technical,High,45.34,,resolved
TKT0006841,CUS002279,2024-09-29,2024-10-01,Technical,Low,70.98,1.3,resolved
TKT0006842,CUS003930,2024-03-22,2024-03-23,Performance,Low,27.62,2.5,resolved
TKT0006843,CUS001151,2023-07-06,2023-07-06,Performance,Low,19.03,4.8,resolved
TKT0006844,CUS001597,2023-11-09,2023-11-09,Integration,Low,13.72,3.4,resolved
TKT0006845,CUS000612,2024-08-13,2024-08-14,Integration,Medium,33.06,2.5,resolved
TKT0006846,CUS001772,2023-05-08,2023-05-08,Integration,Medium,12.26,4.2,resolved
TKT0006847,CUS001870,2024-12-31,,Performance,Low,13.96,,open
TKT0006848,CUS001628,2023-07-22,2023-07-22,Integration,Low,5.55,4.6,resolved
TKT0006849,CUS004535,2023-07-25,2023-07-25,Account,High,2.73,5.0,resolved
TKT0006850,CUS004241,2024-10-17,2024-10-17,Integration,Low,8.73,4.8,resolved
TKT0006851,CUS000539,2024-09-10,2024-09-10,Account,Low,2.92,5.0,resolved
TKT0006852,CUS001968,2023-09-04,2023-09-04,Technical,Low,9.54,3.8,resolved
TKT0006853,CUS001588,2024-07-29,2024-07-30,Performance,Low,27.61,,resolved
TKT0006854,CUS004650,2023-01-02,2023-01-02,Performance,Medium,10.04,4.5,resolved
TKT0006855,CUS003023,2024-07-29,2024-07-29,Account,Medium,5.84,4.2,resolved
TKT0006856,CUS004451,2024-10-09,2024-10-09,Technical,Medium,7.63,4.3,resolved
TKT0006857,CUS002080,2023-08-28,2023-08-28,Performance,Critical,10.44,5.0,resolved
TKT0006858,CUS003100,2023-07-04,2023-07-05,Performance,High,30.11,3.7,resolved
TKT0006859,CUS000698,2024-08-27,2024-08-27,Integration,High,6.98,4.6,resolved
TKT0006860,CUS000586,2024-04-19,2024-04-19,Account,Low,12.28,4.1,resolved
TKT0006861,CUS003076,2024-11-22,2024-11-24,Account,Medium,50.89,2.7,resolved
TKT0006862,CUS002833,2023-01-20,2023-01-20,Technical,Low,9.32,3.7,resolved
TKT0006863,CUS004465,2023-01-10,2023-01-10,Performance,Medium,6.08,4.9,resolved
TKT0006864,CUS003433,2023-01-26,2023-01-26,Technical,Low,17.4,,resolved
TKT0006865,CUS001063,2024-08-12,2024-08-12,Billing,Medium,9.05,3.7,resolved
TKT0006866,CUS002613,2023-03-12,2023-03-12,Technical,Low,14.03,4.2,resolved
TKT0006867,CUS000207,2023-03-04,2023-03-04,Technical,Medium,9.48,3.7,resolved
TKT0006868,CUS003277,2023-07-21,2023-07-21,Billing,Medium,4.59,,resolved
TKT0006869,CUS000613,2023-05-31,2023-05-31,Account,Medium,9.38,3.2,resolved
TKT0006870,CUS002087,2024-05-14,2024-05-15,Performance,Low,29.97,3.1,resolved
TKT0006871,CUS000190,2023-10-06,2023-10-06,Technical,High,7.51,3.9,resolved
TKT0006872,CUS003335,2023-07-03,2023-07-03,Technical,High,16.47,4.2,resolved
TKT0006873,CUS003421,2024-12-22,2024-12-22,Technical,Medium,18.83,,resolved
TKT0006874,CUS000739,2024-05-17,2024-05-17,Performance,Medium,21.78,,resolved
TKT0006875,CUS000878,2024-06-14,2024-06-14,Technical,Critical,5.51,5.0,resolved
TKT0006876,CUS001616,2024-05-18,2024-05-18,Billing,Medium,5.88,5.0,resolved
TKT0006877,CUS004973,2024-12-25,2024-12-25,Performance,Medium,10.63,4.3,resolved
TKT0006878,CUS004433,2024-09-22,2024-09-22,Integration,Low,3.4,5.0,resolved
TKT0006879,CUS002328,2023-10-13,2023-10-13,Account,High,5.37,4.2,resolved
TKT0006880,CUS004025,2023-11-03,2023-11-03,Performance,Medium,12.61,4.3,resolved
TKT0006881,CUS000021,2024-06-12,2024-06-12,Billing,High,6.19,5.0,resolved
TKT0006882,CUS000586,2024-01-25,2024-01-25,Account,Low,5.69,4.2,resolved
TKT0006883,CUS003641,2024-05-04,2024-05-04,Performance,Low,23.73,5.0,resolved
TKT0006884,CUS004476,2024-05-14,2024-05-14,Performance,High,8.25,3.4,resolved
TKT0006885,CUS000579,2023-01-04,2023-01-06,Billing,Low,55.6,2.2,resolved
TKT0006886,CUS003919,2023-10-20,2023-10-20,Technical,Critical,5.57,4.3,resolved
TKT0006887,CUS000293,2023-03-10,2023-03-10,Technical,Medium,5.36,3.4,resolved
TKT0006888,CUS001752,2024-04-27,2024-04-27,Technical,Low,4.35,5.0,resolved
TKT0006889,CUS003833,2023-01-10,2023-01-10,Integration,Critical,10.24,4.6,resolved
TKT0006890,CUS002404,2024-10-15,2024-10-15,Technical,Low,9.15,4.9,resolved
TKT0006891,CUS003726,2023-12-10,2023-12-10,Technical,Medium,13.17,3.9,resolved
TKT0006892,CUS001422,2023-11-28,2023-11-28,Integration,High,8.87,5.0,resolved
TKT0006893,CUS003347,2024-02-26,2024-02-26,Performance,Medium,18.33,3.8,resolved
TKT0006894,CUS003941,2023-11-23,2023-11-23,Billing,High,8.96,5.0,resolved
TKT0006895,CUS000995,2023-01-31,2023-01-31,Integration,High,13.54,4.1,resolved
TKT0006896,CUS000933,2024-08-08,2024-08-08,Technical,Critical,11.92,5.0,resolved
TKT0006897,CUS000221,2023-07-01,2023-07-01,Technical,Medium,3.07,5.0,resolved
TKT0006898,CUS001919,2024-04-01,2024-04-01,Technical,Medium,18.3,5.0,resolved
TKT0006899,CUS000069,2024-07-28,2024-07-29,Performance,Medium,29.72,3.8,resolved
TKT0006900,CUS002647,2023-03-19,2023-03-19,Account,Low,3.43,5.0,resolved
TKT0006901,CUS001388,2023-03-31,2023-03-31,Billing,High,17.87,4.4,resolved
TKT0006902,CUS004943,2023-01-10,2023-01-10,Technical,Critical,3.87,5.0,resolved
TKT0006903,CUS004354,2024-05-16,2024-05-16,Technical,Medium,3.8,5.0,resolved
TKT0006904,CUS002761,2024-12-11,2024-12-11,Account,Medium,6.34,4.9,resolved
TKT0006905,CUS004494,2023-11-28,2023-11-28,Technical,Medium,13.42,5.0,resolved
TKT0006906,CUS004816,2024-07-12,2024-07-12,Performance,Medium,9.39,4.7,resolved
TKT0006907,CUS003014,2023-02-28,2023-02-28,Billing,Low,13.12,3.4,resolved
TKT0006908,CUS001800,2023-07-13,2023-07-13,Integration,Low,12.16,4.7,resolved
TKT0006909,CUS004412,2024-06-21,2024-06-21,Billing,Low,9.28,5.0,resolved
TKT0006910,CUS001340,2024-11-17,2024-11-17,Integration,Low,10.48,,resolved
TKT0006911,CUS001649,2024-09-11,2024-09-11,Billing,Low,18.48,4.1,resolved
TKT0006912,CUS003253,2023-03-24,2023-03-25,Billing,Medium,30.04,3.2,resolved
TKT0006913,CUS000160,2024-01-25,2024-01-25,Integration,High,5.27,,resolved
TKT0006914,CUS000590,2024-06-22,2024-06-22,Billing,Low,9.3,4.1,resolved
TKT0006915,CUS002786,2024-02-03,2024-02-03,Billing,Low,8.0,4.6,resolved
TKT0006916,CUS000701,2023-07-22,2023-07-22,Performance,Critical,12.46,,resolved
TKT0006917,CUS004275,2023-02-10,2023-02-11,Account,Low,24.62,2.5,resolved
TKT0006918,CUS004364,2024-04-12,2024-04-12,Integration,High,18.07,4.1,resolved
TKT0006919,CUS002575,2024-11-27,2024-11-27,Integration,High,12.0,5.0,resolved
TKT0006920,CUS000464,2023-03-14,2023-03-14,Account,High,19.59,3.1,resolved
TKT0006921,CUS001404,2024-10-04,2024-10-04,Account,Low,8.91,5.0,resolved
TKT0006922,CUS002935,2024-08-11,2024-08-11,Performance,High,9.44,5.0,resolved
TKT0006923,CUS000271,2024-12-27,2024-12-27,Billing,Medium,15.08,4.5,resolved
TKT0006924,CUS001780,2023-09-04,2023-09-04,Performance,Medium,4.58,5.0,resolved
TKT0006925,CUS000896,2024-06-24,2024-06-24,Performance,Medium,4.4,4.6,resolved
TKT0006926,CUS002898,2023-06-20,2023-06-20,Billing,High,5.59,4.9,resolved
TKT0006927,CUS004355,2024-03-30,2024-03-30,Technical,Medium,14.4,3.3,resolved
TKT0006928,CUS004493,2023-03-17,2023-03-17,Billing,High,19.81,4.1,resolved
TKT0006929,CUS000491,2024-09-30,2024-09-30,Account,High,11.36,4.9,resolved
TKT0006930,CUS000477,2023-12-18,2023-12-18,Performance,Low,7.57,4.6,resolved
TKT0006931,CUS003628,2024-11-16,2024-11-16,Billing,High,11.65,4.4,resolved
TKT0006932,CUS000028,2024-09-12,2024-09-12,Account,High,5.86,4.1,resolved
TKT0006933,CUS002495,2024-11-03,2024-11-03,Integration,High,7.79,5.0,resolved
TKT0006934,CUS003302,2024-05-28,2024-05-28,Performance,Medium,10.21,3.4,resolved
TKT0006935,CUS001950,2023-01-27,2023-01-28,Performance,High,24.57,4.9,resolved
TKT0006936,CUS002145,2024-12-12,2024-12-12,Technical,Low,18.8,3.6,resolved
TKT0006937,CUS002211,2024-07-19,2024-07-19,Account,High,15.66,3.2,resolved
TKT0006938,CUS001482,2023-08-03,2023-08-03,Billing,Low,8.72,4.5,resolved
TKT0006939,CUS002113,2023-09-28,2023-09-28,Account,Low,15.15,4.2,resolved
TKT0006940,CUS004012,2024-07-26,2024-07-26,Technical,High,19.63,4.1,resolved
TKT0006941,CUS004172,2024-08-17,2024-08-18,Account,Medium,42.99,2.4,resolved
TKT0006942,CUS003003,2023-04-18,2023-04-19,Account,Medium,40.38,3.9,resolved
TKT0006943,CUS001524,2023-02-13,2023-02-14,Account,Medium,33.0,3.8,resolved
TKT0006944,CUS002036,2024-05-05,2024-05-06,Performance,Medium,43.66,2.8,resolved
TKT0006945,CUS003515,2024-01-17,2024-01-17,Integration,Medium,9.18,4.5,resolved
TKT0006946,CUS002383,2024-03-29,2024-03-29,Technical,High,12.0,5.0,resolved
TKT0006947,CUS000612,2024-12-17,2024-12-17,Technical,Medium,13.79,4.2,resolved
TKT0006948,CUS003325,2024-04-26,2024-04-27,Billing,Medium,34.17,3.2,resolved
TKT0006949,CUS000469,2024-03-16,2024-03-17,Performance,Medium,30.84,3.2,resolved
TKT0006950,CUS004936,2023-03-19,2023-03-20,Performance,Low,39.43,3.8,resolved
TKT0006951,CUS001607,2023-02-10,2023-02-10,Account,Low,17.73,4.2,resolved
TKT0006952,CUS000796,2024-11-21,2024-11-23,Technical,Medium,53.08,1.6,resolved
TKT0006953,CUS002995,2024-12-02,2024-12-02,Account,Medium,17.5,4.5,resolved
TKT0006954,CUS003779,2024-09-11,2024-09-12,Integration,High,26.37,4.1,resolved
TKT0006955,CUS003589,2023-07-26,2023-07-27,Performance,Medium,24.42,3.4,resolved
TKT0006956,CUS001343,2024-09-08,2024-09-08,Technical,High,11.86,4.9,resolved
TKT0006957,CUS002715,2024-11-09,2024-11-11,Technical,Low,60.94,3.2,resolved
TKT0006958,CUS003458,2023-01-28,2023-01-28,Performance,Low,6.45,,resolved
TKT0006959,CUS004065,2023-06-17,2023-06-17,Performance,Critical,3.86,5.0,resolved
TKT0006960,CUS002431,2023-06-03,2023-06-03,Integration,Medium,5.78,4.9,resolved
TKT0006961,CUS000038,2023-12-25,2023-12-25,Technical,Medium,7.9,4.8,resolved
TKT0006962,CUS002122,2024-07-15,2024-07-15,Billing,Medium,18.51,4.9,resolved
TKT0006963,CUS003083,2023-04-04,2023-04-05,Account,High,37.75,1.9,resolved
TKT0006964,CUS000711,2023-09-05,2023-09-05,Performance,Medium,6.45,4.7,resolved
TKT0006965,CUS004631,2024-10-05,2024-10-05,Performance,Low,11.87,,resolved
TKT0006966,CUS000896,2023-05-19,2023-05-19,Account,High,7.98,4.3,resolved
TKT0006967,CUS000772,2024-04-30,2024-04-30,Performance,Medium,10.8,,resolved
TKT0006968,CUS000007,2023-10-15,2023-10-15,Account,High,17.36,4.6,resolved
TKT0006969,CUS001250,2023-03-22,2023-03-22,Billing,High,13.16,,resolved
TKT0006970,CUS004172,2023-08-08,2023-08-08,Integration,Low,9.65,3.5,resolved
TKT0006971,CUS003594,2024-09-09,2024-09-09,Technical,Medium,5.4,5.0,resolved
TKT0006972,CUS000759,2024-01-24,2024-01-24,Account,High,6.12,5.0,resolved
TKT0006973,CUS004665,2024-12-26,2024-12-26,Integration,High,10.78,4.4,resolved
TKT0006974,CUS003206,2023-12-14,2023-12-14,Account,Medium,4.92,4.2,resolved
TKT0006975,CUS002541,2024-11-27,2024-11-27,Integration,Critical,9.9,4.8,resolved
TKT0006976,CUS000633,2023-01-21,2023-01-21,Account,Low,14.41,3.8,resolved
TKT0006977,CUS004448,2023-02-01,2023-02-02,Performance,High,43.04,2.4,resolved
TKT0006978,CUS003016,2024-11-15,2024-11-15,Integration,High,13.34,5.0,resolved
TKT0006979,CUS000693,2024-08-03,2024-08-03,Technical,Medium,8.82,5.0,resolved
TKT0006980,CUS002421,2024-12-29,2024-12-29,Technical,Low,16.11,4.6,resolved
TKT0006981,CUS000184,2024-11-07,2024-11-07,Billing,High,12.13,5.0,resolved
TKT0006982,CUS000379,2024-04-24,2024-04-25,Technical,Medium,25.03,3.1,resolved
TKT0006983,CUS000933,2024-12-28,2024-12-28,Integration,Low,13.7,5.0,resolved
TKT0006984,CUS002142,2023-01-01,2023-01-01,Technical,Critical,6.19,5.0,resolved
TKT0006985,CUS004086,2024-11-20,2024-11-20,Integration,Medium,11.3,5.0,resolved
TKT0006986,CUS003360,2024-03-27,2024-03-27,Billing,Medium,4.4,5.0,resolved
TKT0006987,CUS003424,2024-10-02,2024-10-02,Account,High,11.68,4.6,resolved
TKT0006988,CUS000377,2024-03-18,2024-03-18,Technical,Medium,14.67,4.7,resolved
TKT0006989,CUS000996,2024-10-23,2024-10-24,Technical,High,38.58,3.8,resolved
TKT0006990,CUS002232,2024-04-02,2024-04-03,Performance,Medium,25.67,3.8,resolved
TKT0006991,CUS004686,2023-06-07,2023-06-07,Account,Low,10.88,5.0,resolved
TKT0006992,CUS003140,2024-01-31,2024-01-31,Account,Low,2.39,2.9,resolved
TKT0006993,CUS001049,2024-11-29,2024-11-30,Performance,Medium,25.61,2.6,resolved
TKT0006994,CUS000026,2024-04-24,2024-04-25,Billing,High,35.71,3.8,resolved
TKT0006995,CUS000323,2024-07-16,2024-07-17,Technical,Medium,35.87,3.4,resolved
TKT0006996,CUS000885,2024-03-15,2024-03-15,Account,High,9.71,4.9,resolved
TKT0006997,CUS003152,2023-08-12,2023-08-12,Billing,Low,7.16,4.5,resolved
TKT0006998,CUS000727,2023-10-22,2023-10-22,Technical,Medium,22.66,2.8,resolved
TKT0006999,CUS000205,2023-11-30,2023-11-30,Performance,High,16.4,5.0,resolved
TKT0007000,CUS002890,2024-06-29,2024-06-29,Integration,Medium,10.25,5.0,resolved
TKT0007001,CUS000891,2023-08-21,2023-08-21,Billing,Low,8.54,5.0,resolved
TKT0007002,CUS001122,2023-11-25,2023-11-25,Performance,Low,2.6,3.7,resolved
TKT0007003,CUS004830,2024-05-20,2024-05-20,Technical,Medium,6.3,,resolved
TKT0007004,CUS004064,2023-03-17,2023-03-17,Technical,Low,11.14,5.0,resolved
TKT0007005,CUS004168,2023-04-03,2023-04-03,Integration,Low,15.21,4.7,resolved
TKT0007006,CUS000154,2023-03-13,2023-03-13,Billing,Medium,10.29,4.6,resolved
TKT0007007,CUS004854,2023-08-14,2023-08-15,Integration,Low,24.16,3.4,resolved
TKT0007008,CUS002415,2024-04-04,2024-04-04,Integration,Low,3.63,5.0,resolved
TKT0007009,CUS000439,2024-06-12,2024-06-12,Billing,Low,20.58,3.7,resolved
TKT0007010,CUS001580,2023-12-22,2023-12-23,Account,Low,43.71,3.2,resolved
TKT0007011,CUS000513,2024-07-31,2024-07-31,Integration,Medium,16.25,4.0,resolved
TKT0007012,CUS001645,2023-03-29,2023-03-30,Performance,Medium,24.28,3.7,resolved
TKT0007013,CUS000644,2023-12-31,2023-12-31,Account,Low,14.62,3.8,resolved
TKT0007014,CUS001251,2024-09-18,2024-09-18,Integration,Low,19.87,4.0,resolved
TKT0007015,CUS000338,2024-03-23,2024-03-23,Billing,Medium,19.4,4.1,resolved
TKT0007016,CUS001287,2023-01-24,2023-01-25,Billing,Medium,39.92,3.8,resolved
TKT0007017,CUS001711,2024-06-30,2024-07-01,Account,Low,29.72,3.6,resolved
TKT0007018,CUS004578,2024-07-26,2024-07-26,Billing,Medium,5.48,3.0,resolved
TKT0007019,CUS000949,2023-12-13,2023-12-13,Integration,High,6.53,5.0,resolved
TKT0007020,CUS004134,2024-05-03,2024-05-03,Performance,Low,12.66,4.1,resolved
TKT0007021,CUS004085,2024-03-30,2024-03-30,Performance,Medium,2.08,4.0,resolved
TKT0007022,CUS002821,2023-07-21,2023-07-21,Performance,Low,13.55,5.0,resolved
TKT0007023,CUS002199,2023-04-05,2023-04-05,Billing,Medium,14.86,4.9,resolved
TKT0007024,CUS002012,2024-05-09,2024-05-10,Billing,Medium,26.27,3.5,resolved
TKT0007025,CUS004554,2024-11-28,2024-11-28,Technical,Medium,3.4,4.2,resolved
TKT0007026,CUS004765,2023-09-03,2023-09-03,Integration,Medium,5.27,5.0,resolved
TKT0007027,CUS003505,2023-06-06,2023-06-06,Performance,Low,11.27,4.3,resolved
TKT0007028,CUS004312,2023-02-12,2023-02-12,Billing,High,10.21,4.6,resolved
TKT0007029,CUS003919,2023-11-26,2023-11-26,Performance,Medium,10.62,4.6,resolved
TKT0007030,CUS003571,2023-02-08,2023-02-09,Performance,Medium,31.67,2.2,resolved
TKT0007031,CUS001205,2024-10-26,2024-10-26,Technical,Medium,21.45,3.6,resolved
TKT0007032,CUS002080,2024-07-19,2024-07-20,Integration,Medium,44.83,2.4,resolved
TKT0007033,CUS001245,2023-10-07,2023-10-07,Performance,Low,22.12,3.9,resolved
TKT0007034,CUS003770,2023-11-11,2023-11-11,Technical,Low,11.4,4.5,resolved
TKT0007035,CUS001507,2023-06-04,2023-06-04,Integration,Medium,12.64,3.4,resolved
TKT0007036,CUS003516,2024-06-24,2024-06-25,Technical,Medium,32.1,3.0,resolved
TKT0007037,CUS001663,2024-09-11,2024-09-12,Performance,Medium,34.13,3.1,resolved
TKT0007038,CUS000311,2024-08-08,2024-08-08,Performance,Medium,12.12,,resolved
TKT0007039,CUS004460,2023-03-26,2023-03-27,Technical,Low,24.94,4.5,resolved
TKT0007040,CUS002083,2023-12-21,2023-12-21,Integration,Low,7.87,5.0,resolved
TKT0007041,CUS001153,2024-08-21,2024-08-21,Performance,Medium,14.76,5.0,resolved
TKT0007042,CUS002686,2023-07-09,2023-07-09,Account,High,8.94,4.0,resolved
TKT0007043,CUS000670,2023-04-09,2023-04-09,Technical,Low,7.01,5.0,resolved
TKT0007044,CUS000054,2024-04-12,2024-04-14,Integration,Low,49.69,2.6,resolved
TKT0007045,CUS000116,2023-01-20,2023-01-20,Technical,High,17.95,4.0,resolved
TKT0007046,CUS004951,2023-07-28,2023-07-29,Performance,High,24.49,4.0,resolved
TKT0007047,CUS003974,2023-06-02,2023-06-03,Performance,Medium,42.83,3.6,resolved
TKT0007048,CUS004216,2023-11-27,2023-11-27,Performance,High,18.91,3.9,resolved
TKT0007049,CUS002468,2023-08-27,2023-08-27,Integration,Low,20.28,4.7,resolved
TKT0007050,CUS002666,2024-06-23,2024-06-24,Integration,Low,26.47,3.9,resolved
TKT0007051,CUS000923,2023-10-24,2023-10-24,Account,High,12.46,4.5,resolved
TKT0007052,CUS002500,2023-11-05,2023-11-05,Technical,Low,10.66,5.0,resolved
TKT0007053,CUS002915,2024-08-08,2024-08-08,Performance,Low,10.17,4.0,resolved
TKT0007054,CUS004111,2023-05-26,2023-05-27,Billing,Low,29.8,,resolved
TKT0007055,CUS004263,2024-09-29,2024-09-29,Performance,Medium,10.07,5.0,resolved
TKT0007056,CUS004094,2024-04-29,2024-04-29,Billing,Medium,7.43,5.0,resolved
TKT0007057,CUS004761,2023-09-16,2023-09-16,Technical,Critical,13.16,4.2,resolved
TKT0007058,CUS004527,2023-09-06,2023-09-06,Billing,High,6.95,4.9,resolved
TKT0007059,CUS001388,2023-05-03,2023-05-04,Technical,High,26.11,2.8,resolved
TKT0007060,CUS000989,2023-02-06,2023-02-06,Integration,Medium,17.98,3.6,resolved
TKT0007061,CUS001883,2023-10-14,2023-10-14,Account,Low,11.95,5.0,resolved
TKT0007062,CUS000420,2023-12-01,2023-12-01,Technical,Medium,5.58,4.5,resolved
TKT0007063,CUS004148,2024-07-19,2024-07-19,Technical,Low,15.91,3.6,resolved
TKT0007064,CUS002339,2024-02-23,2024-02-23,Technical,Medium,16.37,,resolved
TKT0007065,CUS000604,2024-12-02,2024-12-02,Integration,Medium,11.75,,resolved
TKT0007066,CUS002296,2023-01-17,2023-01-17,Integration,Medium,6.27,5.0,resolved
TKT0007067,CUS002770,2023-08-07,2023-08-07,Billing,Medium,14.04,5.0,resolved
TKT0007068,CUS001820,2024-06-18,2024-06-19,Performance,High,27.47,3.6,resolved
TKT0007069,CUS001582,2023-01-24,2023-01-24,Account,Low,7.77,4.4,resolved
TKT0007070,CUS002225,2023-04-25,2023-04-26,Integration,High,44.94,2.0,resolved
TKT0007071,CUS001251,2024-10-04,2024-10-04,Performance,Low,6.31,4.3,resolved
TKT0007072,CUS001890,2024-10-13,2024-10-14,Technical,Medium,24.9,3.5,resolved
TKT0007073,CUS003525,2023-08-31,2023-09-01,Integration,High,26.29,,resolved
TKT0007074,CUS004520,2023-04-28,2023-04-28,Account,Medium,13.19,5.0,resolved
TKT0007075,CUS000261,2024-04-15,2024-04-16,Billing,Medium,44.48,2.5,resolved
TKT0007076,CUS004852,2023-09-20,2023-09-21,Integration,Medium,35.65,3.5,resolved
TKT0007077,CUS002122,2023-04-14,2023-04-14,Performance,Medium,6.97,5.0,resolved
TKT0007078,CUS004214,2023-11-21,2023-11-21,Performance,Medium,12.22,4.8,resolved
TKT0007079,CUS003297,2023-11-29,2023-11-29,Account,Low,10.83,4.4,resolved
TKT0007080,CUS004114,2023-11-28,2023-11-28,Account,Critical,12.79,5.0,resolved
TKT0007081,CUS000784,2023-11-11,2023-11-11,Billing,Low,11.24,,resolved
TKT0007082,CUS000634,2024-06-06,2024-06-06,Performance,Medium,2.86,5.0,resolved
TKT0007083,CUS000231,2024-03-18,2024-03-18,Performance,Medium,7.84,3.9,resolved
TKT0007084,CUS001087,2024-10-02,2024-10-02,Account,Low,18.75,4.9,resolved
TKT0007085,CUS003231,2024-03-27,2024-03-28,Technical,Medium,24.64,3.4,resolved
TKT0007086,CUS002523,2024-10-18,2024-10-18,Billing,Low,17.81,4.8,resolved
TKT0007087,CUS003327,2023-12-01,2023-12-01,Account,Low,9.82,4.9,resolved
TKT0007088,CUS004864,2023-10-05,2023-10-05,Performance,Medium,20.42,3.4,resolved
TKT0007089,CUS000809,2024-12-14,2024-12-16,Performance,High,58.82,2.2,resolved
TKT0007090,CUS001111,2023-01-02,2023-01-02,Technical,High,14.72,4.0,resolved
TKT0007091,CUS001127,2024-12-09,2024-12-09,Performance,Low,10.89,4.2,resolved
TKT0007092,CUS003619,2023-09-10,2023-09-11,Billing,High,31.32,4.3,resolved
TKT0007093,CUS000153,2023-06-02,2023-06-02,Technical,Low,7.17,4.0,resolved
TKT0007094,CUS001692,2024-07-24,2024-07-24,Performance,Low,17.12,,resolved
TKT0007095,CUS002757,2023-11-23,2023-11-23,Performance,High,2.6,5.0,resolved
TKT0007096,CUS000068,2024-11-01,2024-11-01,Performance,High,13.9,4.4,resolved
TKT0007097,CUS004658,2023-11-26,2023-11-26,Billing,Medium,4.39,4.4,resolved
TKT0007098,CUS004809,2024-12-21,2024-12-21,Account,Low,17.09,4.6,resolved
TKT0007099,CUS004106,2023-10-30,2023-10-30,Integration,Low,10.74,,resolved
TKT0007100,CUS002370,2023-05-13,2023-05-13,Integration,Medium,16.06,4.0,resolved
TKT0007101,CUS002941,2023-01-25,2023-01-25,Technical,Medium,7.45,3.4,resolved
TKT0007102,CUS000122,2023-09-25,2023-09-25,Performance,Critical,7.85,5.0,resolved
TKT0007103,CUS004018,2024-03-15,2024-03-15,Technical,Medium,11.61,4.9,resolved
TKT0007104,CUS000064,2024-04-24,2024-04-25,Technical,Medium,32.44,,resolved
TKT0007105,CUS003150,2023-07-23,2023-07-23,Billing,High,13.18,3.8,resolved
TKT0007106,CUS000449,2024-01-18,2024-01-18,Integration,High,6.14,4.1,resolved
TKT0007107,CUS003954,2023-01-09,2023-01-09,Account,Low,10.12,4.9,resolved
TKT0007108,CUS002659,2024-05-06,2024-05-06,Performance,Medium,6.97,4.9,resolved
TKT0007109,CUS000791,2024-05-11,2024-05-11,Performance,Medium,7.96,5.0,resolved
TKT0007110,CUS000334,2023-01-16,2023-01-16,Technical,Low,7.93,5.0,resolved
TKT0007111,CUS001229,2024-09-24,2024-09-24,Performance,Low,7.55,4.2,resolved
TKT0007112,CUS004847,2024-06-28,2024-06-28,Integration,Critical,16.4,3.6,resolved
TKT0007113,CUS000607,2023-01-25,2023-01-25,Technical,Low,16.27,4.4,resolved
TKT0007114,CUS002296,2023-02-24,2023-02-24,Technical,Medium,6.65,5.0,resolved
TKT0007115,CUS001365,2024-08-27,2024-08-27,Technical,Medium,9.25,5.0,resolved
TKT0007116,CUS003313,2024-09-06,2024-09-08,Integration,Medium,53.83,2.4,resolved
TKT0007117,CUS003831,2024-03-23,2024-03-23,Performance,Medium,23.88,3.4,resolved
TKT0007118,CUS004684,2023-08-20,2023-08-21,Billing,High,41.38,2.6,resolved
TKT0007119,CUS002340,2023-09-01,2023-09-01,Integration,Medium,9.55,3.8,resolved
TKT0007120,CUS002324,2023-12-19,2023-12-19,Billing,Low,8.52,5.0,resolved
TKT0007121,CUS001398,2024-03-06,2024-03-06,Account,High,6.34,4.8,resolved
TKT0007122,CUS003741,2024-05-21,2024-05-21,Performance,Medium,10.91,2.5,resolved
TKT0007123,CUS004956,2024-01-08,2024-01-08,Technical,Low,20.89,4.4,resolved
TKT0007124,CUS001794,2023-11-24,2023-11-25,Billing,High,24.38,3.8,resolved
TKT0007125,CUS003513,2024-04-16,2024-04-16,Technical,Low,13.39,4.1,resolved
TKT0007126,CUS003855,2024-10-12,2024-10-12,Billing,Medium,11.78,4.7,resolved
TKT0007127,CUS004064,2024-01-15,2024-01-15,Account,Critical,6.18,5.0,resolved
TKT0007128,CUS003036,2023-12-29,2023-12-29,Integration,Low,16.04,4.7,resolved
TKT0007129,CUS002037,2023-11-12,2023-11-13,Performance,High,25.87,4.0,resolved
TKT0007130,CUS002974,2024-10-24,2024-10-24,Technical,Medium,17.05,4.4,resolved
TKT0007131,CUS000505,2023-01-18,2023-01-18,Integration,Critical,23.67,3.6,resolved
TKT0007132,CUS004851,2023-03-21,2023-03-21,Performance,Medium,13.43,5.0,resolved
TKT0007133,CUS000787,2023-09-16,2023-09-16,Account,Medium,17.51,,resolved
TKT0007134,CUS001090,2023-11-06,2023-11-06,Integration,Medium,4.44,5.0,resolved
TKT0007135,CUS003006,2023-08-24,2023-08-25,Performance,High,33.38,2.6,resolved
TKT0007136,CUS002711,2023-10-26,2023-10-27,Performance,Medium,35.83,3.0,resolved
TKT0007137,CUS000328,2023-05-27,2023-05-28,Technical,Low,32.3,3.7,resolved
TKT0007138,CUS002816,2024-10-23,2024-10-24,Integration,Medium,39.82,,resolved
TKT0007139,CUS003325,2023-07-29,2023-07-29,Technical,Medium,8.7,4.5,resolved
TKT0007140,CUS002409,2023-05-01,2023-05-02,Technical,High,31.54,3.9,resolved
TKT0007141,CUS002902,2024-12-09,2024-12-09,Billing,High,8.66,3.8,resolved
TKT0007142,CUS000584,2024-12-15,2024-12-15,Technical,Medium,8.03,5.0,resolved
TKT0007143,CUS004485,2023-06-10,2023-06-10,Technical,Medium,8.63,4.5,resolved
TKT0007144,CUS004965,2023-07-17,2023-07-17,Account,Medium,13.23,5.0,resolved
TKT0007145,CUS003082,2023-03-14,2023-03-14,Account,Medium,16.27,3.7,resolved
TKT0007146,CUS002763,2023-09-05,2023-09-05,Account,Medium,13.72,,resolved
TKT0007147,CUS003503,2024-09-25,2024-09-25,Billing,Medium,14.52,4.6,resolved
TKT0007148,CUS004423,2023-06-06,2023-06-07,Integration,Low,27.55,2.4,resolved
TKT0007149,CUS000925,2024-01-12,2024-01-13,Technical,Medium,37.35,3.3,resolved
TKT0007150,CUS002492,2024-05-19,2024-05-19,Billing,Medium,15.17,4.7,resolved
TKT0007151,CUS002032,2024-11-03,2024-11-03,Technical,Medium,10.3,4.2,resolved
TKT0007152,CUS000804,2023-05-15,2023-05-16,Billing,Medium,27.68,4.5,resolved
TKT0007153,CUS002072,2023-01-27,2023-01-27,Technical,Medium,20.45,3.2,resolved
TKT0007154,CUS004387,2024-04-04,2024-04-04,Integration,Critical,15.78,3.5,resolved
TKT0007155,CUS000572,2024-02-04,2024-02-04,Account,Low,15.21,3.9,resolved
TKT0007156,CUS000909,2023-02-21,2023-02-23,Account,Low,59.5,,resolved
TKT0007157,CUS003212,2023-08-13,2023-08-13,Integration,Low,7.55,4.9,resolved
TKT0007158,CUS001061,2023-10-23,2023-10-23,Billing,Critical,19.2,4.6,resolved
TKT0007159,CUS000869,2023-09-19,2023-09-19,Technical,Low,12.04,,resolved
TKT0007160,CUS004621,2024-07-31,2024-07-31,Billing,Low,3.9,4.6,resolved
TKT0007161,CUS002211,2024-06-26,2024-06-26,Integration,Low,6.22,4.6,resolved
TKT0007162,CUS001069,2024-02-02,2024-02-02,Technical,Medium,5.59,5.0,resolved
TKT0007163,CUS002541,2024-06-27,2024-06-27,Technical,High,18.35,3.3,resolved
TKT0007164,CUS000334,2024-01-26,2024-01-26,Performance,Low,4.01,4.1,resolved
TKT0007165,CUS001166,2023-12-13,2023-12-13,Account,Critical,10.26,4.6,resolved
TKT0007166,CUS002866,2024-03-24,2024-03-24,Performance,Medium,11.98,4.7,resolved
TKT0007167,CUS000911,2023-01-26,2023-01-26,Billing,Medium,8.06,5.0,resolved
TKT0007168,CUS004619,2023-01-05,2023-01-05,Integration,Low,15.32,,resolved
TKT0007169,CUS001224,2024-11-14,2024-11-14,Technical,Low,19.24,3.7,resolved
TKT0007170,CUS001436,2024-04-03,2024-04-03,Performance,Medium,6.3,4.3,resolved
TKT0007171,CUS003536,2023-01-07,2023-01-07,Integration,Low,11.31,4.8,resolved
TKT0007172,CUS004321,2024-11-04,2024-11-04,Performance,Low,2.71,5.0,resolved
TKT0007173,CUS000415,2024-01-21,2024-01-21,Account,High,12.73,5.0,resolved
TKT0007174,CUS002798,2023-11-04,2023-11-05,Technical,Medium,40.33,2.7,resolved
TKT0007175,CUS003665,2023-05-28,2023-05-29,Account,High,29.38,3.0,resolved
TKT0007176,CUS004317,2024-06-01,2024-06-01,Billing,Medium,9.32,5.0,resolved
TKT0007177,CUS000439,2023-12-28,2023-12-28,Account,Low,13.88,4.4,resolved
TKT0007178,CUS004971,2024-11-28,2024-11-29,Performance,High,30.85,4.1,resolved
TKT0007179,CUS000497,2023-02-27,2023-02-27,Billing,Critical,16.12,4.3,resolved
TKT0007180,CUS004012,2024-06-29,2024-06-29,Account,Medium,18.71,,resolved
TKT0007181,CUS000748,2023-01-17,2023-01-17,Billing,Medium,16.33,3.2,resolved
TKT0007182,CUS003094,2024-03-21,2024-03-21,Integration,Critical,12.67,4.0,resolved
TKT0007183,CUS001707,2024-09-10,2024-09-10,Account,High,9.91,5.0,resolved
TKT0007184,CUS001707,2024-02-29,2024-02-29,Integration,Medium,6.89,5.0,resolved
TKT0007185,CUS001862,2023-06-09,2023-06-10,Technical,Medium,31.04,4.4,resolved
TKT0007186,CUS003594,2024-01-24,2024-01-24,Performance,Low,6.04,5.0,resolved
TKT0007187,CUS001948,2023-07-06,2023-07-06,Performance,Medium,7.91,4.6,resolved
TKT0007188,CUS004665,2024-01-01,2024-01-01,Billing,Low,13.92,4.7,resolved
TKT0007189,CUS000998,2023-01-14,2023-01-14,Technical,Medium,3.61,5.0,resolved
TKT0007190,CUS000023,2024-11-16,2024-11-16,Technical,Medium,10.8,4.2,resolved
TKT0007191,CUS000879,2024-08-15,2024-08-15,Performance,Medium,6.03,,resolved
TKT0007192,CUS004795,2023-01-16,2023-01-16,Performance,Medium,11.87,4.7,resolved
TKT0007193,CUS003211,2024-02-16,2024-02-16,Performance,High,19.41,3.5,resolved
TKT0007194,CUS003083,2024-01-17,2024-01-19,Account,Medium,59.48,2.2,resolved
TKT0007195,CUS004889,2024-08-15,2024-08-15,Performance,Low,9.76,4.9,resolved
TKT0007196,CUS002285,2023-09-08,2023-09-08,Account,Medium,4.11,4.4,resolved
TKT0007197,CUS001570,2023-11-20,2023-11-20,Performance,Low,22.22,3.4,resolved
TKT0007198,CUS000049,2023-09-13,2023-09-13,Performance,High,7.03,,resolved
TKT0007199,CUS001397,2024-04-13,2024-04-13,Integration,High,11.37,4.6,resolved
TKT0007200,CUS002398,2023-09-27,2023-09-27,Billing,Medium,7.63,4.3,resolved
TKT0007201,CUS000009,2024-01-21,2024-01-22,Billing,Medium,25.27,4.7,resolved
TKT0007202,CUS004298,2023-02-16,2023-02-16,Account,High,12.98,5.0,resolved
TKT0007203,CUS002749,2024-07-21,2024-07-21,Billing,Critical,8.31,5.0,resolved
TKT0007204,CUS004394,2023-04-13,2023-04-13,Billing,Low,10.62,4.3,resolved
TKT0007205,CUS003545,2023-09-07,2023-09-07,Performance,Medium,7.74,4.4,resolved
TKT0007206,CUS003137,2024-05-09,2024-05-09,Integration,Medium,10.83,,resolved
TKT0007207,CUS003554,2023-03-26,2023-03-26,Billing,Low,7.91,5.0,resolved
TKT0007208,CUS003700,2024-04-19,2024-04-20,Account,Medium,42.81,2.2,resolved
TKT0007209,CUS002012,2023-06-21,2023-06-21,Technical,High,8.82,5.0,resolved
TKT0007210,CUS003583,2024-12-03,2024-12-03,Account,Critical,7.89,5.0,resolved
TKT0007211,CUS004328,2024-02-12,2024-02-12,Technical,Low,3.43,5.0,resolved
TKT0007212,CUS003760,2024-02-08,2024-02-08,Account,Low,5.35,5.0,resolved
TKT0007213,CUS003377,2023-07-22,2023-07-22,Performance,Medium,15.16,4.6,resolved
TKT0007214,CUS004168,2024-09-13,2024-09-13,Performance,Low,9.47,4.4,resolved
TKT0007215,CUS001049,2023-05-02,2023-05-02,Account,High,14.08,4.9,resolved
TKT0007216,CUS001625,2024-04-30,2024-04-30,Performance,Low,16.54,5.0,resolved
TKT0007217,CUS002899,2024-10-10,2024-10-10,Performance,High,23.59,4.0,resolved
TKT0007218,CUS001020,2024-01-13,2024-01-13,Performance,Low,6.19,5.0,resolved
TKT0007219,CUS003469,2023-08-24,2023-08-24,Account,Low,14.96,3.4,resolved
TKT0007220,CUS003772,2024-08-02,2024-08-02,Account,Medium,4.73,4.4,resolved
TKT0007221,CUS000125,2023-01-26,2023-01-26,Account,High,18.95,3.7,resolved
TKT0007222,CUS003303,2023-05-25,2023-05-27,Technical,Critical,61.27,1.5,resolved
TKT0007223,CUS000148,2024-02-25,2024-02-25,Billing,High,8.43,,resolved
TKT0007224,CUS000232,2023-07-28,2023-07-28,Billing,High,8.3,4.4,resolved
TKT0007225,CUS000753,2024-06-27,2024-06-27,Billing,Low,16.45,4.4,resolved
TKT0007226,CUS001150,2023-03-25,2023-03-25,Integration,Medium,20.06,4.0,resolved
TKT0007227,CUS004309,2023-05-05,2023-05-05,Billing,Low,20.6,4.4,resolved
TKT0007228,CUS002801,2024-07-12,2024-07-12,Integration,Medium,12.46,4.1,resolved
TKT0007229,CUS000271,2023-12-31,2023-12-31,Billing,High,4.43,4.0,resolved
TKT0007230,CUS004808,2024-07-25,2024-07-25,Billing,Low,10.13,5.0,resolved
TKT0007231,CUS002345,2023-03-19,2023-03-19,Technical,Medium,15.59,4.5,resolved
TKT0007232,CUS002764,2023-12-27,2023-12-27,Account,Critical,5.0,5.0,resolved
TKT0007233,CUS003534,2023-05-22,2023-05-22,Technical,Critical,4.51,,resolved
TKT0007234,CUS004186,2024-08-23,2024-08-23,Integration,Medium,7.43,4.2,resolved
TKT0007235,CUS002964,2023-07-08,2023-07-08,Account,Low,11.67,4.7,resolved
TKT0007236,CUS003132,2024-05-26,2024-05-26,Technical,Low,15.42,3.8,resolved
TKT0007237,CUS000432,2024-08-04,2024-08-04,Integration,Medium,17.01,2.8,resolved
TKT0007238,CUS000267,2024-05-25,2024-05-25,Performance,Critical,6.14,4.5,resolved
TKT0007239,CUS001303,2023-05-13,2023-05-13,Technical,Low,3.27,4.5,resolved
TKT0007240,CUS002756,2023-04-22,2023-04-23,Billing,Medium,45.84,3.1,resolved
TKT0007241,CUS004483,2023-03-09,2023-03-09,Billing,Medium,22.58,3.8,resolved
TKT0007242,CUS000871,2024-09-05,2024-09-05,Billing,Medium,13.12,4.9,resolved
TKT0007243,CUS004692,2023-09-28,2023-09-28,Billing,Medium,16.83,4.6,resolved
TKT0007244,CUS001328,2023-05-20,2023-05-20,Performance,Medium,12.49,,resolved
TKT0007245,CUS004096,2024-12-19,2024-12-19,Account,High,9.38,3.9,resolved
TKT0007246,CUS001430,2023-06-29,2023-06-30,Billing,Low,31.99,3.7,resolved
TKT0007247,CUS002033,2024-01-30,2024-01-30,Integration,High,11.55,3.7,resolved
TKT0007248,CUS003512,2024-05-13,2024-05-13,Performance,Medium,9.44,4.1,resolved
TKT0007249,CUS004408,2024-01-21,2024-01-21,Integration,Low,11.5,5.0,resolved
TKT0007250,CUS001230,2024-01-01,2024-01-01,Integration,Medium,12.07,4.4,resolved
TKT0007251,CUS003858,2024-08-03,2024-08-03,Account,Low,11.7,,resolved
TKT0007252,CUS004964,2023-02-22,2023-02-22,Account,Medium,8.74,3.7,resolved
TKT0007253,CUS002004,2023-12-10,2023-12-10,Billing,Medium,11.17,5.0,resolved
TKT0007254,CUS000491,2024-11-15,2024-11-15,Technical,Medium,15.11,4.7,resolved
TKT0007255,CUS002873,2024-06-10,2024-06-10,Performance,Medium,4.07,4.6,resolved
TKT0007256,CUS001188,2023-12-15,2023-12-15,Account,Low,4.05,5.0,resolved
TKT0007257,CUS000464,2023-02-18,2023-02-18,Billing,High,8.96,5.0,resolved
TKT0007258,CUS003032,2023-10-21,2023-10-21,Billing,High,22.06,3.3,resolved
TKT0007259,CUS001765,2023-07-22,2023-07-22,Account,Medium,3.7,5.0,resolved
TKT0007260,CUS001516,2023-06-28,2023-06-28,Account,Medium,13.89,3.8,resolved
TKT0007261,CUS004551,2023-11-08,2023-11-08,Integration,Medium,7.76,5.0,resolved
TKT0007262,CUS000556,2023-06-12,2023-06-12,Integration,Medium,13.36,5.0,resolved
TKT0007263,CUS002247,2023-08-31,2023-08-31,Integration,Medium,12.13,,resolved
TKT0007264,CUS003566,2023-12-18,2023-12-19,Billing,Medium,31.69,3.3,resolved
TKT0007265,CUS003110,2023-01-25,2023-01-25,Account,Low,9.57,5.0,resolved
TKT0007266,CUS003210,2023-04-02,2023-04-02,Technical,Medium,6.26,5.0,resolved
TKT0007267,CUS004018,2023-12-28,2023-12-30,Billing,Medium,61.14,1.4,resolved
TKT0007268,CUS001702,2023-06-18,2023-06-18,Billing,Critical,18.41,3.3,resolved
TKT0007269,CUS002278,2023-07-13,2023-07-13,Performance,High,11.52,,resolved
TKT0007270,CUS001652,2023-08-20,2023-08-20,Billing,High,9.64,4.6,resolved
TKT0007271,CUS001286,2023-11-23,2023-11-24,Billing,High,25.03,,resolved
TKT0007272,CUS001842,2023-02-20,2023-02-20,Billing,Medium,8.1,5.0,resolved
TKT0007273,CUS001693,2024-09-23,2024-09-23,Integration,High,7.34,5.0,resolved
TKT0007274,CUS002126,2023-07-05,2023-07-05,Account,Low,6.8,3.4,resolved
TKT0007275,CUS004277,2023-03-27,2023-03-27,Account,Low,13.37,5.0,resolved
TKT0007276,CUS001753,2024-07-13,2024-07-13,Performance,Medium,6.7,,resolved
TKT0007277,CUS002235,2024-01-03,2024-01-03,Technical,Medium,6.53,4.9,resolved
TKT0007278,CUS002164,2023-11-04,2023-11-04,Billing,Critical,5.25,4.2,resolved
TKT0007279,CUS001420,2023-09-28,2023-09-28,Billing,Low,17.82,3.1,resolved
TKT0007280,CUS002416,2023-04-04,2023-04-04,Billing,Low,13.09,4.7,resolved
TKT0007281,CUS004326,2023-08-12,2023-08-12,Billing,High,17.17,4.0,resolved
TKT0007282,CUS001377,2024-07-31,2024-07-31,Integration,Critical,7.5,4.4,resolved
TKT0007283,CUS002444,2023-10-15,2023-10-15,Technical,Medium,10.02,4.0,resolved
TKT0007284,CUS002426,2024-05-03,2024-05-04,Technical,Medium,35.93,2.0,resolved
TKT0007285,CUS003460,2023-03-29,2023-03-29,Integration,Medium,10.47,4.5,resolved
TKT0007286,CUS002512,2023-08-09,2023-08-10,Billing,High,32.23,3.5,resolved
TKT0007287,CUS001136,2024-02-21,2024-02-21,Performance,Low,13.7,4.9,resolved
TKT0007288,CUS001853,2023-01-07,2023-01-07,Integration,High,23.33,4.0,resolved
TKT0007289,CUS000871,2023-11-20,2023-11-21,Integration,Low,30.95,3.5,resolved
TKT0007290,CUS000439,2023-09-20,2023-09-20,Account,Medium,6.27,4.1,resolved
TKT0007291,CUS000821,2024-10-12,2024-10-12,Integration,Critical,7.35,5.0,resolved
TKT0007292,CUS000495,2023-10-27,2023-10-27,Integration,Medium,2.46,4.8,resolved
TKT0007293,CUS000460,2023-02-08,2023-02-08,Account,Low,3.12,5.0,resolved
TKT0007294,CUS000715,2024-09-26,2024-09-26,Performance,Low,5.69,4.4,resolved
TKT0007295,CUS001879,2024-05-26,2024-05-27,Billing,Low,39.59,3.5,resolved
TKT0007296,CUS000723,2023-12-31,2023-12-31,Integration,Low,10.35,5.0,resolved
TKT0007297,CUS002448,2023-01-28,2023-01-28,Technical,High,13.78,4.0,resolved
TKT0007298,CUS001286,2023-06-26,2023-06-26,Technical,Medium,7.67,5.0,resolved
TKT0007299,CUS004181,2023-12-07,2023-12-07,Integration,Low,8.55,5.0,resolved
TKT0007300,CUS000583,2023-03-04,2023-03-04,Technical,Low,15.84,5.0,resolved
TKT0007301,CUS003574,2023-09-13,2023-09-13,Technical,High,15.5,5.0,resolved
TKT0007302,CUS000363,2023-08-23,2023-08-23,Account,Low,9.15,4.7,resolved
TKT0007303,CUS004846,2023-06-08,2023-06-08,Technical,Medium,23.8,,resolved
TKT0007304,CUS003559,2023-06-13,2023-06-13,Performance,High,5.38,5.0,resolved
TKT0007305,CUS004306,2024-12-21,2024-12-21,Integration,Medium,11.71,3.5,resolved
TKT0007306,CUS000462,2024-08-14,2024-08-14,Billing,High,12.07,5.0,resolved
TKT0007307,CUS003060,2024-01-18,2024-01-18,Integration,Medium,3.48,5.0,resolved
TKT0007308,CUS000033,2024-11-09,2024-11-09,Performance,Medium,5.27,4.5,resolved
TKT0007309,CUS001863,2024-10-30,2024-10-30,Integration,Low,11.49,4.4,resolved
TKT0007310,CUS004910,2023-04-09,2023-04-09,Billing,Critical,7.72,5.0,resolved
TKT0007311,CUS001841,2024-02-10,2024-02-10,Billing,Medium,23.37,4.2,resolved
TKT0007312,CUS002894,2024-04-29,2024-04-29,Performance,Low,12.7,,resolved
TKT0007313,CUS002592,2024-12-04,2024-12-04,Account,Medium,5.85,4.6,resolved
TKT0007314,CUS001567,2024-09-22,2024-09-22,Billing,Medium,15.49,4.4,resolved
TKT0007315,CUS000288,2024-11-26,2024-11-26,Technical,Medium,18.88,4.7,resolved
TKT0007316,CUS004348,2024-01-30,2024-01-31,Integration,Low,31.82,3.8,resolved
TKT0007317,CUS003331,2023-02-19,2023-02-19,Integration,Low,5.2,4.2,resolved
TKT0007318,CUS004886,2023-05-15,2023-05-15,Account,Low,9.75,5.0,resolved
TKT0007319,CUS003098,2023-07-20,2023-07-20,Account,Low,3.62,,resolved
TKT0007320,CUS000537,2024-12-06,2024-12-06,Account,High,2.08,5.0,resolved
TKT0007321,CUS002229,2024-10-26,2024-10-26,Performance,Low,4.82,3.6,resolved
TKT0007322,CUS001330,2023-06-14,2023-06-14,Technical,Medium,6.95,4.6,resolved
TKT0007323,CUS004676,2023-08-25,2023-08-25,Integration,Low,19.54,3.7,resolved
TKT0007324,CUS001060,2023-05-28,2023-05-28,Account,Low,17.51,3.5,resolved
TKT0007325,CUS002237,2023-12-21,2023-12-21,Billing,Low,9.77,4.4,resolved
TKT0007326,CUS004720,2024-11-15,2024-11-16,Account,Low,25.32,4.4,resolved
TKT0007327,CUS000434,2023-06-10,2023-06-10,Technical,High,9.82,4.2,resolved
TKT0007328,CUS003726,2024-11-21,2024-11-22,Account,Low,24.29,2.9,resolved
TKT0007329,CUS003212,2024-09-02,2024-09-02,Account,Medium,6.21,5.0,resolved
TKT0007330,CUS002169,2024-10-31,2024-10-31,Billing,Medium,14.1,4.1,resolved
TKT0007331,CUS000509,2023-09-06,2023-09-06,Integration,High,11.94,,resolved
TKT0007332,CUS004180,2023-10-08,2023-10-08,Integration,Low,21.74,3.3,resolved
TKT0007333,CUS000132,2024-03-05,2024-03-06,Billing,Low,26.14,,resolved
TKT0007334,CUS003922,2023-12-29,2023-12-29,Integration,High,9.21,5.0,resolved
TKT0007335,CUS003036,2023-12-24,2023-12-24,Performance,Medium,4.13,5.0,resolved
TKT0007336,CUS000969,2024-05-20,2024-05-20,Account,Medium,9.19,5.0,resolved
TKT0007337,CUS002819,2024-04-15,2024-04-15,Account,Critical,13.34,5.0,resolved
TKT0007338,CUS003467,2024-02-02,2024-02-02,Billing,High,10.4,4.5,resolved
TKT0007339,CUS001950,2024-04-22,2024-04-26,Performance,Medium,104.93,1.0,resolved
TKT0007340,CUS004000,2023-09-26,2023-09-27,Technical,High,24.22,4.3,resolved
TKT0007341,CUS004780,2023-05-21,2023-05-21,Performance,Medium,14.65,5.0,resolved
TKT0007342,CUS003714,2024-05-09,2024-05-09,Performance,High,10.06,5.0,resolved
TKT0007343,CUS000012,2023-06-26,2023-06-26,Account,High,12.3,4.6,resolved
TKT0007344,CUS001716,2024-10-14,2024-10-14,Technical,Medium,23.22,3.4,resolved
TKT0007345,CUS004568,2023-08-22,2023-08-22,Performance,High,12.72,4.4,resolved
TKT0007346,CUS001695,2023-03-04,2023-03-04,Technical,Medium,10.93,4.1,resolved
TKT0007347,CUS000954,2024-08-03,2024-08-03,Account,Low,22.89,3.9,resolved
TKT0007348,CUS000729,2024-06-25,2024-06-25,Account,High,6.89,4.8,resolved
TKT0007349,CUS004003,2023-10-30,2023-10-30,Integration,Medium,13.62,4.6,resolved
TKT0007350,CUS001217,2024-08-27,2024-08-27,Integration,Medium,7.0,5.0,resolved
TKT0007351,CUS002303,2024-04-03,2024-04-05,Account,Medium,61.08,2.0,resolved
TKT0007352,CUS002524,2024-02-28,2024-02-28,Billing,Low,6.54,3.9,resolved
TKT0007353,CUS004815,2023-09-26,2023-09-27,Performance,High,38.16,2.6,resolved
TKT0007354,CUS003243,2024-11-01,2024-11-01,Performance,Medium,9.03,4.0,resolved
TKT0007355,CUS004798,2023-01-02,2023-01-02,Integration,Medium,7.03,5.0,resolved
TKT0007356,CUS001044,2023-09-07,2023-09-07,Performance,Low,10.27,3.4,resolved
TKT0007357,CUS004297,2024-01-31,2024-01-31,Billing,High,5.18,5.0,resolved
TKT0007358,CUS001029,2024-05-27,2024-05-27,Integration,Low,21.1,4.4,resolved
TKT0007359,CUS001381,2023-09-21,2023-09-22,Billing,Low,47.79,2.7,resolved
TKT0007360,CUS004892,2023-08-19,2023-08-19,Integration,High,23.0,3.2,resolved
TKT0007361,CUS002483,2024-09-02,2024-09-02,Integration,Low,18.64,4.1,resolved
TKT0007362,CUS001816,2024-10-02,2024-10-02,Performance,Medium,7.87,3.8,resolved
TKT0007363,CUS003267,2024-08-31,2024-08-31,Performance,Low,16.18,,resolved
TKT0007364,CUS003896,2023-11-16,2023-11-16,Integration,Low,11.47,4.6,resolved
TKT0007365,CUS002285,2024-04-22,2024-04-22,Billing,Medium,6.77,5.0,resolved
TKT0007366,CUS004172,2024-12-12,2024-12-17,Technical,Medium,124.37,1.0,resolved
TKT0007367,CUS003210,2023-03-15,2023-03-15,Performance,Critical,7.31,4.9,resolved
TKT0007368,CUS004287,2023-10-04,2023-10-04,Performance,Medium,11.07,5.0,resolved
TKT0007369,CUS004739,2024-04-20,2024-04-20,Account,Medium,14.86,,resolved
TKT0007370,CUS003211,2023-02-01,2023-02-01,Integration,High,21.0,3.1,resolved
TKT0007371,CUS003561,2023-11-23,2023-11-23,Performance,Low,7.97,4.6,resolved
TKT0007372,CUS000404,2024-10-15,2024-10-15,Account,Medium,11.62,4.5,resolved
TKT0007373,CUS003969,2024-11-25,2024-11-25,Performance,High,13.04,5.0,resolved
TKT0007374,CUS004879,2023-06-23,2023-06-23,Technical,Medium,6.67,5.0,resolved
TKT0007375,CUS002377,2024-01-13,2024-01-13,Performance,High,21.55,4.1,resolved
TKT0007376,CUS002038,2023-10-30,2023-10-30,Technical,High,12.17,3.6,resolved
TKT0007377,CUS003494,2023-07-12,2023-07-12,Technical,Medium,9.44,4.2,resolved
TKT0007378,CUS001058,2024-09-17,2024-09-17,Integration,Low,18.71,4.6,resolved
TKT0007379,CUS000591,2024-03-15,2024-03-15,Account,High,14.6,4.4,resolved
TKT0007380,CUS004641,2023-02-14,2023-02-15,Technical,High,39.42,2.8,resolved
TKT0007381,CUS000336,2024-02-05,2024-02-05,Performance,High,13.51,4.3,resolved
TKT0007382,CUS003474,2023-01-01,2023-01-01,Account,Medium,11.95,5.0,resolved
TKT0007383,CUS001509,2023-09-23,2023-09-23,Account,Medium,18.54,4.5,resolved
TKT0007384,CUS000052,2023-02-11,2023-02-11,Billing,Low,4.35,4.5,resolved
TKT0007385,CUS001190,2024-05-22,2024-05-23,Technical,Medium,26.68,5.0,resolved
TKT0007386,CUS004140,2024-11-16,2024-11-16,Account,High,9.58,4.7,resolved
TKT0007387,CUS000097,2024-01-01,2024-01-01,Integration,Medium,6.12,4.4,resolved
TKT0007388,CUS001062,2023-02-16,2023-02-16,Technical,Medium,16.52,3.8,resolved
TKT0007389,CUS003687,2023-11-27,2023-11-27,Performance,High,10.71,4.9,resolved
TKT0007390,CUS004913,2023-11-20,2023-11-20,Performance,High,5.22,5.0,resolved
TKT0007391,CUS003324,2024-12-08,2024-12-08,Account,High,4.87,5.0,resolved
TKT0007392,CUS002681,2024-03-15,2024-03-15,Technical,Critical,10.47,5.0,resolved
TKT0007393,CUS001955,2024-01-25,2024-01-25,Performance,High,15.82,4.6,resolved
TKT0007394,CUS003658,2023-09-14,2023-09-14,Account,High,18.34,3.5,resolved
TKT0007395,CUS001066,2023-12-29,2023-12-31,Technical,Low,52.72,2.9,resolved
TKT0007396,CUS000412,2024-10-04,2024-10-04,Technical,High,9.33,,resolved
TKT0007397,CUS003508,2024-08-17,2024-08-17,Integration,Medium,12.07,5.0,resolved
TKT0007398,CUS004537,2024-08-25,2024-08-25,Performance,High,23.67,4.0,resolved
TKT0007399,CUS004355,2024-06-28,2024-06-28,Performance,High,21.23,3.9,resolved
TKT0007400,CUS001892,2024-04-12,2024-04-14,Performance,Low,51.82,,resolved
TKT0007401,CUS004686,2023-04-10,2023-04-11,Technical,Low,25.48,4.0,resolved
TKT0007402,CUS000405,2024-10-30,2024-10-30,Technical,Medium,8.45,4.6,resolved
TKT0007403,CUS000323,2024-01-08,2024-01-08,Account,Medium,12.02,3.6,resolved
TKT0007404,CUS002739,2023-01-01,2023-01-01,Performance,High,16.52,5.0,resolved
TKT0007405,CUS003457,2023-08-25,2023-08-25,Technical,Medium,6.35,4.3,resolved
TKT0007406,CUS001373,2024-09-16,2024-09-16,Technical,Medium,12.94,3.3,resolved
TKT0007407,CUS002949,2024-04-15,2024-04-15,Account,Medium,5.22,4.6,resolved
TKT0007408,CUS000279,2024-02-29,2024-02-29,Performance,High,9.57,,resolved
TKT0007409,CUS004493,2023-09-30,2023-10-01,Integration,Medium,26.24,5.0,resolved
TKT0007410,CUS002812,2024-08-17,2024-08-17,Account,Medium,10.71,4.5,resolved
TKT0007411,CUS004717,2024-04-11,2024-04-11,Performance,Medium,6.22,5.0,resolved
TKT0007412,CUS002922,2023-05-15,2023-05-16,Account,Medium,37.84,3.2,resolved
TKT0007413,CUS004231,2023-12-23,2023-12-23,Performance,Low,7.03,3.3,resolved
TKT0007414,CUS004747,2024-08-05,2024-08-05,Account,Medium,10.81,5.0,resolved
TKT0007415,CUS002363,2023-12-21,2023-12-21,Integration,Medium,12.92,3.7,resolved
TKT0007416,CUS001658,2024-09-24,2024-09-24,Integration,Low,17.97,4.5,resolved
TKT0007417,CUS001618,2024-11-30,2024-11-30,Performance,Low,14.07,3.4,resolved
TKT0007418,CUS001861,2023-05-29,2023-05-29,Billing,Medium,15.88,4.4,resolved
TKT0007419,CUS001329,2024-10-27,2024-10-27,Account,Medium,10.41,4.5,resolved
TKT0007420,CUS004699,2024-09-18,2024-09-18,Account,Medium,6.81,4.6,resolved
TKT0007421,CUS002649,2024-12-20,2024-12-20,Integration,High,5.51,4.8,resolved
TKT0007422,CUS003042,2024-06-10,2024-06-10,Technical,Medium,8.68,,resolved
TKT0007423,CUS000343,2024-04-17,2024-04-19,Integration,Medium,58.96,1.0,resolved
TKT0007424,CUS004410,2024-01-03,2024-01-03,Billing,High,5.43,5.0,resolved
TKT0007425,CUS000403,2024-06-04,2024-06-04,Account,Medium,9.93,5.0,resolved
TKT0007426,CUS002586,2024-09-18,2024-09-18,Technical,Low,19.34,4.3,resolved
TKT0007427,CUS004319,2023-05-21,2023-05-22,Technical,Medium,32.64,2.4,resolved
TKT0007428,CUS000530,2023-10-04,2023-10-04,Performance,High,6.91,4.5,resolved
TKT0007429,CUS004150,2023-02-19,2023-02-19,Billing,High,5.73,5.0,resolved
TKT0007430,CUS003573,2024-01-11,2024-01-11,Technical,High,21.72,3.3,resolved
TKT0007431,CUS002716,2023-06-24,2023-06-24,Account,Medium,11.64,4.9,resolved
TKT0007432,CUS001681,2023-08-10,2023-08-11,Billing,Medium,26.88,4.3,resolved
TKT0007433,CUS003620,2023-09-08,2023-09-08,Integration,High,22.14,3.5,resolved
TKT0007434,CUS004698,2023-02-10,2023-02-10,Technical,Critical,4.79,5.0,resolved
TKT0007435,CUS000820,2023-03-01,2023-03-01,Technical,Critical,5.53,4.5,resolved
TKT0007436,CUS000027,2024-06-27,2024-06-27,Technical,Low,1.86,4.9,resolved
TKT0007437,CUS000022,2023-11-16,2023-11-16,Billing,Medium,11.83,4.5,resolved
TKT0007438,CUS004941,2023-08-09,2023-08-09,Technical,Medium,10.76,5.0,resolved
TKT0007439,CUS002800,2023-10-31,2023-11-01,Billing,Medium,35.86,3.0,resolved
TKT0007440,CUS002543,2023-03-29,2023-03-29,Billing,Low,7.68,5.0,resolved
TKT0007441,CUS000954,2024-03-22,2024-03-22,Technical,Medium,8.54,4.1,resolved
TKT0007442,CUS001532,2024-11-06,2024-11-06,Performance,High,6.78,5.0,resolved
TKT0007443,CUS003054,2024-10-02,2024-10-02,Account,Low,18.29,3.3,resolved
TKT0007444,CUS000753,2023-06-03,2023-06-04,Integration,Medium,39.95,3.3,resolved
TKT0007445,CUS002511,2024-10-20,2024-10-20,Integration,Low,2.84,4.7,resolved
TKT0007446,CUS000083,2023-06-23,2023-06-24,Performance,High,34.6,1.7,resolved
TKT0007447,CUS003718,2024-04-15,2024-04-15,Performance,High,6.68,5.0,resolved
TKT0007448,CUS001001,2023-07-09,2023-07-09,Technical,Medium,8.73,5.0,resolved
TKT0007449,CUS004894,2024-10-24,2024-10-24,Performance,Medium,5.35,5.0,resolved
TKT0007450,CUS004812,2024-04-24,2024-04-24,Performance,Medium,11.88,,resolved
TKT0007451,CUS000465,2023-06-12,2023-06-12,Performance,Critical,4.43,5.0,resolved
TKT0007452,CUS002399,2023-09-04,2023-09-04,Integration,Low,13.36,4.9,resolved
TKT0007453,CUS001432,2024-02-05,2024-02-05,Billing,Medium,13.09,4.3,resolved
TKT0007454,CUS002769,2023-01-08,2023-01-08,Technical,Medium,14.59,4.0,resolved
TKT0007455,CUS002878,2024-10-14,2024-10-14,Performance,Low,15.77,4.4,resolved
TKT0007456,CUS003791,2024-02-10,2024-02-10,Performance,High,14.56,5.0,resolved
TKT0007457,CUS003210,2024-11-15,2024-11-16,Integration,Low,25.95,3.4,resolved
TKT0007458,CUS000859,2024-05-21,2024-05-21,Billing,Low,10.96,4.4,resolved
TKT0007459,CUS002646,2024-12-28,2024-12-28,Billing,Medium,7.78,4.1,resolved
TKT0007460,CUS004683,2024-01-18,2024-01-18,Integration,Medium,18.49,4.2,resolved
TKT0007461,CUS000159,2024-08-14,2024-08-15,Billing,Low,43.16,3.4,resolved
TKT0007462,CUS000213,2024-05-08,2024-05-08,Account,Low,22.85,2.9,resolved
TKT0007463,CUS001231,2023-02-19,2023-02-19,Integration,High,6.02,4.6,resolved
TKT0007464,CUS003819,2024-02-26,2024-02-26,Performance,High,10.9,5.0,resolved
TKT0007465,CUS004996,2024-07-30,2024-07-30,Billing,Medium,23.52,3.5,resolved
TKT0007466,CUS000909,2024-11-14,2024-11-14,Billing,Medium,4.9,4.5,resolved
TKT0007467,CUS001461,2023-03-28,2023-03-28,Integration,Low,9.88,4.2,resolved
TKT0007468,CUS004303,2024-04-02,2024-04-02,Technical,Medium,6.58,5.0,resolved
TKT0007469,CUS003264,2024-08-15,2024-08-15,Account,High,12.39,4.6,resolved
TKT0007470,CUS001563,2023-10-04,2023-10-06,Integration,High,64.14,,resolved
TKT0007471,CUS003492,2023-04-30,2023-04-30,Technical,High,10.43,,resolved
TKT0007472,CUS000899,2024-11-20,2024-11-20,Integration,Medium,9.45,4.7,resolved
TKT0007473,CUS003556,2024-06-20,2024-06-26,Account,Medium,147.75,1.0,resolved
TKT0007474,CUS000552,2023-09-16,2023-09-16,Performance,Medium,11.85,4.8,resolved
TKT0007475,CUS002881,2024-09-14,2024-09-14,Integration,High,7.1,3.7,resolved
TKT0007476,CUS002456,2023-02-28,2023-02-28,Billing,Medium,3.77,5.0,resolved
TKT0007477,CUS002196,2023-04-11,2023-04-12,Account,Medium,33.9,3.6,resolved
TKT0007478,CUS002747,2023-06-26,2023-06-26,Technical,Critical,8.28,2.6,resolved
TKT0007479,CUS004941,2023-01-18,2023-01-18,Technical,Medium,15.29,,resolved
TKT0007480,CUS002684,2024-06-20,2024-06-20,Integration,Medium,13.68,4.4,resolved
TKT0007481,CUS000774,2024-07-11,2024-07-11,Performance,High,15.54,4.6,resolved
TKT0007482,CUS000957,2023-11-09,2023-11-09,Billing,High,6.24,,resolved
TKT0007483,CUS001201,2024-02-22,2024-02-22,Integration,Low,5.36,5.0,resolved
TKT0007484,CUS003653,2024-10-08,2024-10-08,Account,Medium,12.01,4.6,resolved
TKT0007485,CUS000926,2023-09-12,2023-09-12,Billing,High,3.92,5.0,resolved
TKT0007486,CUS001036,2023-12-07,2023-12-07,Performance,Medium,15.98,4.2,resolved
TKT0007487,CUS004890,2023-10-10,2023-10-10,Account,Medium,4.58,5.0,resolved
TKT0007488,CUS003785,2023-01-30,2023-01-30,Performance,Medium,8.72,4.6,resolved
TKT0007489,CUS001909,2023-03-08,2023-03-08,Integration,Medium,7.64,5.0,resolved
TKT0007490,CUS002940,2023-10-05,2023-10-05,Billing,High,17.09,,resolved
TKT0007491,CUS002342,2024-07-06,2024-07-06,Billing,Medium,7.56,4.9,resolved
TKT0007492,CUS003094,2024-09-09,2024-09-10,Account,Medium,26.79,3.5,resolved
TKT0007493,CUS004764,2024-10-19,2024-10-19,Account,Low,21.33,4.1,resolved
TKT0007494,CUS003926,2023-07-28,2023-07-28,Performance,Low,16.82,4.0,resolved
TKT0007495,CUS002627,2023-05-05,2023-05-05,Technical,Medium,12.16,4.6,resolved
TKT0007496,CUS000742,2024-04-11,2024-04-11,Technical,Medium,6.79,4.0,resolved
TKT0007497,CUS000315,2024-02-09,2024-02-09,Integration,High,5.26,5.0,resolved
TKT0007498,CUS002446,2023-03-05,2023-03-05,Integration,Medium,4.71,4.5,resolved
TKT0007499,CUS000328,2024-07-12,2024-07-12,Performance,Low,11.13,5.0,resolved
TKT0007500,CUS004900,2024-05-20,2024-05-21,Billing,High,25.99,2.3,resolved
TKT0007501,CUS002537,2023-08-21,2023-08-21,Technical,Critical,22.42,3.4,resolved
TKT0007502,CUS000812,2023-04-19,2023-04-19,Technical,Medium,8.71,5.0,resolved
TKT0007503,CUS001168,2024-11-20,2024-11-20,Performance,Medium,12.64,4.7,resolved
TKT0007504,CUS001140,2024-03-14,2024-03-14,Account,Medium,9.27,5.0,resolved
TKT0007505,CUS002575,2023-08-06,2023-08-06,Technical,High,4.61,4.9,resolved
TKT0007506,CUS002211,2024-05-10,2024-05-11,Technical,Low,30.48,3.3,resolved
TKT0007507,CUS003143,2024-12-16,2024-12-16,Account,Low,13.8,5.0,resolved
TKT0007508,CUS002016,2024-05-29,2024-05-29,Performance,Low,8.19,,resolved
TKT0007509,CUS003379,2023-03-20,2023-03-21,Billing,High,28.06,3.5,resolved
TKT0007510,CUS001887,2023-10-24,2023-10-24,Account,Medium,8.58,,resolved
TKT0007511,CUS001540,2023-02-10,2023-02-10,Technical,Low,15.05,5.0,resolved
TKT0007512,CUS000200,2023-10-30,2023-10-30,Technical,Medium,5.09,5.0,resolved
TKT0007513,CUS003972,2023-12-24,2023-12-24,Billing,Medium,7.05,4.5,resolved
TKT0007514,CUS002519,2024-11-28,2024-11-28,Billing,Medium,21.36,,resolved
TKT0007515,CUS000994,2023-01-17,2023-01-17,Billing,Medium,17.95,3.7,resolved
TKT0007516,CUS002305,2024-12-16,2024-12-17,Performance,Critical,26.2,3.6,resolved
TKT0007517,CUS001656,2024-08-02,2024-08-02,Performance,Low,10.45,,resolved
TKT0007518,CUS001077,2023-08-10,2023-08-10,Performance,Medium,12.07,4.2,resolved
TKT0007519,CUS003325,2024-06-15,2024-06-16,Account,Medium,29.15,,resolved
TKT0007520,CUS002333,2024-08-01,2024-08-01,Performance,Medium,12.97,3.7,resolved
TKT0007521,CUS002163,2023-01-08,2023-01-08,Billing,Medium,18.12,3.5,resolved
TKT0007522,CUS002352,2024-10-17,2024-10-17,Account,Medium,11.82,4.3,resolved
TKT0007523,CUS003265,2023-03-07,2023-03-08,Technical,High,33.13,,resolved
TKT0007524,CUS003989,2024-02-09,2024-02-09,Integration,High,20.85,5.0,resolved
TKT0007525,CUS002325,2023-12-01,2023-12-01,Integration,High,5.03,4.6,resolved
TKT0007526,CUS002727,2023-11-07,2023-11-07,Technical,Medium,3.15,5.0,resolved
TKT0007527,CUS003232,2024-12-11,2024-12-11,Performance,Low,19.84,4.1,resolved
TKT0007528,CUS000877,2023-02-13,2023-02-13,Integration,High,18.18,4.5,resolved
TKT0007529,CUS003856,2024-08-27,2024-08-28,Technical,Critical,25.14,4.4,resolved
TKT0007530,CUS000161,2024-08-24,2024-08-24,Integration,Medium,12.99,5.0,resolved
TKT0007531,CUS001183,2023-09-20,2023-09-21,Performance,Medium,46.45,2.1,resolved
TKT0007532,CUS004923,2023-04-26,2023-04-26,Billing,High,16.86,4.5,resolved
TKT0007533,CUS003128,2023-08-18,2023-08-18,Technical,Low,13.37,4.9,resolved
TKT0007534,CUS002119,2024-06-21,2024-06-21,Technical,Medium,8.18,3.9,resolved
TKT0007535,CUS003681,2024-06-16,2024-06-16,Account,High,16.29,3.2,resolved
TKT0007536,CUS001960,2024-03-16,2024-03-16,Billing,Low,3.48,3.8,resolved
TKT0007537,CUS001819,2023-08-11,2023-08-11,Integration,Medium,15.48,3.0,resolved
TKT0007538,CUS003755,2024-11-04,2024-11-04,Integration,Medium,6.27,4.4,resolved
TKT0007539,CUS002349,2024-05-28,2024-05-28,Performance,Medium,8.84,5.0,resolved
TKT0007540,CUS002369,2023-02-14,2023-02-14,Billing,Medium,10.22,4.2,resolved
TKT0007541,CUS000563,2023-01-31,2023-01-31,Technical,Low,7.43,4.6,resolved
TKT0007542,CUS004122,2024-05-29,2024-05-30,Account,Medium,25.19,3.5,resolved
TKT0007543,CUS001738,2024-08-25,2024-08-25,Performance,Medium,3.79,5.0,resolved
TKT0007544,CUS002838,2024-05-22,2024-05-22,Performance,Low,10.63,5.0,resolved
TKT0007545,CUS002059,2023-05-16,2023-05-16,Billing,Low,15.78,4.5,resolved
TKT0007546,CUS003055,2024-09-08,2024-09-08,Technical,Low,3.47,5.0,resolved
TKT0007547,CUS002644,2023-09-23,2023-09-23,Performance,Medium,6.75,4.6,resolved
TKT0007548,CUS004793,2024-05-30,2024-05-31,Performance,Medium,24.95,4.2,resolved
TKT0007549,CUS004788,2024-06-06,2024-06-07,Performance,Medium,34.95,3.0,resolved
TKT0007550,CUS000857,2023-07-17,2023-07-17,Account,Medium,6.68,4.1,resolved
TKT0007551,CUS004464,2023-06-09,2023-06-09,Account,Medium,16.84,4.6,resolved
TKT0007552,CUS002204,2024-06-24,2024-06-24,Performance,Medium,5.13,4.9,resolved
TKT0007553,CUS002353,2024-12-30,2024-12-30,Performance,Medium,5.42,4.7,resolved
TKT0007554,CUS003692,2024-03-19,2024-03-19,Performance,Low,5.75,,resolved
TKT0007555,CUS002543,2023-09-09,2023-09-10,Account,High,25.03,3.9,resolved
TKT0007556,CUS003596,2023-09-23,2023-09-23,Integration,Low,5.44,4.8,resolved
TKT0007557,CUS002106,2024-02-17,2024-02-17,Billing,Medium,9.98,3.3,resolved
TKT0007558,CUS003617,2024-07-27,2024-07-27,Account,High,21.64,3.5,resolved
TKT0007559,CUS002465,2024-09-20,2024-09-20,Billing,Medium,9.08,4.6,resolved
TKT0007560,CUS000565,2024-08-14,2024-08-14,Account,Critical,3.42,5.0,resolved
TKT0007561,CUS003006,2024-12-12,2024-12-14,Technical,Medium,66.17,1.7,resolved
TKT0007562,CUS003379,2023-12-24,2023-12-24,Technical,Medium,11.38,3.9,resolved
TKT0007563,CUS001235,2024-10-23,2024-10-23,Integration,High,6.94,4.6,resolved
TKT0007564,CUS003332,2024-05-09,2024-05-09,Technical,Low,9.46,2.6,resolved
TKT0007565,CUS004974,2024-10-29,2024-10-29,Account,Medium,16.83,4.5,resolved
TKT0007566,CUS002426,2023-02-03,2023-02-03,Account,Medium,3.89,,resolved
TKT0007567,CUS001568,2024-06-15,2024-06-15,Account,High,7.75,5.0,resolved
TKT0007568,CUS000856,2024-12-03,2024-12-04,Billing,Low,28.75,2.8,resolved
TKT0007569,CUS000991,2023-03-15,2023-03-16,Performance,Medium,44.02,2.0,resolved
TKT0007570,CUS001137,2024-12-01,2024-12-02,Integration,Low,26.51,4.4,resolved
TKT0007571,CUS001817,2023-06-26,2023-06-26,Account,High,11.23,5.0,resolved
TKT0007572,CUS000123,2023-12-11,2023-12-12,Technical,High,27.31,3.5,resolved
TKT0007573,CUS002396,2024-05-09,2024-05-09,Billing,Low,3.55,5.0,resolved
TKT0007574,CUS004430,2023-03-05,2023-03-05,Technical,Low,11.49,4.9,resolved
TKT0007575,CUS002342,2024-04-22,2024-04-22,Account,Medium,1.97,4.2,resolved
TKT0007576,CUS002558,2024-06-08,2024-06-09,Account,Medium,25.9,4.1,resolved
TKT0007577,CUS002875,2024-04-09,2024-04-09,Integration,Medium,13.85,5.0,resolved
TKT0007578,CUS004876,2023-07-16,2023-07-17,Billing,Medium,32.19,3.2,resolved
TKT0007579,CUS001462,2023-04-02,2023-04-02,Integration,Medium,7.14,5.0,resolved
TKT0007580,CUS004796,2024-04-20,2024-04-20,Technical,Medium,4.46,4.7,resolved
TKT0007581,CUS003814,2023-07-10,2023-07-10,Billing,Low,17.32,3.1,resolved
TKT0007582,CUS002230,2023-04-18,2023-04-18,Performance,Low,9.45,4.6,resolved
TKT0007583,CUS004202,2024-04-02,2024-04-03,Billing,Low,44.93,,resolved
TKT0007584,CUS004775,2023-08-03,2023-08-03,Technical,High,17.15,4.5,resolved
TKT0007585,CUS004691,2023-12-09,2023-12-09,Integration,High,14.26,5.0,resolved
TKT0007586,CUS002273,2024-09-26,2024-09-26,Performance,Low,10.28,3.8,resolved
TKT0007587,CUS004548,2024-04-09,2024-04-09,Performance,Low,9.04,5.0,resolved
TKT0007588,CUS003517,2023-07-03,2023-07-03,Account,Low,10.66,5.0,resolved
TKT0007589,CUS000390,2023-07-02,2023-07-02,Technical,Medium,7.62,4.3,resolved
TKT0007590,CUS000182,2024-11-23,2024-11-23,Integration,Medium,15.32,4.2,resolved
TKT0007591,CUS002004,2024-01-26,2024-01-26,Billing,Medium,5.87,4.9,resolved
TKT0007592,CUS003229,2023-10-26,2023-10-26,Integration,High,3.15,5.0,resolved
TKT0007593,CUS004469,2023-01-20,2023-01-20,Billing,High,13.07,4.2,resolved
TKT0007594,CUS000185,2023-10-15,2023-10-15,Technical,Medium,11.68,4.1,resolved
TKT0007595,CUS001356,2023-02-03,2023-02-03,Integration,Medium,7.55,3.9,resolved
TKT0007596,CUS003742,2023-08-12,2023-08-12,Performance,Low,22.6,3.3,resolved
TKT0007597,CUS001830,2023-08-11,2023-08-11,Integration,Critical,11.35,4.1,resolved
TKT0007598,CUS003029,2023-05-25,2023-05-25,Technical,High,16.94,4.8,resolved
TKT0007599,CUS002001,2023-01-10,2023-01-10,Integration,Medium,23.84,2.7,resolved
TKT0007600,CUS001036,2024-10-25,2024-10-26,Performance,High,26.7,3.6,resolved
TKT0007601,CUS000299,2023-10-22,2023-10-22,Billing,High,7.04,5.0,resolved
TKT0007602,CUS002700,2024-01-12,2024-01-12,Integration,High,14.95,2.8,resolved
TKT0007603,CUS000930,2023-08-19,2023-08-19,Integration,Low,9.15,4.9,resolved
TKT0007604,CUS000346,2023-11-14,2023-11-14,Integration,Medium,5.26,4.6,resolved
TKT0007605,CUS001555,2023-12-31,2023-12-31,Integration,High,4.92,4.9,resolved
TKT0007606,CUS004631,2023-04-24,2023-04-24,Account,Medium,15.06,4.3,resolved
TKT0007607,CUS002817,2023-03-10,2023-03-10,Billing,Medium,20.14,,resolved
TKT0007608,CUS001198,2023-08-31,2023-08-31,Billing,Medium,7.29,4.5,resolved
TKT0007609,CUS003102,2023-11-26,2023-11-26,Account,Medium,12.62,4.3,resolved
TKT0007610,CUS003853,2024-12-09,2024-12-09,Integration,High,6.81,4.5,resolved
TKT0007611,CUS004244,2023-05-03,2023-05-03,Technical,Medium,4.97,5.0,resolved
TKT0007612,CUS004950,2023-05-07,2023-05-07,Account,Medium,12.78,4.2,resolved
TKT0007613,CUS003094,2023-11-15,2023-11-16,Billing,Medium,34.83,3.4,resolved
TKT0007614,CUS002173,2024-10-22,2024-10-22,Account,High,12.33,5.0,resolved
TKT0007615,CUS003398,2023-05-26,2023-05-26,Integration,Low,7.35,4.7,resolved
TKT0007616,CUS000555,2024-01-22,2024-01-22,Billing,Medium,8.28,4.1,resolved
TKT0007617,CUS003687,2024-04-29,2024-04-29,Account,Medium,12.88,2.9,resolved
TKT0007618,CUS001395,2024-12-13,2024-12-13,Technical,Medium,7.2,5.0,resolved
TKT0007619,CUS003332,2023-05-23,2023-05-23,Performance,Medium,18.17,4.6,resolved
TKT0007620,CUS002340,2023-10-23,2023-10-24,Performance,High,37.28,2.5,resolved
TKT0007621,CUS001268,2023-01-25,2023-01-25,Account,Low,8.44,4.5,resolved
TKT0007622,CUS003850,2023-10-01,2023-10-01,Billing,Medium,14.32,5.0,resolved
TKT0007623,CUS004384,2024-12-17,2024-12-17,Integration,Low,13.43,,resolved
TKT0007624,CUS002872,2024-03-24,2024-03-25,Billing,High,38.76,3.7,resolved
TKT0007625,CUS004184,2024-05-23,2024-05-23,Performance,Medium,3.43,5.0,resolved
TKT0007626,CUS004189,2024-03-22,2024-03-22,Technical,Low,11.64,4.3,resolved
TKT0007627,CUS001211,2024-07-20,2024-07-20,Account,Medium,2.16,4.3,resolved
TKT0007628,CUS003063,2023-04-29,2023-04-29,Account,Medium,16.76,4.4,resolved
TKT0007629,CUS004963,2023-02-07,2023-02-07,Technical,Low,10.49,4.4,resolved
TKT0007630,CUS000578,2024-04-19,2024-04-19,Integration,High,19.81,4.2,resolved
TKT0007631,CUS003237,2024-04-26,2024-04-26,Performance,High,9.04,4.3,resolved
TKT0007632,CUS001843,2023-12-01,2023-12-01,Billing,Medium,9.1,4.3,resolved
TKT0007633,CUS001948,2024-01-24,2024-01-24,Technical,High,13.09,4.8,resolved
TKT0007634,CUS000299,2023-02-20,2023-02-20,Integration,Medium,11.02,3.3,resolved
TKT0007635,CUS001408,2024-11-03,2024-11-03,Account,Medium,12.48,4.6,resolved
TKT0007636,CUS004269,2023-05-20,2023-05-21,Technical,Medium,29.73,,resolved
TKT0007637,CUS000293,2024-05-23,2024-05-23,Technical,Medium,20.83,4.0,resolved
TKT0007638,CUS001539,2023-09-21,2023-09-21,Performance,Medium,12.8,3.4,resolved
TKT0007639,CUS004933,2023-05-31,2023-06-01,Performance,Low,24.7,5.0,resolved
TKT0007640,CUS000736,2023-02-14,2023-02-15,Technical,High,26.15,3.8,resolved
TKT0007641,CUS003811,2023-04-28,2023-04-28,Technical,High,7.24,5.0,resolved
TKT0007642,CUS004969,2024-05-27,2024-05-27,Account,Medium,10.57,3.9,resolved
TKT0007643,CUS004448,2023-06-15,2023-06-15,Technical,Medium,21.78,3.5,resolved
TKT0007644,CUS004270,2024-03-19,2024-03-19,Technical,Medium,3.88,5.0,resolved
TKT0007645,CUS004985,2024-03-20,2024-03-20,Billing,Low,11.15,4.5,resolved
TKT0007646,CUS001365,2023-04-28,2023-04-28,Technical,Medium,9.63,4.9,resolved
TKT0007647,CUS004804,2023-11-21,2023-11-21,Performance,Medium,6.59,4.7,resolved
TKT0007648,CUS002719,2023-12-29,2023-12-29,Technical,Medium,12.17,4.4,resolved
TKT0007649,CUS000539,2024-11-30,2024-11-30,Technical,Critical,5.82,4.9,resolved
TKT0007650,CUS004319,2024-09-16,2024-09-16,Billing,Medium,6.57,4.7,resolved
TKT0007651,CUS000659,2024-07-03,2024-07-03,Technical,High,2.37,4.8,resolved
TKT0007652,CUS000889,2023-09-02,2023-09-02,Billing,Medium,3.59,,resolved
TKT0007653,CUS000005,2023-03-29,2023-03-29,Technical,Medium,4.91,5.0,resolved
TKT0007654,CUS001897,2023-08-01,2023-08-01,Account,Medium,17.48,,resolved
TKT0007655,CUS002092,2024-11-25,2024-11-25,Account,Medium,12.74,3.6,resolved
TKT0007656,CUS001300,2023-10-08,2023-10-08,Account,High,7.15,,resolved
TKT0007657,CUS004099,2024-07-07,2024-07-08,Integration,Medium,24.96,4.1,resolved
TKT0007658,CUS004402,2023-03-23,2023-03-23,Account,High,12.63,5.0,resolved
TKT0007659,CUS001476,2023-01-21,2023-01-21,Account,High,9.8,4.2,resolved
TKT0007660,CUS002607,2023-11-28,2023-11-28,Account,Medium,9.43,4.7,resolved
TKT0007661,CUS004704,2024-10-21,2024-10-21,Account,Medium,22.21,3.7,resolved
TKT0007662,CUS000905,2024-08-28,2024-08-28,Integration,High,7.49,4.8,resolved
TKT0007663,CUS001094,2024-04-24,2024-04-25,Technical,Medium,30.48,3.9,resolved
TKT0007664,CUS001888,2023-05-21,2023-05-21,Technical,Medium,4.72,4.4,resolved
TKT0007665,CUS001207,2023-09-27,2023-09-27,Technical,Medium,14.58,4.6,resolved
TKT0007666,CUS000183,2023-06-14,2023-06-14,Technical,Medium,4.02,4.4,resolved
TKT0007667,CUS004492,2023-02-10,2023-02-10,Integration,Medium,3.0,4.7,resolved
TKT0007668,CUS000260,2023-03-30,2023-03-30,Performance,High,11.13,5.0,resolved
TKT0007669,CUS001839,2024-08-10,2024-08-11,Account,Medium,26.53,3.5,resolved
TKT0007670,CUS000480,2023-02-02,2023-02-02,Performance,High,6.91,4.7,resolved
TKT0007671,CUS001748,2023-06-05,2023-06-06,Performance,Medium,24.34,4.5,resolved
TKT0007672,CUS000547,2023-09-29,2023-09-29,Integration,High,9.81,5.0,resolved
TKT0007673,CUS000561,2023-12-11,2023-12-11,Account,Low,23.73,4.5,resolved
TKT0007674,CUS003210,2024-10-17,2024-10-17,Technical,High,10.14,4.6,resolved
TKT0007675,CUS002228,2024-11-29,2024-11-30,Integration,Medium,25.56,3.2,resolved
TKT0007676,CUS001368,2024-12-18,2024-12-18,Account,Medium,10.59,4.1,resolved
TKT0007677,CUS004771,2024-07-09,2024-07-09,Billing,Low,8.9,4.0,resolved
TKT0007678,CUS004853,2023-03-14,2023-03-14,Account,Low,6.02,,resolved
TKT0007679,CUS003075,2024-02-11,2024-02-11,Performance,High,13.01,,resolved
TKT0007680,CUS001022,2024-07-15,2024-07-15,Technical,Medium,5.06,,resolved
TKT0007681,CUS004652,2023-10-03,2023-10-03,Performance,Medium,12.16,4.3,resolved
TKT0007682,CUS001842,2024-09-24,2024-09-24,Integration,Medium,10.77,4.9,resolved
TKT0007683,CUS002431,2024-04-27,2024-04-27,Technical,Medium,11.21,,resolved
TKT0007684,CUS003688,2024-03-28,2024-03-28,Technical,Medium,6.04,5.0,resolved
TKT0007685,CUS003708,2024-03-15,2024-03-15,Account,Medium,3.86,5.0,resolved
TKT0007686,CUS002310,2023-07-27,2023-07-27,Technical,Low,18.17,5.0,resolved
TKT0007687,CUS002706,2023-06-29,2023-06-29,Performance,High,11.51,4.9,resolved
TKT0007688,CUS004865,2023-03-14,2023-03-14,Technical,Medium,10.44,5.0,resolved
TKT0007689,CUS002485,2024-08-08,2024-08-08,Integration,High,6.19,5.0,resolved
TKT0007690,CUS003528,2024-09-02,2024-09-02,Technical,Medium,3.99,4.7,resolved
TKT0007691,CUS001060,2023-03-29,2023-03-29,Billing,High,6.78,5.0,resolved
TKT0007692,CUS003102,2023-05-18,2023-05-18,Integration,Low,21.96,3.5,resolved
TKT0007693,CUS000893,2023-06-04,2023-06-04,Billing,Medium,10.74,3.8,resolved
TKT0007694,CUS001842,2024-03-27,2024-03-27,Performance,Low,19.28,4.8,resolved
TKT0007695,CUS002258,2023-04-16,2023-04-16,Billing,Medium,14.42,5.0,resolved
TKT0007696,CUS003359,2023-02-04,2023-02-04,Integration,Medium,4.79,4.6,resolved
TKT0007697,CUS000408,2024-03-20,2024-03-21,Performance,Medium,39.04,3.4,resolved
TKT0007698,CUS000505,2023-01-26,2023-01-26,Integration,Medium,17.68,3.3,resolved
TKT0007699,CUS000257,2023-01-27,2023-01-27,Billing,High,8.04,5.0,resolved
TKT0007700,CUS001914,2023-02-07,2023-02-07,Billing,High,3.38,4.8,resolved
TKT0007701,CUS001008,2024-11-30,2024-11-30,Integration,Medium,5.31,5.0,resolved
TKT0007702,CUS003849,2024-12-09,2024-12-10,Performance,Medium,33.69,3.1,resolved
TKT0007703,CUS004122,2024-04-01,2024-04-02,Performance,Medium,28.59,3.5,resolved
TKT0007704,CUS001224,2023-11-17,2023-11-17,Technical,High,7.17,3.8,resolved
TKT0007705,CUS003084,2024-10-20,2024-10-20,Integration,Medium,7.62,4.2,resolved
TKT0007706,CUS002459,2023-03-07,2023-03-08,Billing,Medium,24.04,3.8,resolved
TKT0007707,CUS001003,2023-03-31,2023-03-31,Billing,Medium,13.15,4.7,resolved
TKT0007708,CUS003187,2023-12-24,2023-12-24,Billing,High,7.89,5.0,resolved
TKT0007709,CUS003685,2023-06-03,2023-06-03,Billing,Low,3.64,5.0,resolved
TKT0007710,CUS004181,2023-12-16,2023-12-16,Technical,High,8.96,5.0,resolved
TKT0007711,CUS001513,2024-07-05,2024-07-05,Performance,Medium,14.61,4.7,resolved
TKT0007712,CUS000781,2023-01-12,2023-01-12,Integration,Medium,13.78,4.8,resolved
TKT0007713,CUS004657,2024-09-09,2024-09-09,Performance,Medium,8.88,4.2,resolved
TKT0007714,CUS004654,2024-10-12,2024-10-12,Billing,Low,10.02,5.0,resolved
TKT0007715,CUS001434,2023-07-16,2023-07-16,Account,High,14.37,4.7,resolved
TKT0007716,CUS000279,2024-10-07,2024-10-08,Integration,Medium,24.63,4.8,resolved
TKT0007717,CUS003543,2024-06-12,2024-06-12,Account,Low,8.1,3.8,resolved
TKT0007718,CUS001839,2023-08-07,2023-08-09,Performance,High,51.01,1.0,resolved
TKT0007719,CUS003792,2024-09-09,2024-09-09,Account,Medium,13.91,4.4,resolved
TKT0007720,CUS000356,2024-12-31,,Integration,Low,7.11,5.0,open
TKT0007721,CUS002309,2023-08-09,2023-08-09,Account,High,8.98,5.0,resolved
TKT0007722,CUS001673,2024-06-24,2024-06-24,Integration,Low,5.66,4.9,resolved
TKT0007723,CUS003217,2023-09-13,2023-09-13,Account,Medium,5.47,,resolved
TKT0007724,CUS003547,2024-02-28,2024-02-29,Account,Medium,25.92,3.6,resolved
TKT0007725,CUS004738,2023-10-26,2023-10-26,Billing,Medium,12.77,4.4,resolved
TKT0007726,CUS001748,2023-01-19,2023-01-19,Technical,Medium,6.13,5.0,resolved
TKT0007727,CUS000651,2024-07-09,2024-07-09,Integration,Low,6.06,4.2,resolved
TKT0007728,CUS004806,2023-01-04,2023-01-04,Technical,Low,10.48,4.6,resolved
TKT0007729,CUS002868,2023-09-17,2023-09-17,Integration,High,8.24,4.3,resolved
TKT0007730,CUS004664,2024-04-16,2024-04-16,Account,Medium,12.89,,resolved
TKT0007731,CUS004148,2023-03-19,2023-03-19,Technical,Critical,13.69,4.3,resolved
TKT0007732,CUS002465,2023-07-23,2023-07-23,Account,Medium,11.64,4.4,resolved
TKT0007733,CUS000444,2024-02-14,2024-02-14,Technical,High,9.79,4.4,resolved
TKT0007734,CUS001500,2023-08-14,2023-08-14,Performance,Low,8.33,5.0,resolved
TKT0007735,CUS003494,2023-02-09,2023-02-09,Account,Low,11.35,5.0,resolved
TKT0007736,CUS003669,2024-02-25,2024-02-25,Billing,Medium,5.5,,resolved
TKT0007737,CUS001259,2024-02-13,2024-02-13,Integration,Medium,9.07,4.7,resolved
TKT0007738,CUS003210,2023-01-05,2023-01-05,Account,Low,20.43,4.5,resolved
TKT0007739,CUS000519,2023-08-07,2023-08-07,Performance,Medium,8.11,,resolved
TKT0007740,CUS001067,2024-02-05,2024-02-05,Billing,Medium,10.01,5.0,resolved
TKT0007741,CUS000614,2024-05-18,2024-05-18,Billing,Low,15.6,3.0,resolved
TKT0007742,CUS001020,2023-06-30,2023-06-30,Account,Medium,6.49,4.4,resolved
TKT0007743,CUS000832,2023-05-15,2023-05-16,Account,Low,28.83,3.5,resolved
TKT0007744,CUS003594,2023-08-04,2023-08-04,Account,Medium,4.64,5.0,resolved
TKT0007745,CUS004583,2024-06-30,2024-07-01,Billing,Low,35.94,,resolved
TKT0007746,CUS004834,2023-07-21,2023-07-21,Billing,Low,13.26,4.2,resolved
TKT0007747,CUS001963,2024-11-09,2024-11-09,Performance,High,13.59,4.3,resolved
TKT0007748,CUS004290,2023-02-13,2023-02-13,Technical,High,19.03,,resolved
TKT0007749,CUS000459,2024-06-27,2024-06-28,Integration,Low,36.54,,resolved
TKT0007750,CUS002862,2024-12-02,2024-12-02,Technical,Medium,11.54,,resolved
TKT0007751,CUS003039,2023-08-08,2023-08-08,Account,High,10.75,4.5,resolved
TKT0007752,CUS002060,2023-08-01,2023-08-01,Billing,Low,17.43,4.4,resolved
TKT0007753,CUS000109,2024-02-02,2024-02-02,Technical,High,19.49,3.3,resolved
TKT0007754,CUS001660,2024-04-29,2024-04-29,Account,Medium,10.29,4.2,resolved
TKT0007755,CUS000023,2024-09-05,2024-09-05,Integration,Low,13.66,4.1,resolved
TKT0007756,CUS004035,2024-10-19,2024-10-19,Performance,Medium,5.4,5.0,resolved
TKT0007757,CUS004995,2024-07-30,2024-07-30,Billing,High,11.66,5.0,resolved
TKT0007758,CUS001039,2023-09-28,2023-09-28,Technical,Medium,7.65,4.3,resolved
TKT0007759,CUS003857,2023-02-10,2023-02-10,Integration,Medium,5.65,5.0,resolved
TKT0007760,CUS004458,2024-01-01,2024-01-01,Billing,Medium,9.52,4.8,resolved
TKT0007761,CUS001446,2023-02-14,2023-02-14,Technical,Medium,10.65,4.4,resolved
TKT0007762,CUS003245,2024-07-13,2024-07-14,Account,Medium,27.91,3.3,resolved
TKT0007763,CUS001246,2023-03-22,2023-03-22,Account,Low,10.14,4.4,resolved
TKT0007764,CUS000329,2023-03-11,2023-03-11,Technical,High,8.95,4.6,resolved
TKT0007765,CUS002903,2023-12-02,2023-12-02,Technical,Medium,19.35,3.2,resolved
TKT0007766,CUS001460,2024-03-11,2024-03-11,Billing,Low,2.83,4.9,resolved
TKT0007767,CUS004306,2023-05-12,2023-05-12,Performance,Medium,3.95,5.0,resolved
TKT0007768,CUS004790,2024-03-01,2024-03-01,Billing,Low,8.69,3.9,resolved
TKT0007769,CUS000890,2024-05-27,2024-05-27,Technical,High,18.06,3.9,resolved
TKT0007770,CUS000759,2023-04-19,2023-04-19,Billing,Medium,8.73,4.4,resolved
TKT0007771,CUS001001,2024-10-18,2024-10-18,Billing,Medium,6.04,3.9,resolved
TKT0007772,CUS002338,2023-05-17,2023-05-17,Performance,Low,18.16,,resolved
TKT0007773,CUS001595,2023-01-17,2023-01-17,Account,High,14.65,4.4,resolved
TKT0007774,CUS003210,2024-11-04,2024-11-04,Billing,Medium,7.06,3.7,resolved
TKT0007775,CUS002336,2024-06-27,2024-06-28,Account,Low,27.08,4.1,resolved
TKT0007776,CUS000105,2024-06-30,2024-06-30,Technical,Low,13.19,4.0,resolved
TKT0007777,CUS003749,2023-01-28,2023-01-28,Performance,Medium,5.52,4.0,resolved
TKT0007778,CUS001773,2023-12-20,2023-12-20,Technical,Low,9.42,4.6,resolved
TKT0007779,CUS003321,2023-02-26,2023-02-27,Performance,High,26.92,4.8,resolved
TKT0007780,CUS004191,2024-07-25,2024-07-25,Billing,Medium,4.26,4.9,resolved
TKT0007781,CUS000548,2023-11-13,2023-11-13,Billing,Low,3.57,4.6,resolved
TKT0007782,CUS002994,2024-10-03,2024-10-03,Integration,Critical,5.6,5.0,resolved
TKT0007783,CUS004659,2024-12-31,,Account,Medium,45.49,2.1,open
TKT0007784,CUS000680,2023-08-14,2023-08-14,Account,Medium,4.91,5.0,resolved
TKT0007785,CUS003045,2023-08-05,2023-08-05,Performance,Low,18.56,4.1,resolved
TKT0007786,CUS001082,2024-12-16,2024-12-16,Billing,Medium,16.68,4.7,resolved
TKT0007787,CUS002145,2024-01-10,2024-01-10,Account,Low,19.49,3.0,resolved
TKT0007788,CUS003652,2024-06-06,2024-06-06,Performance,Medium,5.53,4.9,resolved
TKT0007789,CUS004198,2024-12-15,2024-12-15,Billing,Medium,10.3,3.9,resolved
TKT0007790,CUS004629,2023-10-29,2023-10-29,Account,Low,15.03,4.1,resolved
TKT0007791,CUS004013,2024-04-05,2024-04-05,Account,Low,20.49,4.2,resolved
TKT0007792,CUS004338,2024-07-21,2024-07-23,Billing,High,56.58,,resolved
TKT0007793,CUS000456,2023-09-24,2023-09-26,Technical,Medium,52.66,,resolved
TKT0007794,CUS003503,2024-04-30,2024-04-30,Technical,Medium,20.25,4.9,resolved
TKT0007795,CUS003482,2023-08-28,2023-08-29,Account,Medium,25.28,2.3,resolved
TKT0007796,CUS000434,2024-07-22,2024-07-23,Integration,Medium,26.53,4.2,resolved
TKT0007797,CUS001688,2023-07-26,2023-07-26,Account,High,19.56,3.9,resolved
TKT0007798,CUS001774,2023-12-22,2023-12-23,Billing,High,29.89,3.1,resolved
TKT0007799,CUS003240,2023-03-02,2023-03-02,Billing,High,6.15,4.5,resolved
TKT0007800,CUS002731,2024-09-23,2024-09-23,Technical,Medium,21.01,4.2,resolved
TKT0007801,CUS004679,2023-03-17,2023-03-17,Billing,Medium,11.93,4.8,resolved
TKT0007802,CUS000720,2023-01-26,2023-01-26,Integration,Medium,19.45,3.7,resolved
TKT0007803,CUS002982,2024-06-18,2024-06-18,Billing,Medium,10.73,4.7,resolved
TKT0007804,CUS000666,2023-05-13,2023-05-13,Technical,Medium,12.74,3.1,resolved
TKT0007805,CUS004288,2024-02-11,2024-02-11,Performance,Medium,7.8,5.0,resolved
TKT0007806,CUS001915,2024-12-27,2024-12-27,Integration,Low,11.01,4.7,resolved
TKT0007807,CUS001401,2023-04-05,2023-04-05,Technical,Medium,14.21,3.4,resolved
TKT0007808,CUS001424,2023-06-12,2023-06-12,Performance,Medium,7.93,5.0,resolved
TKT0007809,CUS000597,2023-10-22,2023-10-22,Integration,Low,6.85,5.0,resolved
TKT0007810,CUS001044,2024-08-10,2024-08-10,Integration,High,15.56,,resolved
TKT0007811,CUS001929,2023-06-21,2023-06-21,Billing,High,15.82,3.7,resolved
TKT0007812,CUS000167,2024-12-11,2024-12-11,Integration,Medium,2.84,4.2,resolved
TKT0007813,CUS002541,2023-11-03,2023-11-03,Billing,Medium,6.29,4.3,resolved
TKT0007814,CUS000926,2024-06-03,2024-06-03,Billing,Medium,12.3,5.0,resolved
TKT0007815,CUS002764,2024-03-31,2024-03-31,Integration,Medium,15.48,4.0,resolved
TKT0007816,CUS000688,2023-12-10,2023-12-10,Account,High,20.59,4.5,resolved
TKT0007817,CUS001291,2023-04-01,2023-04-01,Performance,High,7.49,5.0,resolved
TKT0007818,CUS003953,2023-11-03,2023-11-03,Account,High,6.94,5.0,resolved
TKT0007819,CUS004968,2024-06-09,2024-06-09,Technical,Low,14.54,4.7,resolved
TKT0007820,CUS001750,2023-05-09,2023-05-09,Account,Medium,6.08,,resolved
TKT0007821,CUS002378,2023-01-29,2023-01-29,Technical,Medium,10.23,4.3,resolved
TKT0007822,CUS002217,2024-01-21,2024-01-21,Technical,Low,11.64,4.0,resolved
TKT0007823,CUS001802,2023-01-08,2023-01-08,Billing,Medium,20.17,4.3,resolved
TKT0007824,CUS001295,2023-08-23,2023-08-23,Technical,Low,23.92,4.4,resolved
TKT0007825,CUS003218,2024-09-11,2024-09-11,Account,Medium,11.07,5.0,resolved
TKT0007826,CUS001175,2023-06-11,2023-06-11,Integration,Medium,9.16,5.0,resolved
TKT0007827,CUS002262,2024-06-04,2024-06-04,Performance,Low,8.27,5.0,resolved
TKT0007828,CUS001986,2023-03-14,2023-03-14,Billing,Low,17.89,4.8,resolved
TKT0007829,CUS003737,2023-03-03,2023-03-03,Account,Medium,22.64,3.0,resolved
TKT0007830,CUS004082,2023-09-29,2023-09-29,Billing,Critical,15.82,3.8,resolved
TKT0007831,CUS000105,2023-02-14,2023-02-14,Account,High,11.46,5.0,resolved
TKT0007832,CUS002847,2024-05-27,2024-05-27,Integration,Medium,15.44,4.0,resolved
TKT0007833,CUS000577,2024-08-28,2024-08-28,Performance,High,23.0,4.1,resolved
TKT0007834,CUS000452,2023-04-09,2023-04-09,Billing,Low,4.64,4.5,resolved
TKT0007835,CUS001702,2023-03-07,2023-03-07,Account,Medium,17.43,3.3,resolved
TKT0007836,CUS000352,2024-02-21,2024-02-21,Account,Low,3.78,5.0,resolved
TKT0007837,CUS004646,2024-06-28,2024-06-28,Billing,Medium,17.25,5.0,resolved
TKT0007838,CUS003462,2023-04-22,2023-04-22,Technical,Medium,7.7,,resolved
TKT0007839,CUS003232,2024-04-01,2024-04-01,Billing,High,24.0,2.4,resolved
TKT0007840,CUS000848,2023-08-06,2023-08-06,Integration,Medium,21.28,3.9,resolved
TKT0007841,CUS004249,2024-09-06,2024-09-07,Account,Medium,37.02,3.0,resolved
TKT0007842,CUS001309,2024-05-02,2024-05-02,Integration,Medium,8.79,4.7,resolved
TKT0007843,CUS001325,2023-11-28,2023-11-28,Billing,Low,20.15,3.7,resolved
TKT0007844,CUS004450,2024-01-17,2024-01-17,Billing,Medium,10.13,3.6,resolved
TKT0007845,CUS003132,2024-02-27,2024-02-27,Billing,Low,23.71,3.3,resolved
TKT0007846,CUS003342,2023-09-16,2023-09-16,Integration,Medium,10.3,4.0,resolved
TKT0007847,CUS004865,2023-04-11,2023-04-11,Account,Low,9.56,5.0,resolved
TKT0007848,CUS002004,2024-05-23,2024-05-23,Integration,Medium,12.96,4.5,resolved
TKT0007849,CUS001373,2024-10-08,2024-10-09,Billing,Medium,37.8,3.6,resolved
TKT0007850,CUS001336,2024-02-10,2024-02-10,Account,High,12.87,4.2,resolved
TKT0007851,CUS000997,2023-09-21,2023-09-21,Account,Medium,19.52,3.7,resolved
TKT0007852,CUS004176,2024-10-14,2024-10-15,Billing,Medium,27.27,3.4,resolved
TKT0007853,CUS001445,2023-06-15,2023-06-15,Performance,Medium,11.51,4.0,resolved
TKT0007854,CUS000586,2023-11-02,2023-11-02,Integration,Medium,6.91,5.0,resolved
TKT0007855,CUS003872,2023-01-22,2023-01-22,Account,Medium,4.83,3.7,resolved
TKT0007856,CUS004818,2024-04-15,2024-04-16,Account,Medium,25.2,3.6,resolved
TKT0007857,CUS003830,2023-11-28,2023-11-28,Technical,Medium,16.35,4.0,resolved
TKT0007858,CUS001673,2024-08-10,2024-08-11,Integration,Critical,41.96,2.7,resolved
TKT0007859,CUS000867,2023-01-02,2023-01-02,Account,Critical,18.22,4.4,resolved
TKT0007860,CUS003931,2024-04-29,2024-04-30,Integration,Low,34.29,2.1,resolved
TKT0007861,CUS003318,2024-03-27,2024-03-27,Integration,Medium,5.36,5.0,resolved
TKT0007862,CUS000991,2023-12-25,2023-12-25,Billing,High,11.26,4.6,resolved
TKT0007863,CUS004734,2024-06-23,2024-06-23,Performance,Critical,5.49,5.0,resolved
TKT0007864,CUS002979,2023-02-18,2023-02-18,Performance,Low,12.42,4.8,resolved
TKT0007865,CUS002977,2023-03-23,2023-03-23,Integration,Medium,22.95,3.7,resolved
TKT0007866,CUS001989,2024-09-26,2024-09-26,Integration,Medium,9.77,,resolved
TKT0007867,CUS001028,2023-12-07,2023-12-07,Account,Medium,6.07,5.0,resolved
TKT0007868,CUS002936,2023-02-20,2023-02-20,Integration,Low,16.12,3.1,resolved
TKT0007869,CUS002112,2023-12-03,2023-12-03,Account,High,10.08,5.0,resolved
TKT0007870,CUS000821,2023-12-11,2023-12-11,Technical,Low,16.31,5.0,resolved
TKT0007871,CUS000095,2023-04-10,2023-04-10,Account,Medium,17.05,4.8,resolved
TKT0007872,CUS004422,2023-06-10,2023-06-10,Technical,Low,17.0,4.1,resolved
TKT0007873,CUS004658,2024-01-08,2024-01-10,Performance,Medium,63.34,,resolved
TKT0007874,CUS000506,2024-07-03,2024-07-03,Performance,High,5.69,5.0,resolved
TKT0007875,CUS001471,2024-04-26,2024-04-26,Billing,High,14.14,4.9,resolved
TKT0007876,CUS003627,2024-05-06,2024-05-06,Billing,Low,17.06,4.5,resolved
TKT0007877,CUS003236,2024-05-29,2024-05-29,Integration,High,21.0,3.3,resolved
TKT0007878,CUS001998,2023-06-08,2023-06-08,Account,High,5.53,5.0,resolved
TKT0007879,CUS001619,2023-04-04,2023-04-04,Integration,Low,22.97,4.3,resolved
TKT0007880,CUS004938,2024-06-11,2024-06-11,Billing,Low,17.44,4.5,resolved
TKT0007881,CUS000559,2024-06-16,2024-06-16,Integration,Medium,10.4,5.0,resolved
TKT0007882,CUS004107,2023-09-09,2023-09-09,Integration,Medium,8.29,4.6,resolved
TKT0007883,CUS001932,2024-04-29,2024-04-30,Account,Low,27.83,3.9,resolved
TKT0007884,CUS000065,2023-07-20,2023-07-21,Integration,High,28.39,3.3,resolved
TKT0007885,CUS003991,2023-04-21,2023-04-21,Technical,Low,20.35,3.9,resolved
TKT0007886,CUS004879,2023-03-30,2023-03-30,Billing,Low,4.57,5.0,resolved
TKT0007887,CUS004144,2023-05-25,2023-05-25,Performance,Critical,15.03,4.4,resolved
TKT0007888,CUS003117,2023-08-28,2023-08-28,Performance,Low,16.45,4.4,resolved
TKT0007889,CUS003728,2023-08-25,2023-08-26,Performance,Critical,25.07,3.6,resolved
TKT0007890,CUS001400,2024-12-09,2024-12-09,Account,High,5.25,3.7,resolved
TKT0007891,CUS001390,2024-06-20,2024-06-20,Performance,Medium,7.0,5.0,resolved
TKT0007892,CUS004287,2023-05-05,2023-05-05,Performance,High,6.74,4.3,resolved
TKT0007893,CUS002970,2023-08-28,2023-08-28,Performance,Medium,3.16,5.0,resolved
TKT0007894,CUS002252,2024-10-27,2024-10-27,Account,Medium,5.25,4.9,resolved
TKT0007895,CUS003164,2024-07-06,2024-07-06,Performance,Medium,12.44,4.8,resolved
TKT0007896,CUS001916,2024-11-30,2024-11-30,Performance,Critical,6.66,4.7,resolved
TKT0007897,CUS004504,2024-05-04,2024-05-04,Billing,Medium,12.18,,resolved
TKT0007898,CUS001465,2024-01-27,2024-01-27,Performance,High,6.42,4.2,resolved
TKT0007899,CUS000804,2024-06-18,2024-06-18,Technical,Low,18.42,5.0,resolved
TKT0007900,CUS000905,2024-04-01,2024-04-01,Integration,Medium,8.06,5.0,resolved
TKT0007901,CUS004624,2023-02-24,2023-02-24,Technical,Medium,6.89,,resolved
TKT0007902,CUS001545,2023-10-25,2023-10-25,Integration,Low,8.7,5.0,resolved
TKT0007903,CUS004888,2023-11-20,2023-11-20,Technical,Medium,8.62,5.0,resolved
TKT0007904,CUS000200,2024-02-08,2024-02-08,Account,Low,13.48,3.7,resolved
TKT0007905,CUS000242,2023-05-05,2023-05-05,Integration,High,4.47,,resolved
TKT0007906,CUS004100,2024-07-27,2024-07-27,Integration,Medium,21.69,3.7,resolved
TKT0007907,CUS002030,2023-02-27,2023-02-27,Billing,Medium,4.94,5.0,resolved
TKT0007908,CUS003517,2024-11-14,2024-11-14,Performance,Critical,9.37,,resolved
TKT0007909,CUS002982,2023-08-03,2023-08-03,Billing,High,9.4,3.3,resolved
TKT0007910,CUS003434,2024-01-24,2024-01-24,Integration,Medium,17.59,3.9,resolved
TKT0007911,CUS002636,2024-04-13,2024-04-13,Integration,Critical,7.31,4.4,resolved
TKT0007912,CUS003515,2023-10-12,2023-10-12,Technical,Low,20.41,4.9,resolved
TKT0007913,CUS002866,2024-06-13,2024-06-13,Technical,High,6.77,,resolved
TKT0007914,CUS002023,2023-02-05,2023-02-05,Performance,High,23.95,5.0,resolved
TKT0007915,CUS003487,2024-10-24,2024-10-24,Account,Low,18.3,4.2,resolved
TKT0007916,CUS000609,2023-10-01,2023-10-01,Technical,Medium,17.76,4.1,resolved
TKT0007917,CUS001346,2024-06-10,2024-06-10,Integration,Medium,15.76,4.2,resolved
TKT0007918,CUS000940,2023-01-03,2023-01-04,Billing,High,46.57,2.6,resolved
TKT0007919,CUS004191,2023-03-03,2023-03-03,Billing,Low,22.27,,resolved
TKT0007920,CUS003118,2023-09-06,2023-09-06,Integration,High,10.62,4.2,resolved
TKT0007921,CUS000009,2024-05-31,2024-05-31,Account,High,8.5,4.6,resolved
TKT0007922,CUS004122,2024-10-14,2024-10-14,Performance,Medium,13.21,4.1,resolved
TKT0007923,CUS001377,2023-03-03,2023-03-03,Account,Low,8.5,4.7,resolved
TKT0007924,CUS000053,2024-11-28,2024-11-28,Account,Medium,8.7,5.0,resolved
TKT0007925,CUS000403,2024-08-29,2024-08-29,Integration,Medium,11.0,5.0,resolved
TKT0007926,CUS002783,2024-09-29,2024-09-29,Integration,Low,4.8,5.0,resolved
TKT0007927,CUS000915,2023-01-28,2023-01-28,Account,Medium,11.0,4.7,resolved
TKT0007928,CUS003152,2023-05-29,2023-05-29,Billing,Medium,12.34,5.0,resolved
TKT0007929,CUS004271,2024-02-07,2024-02-07,Billing,Medium,6.17,4.7,resolved
TKT0007930,CUS002054,2023-12-01,2023-12-01,Technical,Medium,12.87,4.8,resolved
TKT0007931,CUS004351,2024-08-22,2024-08-22,Performance,Low,6.51,4.7,resolved
TKT0007932,CUS001068,2024-12-25,2024-12-25,Account,High,16.83,5.0,resolved
TKT0007933,CUS003210,2023-09-23,2023-09-23,Integration,Medium,6.54,4.8,resolved
TKT0007934,CUS004461,2024-04-21,2024-04-21,Account,High,10.97,4.2,resolved
TKT0007935,CUS002763,2023-11-01,2023-11-02,Integration,Critical,33.19,3.5,resolved
TKT0007936,CUS003899,2024-12-01,2024-12-01,Integration,High,4.1,4.7,resolved
TKT0007937,CUS003037,2024-04-26,2024-04-27,Account,Medium,35.17,4.6,resolved
TKT0007938,CUS000804,2023-12-22,2023-12-22,Account,Medium,12.08,4.8,resolved
TKT0007939,CUS004600,2023-08-24,2023-08-24,Account,Medium,18.1,5.0,resolved
TKT0007940,CUS001026,2023-02-11,2023-02-12,Integration,Medium,30.5,3.7,resolved
TKT0007941,CUS003923,2024-11-22,2024-11-22,Account,High,11.0,4.7,resolved
TKT0007942,CUS000468,2024-03-20,2024-03-20,Integration,High,14.59,4.6,resolved
TKT0007943,CUS002458,2023-05-25,2023-05-25,Integration,Critical,21.63,4.2,resolved
TKT0007944,CUS002927,2023-08-22,2023-08-22,Integration,Medium,18.94,4.6,resolved
TKT0007945,CUS003379,2023-01-28,2023-01-28,Integration,High,9.08,5.0,resolved
TKT0007946,CUS003509,2024-03-02,2024-03-02,Integration,Medium,15.78,3.8,resolved
TKT0007947,CUS000272,2024-11-18,2024-11-18,Billing,High,6.75,4.9,resolved
TKT0007948,CUS001618,2024-04-09,2024-04-09,Billing,High,20.93,3.9,resolved
TKT0007949,CUS003343,2023-12-04,2023-12-04,Integration,Medium,5.41,4.6,resolved
TKT0007950,CUS001880,2023-10-09,2023-10-09,Billing,Medium,7.82,3.7,resolved
TKT0007951,CUS002248,2024-08-14,2024-08-14,Integration,Low,7.04,3.9,resolved
TKT0007952,CUS000492,2024-08-14,2024-08-14,Account,Medium,13.25,4.2,resolved
TKT0007953,CUS003016,2024-05-06,2024-05-07,Account,Medium,36.14,3.0,resolved
TKT0007954,CUS001647,2023-08-17,2023-08-17,Integration,Medium,14.55,5.0,resolved
TKT0007955,CUS000571,2024-07-26,2024-07-26,Technical,Low,7.53,4.4,resolved
TKT0007956,CUS002535,2023-06-30,2023-07-01,Performance,Low,25.89,2.8,resolved
TKT0007957,CUS002018,2023-09-16,2023-09-16,Account,Medium,21.58,3.2,resolved
TKT0007958,CUS003157,2023-08-17,2023-08-17,Technical,Low,12.35,4.4,resolved
TKT0007959,CUS001149,2024-11-22,2024-11-22,Technical,Critical,7.17,5.0,resolved
TKT0007960,CUS000768,2024-11-09,2024-11-09,Billing,High,4.53,5.0,resolved
TKT0007961,CUS001717,2023-07-13,2023-07-13,Performance,Low,16.15,4.2,resolved
TKT0007962,CUS004600,2024-12-31,,Technical,Medium,8.63,5.0,open
TKT0007963,CUS001068,2024-04-01,2024-04-03,Integration,Low,67.18,1.1,resolved
TKT0007964,CUS001481,2024-09-04,2024-09-04,Integration,Low,19.82,3.3,resolved
TKT0007965,CUS003921,2024-01-22,2024-01-22,Billing,Medium,13.13,4.2,resolved
TKT0007966,CUS003798,2023-09-09,2023-09-09,Technical,Low,17.41,3.5,resolved
TKT0007967,CUS001983,2023-02-17,2023-02-17,Integration,Critical,10.29,4.3,resolved
TKT0007968,CUS004053,2024-08-05,2024-08-06,Integration,High,25.68,3.6,resolved
TKT0007969,CUS003742,2024-08-17,2024-08-17,Account,Medium,8.34,5.0,resolved
TKT0007970,CUS001428,2023-11-25,2023-11-26,Integration,Medium,25.87,,resolved
TKT0007971,CUS003110,2023-03-08,2023-03-08,Account,Medium,10.94,5.0,resolved
TKT0007972,CUS001312,2024-03-05,2024-03-06,Account,Medium,27.32,3.9,resolved
TKT0007973,CUS002616,2024-07-16,2024-07-16,Account,Low,6.94,5.0,resolved
TKT0007974,CUS002230,2024-01-14,2024-01-14,Account,Critical,5.49,5.0,resolved
TKT0007975,CUS002395,2023-11-25,2023-11-25,Integration,Medium,5.38,4.5,resolved
TKT0007976,CUS004767,2024-09-29,2024-09-29,Billing,Medium,11.61,4.3,resolved
TKT0007977,CUS003959,2024-05-18,2024-05-18,Integration,Low,12.14,4.4,resolved
TKT0007978,CUS003100,2024-11-10,2024-11-10,Billing,Medium,9.16,4.4,resolved
TKT0007979,CUS000254,2023-10-11,2023-10-11,Account,High,18.39,5.0,resolved
TKT0007980,CUS000644,2024-01-06,2024-01-07,Technical,Medium,44.37,2.5,resolved
TKT0007981,CUS003205,2024-05-01,2024-05-01,Integration,Low,6.48,3.6,resolved
TKT0007982,CUS004597,2023-04-23,2023-04-23,Integration,High,15.01,4.2,resolved
TKT0007983,CUS000238,2024-04-11,2024-04-11,Billing,Low,13.02,4.3,resolved
TKT0007984,CUS004948,2023-02-22,2023-02-22,Technical,High,10.87,4.4,resolved
TKT0007985,CUS002369,2023-10-19,2023-10-19,Account,Critical,7.06,4.8,resolved
TKT0007986,CUS001913,2023-09-12,2023-09-12,Performance,Medium,8.02,,resolved
TKT0007987,CUS003412,2024-09-15,2024-09-15,Billing,Medium,9.52,,resolved
TKT0007988,CUS004946,2024-05-11,2024-05-12,Integration,High,30.34,3.8,resolved
TKT0007989,CUS001022,2024-11-21,2024-11-21,Technical,Medium,8.84,3.3,resolved
TKT0007990,CUS004817,2023-02-02,2023-02-03,Technical,High,35.39,2.5,resolved
TKT0007991,CUS000624,2024-11-23,2024-11-23,Technical,Medium,9.74,4.4,resolved
TKT0007992,CUS004048,2023-01-15,2023-01-15,Performance,High,4.29,5.0,resolved
TKT0007993,CUS003515,2024-08-13,2024-08-13,Integration,Low,10.72,4.8,resolved
TKT0007994,CUS002450,2023-02-28,2023-03-01,Performance,Low,24.78,3.1,resolved
TKT0007995,CUS002749,2023-05-09,2023-05-09,Performance,High,15.44,4.7,resolved
TKT0007996,CUS004886,2023-01-30,2023-01-30,Billing,Medium,16.73,4.6,resolved
TKT0007997,CUS003827,2024-12-06,2024-12-06,Account,Critical,10.16,5.0,resolved
TKT0007998,CUS004946,2023-04-21,2023-04-21,Performance,High,11.43,4.2,resolved
TKT0007999,CUS000571,2024-02-26,2024-02-26,Billing,High,15.36,4.8,resolved
TKT0008000,CUS001993,2023-09-19,2023-09-19,Technical,Medium,9.94,4.8,resolved
TKT0008001,CUS001244,2023-06-07,2023-06-07,Integration,Medium,7.7,3.7,resolved
TKT0008002,CUS001637,2023-01-26,2023-01-26,Performance,Medium,6.53,5.0,resolved
TKT0008003,CUS004838,2024-03-10,2024-03-10,Performance,High,7.03,4.8,resolved
TKT0008004,CUS002782,2023-07-24,2023-07-24,Performance,Low,8.06,5.0,resolved
TKT0008005,CUS004162,2024-03-17,2024-03-17,Integration,Medium,4.74,3.5,resolved
TKT0008006,CUS000045,2024-05-26,2024-05-27,Billing,Low,26.58,3.6,resolved
TKT0008007,CUS002622,2023-11-11,2023-11-11,Performance,Medium,9.76,4.2,resolved
TKT0008008,CUS004780,2023-11-14,2023-11-14,Integration,Low,15.35,5.0,resolved
TKT0008009,CUS001714,2023-03-22,2023-03-24,Technical,Low,48.72,2.3,resolved
TKT0008010,CUS002479,2023-09-23,2023-09-23,Technical,High,16.09,4.3,resolved
TKT0008011,CUS001502,2024-05-01,2024-05-02,Technical,Medium,25.08,3.6,resolved
TKT0008012,CUS003557,2024-07-04,2024-07-04,Performance,Medium,4.01,5.0,resolved
TKT0008013,CUS000042,2023-05-04,2023-05-04,Technical,Medium,23.64,3.9,resolved
TKT0008014,CUS002870,2023-08-30,2023-08-30,Performance,High,9.8,4.3,resolved
TKT0008015,CUS000564,2023-07-11,2023-07-11,Integration,Medium,20.73,4.3,resolved
TKT0008016,CUS002282,2024-03-02,2024-03-02,Performance,Low,4.62,,resolved
TKT0008017,CUS002532,2024-07-31,2024-07-31,Billing,Medium,17.24,,resolved
TKT0008018,CUS002047,2024-09-30,2024-09-30,Performance,Medium,6.99,4.5,resolved
TKT0008019,CUS000250,2024-05-01,2024-05-01,Technical,Low,5.39,5.0,resolved
TKT0008020,CUS002804,2023-01-16,2023-01-17,Account,Medium,35.37,3.4,resolved
TKT0008021,CUS001255,2023-04-21,2023-04-21,Integration,Medium,10.54,3.7,resolved
TKT0008022,CUS002216,2023-02-06,2023-02-06,Technical,Medium,9.39,4.6,resolved
TKT0008023,CUS000456,2024-02-18,2024-02-18,Performance,Medium,11.92,5.0,resolved
TKT0008024,CUS000819,2023-03-27,2023-03-27,Billing,High,13.65,,resolved
TKT0008025,CUS003087,2023-07-12,2023-07-12,Billing,Low,7.85,4.8,resolved
TKT0008026,CUS004965,2023-07-03,2023-07-03,Performance,Medium,14.27,3.8,resolved
TKT0008027,CUS004904,2024-06-11,2024-06-11,Integration,Medium,15.17,4.1,resolved
TKT0008028,CUS000578,2024-03-06,2024-03-06,Integration,Low,8.59,4.6,resolved
TKT0008029,CUS002914,2023-09-13,2023-09-13,Performance,Low,8.54,5.0,resolved
TKT0008030,CUS004521,2023-10-09,2023-10-09,Performance,Medium,10.15,4.3,resolved
TKT0008031,CUS002003,2023-05-26,2023-05-26,Performance,Medium,19.57,5.0,resolved
TKT0008032,CUS004014,2023-03-04,2023-03-04,Performance,Medium,16.25,3.6,resolved
TKT0008033,CUS000719,2023-09-06,2023-09-06,Integration,Low,19.7,4.3,resolved
TKT0008034,CUS004928,2023-09-26,2023-09-26,Integration,Low,8.22,3.7,resolved
TKT0008035,CUS003219,2024-10-04,2024-10-04,Technical,Medium,12.41,4.6,resolved
TKT0008036,CUS003094,2023-09-05,2023-09-06,Billing,Medium,26.28,4.4,resolved
TKT0008037,CUS002919,2023-02-05,2023-02-05,Billing,Medium,7.12,5.0,resolved
TKT0008038,CUS004516,2024-01-07,2024-01-07,Billing,High,11.48,,resolved
TKT0008039,CUS001551,2024-06-18,2024-06-18,Technical,Medium,12.35,5.0,resolved
TKT0008040,CUS001068,2023-09-13,2023-09-13,Account,Medium,5.44,,resolved
TKT0008041,CUS002682,2024-11-13,2024-11-13,Account,Medium,10.02,4.4,resolved
TKT0008042,CUS004921,2023-04-26,2023-04-26,Account,Medium,10.95,4.6,resolved
TKT0008043,CUS004913,2023-07-07,2023-07-07,Account,Medium,6.57,4.9,resolved
TKT0008044,CUS000459,2024-12-12,2024-12-13,Integration,High,29.62,2.5,resolved
TKT0008045,CUS000235,2023-04-29,2023-04-30,Performance,High,29.62,3.0,resolved
TKT0008046,CUS004034,2023-05-23,2023-05-23,Integration,High,12.57,4.5,resolved
TKT0008047,CUS003219,2024-11-16,2024-11-16,Technical,High,4.92,5.0,resolved
TKT0008048,CUS003132,2024-05-30,2024-05-30,Integration,Low,8.9,4.2,resolved
TKT0008049,CUS003494,2023-10-25,2023-10-25,Technical,Medium,5.81,4.7,resolved
TKT0008050,CUS000152,2023-06-20,2023-06-22,Billing,Low,58.72,2.5,resolved
TKT0008051,CUS002062,2023-05-31,2023-05-31,Billing,Medium,7.31,5.0,resolved
TKT0008052,CUS002408,2023-04-12,2023-04-12,Integration,Medium,18.74,5.0,resolved
TKT0008053,CUS003296,2023-08-19,2023-08-19,Billing,Medium,20.12,4.5,resolved
TKT0008054,CUS002916,2023-04-12,2023-04-12,Billing,Medium,6.07,5.0,resolved
TKT0008055,CUS003779,2024-01-14,2024-01-14,Performance,High,6.52,5.0,resolved
TKT0008056,CUS002728,2024-12-31,,Performance,High,35.99,4.0,open
TKT0008057,CUS003169,2023-11-02,2023-11-02,Integration,Medium,21.39,3.6,resolved
TKT0008058,CUS000023,2024-09-16,2024-09-16,Performance,Medium,9.3,5.0,resolved
TKT0008059,CUS003192,2024-01-23,2024-01-23,Billing,Medium,5.48,4.6,resolved
TKT0008060,CUS002569,2024-10-01,2024-10-01,Account,Critical,14.62,4.1,resolved
TKT0008061,CUS002078,2023-10-11,2023-10-11,Technical,Low,14.55,4.5,resolved
TKT0008062,CUS003482,2024-04-30,2024-05-01,Technical,Medium,25.6,3.7,resolved
TKT0008063,CUS000012,2024-01-23,2024-01-23,Billing,High,20.11,3.7,resolved
TKT0008064,CUS003846,2024-07-14,2024-07-14,Account,Low,5.17,4.8,resolved
TKT0008065,CUS004433,2024-10-21,2024-10-21,Performance,Low,14.11,4.3,resolved
TKT0008066,CUS000570,2023-05-21,2023-05-21,Billing,Medium,19.73,4.4,resolved
TKT0008067,CUS001782,2024-08-21,2024-08-21,Billing,High,3.69,5.0,resolved
TKT0008068,CUS004335,2023-06-02,2023-06-02,Account,High,8.19,5.0,resolved
TKT0008069,CUS000309,2024-03-11,2024-03-11,Technical,High,8.44,4.9,resolved
TKT0008070,CUS001139,2024-01-27,2024-01-28,Account,Medium,25.03,3.4,resolved
TKT0008071,CUS004022,2023-11-05,2023-11-05,Billing,Low,5.43,5.0,resolved
TKT0008072,CUS001797,2024-09-05,2024-09-05,Integration,Medium,20.42,2.4,resolved
TKT0008073,CUS001701,2024-09-12,2024-09-12,Account,Low,10.62,5.0,resolved
TKT0008074,CUS002001,2023-05-15,2023-05-16,Performance,High,32.47,4.8,resolved
TKT0008075,CUS004838,2023-09-17,2023-09-17,Performance,Low,4.4,5.0,resolved
TKT0008076,CUS000286,2024-11-21,2024-11-21,Billing,High,12.2,4.1,resolved
TKT0008077,CUS001845,2024-10-05,2024-10-05,Integration,High,11.44,4.8,resolved
TKT0008078,CUS001821,2023-05-22,2023-05-22,Integration,High,11.68,3.7,resolved
TKT0008079,CUS004896,2023-05-18,2023-05-18,Performance,Critical,12.77,5.0,resolved
TKT0008080,CUS001443,2024-09-24,2024-09-24,Technical,Low,12.21,,resolved
TKT0008081,CUS004717,2023-07-17,2023-07-17,Technical,Medium,4.3,4.5,resolved
TKT0008082,CUS002024,2024-11-11,2024-11-12,Integration,Medium,28.91,2.8,resolved
TKT0008083,CUS002299,2024-03-14,2024-03-14,Account,Medium,6.97,3.2,resolved
TKT0008084,CUS003387,2023-10-08,2023-10-08,Technical,Low,11.95,4.8,resolved
TKT0008085,CUS002412,2024-05-25,2024-05-25,Performance,High,17.92,3.1,resolved
TKT0008086,CUS001083,2024-06-14,2024-06-14,Account,High,23.2,3.6,resolved
TKT0008087,CUS004188,2024-11-03,2024-11-03,Account,High,7.62,4.7,resolved
TKT0008088,CUS001414,2023-08-04,2023-08-04,Account,Medium,4.14,4.6,resolved
TKT0008089,CUS004280,2023-11-07,2023-11-08,Technical,Low,43.11,1.9,resolved
TKT0008090,CUS004842,2024-05-03,2024-05-03,Billing,Medium,13.94,4.4,resolved
TKT0008091,CUS002680,2023-10-28,2023-10-28,Account,Low,12.6,,resolved
TKT0008092,CUS000875,2024-06-01,2024-06-01,Account,High,19.78,4.0,resolved
TKT0008093,CUS000815,2023-02-19,2023-02-20,Technical,Medium,28.45,4.7,resolved
TKT0008094,CUS004255,2024-12-16,2024-12-16,Technical,Medium,17.56,5.0,resolved
TKT0008095,CUS001422,2024-05-11,2024-05-11,Account,Medium,7.41,4.6,resolved
TKT0008096,CUS002480,2024-06-15,2024-06-16,Performance,High,27.12,4.2,resolved
TKT0008097,CUS003919,2024-07-27,2024-07-27,Account,High,15.84,4.0,resolved
TKT0008098,CUS000274,2023-07-18,2023-07-18,Billing,Medium,17.34,,resolved
TKT0008099,CUS002178,2023-01-08,2023-01-08,Performance,Medium,18.15,4.4,resolved
TKT0008100,CUS003357,2024-03-21,2024-03-21,Performance,Low,13.73,3.5,resolved
TKT0008101,CUS002890,2024-04-13,2024-04-14,Account,Medium,32.08,4.1,resolved
TKT0008102,CUS002041,2023-01-14,2023-01-15,Performance,Medium,31.1,3.4,resolved
TKT0008103,CUS001772,2023-08-07,2023-08-08,Account,Medium,31.85,3.2,resolved
TKT0008104,CUS000397,2024-06-15,2024-06-15,Technical,Low,5.38,4.2,resolved
TKT0008105,CUS003039,2024-07-01,2024-07-01,Billing,Low,10.74,4.6,resolved
TKT0008106,CUS000287,2024-10-19,2024-10-19,Account,High,13.14,4.2,resolved
TKT0008107,CUS002617,2023-02-22,2023-02-22,Billing,High,8.62,3.6,resolved
TKT0008108,CUS000674,2024-06-13,2024-06-13,Technical,High,22.72,3.8,resolved
TKT0008109,CUS000197,2023-12-26,2023-12-26,Performance,Medium,10.3,,resolved
TKT0008110,CUS002447,2023-06-04,2023-06-05,Integration,Low,24.18,,resolved
TKT0008111,CUS001534,2024-09-29,2024-09-29,Account,High,22.21,3.6,resolved
TKT0008112,CUS002454,2024-03-09,2024-03-09,Account,Medium,13.04,4.4,resolved
TKT0008113,CUS000822,2024-12-18,2024-12-18,Performance,Medium,13.82,4.1,resolved
TKT0008114,CUS004835,2023-12-30,2023-12-30,Billing,Low,10.7,4.3,resolved
TKT0008115,CUS000069,2024-06-10,2024-06-11,Account,Medium,36.54,2.9,resolved
TKT0008116,CUS000684,2023-02-08,2023-02-08,Billing,Critical,13.3,4.6,resolved
TKT0008117,CUS003556,2023-03-03,2023-03-05,Integration,Medium,51.24,2.1,resolved
TKT0008118,CUS004649,2023-10-22,2023-10-22,Account,High,19.23,3.9,resolved
TKT0008119,CUS000225,2024-02-01,2024-02-01,Performance,Medium,15.19,5.0,resolved
TKT0008120,CUS000107,2023-04-21,2023-04-21,Account,High,4.11,4.9,resolved
TKT0008121,CUS002806,2024-01-21,2024-01-21,Performance,Medium,22.61,4.5,resolved
TKT0008122,CUS002215,2024-09-04,2024-09-04,Performance,Low,5.96,3.8,resolved
TKT0008123,CUS001024,2023-12-24,2023-12-24,Integration,Medium,9.36,5.0,resolved
TKT0008124,CUS000666,2023-03-28,2023-03-28,Technical,Medium,7.45,4.9,resolved
TKT0008125,CUS004262,2023-12-10,2023-12-10,Account,Medium,19.32,,resolved
TKT0008126,CUS000623,2024-01-14,2024-01-14,Integration,Medium,8.18,5.0,resolved
TKT0008127,CUS003473,2023-01-16,2023-01-16,Technical,Medium,15.82,5.0,resolved
TKT0008128,CUS004130,2024-04-06,2024-04-06,Technical,Medium,4.73,4.3,resolved
TKT0008129,CUS000107,2024-05-16,2024-05-16,Performance,Medium,18.37,,resolved
TKT0008130,CUS003726,2024-05-02,2024-05-03,Performance,High,38.05,3.2,resolved
TKT0008131,CUS003418,2024-03-14,2024-03-14,Technical,High,5.58,3.8,resolved
TKT0008132,CUS002729,2024-07-21,2024-07-21,Technical,Low,7.51,4.1,resolved
TKT0008133,CUS000397,2024-02-05,2024-02-06,Billing,High,24.18,,resolved
TKT0008134,CUS004540,2023-06-05,2023-06-05,Technical,Medium,20.64,3.3,resolved
TKT0008135,CUS004542,2024-06-06,2024-06-06,Integration,Medium,17.87,3.3,resolved
TKT0008136,CUS001713,2023-08-23,2023-08-23,Integration,High,5.81,5.0,resolved
TKT0008137,CUS001688,2024-02-08,2024-02-08,Account,Low,9.52,5.0,resolved
TKT0008138,CUS002751,2024-05-25,2024-05-25,Technical,Medium,19.95,4.9,resolved
TKT0008139,CUS004374,2023-11-08,2023-11-08,Technical,High,6.71,3.8,resolved
TKT0008140,CUS004659,2023-01-17,2023-01-17,Technical,Low,11.64,4.3,resolved
TKT0008141,CUS001247,2023-09-02,2023-09-02,Technical,Medium,10.48,5.0,resolved
TKT0008142,CUS002797,2023-04-06,2023-04-06,Billing,Medium,6.56,4.5,resolved
TKT0008143,CUS001836,2023-10-17,2023-10-18,Integration,Medium,25.53,4.6,resolved
TKT0008144,CUS001090,2023-06-24,2023-06-24,Billing,Medium,16.53,3.9,resolved
TKT0008145,CUS000016,2024-01-14,2024-01-14,Account,Medium,10.53,4.4,resolved
TKT0008146,CUS001471,2024-04-27,2024-04-28,Technical,Low,39.01,2.8,resolved
TKT0008147,CUS001649,2023-10-01,2023-10-01,Account,Medium,9.84,5.0,resolved
TKT0008148,CUS003274,2024-01-20,2024-01-20,Billing,Medium,14.45,4.6,resolved
TKT0008149,CUS003223,2023-11-18,2023-11-18,Technical,Low,6.01,4.6,resolved
TKT0008150,CUS004892,2024-05-27,2024-05-27,Billing,Medium,17.08,3.7,resolved
TKT0008151,CUS003318,2024-04-11,2024-04-11,Technical,Medium,16.32,4.3,resolved
TKT0008152,CUS000775,2024-10-06,2024-10-06,Technical,Medium,15.99,4.5,resolved
TKT0008153,CUS002964,2024-02-10,2024-02-10,Billing,Medium,6.06,5.0,resolved
TKT0008154,CUS000832,2024-04-01,2024-04-01,Integration,Critical,4.73,,resolved
TKT0008155,CUS000779,2023-11-15,2023-11-15,Technical,High,18.38,4.3,resolved
TKT0008156,CUS004636,2023-02-13,2023-02-13,Performance,Low,13.54,4.0,resolved
TKT0008157,CUS000896,2024-09-28,2024-09-28,Integration,Medium,3.12,5.0,resolved
TKT0008158,CUS002396,2024-01-04,2024-01-05,Account,Medium,40.42,2.8,resolved
TKT0008159,CUS004537,2023-09-08,2023-09-08,Technical,Medium,12.86,3.8,resolved
TKT0008160,CUS003048,2024-03-27,2024-03-27,Performance,Medium,3.02,5.0,resolved
TKT0008161,CUS002312,2023-07-16,2023-07-16,Integration,Critical,13.75,4.4,resolved
TKT0008162,CUS001682,2024-07-14,2024-07-14,Technical,High,6.43,4.0,resolved
TKT0008163,CUS000635,2023-09-06,2023-09-06,Billing,Medium,9.24,5.0,resolved
TKT0008164,CUS004286,2024-11-25,2024-11-25,Technical,Medium,14.1,4.1,resolved
TKT0008165,CUS004011,2024-04-01,2024-04-01,Account,Medium,7.99,4.7,resolved
TKT0008166,CUS004596,2024-01-14,2024-01-14,Account,Medium,5.86,4.3,resolved
TKT0008167,CUS003870,2023-01-07,2023-01-07,Billing,Low,17.93,4.1,resolved
TKT0008168,CUS002462,2024-07-28,2024-07-28,Integration,Low,16.27,5.0,resolved
TKT0008169,CUS000974,2023-09-24,2023-09-24,Technical,Medium,7.98,5.0,resolved
TKT0008170,CUS004401,2023-02-14,2023-02-14,Technical,Medium,9.5,4.5,resolved
TKT0008171,CUS001023,2023-02-02,2023-02-03,Performance,Low,30.32,2.7,resolved
TKT0008172,CUS002353,2023-10-26,2023-10-26,Billing,Medium,17.81,3.9,resolved
TKT0008173,CUS003295,2024-07-29,2024-07-29,Account,Medium,4.47,4.6,resolved
TKT0008174,CUS004236,2023-10-30,2023-10-31,Billing,Medium,26.77,3.9,resolved
TKT0008175,CUS004211,2023-09-27,2023-09-27,Integration,High,8.1,4.3,resolved
TKT0008176,CUS001837,2023-09-08,2023-09-08,Account,High,10.0,5.0,resolved
TKT0008177,CUS000610,2023-04-30,2023-04-30,Billing,High,5.77,4.7,resolved
TKT0008178,CUS002461,2023-12-19,2023-12-19,Technical,Medium,7.9,3.8,resolved
TKT0008179,CUS004359,2023-12-29,2023-12-29,Technical,High,11.88,5.0,resolved
TKT0008180,CUS001451,2023-08-14,2023-08-14,Integration,Medium,18.17,3.9,resolved
TKT0008181,CUS002703,2023-09-24,2023-09-25,Performance,Low,30.72,2.9,resolved
TKT0008182,CUS000794,2024-07-04,2024-07-04,Billing,Medium,8.58,4.6,resolved
TKT0008183,CUS003717,2024-11-08,2024-11-08,Account,High,9.59,4.9,resolved
TKT0008184,CUS003048,2024-08-31,2024-08-31,Integration,Low,2.87,4.6,resolved
TKT0008185,CUS003699,2024-05-04,2024-05-04,Technical,High,7.37,5.0,resolved
TKT0008186,CUS001455,2023-03-15,2023-03-15,Account,Medium,20.01,3.4,resolved
TKT0008187,CUS003386,2023-12-15,2023-12-16,Performance,Medium,26.75,4.4,resolved
TKT0008188,CUS000859,2024-05-27,2024-05-28,Account,Low,28.18,2.6,resolved
TKT0008189,CUS002106,2024-12-09,2024-12-09,Integration,Low,8.29,4.3,resolved
TKT0008190,CUS004197,2024-05-20,2024-05-20,Technical,High,14.28,5.0,resolved
TKT0008191,CUS002568,2024-06-18,2024-06-18,Integration,Low,5.76,4.5,resolved
TKT0008192,CUS004495,2024-10-03,2024-10-03,Account,Medium,9.3,4.4,resolved
TKT0008193,CUS004081,2023-05-23,2023-05-24,Integration,Critical,35.97,2.2,resolved
TKT0008194,CUS002647,2024-12-11,2024-12-11,Billing,High,17.58,4.8,resolved
TKT0008195,CUS001707,2023-12-06,2023-12-06,Account,Medium,7.66,4.7,resolved
TKT0008196,CUS003741,2024-10-31,2024-10-31,Account,Medium,8.58,5.0,resolved
TKT0008197,CUS003757,2024-01-02,2024-01-02,Performance,Medium,14.48,4.6,resolved
TKT0008198,CUS002606,2024-09-12,2024-09-12,Integration,High,7.47,3.6,resolved
TKT0008199,CUS000692,2024-10-30,2024-10-30,Account,Medium,12.12,3.3,resolved
TKT0008200,CUS001604,2023-10-20,2023-10-21,Technical,Low,27.38,3.2,resolved
TKT0008201,CUS002407,2024-02-11,2024-02-12,Integration,Low,43.69,3.9,resolved
TKT0008202,CUS004716,2023-09-10,2023-09-10,Billing,High,10.56,4.4,resolved
TKT0008203,CUS003865,2024-05-16,2024-05-16,Performance,Medium,16.14,5.0,resolved
TKT0008204,CUS003882,2024-01-12,2024-01-12,Performance,High,9.25,3.7,resolved
TKT0008205,CUS001024,2023-04-30,2023-04-30,Account,High,11.2,4.9,resolved
TKT0008206,CUS000784,2024-02-02,2024-02-02,Performance,Medium,15.71,4.7,resolved
TKT0008207,CUS004861,2023-10-24,2023-10-24,Account,Critical,15.85,3.4,resolved
TKT0008208,CUS001441,2024-09-29,2024-09-29,Technical,Low,14.21,3.1,resolved
TKT0008209,CUS003277,2023-05-13,2023-05-14,Technical,Medium,26.52,4.6,resolved
TKT0008210,CUS003770,2023-12-29,2023-12-29,Billing,Low,15.88,3.7,resolved
TKT0008211,CUS002624,2023-11-25,2023-11-25,Integration,Low,8.48,5.0,resolved
TKT0008212,CUS000369,2023-12-19,2023-12-19,Billing,Medium,8.21,4.2,resolved
TKT0008213,CUS001686,2024-09-28,2024-09-28,Billing,High,11.93,,resolved
TKT0008214,CUS004657,2024-06-03,2024-06-03,Account,Medium,16.27,4.1,resolved
TKT0008215,CUS002804,2024-09-16,2024-09-17,Performance,Medium,24.48,4.4,resolved
TKT0008216,CUS004750,2024-05-04,2024-05-04,Integration,Critical,9.48,5.0,resolved
TKT0008217,CUS000811,2023-04-21,2023-04-21,Performance,Medium,12.38,5.0,resolved
TKT0008218,CUS000339,2023-03-19,2023-03-20,Performance,Medium,24.63,4.7,resolved
TKT0008219,CUS003299,2023-10-31,2023-10-31,Billing,Medium,4.48,5.0,resolved
TKT0008220,CUS001392,2024-11-16,2024-11-16,Billing,Low,12.55,4.3,resolved
TKT0008221,CUS002876,2024-11-27,2024-11-27,Account,Medium,7.13,3.6,resolved
TKT0008222,CUS001842,2023-04-17,2023-04-17,Technical,Medium,8.15,4.6,resolved
TKT0008223,CUS001247,2023-04-04,2023-04-04,Billing,High,11.38,4.4,resolved
TKT0008224,CUS000442,2023-11-20,2023-11-20,Performance,Medium,2.38,5.0,resolved
TKT0008225,CUS002773,2023-04-26,2023-04-26,Integration,High,14.98,5.0,resolved
TKT0008226,CUS000267,2023-02-05,2023-02-05,Integration,Low,11.07,4.6,resolved
TKT0008227,CUS003588,2023-03-09,2023-03-09,Performance,Low,7.22,5.0,resolved
TKT0008228,CUS001321,2023-10-27,2023-10-28,Account,Low,31.13,4.6,resolved
TKT0008229,CUS000715,2024-01-17,2024-01-17,Technical,High,14.38,3.9,resolved
TKT0008230,CUS004146,2023-09-27,2023-09-27,Integration,Critical,4.77,,resolved
TKT0008231,CUS004511,2024-12-29,2024-12-29,Billing,High,15.14,3.8,resolved
TKT0008232,CUS000638,2024-08-02,2024-08-02,Technical,Medium,14.38,4.8,resolved
TKT0008233,CUS004752,2024-10-11,2024-10-11,Integration,Medium,7.97,4.4,resolved
TKT0008234,CUS002360,2024-06-25,2024-06-25,Performance,Low,9.14,3.5,resolved
TKT0008235,CUS000601,2023-06-14,2023-06-15,Technical,Medium,29.0,4.3,resolved
TKT0008236,CUS001857,2024-11-09,2024-11-09,Account,Critical,22.33,3.9,resolved
TKT0008237,CUS002759,2024-08-13,2024-08-13,Integration,Low,4.89,5.0,resolved
TKT0008238,CUS001320,2024-12-11,2024-12-11,Account,Low,11.35,5.0,resolved
TKT0008239,CUS003903,2023-01-21,2023-01-21,Performance,Medium,4.07,5.0,resolved
TKT0008240,CUS000590,2024-05-07,2024-05-07,Billing,High,14.45,3.4,resolved
TKT0008241,CUS004421,2024-03-15,2024-03-15,Account,Medium,7.41,5.0,resolved
TKT0008242,CUS002097,2023-01-14,2023-01-14,Integration,Medium,7.87,4.5,resolved
TKT0008243,CUS004886,2024-09-30,2024-09-30,Technical,Medium,9.77,5.0,resolved
TKT0008244,CUS002254,2023-04-19,2023-04-19,Technical,Low,8.56,5.0,resolved
TKT0008245,CUS000083,2023-09-16,2023-09-16,Billing,Medium,20.06,5.0,resolved
TKT0008246,CUS001958,2023-03-29,2023-03-29,Integration,Critical,7.05,4.9,resolved
TKT0008247,CUS001979,2023-10-11,2023-10-11,Technical,Low,6.59,5.0,resolved
TKT0008248,CUS001803,2023-11-07,2023-11-07,Performance,Medium,11.03,5.0,resolved
TKT0008249,CUS003767,2024-04-22,2024-04-22,Performance,High,8.67,4.5,resolved
TKT0008250,CUS002943,2024-06-06,2024-06-07,Technical,Medium,32.06,4.2,resolved
TKT0008251,CUS004529,2024-09-30,2024-09-30,Account,Low,6.87,3.8,resolved
TKT0008252,CUS003132,2023-06-01,2023-06-01,Performance,Medium,5.83,5.0,resolved
TKT0008253,CUS002940,2024-02-01,2024-02-01,Integration,Low,9.69,5.0,resolved
TKT0008254,CUS001364,2024-03-24,2024-03-25,Account,Medium,27.1,4.0,resolved
TKT0008255,CUS003310,2024-11-17,2024-11-17,Account,High,10.03,4.3,resolved
TKT0008256,CUS003505,2024-01-17,2024-01-17,Integration,Medium,8.7,4.0,resolved
TKT0008257,CUS000219,2024-03-04,2024-03-04,Performance,Medium,4.33,5.0,resolved
TKT0008258,CUS000256,2023-02-23,2023-02-23,Performance,Medium,7.81,5.0,resolved
TKT0008259,CUS001048,2023-09-09,2023-09-09,Performance,Medium,7.52,3.5,resolved
TKT0008260,CUS002937,2023-06-16,2023-06-16,Account,High,11.06,4.3,resolved
TKT0008261,CUS003186,2024-09-08,2024-09-08,Account,Medium,10.79,3.5,resolved
TKT0008262,CUS001792,2023-03-07,2023-03-08,Integration,High,44.38,2.7,resolved
TKT0008263,CUS001223,2024-08-19,2024-08-19,Technical,Medium,8.39,4.3,resolved
TKT0008264,CUS000827,2024-11-21,2024-11-21,Account,Low,17.26,4.2,resolved
TKT0008265,CUS001510,2024-04-16,2024-04-17,Integration,Medium,37.79,2.4,resolved
TKT0008266,CUS002285,2023-05-12,2023-05-12,Performance,High,15.47,5.0,resolved
TKT0008267,CUS003012,2023-04-11,2023-04-11,Integration,High,10.53,3.5,resolved
TKT0008268,CUS004348,2023-10-13,2023-10-16,Billing,Low,83.08,1.2,resolved
TKT0008269,CUS003178,2023-01-02,2023-01-02,Account,Low,10.23,5.0,resolved
TKT0008270,CUS002746,2024-10-06,2024-10-06,Technical,Medium,14.17,3.5,resolved
TKT0008271,CUS001738,2023-02-07,2023-02-08,Technical,High,27.13,3.4,resolved
TKT0008272,CUS002164,2024-07-13,2024-07-13,Account,High,3.78,,resolved
TKT0008273,CUS003229,2023-07-04,2023-07-04,Performance,Low,4.37,3.7,resolved
TKT0008274,CUS003192,2023-08-12,2023-08-12,Performance,Low,22.55,3.8,resolved
TKT0008275,CUS001056,2023-06-23,2023-06-23,Technical,Low,20.85,3.0,resolved
TKT0008276,CUS004044,2023-09-18,2023-09-18,Account,High,5.15,,resolved
TKT0008277,CUS004144,2024-03-27,2024-03-28,Billing,Medium,36.76,2.7,resolved
TKT0008278,CUS004906,2024-11-19,2024-11-19,Integration,Critical,9.39,4.8,resolved
TKT0008279,CUS004468,2023-11-12,2023-11-12,Integration,Medium,18.81,3.9,resolved
TKT0008280,CUS000512,2024-01-20,2024-01-22,Performance,High,49.54,2.6,resolved
TKT0008281,CUS002186,2023-01-19,2023-01-19,Account,High,9.3,,resolved
TKT0008282,CUS000283,2023-09-16,2023-09-16,Integration,Critical,3.16,2.8,resolved
TKT0008283,CUS003844,2024-09-24,2024-09-24,Performance,Medium,6.48,4.6,resolved
TKT0008284,CUS004357,2023-01-12,2023-01-12,Technical,Low,3.02,4.0,resolved
TKT0008285,CUS002459,2024-03-10,2024-03-10,Performance,High,5.97,5.0,resolved
TKT0008286,CUS000932,2023-05-27,2023-05-28,Billing,Medium,24.68,3.0,resolved
TKT0008287,CUS002310,2023-10-14,2023-10-14,Technical,High,10.97,5.0,resolved
TKT0008288,CUS000661,2023-12-21,2023-12-21,Technical,Medium,5.26,,resolved
TKT0008289,CUS000455,2023-10-10,2023-10-11,Account,Medium,27.36,3.7,resolved
TKT0008290,CUS000613,2024-01-02,2024-01-02,Technical,Low,9.27,5.0,resolved
TKT0008291,CUS000512,2023-03-19,2023-03-19,Technical,High,19.86,2.4,resolved
TKT0008292,CUS004463,2023-12-06,2023-12-06,Technical,Medium,8.76,4.6,resolved
TKT0008293,CUS000149,2024-01-09,2024-01-09,Integration,Critical,22.38,3.9,resolved
TKT0008294,CUS001416,2023-09-21,2023-09-21,Technical,Medium,10.69,4.3,resolved
TKT0008295,CUS001029,2024-12-25,2024-12-26,Billing,High,28.04,3.6,resolved
TKT0008296,CUS002240,2024-07-28,2024-07-28,Billing,High,4.24,4.8,resolved
TKT0008297,CUS001280,2024-01-17,2024-01-17,Integration,Medium,23.29,,resolved
TKT0008298,CUS001251,2023-03-15,2023-03-15,Performance,High,12.73,4.8,resolved
TKT0008299,CUS004461,2023-01-11,2023-01-11,Account,Medium,6.62,4.4,resolved
TKT0008300,CUS003309,2024-02-29,2024-02-29,Performance,High,8.01,4.9,resolved
TKT0008301,CUS001483,2024-03-28,2024-03-28,Integration,High,7.5,4.8,resolved
TKT0008302,CUS001612,2023-02-04,2023-02-04,Integration,Low,12.21,5.0,resolved
TKT0008303,CUS001857,2023-01-06,2023-01-06,Performance,Medium,18.5,5.0,resolved
TKT0008304,CUS001987,2024-09-27,2024-09-28,Account,Low,46.12,1.5,resolved
TKT0008305,CUS000942,2024-10-28,2024-10-28,Technical,Low,2.96,5.0,resolved
TKT0008306,CUS001757,2023-01-18,2023-01-18,Integration,Medium,15.16,4.8,resolved
TKT0008307,CUS004365,2024-01-13,2024-01-13,Account,Medium,3.82,5.0,resolved
TKT0008308,CUS003594,2024-02-12,2024-02-14,Account,Low,49.75,3.0,resolved
TKT0008309,CUS000190,2024-05-19,2024-05-20,Technical,High,26.35,,resolved
TKT0008310,CUS004043,2023-09-01,2023-09-01,Integration,High,10.15,4.2,resolved
TKT0008311,CUS002040,2024-10-01,2024-10-01,Integration,Low,13.54,5.0,resolved
TKT0008312,CUS003621,2024-05-07,2024-05-07,Technical,Medium,23.39,3.0,resolved
TKT0008313,CUS001973,2024-07-27,2024-07-27,Billing,Low,7.11,4.6,resolved
TKT0008314,CUS003876,2023-12-30,2023-12-30,Integration,Medium,6.61,5.0,resolved
TKT0008315,CUS003322,2024-02-03,2024-02-03,Technical,Medium,16.79,3.9,resolved
TKT0008316,CUS003364,2024-11-13,2024-11-13,Performance,Low,1.99,5.0,resolved
TKT0008317,CUS004405,2023-10-23,2023-10-23,Billing,Low,23.54,4.2,resolved
TKT0008318,CUS004124,2023-10-23,2023-10-24,Performance,High,30.09,3.6,resolved
TKT0008319,CUS002470,2024-11-06,2024-11-06,Performance,High,8.88,5.0,resolved
TKT0008320,CUS003311,2023-09-20,2023-09-21,Performance,Medium,25.51,4.6,resolved
TKT0008321,CUS001900,2023-01-17,2023-01-17,Technical,High,7.59,4.4,resolved
TKT0008322,CUS003302,2024-03-04,2024-03-04,Account,Low,7.35,5.0,resolved
TKT0008323,CUS001340,2023-10-24,2023-10-24,Technical,Medium,11.83,5.0,resolved
TKT0008324,CUS002879,2023-01-21,2023-01-21,Billing,Medium,14.41,3.0,resolved
TKT0008325,CUS004066,2024-01-01,2024-01-01,Integration,Medium,6.18,5.0,resolved
TKT0008326,CUS002536,2024-02-04,2024-02-04,Account,Medium,12.85,,resolved
TKT0008327,CUS003414,2024-09-28,2024-09-28,Account,Medium,12.44,4.4,resolved
TKT0008328,CUS001442,2023-09-06,2023-09-06,Account,Low,2.58,5.0,resolved
TKT0008329,CUS004096,2023-05-01,2023-05-01,Account,Medium,8.78,5.0,resolved
TKT0008330,CUS002377,2023-10-22,2023-10-22,Account,High,9.07,5.0,resolved
TKT0008331,CUS001993,2024-05-26,2024-05-26,Technical,Critical,7.14,4.3,resolved
TKT0008332,CUS000147,2024-01-17,2024-01-17,Technical,Medium,7.15,5.0,resolved
TKT0008333,CUS000499,2024-05-03,2024-05-03,Account,Medium,14.07,,resolved
TKT0008334,CUS000626,2023-03-10,2023-03-10,Performance,High,3.88,4.9,resolved
TKT0008335,CUS002439,2024-12-02,2024-12-02,Account,High,20.45,4.3,resolved
TKT0008336,CUS000385,2023-08-08,2023-08-08,Account,Medium,9.65,4.8,resolved
TKT0008337,CUS003109,2024-09-26,2024-09-26,Billing,Medium,22.55,3.7,resolved
TKT0008338,CUS000789,2024-02-27,2024-02-27,Technical,Low,11.66,4.1,resolved
TKT0008339,CUS003119,2023-12-21,2023-12-21,Performance,Low,19.08,5.0,resolved
TKT0008340,CUS002575,2024-12-13,2024-12-14,Account,Critical,24.26,3.0,resolved
TKT0008341,CUS001426,2023-03-09,2023-03-09,Technical,High,5.71,5.0,resolved
TKT0008342,CUS002332,2024-12-28,2024-12-28,Technical,Medium,9.33,4.5,resolved
TKT0008343,CUS002317,2024-09-06,2024-09-09,Performance,Medium,83.16,1.0,resolved
TKT0008344,CUS000666,2023-09-13,2023-09-14,Integration,Low,29.23,3.4,resolved
TKT0008345,CUS002328,2023-07-01,2023-07-01,Account,Critical,5.29,4.7,resolved
TKT0008346,CUS003211,2023-09-27,2023-09-27,Technical,Medium,12.91,3.7,resolved
TKT0008347,CUS003466,2024-07-05,2024-07-05,Technical,High,17.52,5.0,resolved
TKT0008348,CUS004462,2023-03-19,2023-03-19,Account,Medium,12.93,4.6,resolved
TKT0008349,CUS003612,2024-02-15,2024-02-15,Account,Medium,6.76,4.1,resolved
TKT0008350,CUS002680,2023-03-14,2023-03-14,Integration,Medium,3.52,4.5,resolved
TKT0008351,CUS001500,2023-02-05,2023-02-06,Account,Low,26.88,2.5,resolved
TKT0008352,CUS002343,2023-12-17,2023-12-17,Billing,Medium,8.8,4.9,resolved
TKT0008353,CUS004879,2023-01-03,2023-01-03,Billing,Critical,20.34,3.8,resolved
TKT0008354,CUS004719,2024-06-04,2024-06-04,Performance,Low,21.39,3.0,resolved
TKT0008355,CUS003687,2023-04-03,2023-04-03,Integration,Medium,6.31,4.2,resolved
TKT0008356,CUS000161,2024-09-27,2024-09-27,Performance,High,10.23,4.2,resolved
TKT0008357,CUS000323,2023-07-19,2023-07-19,Integration,Medium,13.28,3.9,resolved
TKT0008358,CUS004877,2024-10-01,2024-10-01,Technical,Low,12.54,5.0,resolved
TKT0008359,CUS004047,2023-07-20,2023-07-20,Performance,Low,6.01,5.0,resolved
TKT0008360,CUS002452,2023-11-06,2023-11-06,Account,Medium,4.09,4.1,resolved
TKT0008361,CUS002009,2023-06-11,2023-06-11,Performance,Medium,9.49,5.0,resolved
TKT0008362,CUS000919,2024-06-12,2024-06-12,Billing,Low,10.16,4.5,resolved
TKT0008363,CUS002605,2024-09-27,2024-09-27,Performance,High,18.84,4.2,resolved
TKT0008364,CUS003258,2024-12-06,2024-12-06,Performance,High,9.04,4.4,resolved
TKT0008365,CUS000648,2024-01-26,2024-01-26,Account,Medium,20.34,4.4,resolved
TKT0008366,CUS002380,2023-05-13,2023-05-13,Performance,Low,8.3,5.0,resolved
TKT0008367,CUS001790,2023-03-27,2023-03-27,Technical,Low,11.58,4.6,resolved
TKT0008368,CUS004441,2023-06-15,2023-06-15,Integration,Low,15.28,3.7,resolved
TKT0008369,CUS003557,2023-03-18,2023-03-18,Account,Medium,12.16,4.5,resolved
TKT0008370,CUS004517,2023-10-06,2023-10-06,Billing,Medium,3.8,5.0,resolved
TKT0008371,CUS001797,2024-03-08,2024-03-08,Technical,Medium,7.96,5.0,resolved
TKT0008372,CUS000815,2024-07-07,2024-07-08,Integration,Low,37.2,2.9,resolved
TKT0008373,CUS004148,2024-05-07,2024-05-08,Performance,Low,46.85,1.6,resolved
TKT0008374,CUS002128,2023-08-30,2023-08-30,Technical,Low,7.94,5.0,resolved
TKT0008375,CUS002883,2024-06-05,2024-06-05,Integration,Critical,7.64,4.6,resolved
TKT0008376,CUS003606,2023-01-24,2023-01-25,Account,Low,25.02,4.0,resolved
TKT0008377,CUS003117,2024-04-22,2024-04-23,Performance,Low,24.01,5.0,resolved
TKT0008378,CUS004010,2024-11-07,2024-11-07,Billing,Low,7.9,5.0,resolved
TKT0008379,CUS000884,2024-04-08,2024-04-09,Technical,Medium,36.21,3.6,resolved
TKT0008380,CUS000439,2024-08-30,2024-08-30,Billing,Critical,20.61,3.9,resolved
TKT0008381,CUS001693,2024-07-25,2024-07-25,Technical,Medium,20.31,4.5,resolved
TKT0008382,CUS002644,2023-03-15,2023-03-16,Integration,Critical,26.25,2.3,resolved
TKT0008383,CUS003778,2023-02-27,2023-02-27,Technical,Low,11.6,3.0,resolved
TKT0008384,CUS003948,2024-07-01,2024-07-01,Billing,High,13.65,4.5,resolved
TKT0008385,CUS002857,2024-04-20,2024-04-20,Account,Low,8.78,3.7,resolved
TKT0008386,CUS003862,2023-01-26,2023-01-26,Integration,Medium,9.92,5.0,resolved
TKT0008387,CUS002881,2023-05-14,2023-05-14,Integration,High,4.79,5.0,resolved
TKT0008388,CUS001218,2023-06-09,2023-06-09,Account,Low,7.6,5.0,resolved
TKT0008389,CUS003744,2023-05-24,2023-05-24,Performance,Medium,12.24,4.2,resolved
TKT0008390,CUS002998,2023-01-08,2023-01-08,Performance,Low,2.61,5.0,resolved
TKT0008391,CUS002853,2024-07-20,2024-07-20,Account,Medium,12.82,4.4,resolved
TKT0008392,CUS004039,2023-10-01,2023-10-01,Billing,Low,17.64,4.0,resolved
TKT0008393,CUS000189,2024-12-30,2024-12-30,Account,High,3.37,4.3,resolved
TKT0008394,CUS001161,2023-08-17,2023-08-17,Integration,Low,6.88,4.6,resolved
TKT0008395,CUS003430,2023-08-22,2023-08-22,Billing,Low,4.1,4.4,resolved
TKT0008396,CUS001095,2024-03-31,2024-03-31,Technical,Low,14.46,4.7,resolved
TKT0008397,CUS000968,2024-01-13,2024-01-13,Billing,High,7.68,,resolved
TKT0008398,CUS004751,2023-04-26,2023-04-26,Account,Low,21.05,,resolved
TKT0008399,CUS004658,2024-05-27,2024-05-27,Account,High,7.67,4.2,resolved
TKT0008400,CUS002359,2023-09-19,2023-09-19,Account,Medium,11.85,4.3,resolved
TKT0008401,CUS000520,2024-11-24,2024-11-24,Performance,Low,6.25,5.0,resolved
TKT0008402,CUS003924,2023-01-06,2023-01-06,Account,Medium,10.59,4.5,resolved
TKT0008403,CUS003918,2024-04-17,2024-04-17,Billing,High,14.12,4.0,resolved
TKT0008404,CUS001805,2023-03-20,2023-03-20,Integration,High,16.21,4.8,resolved
TKT0008405,CUS003784,2024-05-31,2024-05-31,Technical,Low,12.54,4.2,resolved
TKT0008406,CUS000446,2023-02-06,2023-02-06,Integration,Low,21.36,4.7,resolved
TKT0008407,CUS002294,2023-07-28,2023-07-28,Account,High,9.88,4.5,resolved
TKT0008408,CUS000238,2024-06-26,2024-06-26,Account,Medium,21.12,4.4,resolved
TKT0008409,CUS004406,2023-09-29,2023-09-29,Account,Medium,15.34,4.6,resolved
TKT0008410,CUS001754,2023-08-10,2023-08-10,Technical,Critical,16.52,3.2,resolved
TKT0008411,CUS000851,2024-10-18,2024-10-18,Technical,Medium,8.89,5.0,resolved
TKT0008412,CUS000735,2023-05-07,2023-05-07,Account,Critical,12.95,3.4,resolved
TKT0008413,CUS000544,2023-01-31,2023-01-31,Billing,Low,6.55,5.0,resolved
TKT0008414,CUS000548,2023-05-28,2023-05-29,Integration,Low,31.62,3.2,resolved
TKT0008415,CUS002383,2024-02-11,2024-02-11,Billing,Low,20.12,4.0,resolved
TKT0008416,CUS000865,2024-01-14,2024-01-14,Billing,Medium,21.7,3.5,resolved
TKT0008417,CUS003813,2023-04-10,2023-04-10,Account,Low,12.29,5.0,resolved
TKT0008418,CUS002558,2023-06-18,2023-06-18,Account,High,10.76,,resolved
TKT0008419,CUS004355,2023-02-01,2023-02-01,Performance,High,12.54,3.7,resolved
TKT0008420,CUS004118,2024-04-22,2024-04-22,Billing,Medium,14.35,,resolved
TKT0008421,CUS003689,2023-04-14,2023-04-14,Integration,Medium,13.3,,resolved
TKT0008422,CUS000861,2024-10-06,2024-10-07,Technical,Medium,29.02,3.5,resolved
TKT0008423,CUS002320,2023-12-08,2023-12-09,Integration,High,25.53,3.0,resolved
TKT0008424,CUS004589,2024-01-27,2024-01-27,Technical,Medium,19.84,3.8,resolved
TKT0008425,CUS003820,2024-03-23,2024-03-23,Integration,Low,18.61,3.9,resolved
TKT0008426,CUS002738,2024-10-20,2024-10-20,Integration,Low,4.13,5.0,resolved
TKT0008427,CUS002755,2023-04-30,2023-04-30,Technical,Low,11.62,5.0,resolved
TKT0008428,CUS001735,2023-11-16,2023-11-16,Technical,Medium,3.54,5.0,resolved
TKT0008429,CUS004225,2024-01-10,2024-01-10,Account,Medium,11.18,4.4,resolved
TKT0008430,CUS004501,2024-11-02,2024-11-02,Billing,High,6.36,4.1,resolved
TKT0008431,CUS003420,2024-12-11,2024-12-12,Billing,Medium,30.32,3.8,resolved
TKT0008432,CUS004998,2023-09-24,2023-09-24,Integration,Low,11.02,5.0,resolved
TKT0008433,CUS003914,2024-01-29,2024-01-29,Integration,Medium,8.32,3.8,resolved
TKT0008434,CUS004111,2023-03-09,2023-03-09,Account,High,13.87,4.3,resolved
TKT0008435,CUS002527,2023-02-15,2023-02-15,Performance,Medium,2.69,5.0,resolved
TKT0008436,CUS002364,2024-11-29,2024-11-29,Integration,Medium,18.14,3.9,resolved
TKT0008437,CUS001842,2023-06-29,2023-06-30,Billing,High,40.67,2.9,resolved
TKT0008438,CUS002457,2023-09-20,2023-09-20,Technical,High,17.0,4.8,resolved
TKT0008439,CUS003004,2023-01-29,2023-01-29,Performance,Medium,7.71,4.8,resolved
TKT0008440,CUS002720,2024-01-28,2024-01-28,Technical,Low,6.12,,resolved
TKT0008441,CUS001020,2024-03-05,2024-03-05,Performance,Medium,3.71,5.0,resolved
TKT0008442,CUS002210,2023-08-03,2023-08-03,Performance,Low,8.25,5.0,resolved
TKT0008443,CUS002495,2024-10-03,2024-10-03,Integration,Medium,2.5,4.0,resolved
TKT0008444,CUS002718,2023-10-08,2023-10-08,Integration,Medium,2.79,5.0,resolved
TKT0008445,CUS000274,2024-07-20,2024-07-20,Performance,Low,19.1,3.5,resolved
TKT0008446,CUS003645,2023-08-28,2023-08-29,Account,Medium,28.3,4.2,resolved
TKT0008447,CUS004843,2023-02-03,2023-02-03,Technical,Low,11.76,3.6,resolved
TKT0008448,CUS000946,2024-09-11,2024-09-11,Integration,High,14.04,4.8,resolved
TKT0008449,CUS004329,2024-07-22,2024-07-22,Billing,Medium,7.72,4.9,resolved
TKT0008450,CUS001025,2024-08-12,2024-08-12,Billing,Medium,21.76,3.3,resolved
TKT0008451,CUS000261,2024-01-08,2024-01-08,Technical,High,12.07,4.5,resolved
TKT0008452,CUS003726,2023-07-06,2023-07-06,Performance,Medium,15.37,5.0,resolved
TKT0008453,CUS004297,2024-09-14,2024-09-14,Performance,Low,3.4,5.0,resolved
TKT0008454,CUS004213,2024-05-17,2024-05-17,Account,Low,9.89,4.4,resolved
TKT0008455,CUS000441,2023-10-17,2023-10-17,Billing,High,7.56,5.0,resolved
TKT0008456,CUS000031,2024-06-02,2024-06-04,Account,Medium,52.73,1.2,resolved
TKT0008457,CUS004436,2023-10-25,2023-10-25,Performance,Low,7.48,5.0,resolved
TKT0008458,CUS001294,2024-05-13,2024-05-13,Performance,Low,8.99,5.0,resolved
TKT0008459,CUS001078,2024-12-23,2024-12-23,Account,Low,3.31,5.0,resolved
TKT0008460,CUS004220,2023-02-16,2023-02-16,Billing,Medium,11.53,,resolved
TKT0008461,CUS001468,2023-09-09,2023-09-09,Performance,High,11.18,,resolved
TKT0008462,CUS002472,2023-07-27,2023-07-27,Technical,Medium,8.76,5.0,resolved
TKT0008463,CUS004628,2023-05-25,2023-05-25,Billing,Low,23.1,4.1,resolved
TKT0008464,CUS003465,2024-10-14,2024-10-14,Integration,Medium,17.52,4.2,resolved
TKT0008465,CUS002190,2024-12-13,2024-12-13,Technical,Low,7.1,5.0,resolved
TKT0008466,CUS002520,2023-04-10,2023-04-10,Integration,Critical,6.38,5.0,resolved
TKT0008467,CUS001653,2024-10-22,2024-10-22,Technical,Low,16.69,4.3,resolved
TKT0008468,CUS004279,2024-07-01,2024-07-01,Billing,Medium,3.84,5.0,resolved
TKT0008469,CUS002780,2023-03-22,2023-03-22,Integration,Medium,6.95,5.0,resolved
TKT0008470,CUS004094,2024-12-21,2024-12-21,Integration,Low,9.69,,resolved
TKT0008471,CUS004989,2023-06-07,2023-06-07,Account,High,8.13,3.8,resolved
TKT0008472,CUS002370,2023-08-13,2023-08-13,Billing,Medium,10.02,4.3,resolved
TKT0008473,CUS000103,2024-09-17,2024-09-17,Billing,Medium,21.14,4.2,resolved
TKT0008474,CUS004449,2024-01-28,2024-01-28,Integration,Low,8.87,3.7,resolved
TKT0008475,CUS001204,2023-06-10,2023-06-10,Integration,Medium,5.65,4.0,resolved
TKT0008476,CUS001288,2023-09-11,2023-09-12,Performance,Low,27.23,2.7,resolved
TKT0008477,CUS001694,2023-08-19,2023-08-19,Billing,Medium,14.57,4.3,resolved
TKT0008478,CUS004843,2023-06-30,2023-06-30,Integration,Medium,22.5,3.9,resolved
TKT0008479,CUS003229,2023-09-12,2023-09-13,Performance,Low,26.22,2.8,resolved
TKT0008480,CUS003695,2024-05-27,2024-05-27,Integration,Low,14.43,3.7,resolved
TKT0008481,CUS000689,2023-09-06,2023-09-08,Technical,High,52.28,3.0,resolved
TKT0008482,CUS001887,2024-07-01,2024-07-02,Performance,Medium,31.68,3.8,resolved
TKT0008483,CUS001207,2023-06-19,2023-06-19,Billing,Low,11.0,4.9,resolved
TKT0008484,CUS000089,2023-12-14,2023-12-14,Performance,Low,7.35,3.9,resolved
TKT0008485,CUS003280,2023-05-12,2023-05-12,Billing,Medium,16.55,,resolved
TKT0008486,CUS000052,2024-06-08,2024-06-09,Technical,Medium,25.76,3.4,resolved
TKT0008487,CUS004341,2023-09-22,2023-09-22,Performance,Low,17.53,3.2,resolved
TKT0008488,CUS003290,2023-01-09,2023-01-09,Account,Low,16.86,3.4,resolved
TKT0008489,CUS002673,2024-01-07,2024-01-07,Account,Medium,14.61,5.0,resolved
TKT0008490,CUS002246,2023-08-31,2023-08-31,Performance,High,16.31,3.1,resolved
TKT0008491,CUS002195,2023-01-17,2023-01-17,Integration,Medium,12.74,5.0,resolved
TKT0008492,CUS001575,2023-10-23,2023-10-23,Integration,Medium,7.93,3.5,resolved
TKT0008493,CUS003356,2023-01-31,2023-01-31,Performance,High,17.41,4.9,resolved
TKT0008494,CUS003052,2023-10-22,2023-10-22,Integration,Medium,8.91,4.8,resolved
TKT0008495,CUS001579,2024-02-07,2024-02-07,Integration,Critical,3.25,,resolved
TKT0008496,CUS004751,2023-02-08,2023-02-08,Billing,Medium,4.5,,resolved
TKT0008497,CUS001914,2023-05-10,2023-05-10,Account,Low,23.44,4.5,resolved
TKT0008498,CUS003621,2023-02-11,2023-02-11,Technical,Medium,5.41,4.8,resolved
TKT0008499,CUS002248,2023-04-29,2023-04-29,Account,Medium,11.22,4.8,resolved
TKT0008500,CUS000565,2024-08-18,2024-08-18,Performance,Medium,23.21,4.1,resolved
TKT0008501,CUS004544,2023-02-17,2023-02-17,Performance,High,11.73,4.9,resolved
TKT0008502,CUS003978,2023-03-04,2023-03-05,Integration,High,43.79,,resolved
TKT0008503,CUS000889,2024-08-02,2024-08-02,Integration,High,9.89,5.0,resolved
TKT0008504,CUS002180,2023-05-08,2023-05-08,Billing,Low,6.31,,resolved
TKT0008505,CUS004259,2023-07-28,2023-07-28,Technical,Low,4.29,5.0,resolved
TKT0008506,CUS003675,2024-01-30,2024-01-30,Performance,High,3.33,4.7,resolved
TKT0008507,CUS003280,2024-01-05,2024-01-06,Integration,Medium,27.36,3.7,resolved
TKT0008508,CUS004078,2023-01-20,2023-01-20,Performance,High,5.26,5.0,resolved
TKT0008509,CUS001593,2024-01-19,2024-01-19,Technical,High,3.87,5.0,resolved
TKT0008510,CUS004227,2024-10-13,2024-10-13,Billing,Low,8.41,3.6,resolved
TKT0008511,CUS004536,2023-07-03,2023-07-03,Performance,Medium,7.31,4.5,resolved
TKT0008512,CUS000288,2023-08-16,2023-08-16,Billing,High,6.95,4.3,resolved
TKT0008513,CUS004576,2024-08-18,2024-08-18,Account,High,23.43,4.3,resolved
TKT0008514,CUS004824,2023-10-08,2023-10-08,Billing,Medium,12.07,5.0,resolved
TKT0008515,CUS001939,2024-12-10,2024-12-10,Integration,Medium,18.04,3.5,resolved
TKT0008516,CUS004449,2024-07-24,2024-07-25,Technical,Medium,43.54,2.6,resolved
TKT0008517,CUS000269,2023-11-14,2023-11-14,Integration,High,6.42,4.9,resolved
TKT0008518,CUS003492,2024-06-18,2024-06-18,Account,Low,12.12,,resolved
TKT0008519,CUS002353,2024-12-23,2024-12-23,Billing,High,4.43,5.0,resolved
TKT0008520,CUS002446,2024-04-30,2024-05-01,Billing,Low,27.25,4.2,resolved
TKT0008521,CUS004576,2023-05-31,2023-05-31,Performance,Critical,9.24,5.0,resolved
TKT0008522,CUS003125,2024-11-15,2024-11-15,Account,Medium,1.55,4.7,resolved
TKT0008523,CUS004473,2024-07-10,2024-07-10,Performance,Medium,4.59,5.0,resolved
TKT0008524,CUS000907,2024-04-29,2024-04-30,Billing,Low,26.42,2.3,resolved
TKT0008525,CUS003576,2024-01-17,2024-01-17,Integration,Medium,3.38,3.6,resolved
TKT0008526,CUS001171,2024-06-13,2024-06-13,Technical,Critical,16.27,4.0,resolved
TKT0008527,CUS000809,2024-02-02,2024-02-02,Billing,High,23.53,4.1,resolved
TKT0008528,CUS004336,2024-01-10,2024-01-10,Integration,Low,14.88,3.6,resolved
TKT0008529,CUS002975,2024-10-26,2024-10-28,Billing,High,51.28,3.9,resolved
TKT0008530,CUS000722,2023-11-09,2023-11-09,Integration,Medium,9.99,4.7,resolved
TKT0008531,CUS002722,2024-11-28,2024-11-28,Technical,Low,5.77,4.7,resolved
TKT0008532,CUS003243,2023-02-21,2023-02-21,Billing,Low,6.09,5.0,resolved
TKT0008533,CUS004485,2023-01-02,2023-01-02,Account,High,21.6,3.0,resolved
TKT0008534,CUS000956,2023-07-01,2023-07-01,Integration,High,3.78,5.0,resolved
TKT0008535,CUS000940,2023-06-23,2023-06-23,Performance,Medium,20.01,3.3,resolved
TKT0008536,CUS003597,2023-12-24,2023-12-25,Account,High,47.91,1.7,resolved
TKT0008537,CUS002016,2023-08-03,2023-08-03,Integration,Medium,11.09,4.6,resolved
TKT0008538,CUS003568,2023-06-20,2023-06-20,Account,Low,23.73,3.5,resolved
TKT0008539,CUS000998,2023-12-11,2023-12-11,Billing,Medium,4.59,5.0,resolved
TKT0008540,CUS003194,2024-01-26,2024-01-27,Billing,Medium,38.17,2.8,resolved
TKT0008541,CUS001016,2024-03-08,2024-03-08,Technical,High,11.91,,resolved
TKT0008542,CUS002104,2023-10-31,2023-10-31,Technical,Medium,12.38,4.9,resolved
TKT0008543,CUS004534,2024-09-14,2024-09-14,Billing,High,7.58,5.0,resolved
TKT0008544,CUS001118,2023-08-08,2023-08-09,Billing,Medium,30.89,3.5,resolved
TKT0008545,CUS001095,2024-12-23,2024-12-23,Technical,Medium,6.26,4.5,resolved
TKT0008546,CUS003508,2024-07-06,2024-07-06,Account,Medium,10.66,4.4,resolved
TKT0008547,CUS001199,2023-12-02,2023-12-03,Integration,Low,28.53,3.6,resolved
TKT0008548,CUS002800,2024-04-19,2024-04-20,Performance,Low,27.16,4.2,resolved
TKT0008549,CUS002908,2023-08-19,2023-08-19,Performance,High,14.26,4.5,resolved
TKT0008550,CUS004313,2024-06-12,2024-06-12,Billing,High,9.13,4.2,resolved
TKT0008551,CUS000262,2024-07-09,2024-07-09,Billing,Critical,5.48,5.0,resolved
TKT0008552,CUS004652,2024-04-07,2024-04-09,Integration,Medium,67.12,1.2,resolved
TKT0008553,CUS003377,2024-05-30,2024-05-30,Billing,Low,12.9,5.0,resolved
TKT0008554,CUS004282,2023-05-07,2023-05-07,Technical,Medium,10.3,4.9,resolved
TKT0008555,CUS002254,2023-03-29,2023-03-29,Integration,Low,8.52,5.0,resolved
TKT0008556,CUS000718,2023-03-13,2023-03-13,Integration,Medium,9.49,4.6,resolved
TKT0008557,CUS004308,2024-04-18,2024-04-18,Technical,Low,6.41,5.0,resolved
TKT0008558,CUS002074,2024-01-15,2024-01-15,Performance,Low,21.96,3.9,resolved
TKT0008559,CUS002747,2024-08-31,2024-08-31,Integration,Medium,11.38,4.1,resolved
TKT0008560,CUS001987,2023-09-09,2023-09-09,Technical,High,13.26,4.9,resolved
TKT0008561,CUS000378,2023-02-21,2023-02-21,Account,Medium,13.9,4.0,resolved
TKT0008562,CUS001103,2024-04-26,2024-04-28,Integration,Medium,53.81,1.8,resolved
TKT0008563,CUS004766,2024-02-03,2024-02-03,Performance,Medium,22.37,2.8,resolved
TKT0008564,CUS002995,2023-01-26,2023-01-26,Technical,High,6.95,5.0,resolved
TKT0008565,CUS002560,2023-01-12,2023-01-12,Technical,Medium,9.12,4.4,resolved
TKT0008566,CUS000193,2024-05-12,2024-05-12,Billing,Medium,5.99,4.6,resolved
TKT0008567,CUS004380,2023-07-26,2023-07-26,Technical,High,15.3,3.9,resolved
TKT0008568,CUS004919,2023-11-03,2023-11-04,Technical,Medium,27.07,3.4,resolved
TKT0008569,CUS000319,2023-02-08,2023-02-08,Technical,High,10.41,4.1,resolved
TKT0008570,CUS003681,2024-10-31,2024-10-31,Integration,Medium,22.74,3.2,resolved
TKT0008571,CUS004797,2024-12-08,2024-12-08,Account,Medium,7.13,5.0,resolved
TKT0008572,CUS004648,2023-11-11,2023-11-11,Account,Medium,10.95,4.1,resolved
TKT0008573,CUS003273,2024-03-17,2024-03-17,Account,Medium,8.28,5.0,resolved
TKT0008574,CUS002728,2023-05-20,2023-05-20,Account,Low,15.64,4.4,resolved
TKT0008575,CUS000345,2024-12-27,2024-12-27,Account,High,7.66,3.4,resolved
TKT0008576,CUS002731,2024-12-09,2024-12-09,Billing,Medium,14.99,4.7,resolved
TKT0008577,CUS004348,2024-10-07,2024-10-07,Integration,High,13.45,4.4,resolved
TKT0008578,CUS000769,2023-07-17,2023-07-17,Billing,High,21.62,4.0,resolved
TKT0008579,CUS000776,2023-10-22,2023-10-22,Performance,Low,3.6,5.0,resolved
TKT0008580,CUS004055,2023-11-16,2023-11-17,Account,Medium,24.19,3.3,resolved
TKT0008581,CUS004846,2024-01-15,2024-01-15,Performance,Medium,3.08,5.0,resolved
TKT0008582,CUS000418,2023-06-21,2023-06-21,Performance,Low,9.62,4.4,resolved
TKT0008583,CUS000771,2024-06-06,2024-06-06,Technical,Low,21.5,5.0,resolved
TKT0008584,CUS002005,2023-09-14,2023-09-14,Billing,Critical,9.66,3.8,resolved
TKT0008585,CUS004679,2023-06-10,2023-06-10,Account,Medium,21.98,3.3,resolved
TKT0008586,CUS000447,2023-10-07,2023-10-07,Integration,Medium,5.57,,resolved
TKT0008587,CUS000186,2023-02-15,2023-02-15,Technical,Low,11.54,4.8,resolved
TKT0008588,CUS004624,2023-03-26,2023-03-26,Account,High,10.24,4.5,resolved
TKT0008589,CUS002158,2024-09-08,2024-09-09,Billing,Low,25.82,3.8,resolved
TKT0008590,CUS002894,2023-10-24,2023-10-24,Integration,Low,6.1,5.0,resolved
TKT0008591,CUS001769,2024-03-23,2024-03-23,Integration,Medium,5.63,4.7,resolved
TKT0008592,CUS003171,2023-05-15,2023-05-16,Performance,High,37.37,2.4,resolved
TKT0008593,CUS002669,2024-11-10,2024-11-10,Account,Medium,4.73,5.0,resolved
TKT0008594,CUS000087,2023-12-05,2023-12-05,Account,Low,10.18,5.0,resolved
TKT0008595,CUS000893,2024-05-31,2024-05-31,Technical,High,23.95,4.5,resolved
TKT0008596,CUS000268,2023-02-28,2023-02-28,Performance,Medium,11.85,3.7,resolved
TKT0008597,CUS000534,2023-07-25,2023-07-25,Technical,Low,11.0,4.0,resolved
TKT0008598,CUS000809,2024-08-21,2024-08-21,Technical,Low,15.84,4.6,resolved
TKT0008599,CUS004542,2023-07-14,2023-07-15,Integration,High,31.28,4.6,resolved
TKT0008600,CUS001044,2023-05-07,2023-05-07,Integration,High,5.5,5.0,resolved
TKT0008601,CUS004950,2023-09-02,2023-09-02,Technical,Medium,17.02,4.1,resolved
TKT0008602,CUS004517,2023-01-04,2023-01-04,Performance,High,8.6,4.1,resolved
TKT0008603,CUS002138,2023-05-17,2023-05-17,Integration,Low,19.19,3.4,resolved
TKT0008604,CUS000371,2024-05-10,2024-05-10,Integration,Medium,10.33,,resolved
TKT0008605,CUS004822,2023-12-22,2023-12-22,Performance,High,11.17,5.0,resolved
TKT0008606,CUS003745,2023-02-04,2023-02-04,Account,High,8.38,,resolved
TKT0008607,CUS001615,2023-07-09,2023-07-09,Billing,High,11.11,4.5,resolved
TKT0008608,CUS001361,2024-06-16,2024-06-17,Performance,Medium,28.93,3.0,resolved
TKT0008609,CUS004428,2024-09-21,2024-09-21,Performance,Medium,15.87,4.5,resolved
TKT0008610,CUS003909,2023-04-03,2023-04-03,Billing,Low,13.37,3.2,resolved
TKT0008611,CUS001045,2024-07-24,2024-07-24,Billing,Medium,5.67,4.1,resolved
TKT0008612,CUS001049,2024-07-10,2024-07-10,Account,Medium,13.8,3.7,resolved
TKT0008613,CUS003996,2023-06-04,2023-06-04,Performance,Low,14.56,3.6,resolved
TKT0008614,CUS004328,2024-04-09,2024-04-09,Technical,Medium,10.87,4.0,resolved
TKT0008615,CUS002638,2024-01-11,2024-01-11,Account,Medium,5.94,,resolved
TKT0008616,CUS000778,2024-12-22,2024-12-23,Performance,Medium,30.82,4.4,resolved
TKT0008617,CUS001226,2024-10-16,2024-10-16,Technical,High,16.94,4.1,resolved
TKT0008618,CUS003265,2024-04-12,2024-04-12,Account,High,8.0,4.2,resolved
TKT0008619,CUS000867,2023-04-01,2023-04-02,Performance,Medium,25.39,4.1,resolved
TKT0008620,CUS000159,2024-06-24,2024-06-26,Integration,Medium,52.26,2.9,resolved
TKT0008621,CUS001502,2024-08-02,2024-08-02,Account,Medium,10.43,3.8,resolved
TKT0008622,CUS003220,2024-03-12,2024-03-12,Technical,High,13.93,3.8,resolved
TKT0008623,CUS002463,2023-06-28,2023-06-28,Technical,Medium,7.71,4.2,resolved
TKT0008624,CUS004783,2024-08-16,2024-08-16,Account,Medium,3.33,4.8,resolved
TKT0008625,CUS000678,2023-09-08,2023-09-08,Billing,Low,7.79,4.6,resolved
TKT0008626,CUS004641,2024-07-05,2024-07-05,Performance,Medium,8.69,4.8,resolved
TKT0008627,CUS002378,2024-02-10,2024-02-10,Account,Medium,11.62,4.3,resolved
TKT0008628,CUS004712,2023-10-18,2023-10-18,Technical,Medium,14.17,4.7,resolved
TKT0008629,CUS000902,2024-08-18,2024-08-18,Integration,High,23.39,3.7,resolved
TKT0008630,CUS001308,2023-09-06,2023-09-06,Billing,Critical,21.61,2.9,resolved
TKT0008631,CUS001820,2023-05-23,2023-05-23,Billing,Medium,12.53,4.8,resolved
TKT0008632,CUS000627,2024-11-05,2024-11-05,Performance,High,5.37,4.3,resolved
TKT0008633,CUS000961,2024-11-08,2024-11-08,Integration,Low,6.36,4.5,resolved
TKT0008634,CUS002061,2023-01-27,2023-01-27,Integration,Low,21.39,4.5,resolved
TKT0008635,CUS002808,2023-12-05,2023-12-06,Performance,High,31.47,3.7,resolved
TKT0008636,CUS002885,2024-05-02,2024-05-02,Account,Low,17.14,,resolved
TKT0008637,CUS000032,2023-08-22,2023-08-22,Billing,Critical,12.58,5.0,resolved
TKT0008638,CUS003997,2023-04-08,2023-04-09,Billing,Medium,39.02,3.7,resolved
TKT0008639,CUS001517,2023-06-06,2023-06-06,Technical,High,8.03,3.8,resolved
TKT0008640,CUS003683,2024-10-24,2024-10-24,Performance,Medium,19.12,2.2,resolved
TKT0008641,CUS001362,2023-08-21,2023-08-21,Performance,Medium,6.94,4.7,resolved
TKT0008642,CUS001426,2023-02-27,2023-02-27,Technical,High,4.63,4.8,resolved
TKT0008643,CUS002994,2023-08-19,2023-08-19,Account,Low,7.24,,resolved
TKT0008644,CUS000085,2023-08-04,2023-08-04,Technical,High,21.78,4.9,resolved
TKT0008645,CUS000597,2024-08-16,2024-08-16,Account,Medium,6.48,5.0,resolved
TKT0008646,CUS004843,2023-01-17,2023-01-17,Integration,Low,23.52,5.0,resolved
TKT0008647,CUS002310,2023-10-30,2023-10-30,Integration,Medium,7.74,4.0,resolved
TKT0008648,CUS004126,2024-07-10,2024-07-10,Integration,High,7.13,5.0,resolved
TKT0008649,CUS004098,2023-08-25,2023-08-25,Billing,Low,9.26,3.6,resolved
TKT0008650,CUS000027,2023-10-17,2023-10-17,Integration,High,5.9,3.1,resolved
TKT0008651,CUS002322,2023-04-22,2023-04-22,Performance,Low,17.58,3.3,resolved
TKT0008652,CUS003118,2024-09-01,2024-09-01,Technical,High,16.08,4.3,resolved
TKT0008653,CUS003967,2024-04-02,2024-04-02,Performance,High,18.02,4.4,resolved
TKT0008654,CUS004831,2024-03-16,2024-03-17,Integration,Medium,26.05,3.4,resolved
TKT0008655,CUS000720,2023-10-06,2023-10-06,Performance,Medium,6.29,4.7,resolved
TKT0008656,CUS003516,2023-05-27,2023-05-27,Integration,Medium,14.05,4.5,resolved
TKT0008657,CUS002212,2024-08-25,2024-08-25,Billing,Medium,6.58,4.8,resolved
TKT0008658,CUS001979,2023-07-07,2023-07-07,Integration,Medium,10.55,,resolved
TKT0008659,CUS000007,2023-04-19,2023-04-20,Integration,High,31.37,3.5,resolved
TKT0008660,CUS004949,2023-07-10,2023-07-11,Technical,High,31.93,4.4,resolved
TKT0008661,CUS003097,2024-03-05,2024-03-05,Integration,Medium,7.87,4.6,resolved
TKT0008662,CUS003154,2023-09-29,2023-09-29,Billing,Medium,18.41,3.3,resolved
TKT0008663,CUS004674,2023-02-15,2023-02-15,Technical,Medium,12.5,5.0,resolved
TKT0008664,CUS001171,2023-01-06,2023-01-06,Account,Critical,18.66,4.2,resolved
TKT0008665,CUS003518,2023-04-03,2023-04-03,Billing,High,20.54,3.9,resolved
TKT0008666,CUS002315,2024-11-12,2024-11-12,Technical,Medium,10.33,5.0,resolved
TKT0008667,CUS002450,2024-12-17,2024-12-17,Account,Low,10.09,4.1,resolved
TKT0008668,CUS003921,2024-04-06,2024-04-06,Account,Medium,15.88,4.5,resolved
TKT0008669,CUS001352,2024-05-25,2024-05-28,Performance,Low,90.33,1.0,resolved
TKT0008670,CUS004676,2024-08-22,2024-08-22,Billing,High,11.77,4.0,resolved
TKT0008671,CUS002452,2024-01-19,2024-01-22,Billing,Medium,78.05,1.0,resolved
TKT0008672,CUS002591,2024-05-07,2024-05-07,Billing,Medium,14.15,4.3,resolved
TKT0008673,CUS001966,2023-03-19,2023-03-19,Account,Low,18.02,4.5,resolved
TKT0008674,CUS000378,2023-02-22,2023-02-22,Account,High,4.25,4.8,resolved
TKT0008675,CUS002782,2023-01-10,2023-01-10,Performance,Medium,22.41,4.3,resolved
TKT0008676,CUS003285,2024-09-20,2024-09-20,Account,Medium,3.74,4.9,resolved
TKT0008677,CUS000250,2023-07-09,2023-07-09,Performance,High,18.2,3.5,resolved
TKT0008678,CUS001485,2023-04-20,2023-04-20,Account,Low,10.69,5.0,resolved
TKT0008679,CUS004144,2023-12-22,2023-12-23,Billing,Medium,32.06,3.8,resolved
TKT0008680,CUS002485,2023-02-19,2023-02-19,Integration,High,4.98,5.0,resolved
TKT0008681,CUS003028,2023-02-25,2023-02-25,Technical,Critical,11.87,4.1,resolved
TKT0008682,CUS001844,2023-03-26,2023-03-26,Performance,High,15.35,3.3,resolved
TKT0008683,CUS000282,2023-09-18,2023-09-19,Performance,Low,25.19,3.8,resolved
TKT0008684,CUS002818,2023-06-02,2023-06-02,Billing,Low,9.98,5.0,resolved
TKT0008685,CUS001279,2023-07-09,2023-07-09,Billing,Medium,11.49,4.2,resolved
TKT0008686,CUS003550,2024-12-30,2024-12-30,Account,Low,12.61,4.0,resolved
TKT0008687,CUS001987,2024-11-05,2024-11-05,Account,Critical,19.59,4.3,resolved
TKT0008688,CUS002555,2023-04-29,2023-04-29,Integration,Medium,3.72,3.8,resolved
TKT0008689,CUS002824,2024-03-30,2024-03-31,Technical,Medium,26.28,2.5,resolved
TKT0008690,CUS003611,2023-06-19,2023-06-19,Performance,High,7.21,5.0,resolved
TKT0008691,CUS004055,2024-02-09,2024-02-09,Account,Medium,23.38,4.0,resolved
TKT0008692,CUS000508,2023-09-27,2023-09-27,Account,Medium,5.1,5.0,resolved
TKT0008693,CUS000469,2023-12-23,2023-12-23,Billing,Low,3.74,5.0,resolved
TKT0008694,CUS000807,2023-08-26,2023-08-26,Billing,Low,15.89,3.3,resolved
TKT0008695,CUS003291,2023-04-21,2023-04-22,Technical,Medium,25.87,3.3,resolved
TKT0008696,CUS001256,2023-02-18,2023-02-18,Technical,Medium,17.78,4.0,resolved
TKT0008697,CUS003864,2023-10-05,2023-10-05,Integration,Low,21.6,4.3,resolved
TKT0008698,CUS001928,2023-08-14,2023-08-14,Account,Medium,21.79,3.6,resolved
TKT0008699,CUS002109,2024-03-21,2024-03-21,Integration,High,12.98,4.7,resolved
TKT0008700,CUS002808,2023-09-03,2023-09-03,Integration,Medium,5.92,4.3,resolved
TKT0008701,CUS003091,2024-09-07,2024-09-08,Technical,Low,46.56,3.6,resolved
TKT0008702,CUS000089,2023-11-28,2023-11-28,Account,Medium,6.25,4.9,resolved
TKT0008703,CUS002080,2024-11-29,2024-11-30,Integration,Medium,29.17,3.8,resolved
TKT0008704,CUS004080,2023-12-23,2023-12-23,Performance,Medium,23.57,4.2,resolved
TKT0008705,CUS003065,2024-05-04,2024-05-04,Integration,Medium,20.24,2.4,resolved
TKT0008706,CUS001374,2024-03-11,2024-03-11,Account,High,16.32,4.5,resolved
TKT0008707,CUS004646,2024-07-04,2024-07-04,Integration,Medium,21.31,3.9,resolved
TKT0008708,CUS004843,2024-08-15,2024-08-15,Integration,Low,11.73,4.3,resolved
TKT0008709,CUS002337,2024-01-11,2024-01-11,Technical,Medium,15.03,4.6,resolved
TKT0008710,CUS001746,2024-03-12,2024-03-12,Integration,Low,4.73,4.6,resolved
TKT0008711,CUS004359,2023-05-24,2023-05-24,Account,Medium,23.04,,resolved
TKT0008712,CUS001413,2023-10-24,2023-10-25,Billing,Medium,45.05,3.8,resolved
TKT0008713,CUS003638,2024-05-15,2024-05-15,Account,Medium,20.76,4.1,resolved
TKT0008714,CUS003433,2024-11-27,2024-11-27,Technical,Low,4.78,5.0,resolved
TKT0008715,CUS003176,2024-06-16,2024-06-16,Technical,Medium,7.54,4.5,resolved
TKT0008716,CUS000809,2024-04-18,2024-04-19,Account,Low,31.81,2.7,resolved
TKT0008717,CUS000882,2023-06-24,2023-06-24,Account,Low,5.25,5.0,resolved
TKT0008718,CUS001945,2023-12-27,2023-12-27,Integration,High,7.51,4.0,resolved
TKT0008719,CUS002726,2024-10-13,2024-10-13,Technical,Low,11.43,4.1,resolved
TKT0008720,CUS001837,2023-08-17,2023-08-17,Account,Medium,7.8,4.7,resolved
TKT0008721,CUS003658,2024-01-08,2024-01-08,Account,High,12.42,4.4,resolved
TKT0008722,CUS001388,2023-01-10,2023-01-10,Integration,Medium,4.41,4.9,resolved
TKT0008723,CUS003044,2024-05-16,2024-05-17,Performance,Low,29.98,4.2,resolved
TKT0008724,CUS001227,2023-11-05,2023-11-05,Performance,High,5.72,5.0,resolved
TKT0008725,CUS002217,2024-01-17,2024-01-17,Technical,Medium,8.03,5.0,resolved
TKT0008726,CUS002135,2023-04-14,2023-04-14,Integration,Medium,13.6,4.5,resolved
TKT0008727,CUS002559,2024-02-27,2024-02-27,Billing,Low,9.1,3.8,resolved
TKT0008728,CUS003768,2024-02-03,2024-02-03,Billing,Medium,7.79,4.5,resolved
TKT0008729,CUS001712,2024-06-22,2024-06-22,Performance,Low,18.76,,resolved
TKT0008730,CUS003228,2024-11-13,2024-11-13,Performance,Medium,13.16,4.5,resolved
TKT0008731,CUS004484,2023-06-14,2023-06-14,Technical,Critical,12.81,5.0,resolved
TKT0008732,CUS001570,2024-09-15,2024-09-15,Account,Medium,8.07,4.9,resolved
TKT0008733,CUS002579,2024-07-28,2024-07-28,Billing,High,7.66,4.6,resolved
TKT0008734,CUS001513,2023-10-23,2023-10-23,Billing,Medium,21.32,4.4,resolved
TKT0008735,CUS004145,2023-09-07,2023-09-07,Account,Low,6.69,4.7,resolved
TKT0008736,CUS001457,2024-07-28,2024-07-28,Performance,High,4.49,4.8,resolved
TKT0008737,CUS004924,2024-02-12,2024-02-12,Account,High,8.35,5.0,resolved
TKT0008738,CUS000330,2023-12-11,2023-12-11,Billing,Critical,10.02,4.9,resolved
TKT0008739,CUS004470,2024-03-19,2024-03-19,Integration,Low,4.36,4.5,resolved
TKT0008740,CUS004007,2023-11-21,2023-11-21,Technical,Low,7.93,3.8,resolved
TKT0008741,CUS000781,2024-11-12,2024-11-12,Billing,Low,10.35,4.7,resolved
TKT0008742,CUS003337,2024-06-01,2024-06-01,Account,High,7.75,4.5,resolved
TKT0008743,CUS000184,2023-05-10,2023-05-11,Technical,Medium,34.38,3.0,resolved
TKT0008744,CUS000271,2024-06-05,2024-06-05,Technical,Medium,4.67,4.6,resolved
TKT0008745,CUS002853,2023-11-07,2023-11-07,Billing,Low,15.64,4.2,resolved
TKT0008746,CUS002949,2023-09-02,2023-09-02,Billing,Medium,18.98,4.1,resolved
TKT0008747,CUS001557,2023-03-19,2023-03-21,Technical,Low,50.58,2.0,resolved
TKT0008748,CUS004352,2023-10-02,2023-10-02,Account,Medium,10.87,4.0,resolved
TKT0008749,CUS003038,2023-11-09,2023-11-09,Account,Medium,4.39,3.8,resolved
TKT0008750,CUS003221,2024-12-09,2024-12-09,Billing,High,4.77,4.9,resolved
TKT0008751,CUS003051,2024-06-15,2024-06-15,Integration,High,8.6,5.0,resolved
TKT0008752,CUS002030,2024-04-21,2024-04-21,Technical,Medium,4.79,5.0,resolved
TKT0008753,CUS000344,2023-08-21,2023-08-21,Account,Low,7.48,3.8,resolved
TKT0008754,CUS002835,2023-12-08,2023-12-08,Integration,Low,15.43,3.7,resolved
TKT0008755,CUS004121,2024-04-08,2024-04-09,Performance,Medium,40.09,2.3,resolved
TKT0008756,CUS004533,2024-03-05,2024-03-05,Account,Medium,16.23,3.7,resolved
TKT0008757,CUS000687,2024-06-25,2024-06-25,Billing,Medium,5.43,4.4,resolved
TKT0008758,CUS003665,2024-04-23,2024-04-24,Account,Medium,32.74,2.9,resolved
TKT0008759,CUS001049,2024-02-06,2024-02-07,Account,High,38.85,4.5,resolved
TKT0008760,CUS001036,2023-10-17,2023-10-17,Integration,Medium,7.91,4.3,resolved
TKT0008761,CUS000323,2024-09-03,2024-09-04,Technical,High,25.48,2.5,resolved
TKT0008762,CUS004864,2023-03-14,2023-03-14,Integration,Low,23.56,4.5,resolved
TKT0008763,CUS003745,2023-02-16,2023-02-16,Technical,Critical,12.87,4.5,resolved
TKT0008764,CUS001700,2024-01-09,2024-01-09,Integration,Medium,6.83,5.0,resolved
TKT0008765,CUS004270,2024-06-09,2024-06-09,Technical,Medium,16.3,4.2,resolved
TKT0008766,CUS000734,2024-08-06,2024-08-06,Integration,Medium,4.88,5.0,resolved
TKT0008767,CUS001711,2024-09-19,2024-09-19,Integration,High,6.45,4.9,resolved
TKT0008768,CUS000243,2024-08-12,2024-08-13,Integration,Low,25.45,4.4,resolved
TKT0008769,CUS002196,2024-07-09,2024-07-09,Integration,Medium,15.08,4.9,resolved
TKT0008770,CUS001274,2024-09-30,2024-09-30,Technical,Medium,4.08,4.7,resolved
TKT0008771,CUS004947,2023-10-26,2023-10-26,Performance,Low,12.96,4.6,resolved
TKT0008772,CUS000951,2023-09-28,2023-09-28,Performance,High,20.77,4.8,resolved
TKT0008773,CUS000861,2023-08-19,2023-08-19,Technical,Medium,9.39,5.0,resolved
TKT0008774,CUS000233,2023-08-17,2023-08-17,Technical,Critical,9.96,5.0,resolved
TKT0008775,CUS002533,2023-05-09,2023-05-10,Integration,Low,26.1,5.0,resolved
TKT0008776,CUS000395,2023-06-01,2023-06-01,Billing,Medium,21.72,,resolved
TKT0008777,CUS003815,2023-10-28,2023-10-28,Account,Low,14.71,4.1,resolved
TKT0008778,CUS002101,2024-05-05,2024-05-08,Account,Medium,89.95,,resolved
TKT0008779,CUS004965,2023-08-09,2023-08-10,Performance,Low,35.84,2.5,resolved
TKT0008780,CUS000349,2024-02-10,2024-02-10,Account,High,16.09,3.8,resolved
TKT0008781,CUS002230,2024-04-16,2024-04-17,Technical,Low,28.67,3.8,resolved
TKT0008782,CUS004854,2023-02-18,2023-02-18,Technical,Medium,18.66,4.0,resolved
TKT0008783,CUS002161,2023-05-25,2023-05-27,Integration,Low,59.04,1.5,resolved
TKT0008784,CUS001746,2023-01-04,2023-01-04,Performance,Medium,13.7,4.3,resolved
TKT0008785,CUS000688,2023-01-04,2023-01-04,Performance,Low,13.07,,resolved
TKT0008786,CUS003040,2023-03-01,2023-03-02,Account,High,33.47,3.1,resolved
TKT0008787,CUS001574,2024-07-17,2024-07-17,Billing,Medium,11.68,3.5,resolved
TKT0008788,CUS002877,2024-11-13,2024-11-13,Billing,Medium,8.52,5.0,resolved
TKT0008789,CUS004609,2024-07-06,2024-07-06,Billing,Medium,2.75,4.8,resolved
TKT0008790,CUS002892,2023-01-07,2023-01-07,Integration,Medium,8.04,4.3,resolved
TKT0008791,CUS000312,2023-06-28,2023-06-28,Performance,High,11.81,4.3,resolved
TKT0008792,CUS002477,2024-07-18,2024-07-18,Performance,Medium,19.3,3.5,resolved
TKT0008793,CUS003533,2024-04-15,2024-04-15,Integration,High,10.45,5.0,resolved
TKT0008794,CUS003006,2023-09-27,2023-09-27,Account,High,10.14,,resolved
TKT0008795,CUS000683,2024-08-05,2024-08-05,Integration,Medium,13.42,4.5,resolved
TKT0008796,CUS002142,2023-03-03,2023-03-03,Technical,Medium,3.51,,resolved
TKT0008797,CUS002666,2023-09-18,2023-09-19,Account,Low,38.7,2.5,resolved
TKT0008798,CUS001936,2024-01-28,2024-01-29,Billing,Medium,25.5,2.4,resolved
TKT0008799,CUS004621,2024-01-24,2024-01-24,Technical,Medium,3.54,4.9,resolved
TKT0008800,CUS004923,2024-02-13,2024-02-13,Technical,Medium,6.21,4.7,resolved
TKT0008801,CUS003803,2023-07-24,2023-07-24,Performance,Low,13.05,4.3,resolved
TKT0008802,CUS004610,2024-11-05,2024-11-07,Technical,Medium,51.59,1.9,resolved
TKT0008803,CUS004682,2023-07-31,2023-07-31,Billing,Low,10.15,4.8,resolved
TKT0008804,CUS001753,2024-02-25,2024-02-25,Technical,Medium,13.36,5.0,resolved
TKT0008805,CUS001713,2023-10-23,2023-10-23,Performance,Medium,20.25,3.7,resolved
TKT0008806,CUS000203,2024-02-25,2024-02-25,Account,Low,4.01,5.0,resolved
TKT0008807,CUS001080,2024-02-22,2024-02-22,Account,Low,8.49,4.2,resolved
TKT0008808,CUS000781,2024-02-05,2024-02-05,Account,Medium,6.55,5.0,resolved
TKT0008809,CUS000845,2024-06-27,2024-06-27,Billing,Medium,20.02,4.7,resolved
TKT0008810,CUS000796,2024-05-17,2024-05-17,Account,Medium,6.87,5.0,resolved
TKT0008811,CUS001693,2023-08-22,2023-08-22,Performance,Medium,17.65,4.8,resolved
TKT0008812,CUS003250,2024-08-01,2024-08-01,Billing,High,10.15,3.7,resolved
TKT0008813,CUS004311,2023-11-22,2023-11-22,Performance,High,10.69,4.1,resolved
TKT0008814,CUS000914,2023-03-10,2023-03-10,Performance,Low,20.33,4.5,resolved
TKT0008815,CUS003250,2024-12-04,2024-12-04,Technical,Low,13.32,4.2,resolved
TKT0008816,CUS002586,2023-04-12,2023-04-12,Account,Medium,14.87,4.8,resolved
TKT0008817,CUS003241,2024-11-03,2024-11-03,Performance,Medium,14.27,4.2,resolved
TKT0008818,CUS000032,2023-02-15,2023-02-15,Technical,Low,7.5,5.0,resolved
TKT0008819,CUS004202,2023-03-22,2023-03-22,Technical,Low,5.38,5.0,resolved
TKT0008820,CUS001962,2024-11-29,2024-11-30,Technical,High,33.67,2.4,resolved
TKT0008821,CUS003919,2024-06-28,2024-06-28,Billing,High,15.0,3.3,resolved
TKT0008822,CUS001714,2024-03-01,2024-03-01,Billing,High,9.24,4.5,resolved
TKT0008823,CUS004813,2024-03-28,2024-03-29,Account,Medium,26.89,3.6,resolved
TKT0008824,CUS003366,2024-12-16,2024-12-16,Account,Medium,18.08,3.8,resolved
TKT0008825,CUS004642,2024-04-01,2024-04-01,Technical,Medium,9.36,4.9,resolved
TKT0008826,CUS002080,2023-04-21,2023-04-22,Account,Low,30.09,3.3,resolved
TKT0008827,CUS001486,2024-04-07,2024-04-07,Account,Medium,7.86,4.2,resolved
TKT0008828,CUS002286,2024-06-19,2024-06-19,Technical,High,14.14,4.5,resolved
TKT0008829,CUS000727,2023-11-16,2023-11-16,Account,Medium,10.85,5.0,resolved
TKT0008830,CUS001109,2023-08-17,2023-08-17,Integration,Medium,8.37,4.8,resolved
TKT0008831,CUS001897,2024-08-24,2024-08-24,Technical,Medium,20.32,5.0,resolved
TKT0008832,CUS001702,2023-05-13,2023-05-13,Account,Medium,8.64,4.5,resolved
TKT0008833,CUS000206,2024-04-21,2024-04-21,Technical,Medium,12.15,3.9,resolved
TKT0008834,CUS001070,2024-08-12,2024-08-12,Performance,Low,2.94,5.0,resolved
TKT0008835,CUS003094,2024-06-08,2024-06-08,Performance,Medium,14.13,3.2,resolved
TKT0008836,CUS004484,2023-05-02,2023-05-02,Integration,Low,12.27,5.0,resolved
TKT0008837,CUS000998,2024-08-28,2024-08-28,Account,Low,7.07,5.0,resolved
TKT0008838,CUS001058,2024-03-14,2024-03-14,Billing,Medium,21.91,4.8,resolved
TKT0008839,CUS003729,2023-11-12,2023-11-12,Performance,High,2.68,3.5,resolved
TKT0008840,CUS003195,2023-05-17,2023-05-17,Account,Low,7.28,4.5,resolved
TKT0008841,CUS004430,2023-03-27,2023-03-27,Performance,Low,9.86,4.6,resolved
TKT0008842,CUS000736,2023-09-04,2023-09-04,Billing,High,10.35,4.6,resolved
TKT0008843,CUS004514,2023-03-17,2023-03-17,Billing,Low,12.11,4.9,resolved
TKT0008844,CUS001392,2023-03-05,2023-03-05,Billing,Critical,3.75,5.0,resolved
TKT0008845,CUS001379,2024-04-15,2024-04-16,Billing,High,24.99,4.8,resolved
TKT0008846,CUS002113,2024-11-15,2024-11-16,Technical,Critical,26.38,4.2,resolved
TKT0008847,CUS004814,2023-12-30,2023-12-30,Technical,Medium,7.95,4.6,resolved
TKT0008848,CUS000519,2024-12-15,2024-12-15,Integration,Low,9.03,4.6,resolved
TKT0008849,CUS003113,2024-08-13,2024-08-13,Account,Medium,4.29,5.0,resolved
TKT0008850,CUS004244,2023-04-20,2023-04-20,Account,Low,17.89,3.4,resolved
TKT0008851,CUS004723,2023-02-03,2023-02-03,Technical,Medium,4.77,4.8,resolved
TKT0008852,CUS003850,2023-09-20,2023-09-21,Performance,Low,33.76,4.4,resolved
TKT0008853,CUS000319,2023-02-10,2023-02-11,Technical,Medium,40.88,3.3,resolved
TKT0008854,CUS004106,2023-04-02,2023-04-02,Technical,Critical,12.69,5.0,resolved
TKT0008855,CUS003883,2024-07-15,2024-07-15,Technical,Medium,6.49,5.0,resolved
TKT0008856,CUS004727,2023-03-26,2023-03-26,Integration,Medium,9.34,5.0,resolved
TKT0008857,CUS000903,2024-12-27,2024-12-27,Technical,High,19.42,4.4,resolved
TKT0008858,CUS002520,2023-06-17,2023-06-17,Integration,High,5.95,5.0,resolved
TKT0008859,CUS001986,2024-09-11,2024-09-11,Performance,Low,4.56,4.6,resolved
TKT0008860,CUS003463,2023-02-26,2023-02-26,Technical,Medium,21.09,3.5,resolved
TKT0008861,CUS000808,2023-11-03,2023-11-03,Performance,Medium,10.61,3.4,resolved
TKT0008862,CUS000208,2023-04-06,2023-04-06,Billing,Medium,9.08,4.6,resolved
TKT0008863,CUS001588,2024-10-02,2024-10-02,Integration,Low,10.82,5.0,resolved
TKT0008864,CUS003609,2023-02-21,2023-02-21,Billing,Medium,6.29,,resolved
TKT0008865,CUS003199,2023-01-27,2023-01-27,Billing,High,9.27,4.7,resolved
TKT0008866,CUS001493,2024-12-20,2024-12-20,Billing,Medium,12.29,5.0,resolved
TKT0008867,CUS002988,2024-06-19,2024-06-19,Account,Medium,14.12,4.6,resolved
TKT0008868,CUS002666,2024-08-22,2024-08-22,Account,Low,17.58,3.4,resolved
TKT0008869,CUS001568,2023-05-07,2023-05-07,Account,Low,2.34,5.0,resolved
TKT0008870,CUS000095,2024-02-05,2024-02-05,Integration,Critical,14.07,,resolved
TKT0008871,CUS002534,2023-07-27,2023-07-27,Billing,Medium,10.74,4.3,resolved
TKT0008872,CUS000046,2023-01-16,2023-01-16,Performance,Low,11.32,5.0,resolved
TKT0008873,CUS003537,2023-09-12,2023-09-12,Technical,Medium,7.97,5.0,resolved
TKT0008874,CUS001069,2024-03-05,2024-03-07,Integration,Medium,57.9,2.2,resolved
TKT0008875,CUS001589,2023-05-11,2023-05-11,Account,Medium,13.01,4.0,resolved
TKT0008876,CUS000568,2024-10-06,2024-10-06,Account,Low,13.72,3.7,resolved
TKT0008877,CUS002809,2024-01-03,2024-01-03,Technical,Medium,7.8,5.0,resolved
TKT0008878,CUS000579,2024-12-19,2024-12-19,Account,High,13.93,4.6,resolved
TKT0008879,CUS002207,2023-11-08,2023-11-08,Billing,Medium,4.16,4.7,resolved
TKT0008880,CUS003329,2023-08-24,2023-08-25,Integration,High,26.52,4.0,resolved
TKT0008881,CUS004850,2024-01-24,2024-01-24,Performance,Low,12.8,4.5,resolved
TKT0008882,CUS002573,2023-06-15,2023-06-15,Integration,Low,7.48,4.4,resolved
TKT0008883,CUS001142,2023-09-27,2023-09-27,Integration,High,8.1,,resolved
TKT0008884,CUS003429,2023-04-16,2023-04-16,Technical,Medium,6.58,4.8,resolved
TKT0008885,CUS001538,2023-03-09,2023-03-09,Billing,Medium,8.34,,resolved
TKT0008886,CUS001391,2024-12-22,2024-12-22,Billing,Medium,10.26,4.4,resolved
TKT0008887,CUS003178,2024-08-12,2024-08-12,Integration,High,12.1,4.4,resolved
TKT0008888,CUS000289,2024-07-07,2024-07-07,Integration,Low,16.39,4.3,resolved
TKT0008889,CUS001951,2024-08-13,2024-08-14,Integration,Low,41.22,2.5,resolved
TKT0008890,CUS001848,2024-06-03,2024-06-03,Technical,Critical,19.45,4.5,resolved
TKT0008891,CUS000774,2024-06-12,2024-06-12,Performance,High,2.61,4.8,resolved
TKT0008892,CUS003044,2023-05-02,2023-05-02,Billing,Medium,8.38,4.9,resolved
TKT0008893,CUS003860,2024-04-26,2024-04-26,Billing,Low,9.74,4.1,resolved
TKT0008894,CUS001541,2023-12-24,2023-12-24,Integration,Medium,16.61,3.9,resolved
TKT0008895,CUS001875,2023-12-15,2023-12-15,Technical,Low,11.05,4.9,resolved
TKT0008896,CUS001904,2024-07-27,2024-07-27,Billing,Medium,6.77,3.9,resolved
TKT0008897,CUS002930,2024-06-25,2024-06-25,Account,High,23.64,4.7,resolved
TKT0008898,CUS003832,2024-02-23,2024-02-23,Technical,Medium,4.68,5.0,resolved
TKT0008899,CUS000732,2024-09-26,2024-09-26,Integration,Medium,3.44,5.0,resolved
TKT0008900,CUS000076,2023-01-07,2023-01-07,Billing,Medium,10.96,,resolved
TKT0008901,CUS003712,2024-07-07,2024-07-07,Integration,Medium,6.99,4.0,resolved
TKT0008902,CUS001722,2024-09-06,2024-09-06,Integration,Medium,8.61,4.9,resolved
TKT0008903,CUS002629,2023-07-06,2023-07-06,Technical,Medium,15.58,3.2,resolved
TKT0008904,CUS003319,2023-09-28,2023-09-28,Billing,Medium,9.72,5.0,resolved
TKT0008905,CUS004960,2023-05-29,2023-05-29,Technical,Low,21.12,3.4,resolved
TKT0008906,CUS003824,2023-07-08,2023-07-08,Account,Medium,6.6,5.0,resolved
TKT0008907,CUS001637,2024-02-18,2024-02-18,Integration,Low,4.04,4.3,resolved
TKT0008908,CUS000924,2024-06-02,2024-06-02,Billing,Critical,8.03,4.7,resolved
TKT0008909,CUS002704,2023-10-16,2023-10-16,Account,Medium,12.85,4.5,resolved
TKT0008910,CUS002510,2023-11-25,2023-11-26,Account,Medium,28.18,3.6,resolved
TKT0008911,CUS000621,2023-09-11,2023-09-11,Account,Medium,13.16,4.8,resolved
TKT0008912,CUS002305,2023-03-15,2023-03-17,Billing,High,51.25,1.6,resolved
TKT0008913,CUS004822,2024-11-15,2024-11-15,Billing,Low,19.38,2.9,resolved
TKT0008914,CUS002715,2023-07-30,2023-07-30,Integration,High,12.38,4.0,resolved
TKT0008915,CUS004951,2024-06-23,2024-06-23,Performance,Medium,10.07,5.0,resolved
TKT0008916,CUS000991,2024-08-24,2024-08-24,Integration,Critical,7.68,4.5,resolved
TKT0008917,CUS002885,2024-01-02,2024-01-03,Billing,Medium,28.9,3.1,resolved
TKT0008918,CUS000497,2023-12-01,2023-12-01,Account,Medium,4.42,5.0,resolved
TKT0008919,CUS003720,2023-09-09,2023-09-09,Technical,High,5.49,4.2,resolved
TKT0008920,CUS001466,2024-07-10,2024-07-10,Billing,Medium,15.82,4.9,resolved
TKT0008921,CUS004792,2023-07-12,2023-07-12,Technical,Medium,5.79,4.2,resolved
TKT0008922,CUS000121,2023-04-21,2023-04-21,Account,Medium,13.14,3.7,resolved
TKT0008923,CUS002836,2024-12-29,2024-12-29,Account,Low,20.61,4.6,resolved
TKT0008924,CUS003517,2024-02-02,2024-02-02,Account,High,16.36,4.7,resolved
TKT0008925,CUS002163,2023-08-06,2023-08-06,Performance,Low,14.94,3.8,resolved
TKT0008926,CUS004827,2023-01-13,2023-01-13,Account,Medium,12.01,3.1,resolved
TKT0008927,CUS001501,2024-09-10,2024-09-10,Billing,High,9.94,4.5,resolved
TKT0008928,CUS000114,2023-05-29,2023-05-30,Performance,Medium,26.65,3.6,resolved
TKT0008929,CUS003423,2023-04-07,2023-04-07,Performance,Medium,10.46,,resolved
TKT0008930,CUS002582,2023-03-14,2023-03-15,Account,Medium,24.92,3.0,resolved
TKT0008931,CUS003055,2024-07-13,2024-07-13,Integration,Medium,18.22,4.0,resolved
TKT0008932,CUS002776,2024-09-06,2024-09-06,Integration,Medium,8.84,4.6,resolved
TKT0008933,CUS003597,2023-12-26,2023-12-27,Technical,Low,36.06,3.1,resolved
TKT0008934,CUS002380,2024-04-30,2024-05-02,Technical,Medium,57.18,1.6,resolved
TKT0008935,CUS000341,2023-11-27,2023-11-28,Billing,Low,38.97,2.7,resolved
TKT0008936,CUS000285,2023-09-01,2023-09-01,Performance,Low,21.17,3.9,resolved
TKT0008937,CUS000147,2024-08-14,2024-08-14,Account,Medium,5.4,5.0,resolved
TKT0008938,CUS004822,2024-12-19,2024-12-19,Technical,Low,9.55,5.0,resolved
TKT0008939,CUS004781,2023-02-09,2023-02-09,Performance,Medium,5.46,5.0,resolved
TKT0008940,CUS001950,2024-03-19,2024-03-20,Integration,Low,32.26,3.0,resolved
TKT0008941,CUS003361,2023-01-07,2023-01-10,Account,High,83.57,1.3,resolved
TKT0008942,CUS000261,2023-03-11,2023-03-11,Integration,Low,13.15,4.6,resolved
TKT0008943,CUS003533,2023-03-19,2023-03-19,Integration,Medium,10.76,4.7,resolved
TKT0008944,CUS002297,2023-09-16,2023-09-16,Billing,Medium,23.63,3.3,resolved
TKT0008945,CUS002503,2023-02-03,2023-02-03,Performance,Critical,14.92,5.0,resolved
TKT0008946,CUS000512,2023-06-07,2023-06-08,Account,Medium,37.92,3.1,resolved
TKT0008947,CUS001962,2024-11-11,2024-11-11,Integration,Medium,12.03,,resolved
TKT0008948,CUS000918,2023-08-11,2023-08-11,Performance,Low,13.92,4.1,resolved
TKT0008949,CUS000030,2023-03-28,2023-03-28,Integration,Medium,17.41,3.7,resolved
TKT0008950,CUS002076,2023-10-14,2023-10-14,Integration,Medium,12.27,3.5,resolved
TKT0008951,CUS000527,2024-07-29,2024-07-29,Technical,Medium,3.98,5.0,resolved
TKT0008952,CUS000929,2024-06-12,2024-06-12,Technical,Medium,3.26,4.3,resolved
TKT0008953,CUS001543,2024-07-06,2024-07-06,Account,High,4.46,4.3,resolved
TKT0008954,CUS002285,2023-05-16,2023-05-16,Billing,Low,20.85,4.6,resolved
TKT0008955,CUS001203,2023-01-01,2023-01-02,Billing,High,27.83,3.9,resolved
TKT0008956,CUS004760,2023-07-15,2023-07-15,Billing,Critical,8.75,4.1,resolved
TKT0008957,CUS004601,2023-07-24,2023-07-24,Technical,Medium,17.37,2.4,resolved
TKT0008958,CUS001243,2024-09-24,2024-09-24,Technical,Low,2.97,4.2,resolved
TKT0008959,CUS002259,2024-08-13,2024-08-13,Billing,High,7.14,5.0,resolved
TKT0008960,CUS003051,2024-09-01,2024-09-01,Integration,Medium,13.18,,resolved
TKT0008961,CUS000934,2024-04-20,2024-04-22,Integration,Medium,62.59,1.2,resolved
TKT0008962,CUS003147,2024-04-05,2024-04-05,Integration,High,14.82,4.8,resolved
TKT0008963,CUS002113,2024-07-20,2024-07-20,Technical,Medium,16.21,3.8,resolved
TKT0008964,CUS000151,2024-10-19,2024-10-19,Technical,Low,10.04,3.9,resolved
TKT0008965,CUS001290,2024-08-29,2024-08-29,Technical,High,4.58,5.0,resolved
TKT0008966,CUS000919,2023-07-30,2023-07-31,Integration,Low,33.18,3.4,resolved
TKT0008967,CUS004111,2023-01-23,2023-01-23,Integration,Medium,19.5,3.2,resolved
TKT0008968,CUS002497,2024-02-06,2024-02-06,Billing,Medium,6.39,4.6,resolved
TKT0008969,CUS000902,2024-05-05,2024-05-05,Account,Medium,16.63,3.5,resolved
TKT0008970,CUS002861,2023-02-01,2023-02-01,Account,Medium,20.73,4.2,resolved
TKT0008971,CUS002193,2023-01-26,2023-01-26,Account,Low,10.5,4.5,resolved
TKT0008972,CUS002148,2024-10-08,2024-10-08,Integration,Low,8.48,5.0,resolved
TKT0008973,CUS001008,2024-11-09,2024-11-09,Technical,Medium,5.28,4.1,resolved
TKT0008974,CUS003202,2024-07-12,2024-07-13,Performance,Low,46.48,2.8,resolved
TKT0008975,CUS004100,2023-11-09,2023-11-09,Technical,Medium,18.19,3.7,resolved
TKT0008976,CUS002436,2023-02-15,2023-02-15,Account,Low,5.72,5.0,resolved
TKT0008977,CUS000753,2023-08-22,2023-08-22,Account,Medium,18.55,2.7,resolved
TKT0008978,CUS001314,2024-11-01,2024-11-01,Integration,Medium,12.27,5.0,resolved
TKT0008979,CUS001577,2023-05-07,2023-05-07,Account,Medium,10.87,5.0,resolved
TKT0008980,CUS004414,2023-11-20,2023-11-20,Billing,Medium,7.36,4.9,resolved
TKT0008981,CUS003125,2024-05-10,2024-05-10,Performance,Medium,4.41,5.0,resolved
TKT0008982,CUS004634,2024-11-15,2024-11-15,Technical,High,6.69,4.5,resolved
TKT0008983,CUS001615,2024-08-22,2024-08-22,Technical,Low,12.58,5.0,resolved
TKT0008984,CUS004359,2023-04-06,2023-04-06,Performance,Medium,17.52,4.6,resolved
TKT0008985,CUS003954,2023-03-21,2023-03-21,Technical,Medium,11.65,4.4,resolved
TKT0008986,CUS004740,2024-01-10,2024-01-10,Integration,High,14.8,5.0,resolved
TKT0008987,CUS001207,2024-12-18,2024-12-18,Billing,Medium,8.61,4.9,resolved
TKT0008988,CUS004733,2023-10-24,2023-10-24,Account,High,8.97,4.5,resolved
TKT0008989,CUS003298,2023-02-28,2023-02-28,Technical,Medium,20.15,4.6,resolved
TKT0008990,CUS003671,2024-12-07,2024-12-07,Account,High,4.76,4.6,resolved
TKT0008991,CUS000932,2024-07-27,2024-07-28,Integration,Low,29.91,2.8,resolved
TKT0008992,CUS001080,2023-12-15,2023-12-15,Billing,Medium,11.25,4.8,resolved
TKT0008993,CUS004968,2023-02-20,2023-02-20,Billing,Medium,15.67,4.5,resolved
TKT0008994,CUS003919,2023-06-28,2023-06-28,Billing,Medium,3.22,5.0,resolved
TKT0008995,CUS004445,2023-06-02,2023-06-03,Performance,Medium,27.07,3.6,resolved
TKT0008996,CUS001318,2023-03-24,2023-03-24,Performance,Medium,6.12,4.5,resolved
TKT0008997,CUS002483,2023-04-26,2023-04-26,Billing,Medium,10.98,4.0,resolved
TKT0008998,CUS002659,2023-08-22,2023-08-22,Account,Medium,4.99,,resolved
TKT0008999,CUS001338,2023-05-04,2023-05-04,Account,Medium,19.55,4.2,resolved
TKT0009000,CUS000731,2023-05-15,2023-05-15,Integration,Medium,5.45,4.9,resolved
TKT0009001,CUS000932,2024-09-18,2024-09-18,Integration,Medium,14.06,3.5,resolved
TKT0009002,CUS001599,2024-01-23,2024-01-23,Technical,Medium,21.67,4.5,resolved
TKT0009003,CUS002119,2024-04-29,2024-04-29,Performance,Low,12.41,4.0,resolved
TKT0009004,CUS000092,2023-12-11,2023-12-11,Account,Medium,15.48,4.0,resolved
TKT0009005,CUS002396,2024-12-11,2024-12-11,Technical,Low,14.76,4.7,resolved
TKT0009006,CUS002655,2024-07-17,2024-07-17,Billing,Medium,10.12,4.1,resolved
TKT0009007,CUS002389,2023-06-12,2023-06-12,Integration,Low,14.68,4.3,resolved
TKT0009008,CUS002981,2023-05-02,2023-05-02,Technical,High,16.59,4.3,resolved
TKT0009009,CUS000450,2023-05-19,2023-05-20,Technical,Medium,37.43,3.2,resolved
TKT0009010,CUS004404,2024-02-13,2024-02-13,Billing,Low,10.31,4.7,resolved
TKT0009011,CUS001169,2023-05-01,2023-05-01,Account,Medium,4.6,5.0,resolved
TKT0009012,CUS002199,2023-07-11,2023-07-11,Account,High,8.85,5.0,resolved
TKT0009013,CUS004276,2024-09-01,2024-09-01,Account,Medium,15.58,4.5,resolved
TKT0009014,CUS003574,2024-06-08,2024-06-08,Billing,Low,13.89,5.0,resolved
TKT0009015,CUS003609,2023-08-31,2023-08-31,Integration,Medium,4.3,4.8,resolved
TKT0009016,CUS003999,2024-08-30,2024-08-30,Integration,High,12.28,4.5,resolved
TKT0009017,CUS004838,2024-03-13,2024-03-13,Account,Medium,9.26,5.0,resolved
TKT0009018,CUS000202,2024-08-11,2024-08-11,Account,Medium,7.11,4.3,resolved
TKT0009019,CUS004986,2023-09-11,2023-09-11,Billing,Medium,12.45,4.1,resolved
TKT0009020,CUS004669,2024-02-16,2024-02-17,Account,Medium,30.22,3.3,resolved
TKT0009021,CUS000717,2024-01-31,2024-01-31,Performance,Medium,8.11,5.0,resolved
TKT0009022,CUS001477,2023-07-17,2023-07-18,Account,Low,28.64,3.9,resolved
TKT0009023,CUS003297,2024-05-19,2024-05-20,Account,Medium,39.79,3.5,resolved
TKT0009024,CUS004399,2023-08-28,2023-08-28,Integration,Medium,5.62,4.7,resolved
TKT0009025,CUS002725,2023-03-28,2023-03-28,Integration,Medium,3.16,4.4,resolved
TKT0009026,CUS002575,2024-05-19,2024-05-19,Billing,High,19.95,3.4,resolved
TKT0009027,CUS000602,2024-10-22,2024-10-22,Account,Critical,10.12,,resolved
TKT0009028,CUS003617,2024-09-29,2024-09-29,Integration,Low,6.74,5.0,resolved
TKT0009029,CUS002506,2023-08-14,2023-08-14,Account,Critical,7.26,4.7,resolved
TKT0009030,CUS000528,2024-01-28,2024-01-28,Integration,Low,5.08,5.0,resolved
TKT0009031,CUS004565,2023-05-01,2023-05-01,Account,High,12.37,3.2,resolved
TKT0009032,CUS001184,2024-02-08,2024-02-08,Performance,Low,5.46,4.6,resolved
TKT0009033,CUS002675,2024-07-29,2024-07-29,Technical,High,8.85,4.2,resolved
TKT0009034,CUS004163,2024-09-06,2024-09-06,Performance,Medium,12.88,4.6,resolved
TKT0009035,CUS003378,2024-12-29,2024-12-29,Account,Low,6.82,5.0,resolved
TKT0009036,CUS001171,2024-05-31,2024-06-01,Performance,Low,25.26,4.4,resolved
TKT0009037,CUS004999,2023-08-31,2023-08-31,Performance,Medium,9.43,4.3,resolved
TKT0009038,CUS000467,2023-04-28,2023-05-01,Performance,Medium,75.83,1.0,resolved
TKT0009039,CUS004020,2023-10-28,2023-10-28,Integration,Medium,6.14,5.0,resolved
TKT0009040,CUS002332,2023-12-23,2023-12-24,Technical,Low,31.77,3.5,resolved
TKT0009041,CUS000358,2023-05-18,2023-05-18,Integration,High,10.85,,resolved
TKT0009042,CUS001211,2024-04-02,2024-04-02,Account,Medium,16.8,,resolved
TKT0009043,CUS000418,2023-01-18,2023-01-18,Technical,Medium,5.69,5.0,resolved
TKT0009044,CUS001035,2023-05-15,2023-05-15,Billing,Low,4.59,,resolved
TKT0009045,CUS004422,2023-04-09,2023-04-09,Account,Low,11.61,3.7,resolved
TKT0009046,CUS001466,2023-06-18,2023-06-18,Billing,Low,10.94,5.0,resolved
TKT0009047,CUS003066,2024-11-29,2024-11-29,Integration,Low,13.33,4.6,resolved
TKT0009048,CUS000998,2024-12-11,2024-12-11,Account,Medium,10.98,5.0,resolved
TKT0009049,CUS001225,2024-10-08,2024-10-09,Technical,Medium,30.1,4.0,resolved
TKT0009050,CUS001771,2024-12-08,2024-12-08,Account,Low,5.35,5.0,resolved
TKT0009051,CUS004735,2024-08-06,2024-08-06,Technical,High,10.89,5.0,resolved
TKT0009052,CUS001056,2023-07-12,2023-07-12,Account,Medium,14.73,4.9,resolved
TKT0009053,CUS003288,2024-11-18,2024-11-18,Billing,Medium,6.28,4.0,resolved
TKT0009054,CUS001869,2024-12-07,2024-12-07,Account,High,18.75,3.5,resolved
TKT0009055,CUS000721,2024-04-07,2024-04-07,Integration,Medium,5.89,4.6,resolved
TKT0009056,CUS002786,2023-11-21,2023-11-21,Billing,Medium,8.54,3.7,resolved
TKT0009057,CUS001872,2023-10-15,2023-10-15,Billing,Low,13.46,3.6,resolved
TKT0009058,CUS004358,2023-04-03,2023-04-03,Billing,Medium,8.2,5.0,resolved
TKT0009059,CUS004630,2023-07-10,2023-07-11,Billing,Low,39.08,3.5,resolved
TKT0009060,CUS002868,2023-05-09,2023-05-09,Billing,Medium,22.53,4.4,resolved
TKT0009061,CUS001471,2024-07-08,2024-07-08,Billing,Critical,14.11,3.9,resolved
TKT0009062,CUS002671,2023-02-12,2023-02-12,Account,High,12.32,3.9,resolved
TKT0009063,CUS004423,2024-05-19,2024-05-23,Account,Medium,114.57,1.0,resolved
TKT0009064,CUS003378,2024-04-05,2024-04-05,Integration,High,15.19,5.0,resolved
TKT0009065,CUS000435,2023-12-24,2023-12-24,Account,High,8.54,4.6,resolved
TKT0009066,CUS000322,2023-05-25,2023-05-25,Account,Medium,16.19,4.8,resolved
TKT0009067,CUS000782,2024-03-31,2024-03-31,Integration,High,9.46,5.0,resolved
TKT0009068,CUS002846,2024-01-30,2024-01-30,Billing,High,12.36,4.3,resolved
TKT0009069,CUS000845,2024-04-15,2024-04-15,Billing,Medium,17.6,3.4,resolved
TKT0009070,CUS001274,2023-07-24,2023-07-24,Technical,Medium,2.7,5.0,resolved
TKT0009071,CUS002652,2023-11-19,2023-11-19,Integration,High,12.02,4.8,resolved
TKT0009072,CUS002846,2024-02-29,2024-02-29,Billing,Low,13.73,3.8,resolved
TKT0009073,CUS004120,2023-05-31,2023-05-31,Performance,High,13.62,3.9,resolved
TKT0009074,CUS002196,2024-12-23,2024-12-23,Performance,Medium,11.21,5.0,resolved
TKT0009075,CUS003886,2023-06-09,2023-06-09,Technical,Medium,4.32,4.8,resolved
TKT0009076,CUS000397,2023-04-02,2023-04-02,Technical,Medium,20.82,3.3,resolved
TKT0009077,CUS002725,2023-04-04,2023-04-04,Billing,High,8.31,3.9,resolved
TKT0009078,CUS002157,2023-02-02,2023-02-02,Technical,Medium,7.77,5.0,resolved
TKT0009079,CUS004625,2023-04-06,2023-04-06,Technical,High,7.1,5.0,resolved
TKT0009080,CUS003598,2024-09-18,2024-09-18,Account,Medium,14.08,5.0,resolved
TKT0009081,CUS003456,2023-10-18,2023-10-18,Account,Medium,18.15,2.5,resolved
TKT0009082,CUS004527,2024-01-03,2024-01-03,Account,Low,21.85,4.0,resolved
TKT0009083,CUS001239,2023-06-11,2023-06-11,Integration,Low,12.96,3.9,resolved
TKT0009084,CUS003790,2024-03-09,2024-03-09,Billing,Low,8.21,3.8,resolved
TKT0009085,CUS004322,2023-02-04,2023-02-04,Account,Medium,7.85,4.6,resolved
TKT0009086,CUS004960,2023-08-06,2023-08-06,Billing,Low,8.12,4.9,resolved
TKT0009087,CUS002156,2023-09-07,2023-09-07,Technical,Low,21.71,4.6,resolved
TKT0009088,CUS003330,2023-12-18,2023-12-18,Integration,Medium,7.35,,resolved
TKT0009089,CUS000946,2023-04-06,2023-04-06,Technical,Medium,14.61,3.7,resolved
TKT0009090,CUS002809,2023-12-25,2023-12-25,Performance,Medium,15.23,4.5,resolved
TKT0009091,CUS002243,2024-05-29,2024-05-29,Integration,Low,15.64,4.0,resolved
TKT0009092,CUS000694,2024-12-11,2024-12-11,Billing,High,8.03,3.9,resolved
TKT0009093,CUS004592,2024-01-04,2024-01-04,Technical,Low,6.1,5.0,resolved
TKT0009094,CUS004511,2024-07-18,2024-07-18,Performance,Medium,10.49,5.0,resolved
TKT0009095,CUS004793,2023-01-27,2023-01-27,Performance,Medium,7.75,5.0,resolved
TKT0009096,CUS000903,2023-04-03,2023-04-03,Integration,Low,7.1,5.0,resolved
TKT0009097,CUS000092,2023-04-29,2023-04-29,Technical,Low,14.52,4.1,resolved
TKT0009098,CUS003714,2023-04-15,2023-04-15,Account,Medium,15.06,4.5,resolved
TKT0009099,CUS001358,2023-01-17,2023-01-17,Billing,Medium,6.15,4.9,resolved
TKT0009100,CUS003150,2024-09-02,2024-09-03,Billing,High,29.48,3.4,resolved
TKT0009101,CUS002680,2023-07-07,2023-07-07,Billing,Medium,14.4,4.9,resolved
TKT0009102,CUS002908,2023-04-18,2023-04-18,Account,Low,7.84,4.3,resolved
TKT0009103,CUS002490,2023-04-30,2023-04-30,Integration,Medium,16.27,4.9,resolved
TKT0009104,CUS000050,2024-11-27,2024-11-27,Account,High,6.03,5.0,resolved
TKT0009105,CUS001342,2023-03-17,2023-03-17,Performance,Medium,11.53,4.9,resolved
TKT0009106,CUS004613,2023-01-30,2023-01-30,Account,Medium,13.69,4.5,resolved
TKT0009107,CUS002123,2023-05-27,2023-05-27,Technical,Medium,15.68,4.1,resolved
TKT0009108,CUS001590,2024-05-15,2024-05-15,Account,Medium,9.58,4.4,resolved
TKT0009109,CUS000114,2024-05-17,2024-05-17,Integration,Low,8.85,4.9,resolved
TKT0009110,CUS001863,2023-05-14,2023-05-14,Billing,Medium,17.15,3.6,resolved
TKT0009111,CUS001114,2023-01-17,2023-01-17,Billing,Medium,22.31,3.3,resolved
TKT0009112,CUS002613,2024-02-10,2024-02-10,Performance,Medium,6.9,,resolved
TKT0009113,CUS003460,2023-05-09,2023-05-09,Performance,Medium,11.15,4.3,resolved
TKT0009114,CUS000304,2023-09-26,2023-09-26,Technical,Medium,9.02,4.1,resolved
TKT0009115,CUS003560,2024-01-29,2024-01-29,Account,Medium,14.87,3.6,resolved
TKT0009116,CUS000109,2024-09-22,2024-09-22,Performance,High,5.3,4.4,resolved
TKT0009117,CUS003420,2023-08-16,2023-08-16,Billing,Critical,11.8,4.4,resolved
TKT0009118,CUS000782,2023-03-03,2023-03-03,Performance,Medium,5.56,4.7,resolved
TKT0009119,CUS001750,2023-12-11,2023-12-12,Technical,Medium,24.39,4.0,resolved
TKT0009120,CUS000616,2023-08-31,2023-08-31,Integration,High,5.86,5.0,resolved
TKT0009121,CUS002785,2024-12-22,2024-12-22,Performance,Medium,11.25,4.7,resolved
TKT0009122,CUS003954,2023-07-29,2023-07-29,Technical,Low,6.92,4.1,resolved
TKT0009123,CUS002818,2023-07-17,2023-07-17,Performance,Medium,21.89,4.6,resolved
TKT0009124,CUS004518,2023-06-06,2023-06-06,Integration,Low,18.84,4.0,resolved
TKT0009125,CUS000156,2024-09-24,2024-09-24,Account,Medium,9.39,4.8,resolved
TKT0009126,CUS001797,2023-01-22,2023-01-22,Integration,High,16.71,4.5,resolved
TKT0009127,CUS001906,2023-01-06,2023-01-06,Technical,Low,14.95,4.5,resolved
TKT0009128,CUS001600,2023-02-11,2023-02-11,Performance,Low,12.12,5.0,resolved
TKT0009129,CUS002114,2023-09-24,2023-09-25,Integration,Low,29.7,3.4,resolved
TKT0009130,CUS002875,2024-03-04,2024-03-05,Billing,Low,42.03,3.5,resolved
TKT0009131,CUS000975,2023-07-25,2023-07-26,Billing,Low,37.08,3.1,resolved
TKT0009132,CUS001003,2024-04-29,2024-04-29,Account,High,3.9,5.0,resolved
TKT0009133,CUS000716,2024-04-23,2024-04-23,Performance,Low,4.45,4.7,resolved
TKT0009134,CUS001489,2023-01-01,2023-01-01,Billing,High,9.89,3.6,resolved
TKT0009135,CUS003230,2024-12-16,2024-12-16,Performance,Medium,2.98,5.0,resolved
TKT0009136,CUS002583,2023-04-10,2023-04-10,Integration,Low,15.72,4.7,resolved
TKT0009137,CUS001439,2024-03-13,2024-03-13,Account,Low,4.08,,resolved
TKT0009138,CUS004800,2023-06-14,2023-06-14,Technical,Medium,11.54,4.5,resolved
TKT0009139,CUS003173,2024-01-12,2024-01-12,Integration,Medium,21.88,4.0,resolved
TKT0009140,CUS001353,2023-08-22,2023-08-22,Technical,Medium,9.51,4.6,resolved
TKT0009141,CUS000226,2024-06-08,2024-06-08,Technical,Critical,8.41,5.0,resolved
TKT0009142,CUS001175,2024-10-24,2024-10-24,Technical,Low,11.1,4.3,resolved
TKT0009143,CUS002451,2023-01-04,2023-01-04,Account,High,11.06,4.7,resolved
TKT0009144,CUS001031,2024-08-26,2024-08-26,Integration,High,4.92,,resolved
TKT0009145,CUS001621,2024-07-09,2024-07-09,Account,Low,5.95,3.7,resolved
TKT0009146,CUS004941,2024-02-10,2024-02-10,Technical,Medium,22.35,4.3,resolved
TKT0009147,CUS004672,2023-03-16,2023-03-16,Integration,Low,8.39,4.5,resolved
TKT0009148,CUS002559,2024-05-25,2024-05-25,Billing,Medium,7.8,4.4,resolved
TKT0009149,CUS004183,2024-11-07,2024-11-07,Integration,Medium,18.83,5.0,resolved
TKT0009150,CUS001406,2024-05-09,2024-05-09,Billing,High,10.14,4.6,resolved
TKT0009151,CUS003731,2024-10-21,2024-10-21,Account,High,7.77,4.6,resolved
TKT0009152,CUS004476,2024-12-09,2024-12-09,Integration,Medium,15.83,4.4,resolved
TKT0009153,CUS004159,2023-09-28,2023-09-28,Billing,Medium,5.97,4.1,resolved
TKT0009154,CUS003171,2024-12-02,2024-12-02,Billing,Medium,2.38,5.0,resolved
TKT0009155,CUS004134,2023-01-05,2023-01-06,Billing,Critical,24.35,4.2,resolved
TKT0009156,CUS000033,2024-07-17,2024-07-17,Account,Low,5.01,4.5,resolved
TKT0009157,CUS001934,2023-07-13,2023-07-14,Technical,Low,29.26,3.2,resolved
TKT0009158,CUS003844,2023-07-01,2023-07-01,Integration,Medium,7.38,4.8,resolved
TKT0009159,CUS002041,2024-08-16,2024-08-16,Performance,Critical,3.24,5.0,resolved
TKT0009160,CUS000937,2024-10-20,2024-10-20,Integration,Low,5.85,4.2,resolved
TKT0009161,CUS003868,2023-09-07,2023-09-07,Technical,Medium,13.14,3.9,resolved
TKT0009162,CUS003065,2023-07-25,2023-07-26,Billing,Medium,27.4,4.0,resolved
TKT0009163,CUS002632,2023-10-25,2023-10-26,Technical,Low,30.02,3.1,resolved
TKT0009164,CUS001701,2023-12-29,2023-12-29,Performance,Medium,19.57,3.8,resolved
TKT0009165,CUS000489,2024-04-29,2024-04-29,Integration,Critical,7.87,4.9,resolved
TKT0009166,CUS004311,2024-03-02,2024-03-02,Technical,Low,17.38,3.2,resolved
TKT0009167,CUS001003,2023-07-25,2023-07-25,Integration,Medium,9.02,,resolved
TKT0009168,CUS003177,2024-04-24,2024-04-25,Integration,Medium,31.01,3.0,resolved
TKT0009169,CUS001472,2024-04-06,2024-04-06,Performance,High,13.88,5.0,resolved
TKT0009170,CUS001152,2024-06-05,2024-06-05,Performance,Medium,13.3,,resolved
TKT0009171,CUS002250,2023-11-22,2023-11-22,Technical,Medium,4.43,5.0,resolved
TKT0009172,CUS003660,2024-02-03,2024-02-03,Performance,Medium,15.49,3.8,resolved
TKT0009173,CUS001156,2024-12-31,,Billing,High,7.15,4.1,open
TKT0009174,CUS000466,2024-01-12,2024-01-12,Performance,High,15.91,4.1,resolved
TKT0009175,CUS002436,2024-12-09,2024-12-09,Billing,Medium,9.3,5.0,resolved
TKT0009176,CUS002755,2023-11-07,2023-11-07,Billing,Medium,7.67,5.0,resolved
TKT0009177,CUS003286,2024-01-08,2024-01-08,Technical,High,14.36,4.2,resolved
TKT0009178,CUS002271,2023-02-19,2023-02-19,Integration,Low,11.54,,resolved
TKT0009179,CUS001945,2023-10-31,2023-10-31,Technical,Low,7.95,4.8,resolved
TKT0009180,CUS000772,2023-04-09,2023-04-10,Technical,Low,26.8,2.7,resolved
TKT0009181,CUS001504,2023-01-16,2023-01-16,Performance,Medium,9.21,4.8,resolved
TKT0009182,CUS001243,2023-10-11,2023-10-11,Integration,Medium,17.86,4.2,resolved
TKT0009183,CUS000667,2023-09-02,2023-09-02,Technical,Medium,9.74,3.9,resolved
TKT0009184,CUS004771,2023-09-03,2023-09-03,Performance,Medium,10.03,5.0,resolved
TKT0009185,CUS000920,2024-06-15,2024-06-15,Account,High,9.27,4.7,resolved
TKT0009186,CUS002878,2023-03-13,2023-03-13,Technical,Medium,14.77,4.8,resolved
TKT0009187,CUS002022,2024-07-14,2024-07-15,Technical,Critical,46.8,,resolved
TKT0009188,CUS002755,2023-10-25,2023-10-25,Billing,High,19.64,,resolved
TKT0009189,CUS002942,2023-04-30,2023-04-30,Performance,High,12.34,4.6,resolved
TKT0009190,CUS002610,2023-04-11,2023-04-11,Technical,Medium,4.09,4.0,resolved
TKT0009191,CUS001658,2024-10-20,2024-10-20,Technical,Critical,10.67,4.5,resolved
TKT0009192,CUS001711,2023-08-15,2023-08-15,Billing,Medium,10.85,4.1,resolved
TKT0009193,CUS000857,2023-04-30,2023-04-30,Technical,High,19.35,4.0,resolved
TKT0009194,CUS002077,2023-10-01,2023-10-01,Technical,Medium,23.78,3.7,resolved
TKT0009195,CUS001822,2024-09-27,2024-09-27,Technical,Medium,15.48,3.8,resolved
TKT0009196,CUS004958,2023-09-24,2023-09-24,Billing,Low,18.9,4.7,resolved
TKT0009197,CUS000469,2023-11-02,2023-11-02,Performance,Medium,9.26,5.0,resolved
TKT0009198,CUS002905,2024-09-21,2024-09-21,Billing,Medium,17.89,4.1,resolved
TKT0009199,CUS004946,2023-06-22,2023-06-22,Integration,High,12.76,5.0,resolved
TKT0009200,CUS004640,2024-11-29,2024-11-30,Account,High,36.28,2.4,resolved
TKT0009201,CUS003465,2024-06-01,2024-06-02,Performance,Low,42.84,2.0,resolved
TKT0009202,CUS001993,2023-02-04,2023-02-04,Integration,High,9.34,5.0,resolved
TKT0009203,CUS003635,2024-09-19,2024-09-20,Technical,High,27.86,4.2,resolved
TKT0009204,CUS004676,2024-03-30,2024-03-31,Performance,Low,44.54,3.4,resolved
TKT0009205,CUS002726,2024-12-05,2024-12-05,Billing,High,17.38,5.0,resolved
TKT0009206,CUS001722,2024-02-13,2024-02-13,Performance,Medium,13.73,5.0,resolved
TKT0009207,CUS000066,2024-07-13,2024-07-13,Account,Medium,16.82,3.7,resolved
TKT0009208,CUS002541,2023-11-13,2023-11-13,Technical,High,10.04,4.5,resolved
TKT0009209,CUS000467,2024-12-03,2024-12-04,Integration,High,36.05,3.6,resolved
TKT0009210,CUS001597,2023-01-02,2023-01-02,Performance,Medium,21.88,3.1,resolved
TKT0009211,CUS003119,2023-10-15,2023-10-15,Integration,Medium,2.84,4.5,resolved
TKT0009212,CUS001389,2023-05-08,2023-05-08,Account,Medium,6.19,,resolved
TKT0009213,CUS001122,2024-10-23,2024-10-23,Technical,Low,16.37,3.5,resolved
TKT0009214,CUS002959,2024-10-21,2024-10-21,Account,High,7.69,5.0,resolved
TKT0009215,CUS000364,2023-12-12,2023-12-12,Integration,Critical,14.82,4.4,resolved
TKT0009216,CUS004643,2024-06-01,2024-06-01,Billing,Low,9.36,,resolved
TKT0009217,CUS004914,2023-04-01,2023-04-01,Performance,Medium,6.25,4.0,resolved
TKT0009218,CUS004943,2023-12-31,2023-12-31,Integration,Medium,8.48,5.0,resolved
TKT0009219,CUS000031,2024-12-06,2024-12-06,Performance,High,9.77,,resolved
TKT0009220,CUS000012,2023-05-03,2023-05-03,Technical,Medium,17.28,4.0,resolved
TKT0009221,CUS000521,2023-04-22,2023-04-22,Billing,Medium,4.95,4.8,resolved
TKT0009222,CUS004589,2024-12-28,2024-12-28,Billing,High,9.12,4.8,resolved
TKT0009223,CUS004341,2023-03-11,2023-03-11,Account,Low,8.03,5.0,resolved
TKT0009224,CUS000087,2024-02-05,2024-02-05,Performance,Low,13.96,3.8,resolved
TKT0009225,CUS000356,2023-08-16,2023-08-16,Billing,Medium,6.49,5.0,resolved
TKT0009226,CUS001521,2024-12-28,2024-12-28,Integration,Medium,15.17,5.0,resolved
TKT0009227,CUS001399,2024-02-11,2024-02-11,Billing,Medium,8.06,4.2,resolved
TKT0009228,CUS000009,2024-12-03,2024-12-03,Performance,Medium,19.02,3.0,resolved
TKT0009229,CUS000407,2023-08-23,2023-08-23,Account,Low,13.51,4.2,resolved
TKT0009230,CUS003393,2024-02-24,2024-02-24,Account,Low,6.0,5.0,resolved
TKT0009231,CUS002974,2024-03-13,2024-03-13,Technical,Low,14.51,5.0,resolved
TKT0009232,CUS001778,2024-01-02,2024-01-02,Billing,Critical,11.54,4.1,resolved
TKT0009233,CUS001225,2024-03-13,2024-03-13,Technical,Medium,18.21,4.3,resolved
TKT0009234,CUS002386,2023-05-21,2023-05-21,Integration,Medium,6.21,5.0,resolved
TKT0009235,CUS003198,2024-07-01,2024-07-01,Account,Medium,18.35,4.8,resolved
TKT0009236,CUS001529,2023-10-25,2023-10-25,Performance,Low,6.24,5.0,resolved
TKT0009237,CUS000670,2024-12-09,2024-12-09,Account,Low,9.58,5.0,resolved
TKT0009238,CUS004589,2023-11-29,2023-11-29,Performance,High,10.19,5.0,resolved
TKT0009239,CUS000584,2024-04-02,2024-04-02,Integration,Medium,8.03,4.7,resolved
TKT0009240,CUS004184,2023-05-18,2023-05-18,Technical,High,7.17,4.9,resolved
TKT0009241,CUS002830,2023-06-30,2023-06-30,Technical,High,6.7,,resolved
TKT0009242,CUS002361,2024-12-13,2024-12-13,Integration,Critical,5.23,5.0,resolved
TKT0009243,CUS001283,2023-01-20,2023-01-20,Performance,Medium,6.78,3.9,resolved
TKT0009244,CUS003498,2024-07-16,2024-07-16,Integration,Medium,14.43,4.0,resolved
TKT0009245,CUS002465,2024-03-31,2024-03-31,Integration,Medium,10.99,4.8,resolved
TKT0009246,CUS000519,2023-02-28,2023-02-28,Technical,Medium,9.13,5.0,resolved
TKT0009247,CUS004104,2023-09-24,2023-09-24,Technical,Medium,21.41,4.6,resolved
TKT0009248,CUS003427,2023-02-12,2023-02-12,Performance,Medium,12.36,2.9,resolved
TKT0009249,CUS003850,2023-09-23,2023-09-23,Billing,Medium,15.63,5.0,resolved
TKT0009250,CUS001144,2023-05-11,2023-05-11,Account,Low,6.77,4.9,resolved
TKT0009251,CUS001613,2023-08-30,2023-08-30,Performance,Medium,8.13,3.7,resolved
TKT0009252,CUS001651,2024-12-30,2024-12-30,Account,Medium,11.66,4.1,resolved
TKT0009253,CUS000808,2023-11-07,2023-11-07,Performance,Medium,19.91,3.0,resolved
TKT0009254,CUS004408,2023-05-30,2023-05-30,Billing,Medium,2.45,5.0,resolved
TKT0009255,CUS001841,2023-12-22,2023-12-22,Technical,High,21.85,3.7,resolved
TKT0009256,CUS001543,2024-08-08,2024-08-08,Account,High,4.97,4.6,resolved
TKT0009257,CUS002389,2024-05-06,2024-05-07,Performance,High,26.72,5.0,resolved
TKT0009258,CUS004779,2023-03-14,2023-03-14,Billing,Medium,9.08,5.0,resolved
TKT0009259,CUS001840,2024-07-15,2024-07-15,Technical,Medium,9.68,5.0,resolved
TKT0009260,CUS004648,2023-02-14,2023-02-14,Account,Medium,7.01,4.6,resolved
TKT0009261,CUS004659,2023-12-02,2023-12-03,Account,High,34.89,3.3,resolved
TKT0009262,CUS001607,2024-12-09,2024-12-09,Integration,Low,14.73,4.3,resolved
TKT0009263,CUS002986,2023-03-04,2023-03-04,Integration,Medium,7.81,5.0,resolved
TKT0009264,CUS003215,2024-09-02,2024-09-03,Technical,High,27.57,4.3,resolved
TKT0009265,CUS001433,2023-11-19,2023-11-19,Performance,Low,6.66,4.9,resolved
TKT0009266,CUS004959,2024-10-06,2024-10-06,Technical,Medium,6.4,4.2,resolved
TKT0009267,CUS002999,2024-10-18,2024-10-18,Technical,Low,11.03,5.0,resolved
TKT0009268,CUS003572,2024-07-31,2024-07-31,Technical,Low,11.91,4.6,resolved
TKT0009269,CUS003451,2024-10-24,2024-10-24,Technical,Medium,13.22,,resolved
TKT0009270,CUS001119,2024-07-14,2024-07-14,Integration,High,14.17,5.0,resolved
TKT0009271,CUS002986,2024-12-06,2024-12-06,Integration,Low,12.69,4.7,resolved
TKT0009272,CUS004313,2023-07-22,2023-07-22,Technical,High,9.77,4.7,resolved
TKT0009273,CUS003811,2024-08-01,2024-08-02,Performance,Medium,31.64,2.2,resolved
TKT0009274,CUS002304,2024-03-17,2024-03-17,Billing,Low,7.58,5.0,resolved
TKT0009275,CUS002729,2024-05-28,2024-05-29,Integration,Medium,25.08,2.9,resolved
TKT0009276,CUS003211,2023-01-23,2023-01-23,Technical,Low,7.37,5.0,resolved
TKT0009277,CUS001865,2024-02-03,2024-02-05,Performance,High,51.9,1.0,resolved
TKT0009278,CUS001675,2024-02-15,2024-02-15,Technical,High,15.74,4.8,resolved
TKT0009279,CUS002265,2023-09-02,2023-09-02,Technical,Medium,8.91,5.0,resolved
TKT0009280,CUS004993,2023-10-24,2023-10-24,Performance,Low,3.55,5.0,resolved
TKT0009281,CUS003498,2024-08-17,2024-08-17,Technical,Critical,4.53,5.0,resolved
TKT0009282,CUS000672,2023-06-02,2023-06-02,Performance,High,5.66,5.0,resolved
TKT0009283,CUS000628,2023-05-11,2023-05-11,Performance,Medium,5.13,3.7,resolved
TKT0009284,CUS000689,2023-09-05,2023-09-06,Performance,Medium,24.88,3.4,resolved
TKT0009285,CUS004404,2024-06-22,2024-06-22,Account,Medium,7.78,4.9,resolved
TKT0009286,CUS000734,2024-10-16,2024-10-16,Integration,Medium,10.21,5.0,resolved
TKT0009287,CUS002272,2024-02-02,2024-02-02,Integration,Medium,11.54,5.0,resolved
TKT0009288,CUS003222,2024-04-21,2024-04-21,Account,Low,5.0,4.2,resolved
TKT0009289,CUS004049,2024-03-03,2024-03-03,Technical,High,8.47,5.0,resolved
TKT0009290,CUS001618,2023-06-01,2023-06-02,Integration,Medium,36.54,3.6,resolved
TKT0009291,CUS001158,2023-10-13,2023-10-14,Billing,Medium,32.61,2.0,resolved
TKT0009292,CUS000522,2024-04-26,2024-04-26,Account,Medium,13.64,3.4,resolved
TKT0009293,CUS000401,2024-02-17,2024-02-17,Performance,Medium,11.07,5.0,resolved
TKT0009294,CUS000766,2024-08-13,2024-08-14,Billing,Low,24.6,3.8,resolved
TKT0009295,CUS003428,2024-07-28,2024-07-29,Integration,Low,24.25,4.6,resolved
TKT0009296,CUS000346,2023-11-13,2023-11-13,Technical,High,9.24,5.0,resolved
TKT0009297,CUS003248,2023-12-19,2023-12-19,Performance,High,12.73,5.0,resolved
TKT0009298,CUS004286,2023-11-13,2023-11-13,Integration,Critical,16.86,3.9,resolved
TKT0009299,CUS002600,2024-08-12,2024-08-12,Account,Medium,22.26,,resolved
TKT0009300,CUS004700,2023-05-14,2023-05-14,Account,Low,4.27,,resolved
TKT0009301,CUS002335,2023-01-18,2023-01-18,Technical,Medium,11.06,4.9,resolved
TKT0009302,CUS002365,2024-12-03,2024-12-03,Account,Medium,18.63,4.9,resolved
TKT0009303,CUS000797,2024-08-09,2024-08-09,Performance,Critical,11.73,3.4,resolved
TKT0009304,CUS003176,2024-09-29,2024-09-29,Integration,Medium,9.05,4.7,resolved
TKT0009305,CUS003802,2024-10-13,2024-10-14,Technical,Medium,28.27,4.2,resolved
TKT0009306,CUS001008,2023-10-05,2023-10-05,Technical,High,11.81,5.0,resolved
TKT0009307,CUS003077,2024-11-09,2024-11-09,Performance,Low,10.59,,resolved
TKT0009308,CUS002085,2023-06-15,2023-06-15,Technical,Low,4.22,,resolved
TKT0009309,CUS004909,2023-12-04,2023-12-04,Billing,Medium,15.72,3.2,resolved
TKT0009310,CUS000370,2023-03-20,2023-03-20,Account,Medium,7.09,5.0,resolved
TKT0009311,CUS001969,2023-11-18,2023-11-19,Performance,Low,36.84,4.3,resolved
TKT0009312,CUS002075,2024-02-07,2024-02-07,Account,Medium,6.47,5.0,resolved
TKT0009313,CUS002350,2023-10-01,2023-10-01,Technical,High,17.8,4.2,resolved
TKT0009314,CUS001516,2024-09-30,2024-09-30,Performance,Low,10.09,3.8,resolved
TKT0009315,CUS001418,2023-03-02,2023-03-02,Technical,Medium,7.7,4.3,resolved
TKT0009316,CUS001770,2023-05-10,2023-05-10,Billing,Low,8.55,4.1,resolved
TKT0009317,CUS000809,2024-10-01,2024-10-02,Technical,Critical,36.76,3.0,resolved
TKT0009318,CUS000654,2024-01-27,2024-01-27,Account,Medium,16.7,3.8,resolved
TKT0009319,CUS004461,2023-07-04,2023-07-04,Billing,High,11.75,4.9,resolved
TKT0009320,CUS002537,2024-06-08,2024-06-09,Technical,Low,24.94,4.6,resolved
TKT0009321,CUS003906,2023-04-21,2023-04-22,Performance,Low,26.73,3.5,resolved
TKT0009322,CUS001718,2024-09-21,2024-09-21,Integration,Medium,11.05,4.2,resolved
TKT0009323,CUS004645,2024-07-13,2024-07-13,Account,Medium,7.91,4.3,resolved
TKT0009324,CUS004055,2023-06-25,2023-06-25,Integration,High,9.58,5.0,resolved
TKT0009325,CUS004810,2023-04-12,2023-04-12,Billing,Low,7.22,4.0,resolved
TKT0009326,CUS003851,2023-07-02,2023-07-02,Account,Medium,5.28,5.0,resolved
TKT0009327,CUS003578,2024-07-12,2024-07-12,Billing,High,6.18,4.1,resolved
TKT0009328,CUS002982,2024-01-13,2024-01-15,Billing,Medium,54.9,1.0,resolved
TKT0009329,CUS003976,2024-08-31,2024-08-31,Technical,Medium,3.3,4.7,resolved
TKT0009330,CUS001582,2024-06-20,2024-06-20,Performance,Medium,17.87,4.2,resolved
TKT0009331,CUS000339,2023-07-08,2023-07-08,Performance,Low,23.15,3.3,resolved
TKT0009332,CUS001807,2023-08-27,2023-08-27,Integration,Critical,3.88,4.3,resolved
TKT0009333,CUS003863,2023-03-15,2023-03-15,Account,Medium,17.27,3.4,resolved
TKT0009334,CUS000538,2024-07-13,2024-07-14,Integration,Low,37.72,2.9,resolved
TKT0009335,CUS004459,2023-09-26,2023-09-26,Performance,Low,10.33,4.5,resolved
TKT0009336,CUS002696,2023-07-26,2023-07-26,Technical,Medium,18.52,5.0,resolved
TKT0009337,CUS003996,2023-04-08,2023-04-08,Technical,High,15.69,4.9,resolved
TKT0009338,CUS002555,2024-10-11,2024-10-11,Integration,Low,13.49,4.4,resolved
TKT0009339,CUS004198,2024-03-03,2024-03-03,Performance,Low,3.26,4.1,resolved
TKT0009340,CUS004972,2023-02-24,2023-02-24,Integration,Low,10.48,3.8,resolved
TKT0009341,CUS004035,2024-10-19,2024-10-19,Billing,Low,10.54,4.9,resolved
TKT0009342,CUS004383,2024-06-05,2024-06-05,Account,High,7.96,5.0,resolved
TKT0009343,CUS004111,2024-01-15,2024-01-16,Technical,High,42.76,2.7,resolved
TKT0009344,CUS002268,2024-10-17,2024-10-17,Technical,Medium,10.15,3.5,resolved
TKT0009345,CUS001779,2023-06-21,2023-06-21,Account,High,9.51,5.0,resolved
TKT0009346,CUS002840,2023-07-01,2023-07-01,Account,Low,8.32,5.0,resolved
TKT0009347,CUS001028,2024-03-11,2024-03-11,Technical,Low,7.99,4.9,resolved
TKT0009348,CUS002216,2023-09-06,2023-09-06,Account,Low,9.57,4.6,resolved
TKT0009349,CUS000667,2023-03-08,2023-03-08,Integration,Medium,8.76,4.2,resolved
TKT0009350,CUS001503,2024-05-26,2024-05-26,Performance,Low,13.75,3.8,resolved
TKT0009351,CUS003520,2023-08-13,2023-08-13,Performance,Low,14.76,4.6,resolved
TKT0009352,CUS000371,2024-11-30,2024-12-01,Account,Medium,25.86,3.1,resolved
TKT0009353,CUS004608,2024-10-30,2024-10-30,Account,Critical,7.95,4.9,resolved
TKT0009354,CUS000243,2023-09-05,2023-09-05,Billing,Medium,9.3,4.1,resolved
TKT0009355,CUS001270,2024-09-14,2024-09-14,Integration,Medium,11.58,5.0,resolved
TKT0009356,CUS004790,2024-05-07,2024-05-08,Account,High,25.28,3.5,resolved
TKT0009357,CUS004350,2024-07-16,2024-07-16,Account,Low,18.77,4.0,resolved
TKT0009358,CUS000487,2024-12-29,2024-12-29,Integration,High,4.44,5.0,resolved
TKT0009359,CUS004355,2024-05-13,2024-05-13,Account,High,16.5,5.0,resolved
TKT0009360,CUS004228,2024-07-06,2024-07-06,Account,Medium,21.45,4.5,resolved
TKT0009361,CUS002414,2024-06-20,2024-06-20,Technical,High,18.17,4.2,resolved
TKT0009362,CUS004339,2024-12-07,2024-12-07,Integration,Medium,21.77,4.0,resolved
TKT0009363,CUS002435,2024-04-11,2024-04-11,Billing,Medium,18.08,,resolved
TKT0009364,CUS000741,2024-02-03,2024-02-03,Billing,High,2.67,4.8,resolved
TKT0009365,CUS001129,2024-02-19,2024-02-19,Account,Low,12.23,5.0,resolved
TKT0009366,CUS001673,2024-01-02,2024-01-02,Technical,High,14.0,4.5,resolved
TKT0009367,CUS001709,2023-02-07,2023-02-07,Billing,Low,6.95,4.3,resolved
TKT0009368,CUS003700,2023-12-18,2023-12-18,Account,Low,21.55,4.5,resolved
TKT0009369,CUS001072,2023-03-14,2023-03-14,Integration,Medium,11.26,4.6,resolved
TKT0009370,CUS003741,2023-07-19,2023-07-19,Performance,Low,4.2,3.7,resolved
TKT0009371,CUS002774,2023-06-19,2023-06-19,Account,Medium,19.87,3.5,resolved
TKT0009372,CUS002992,2024-09-01,2024-09-01,Integration,Low,4.11,4.1,resolved
TKT0009373,CUS003556,2024-02-05,2024-02-06,Account,Low,26.81,3.0,resolved
TKT0009374,CUS003938,2023-11-12,2023-11-12,Billing,Medium,9.93,4.2,resolved
TKT0009375,CUS001930,2023-06-10,2023-06-10,Technical,High,11.7,4.9,resolved
TKT0009376,CUS003416,2024-11-09,2024-11-09,Account,Low,18.36,3.5,resolved
TKT0009377,CUS000220,2023-12-08,2023-12-08,Performance,Low,18.32,3.3,resolved
TKT0009378,CUS003853,2024-07-31,2024-07-31,Account,Medium,20.55,4.5,resolved
TKT0009379,CUS003812,2024-03-01,2024-03-01,Technical,Medium,17.7,4.1,resolved
TKT0009380,CUS004859,2024-03-11,2024-03-11,Integration,Medium,6.47,5.0,resolved
TKT0009381,CUS000902,2024-07-01,2024-07-01,Integration,Low,17.88,4.3,resolved
TKT0009382,CUS000664,2024-04-04,2024-04-04,Technical,Critical,15.22,5.0,resolved
TKT0009383,CUS004611,2024-02-13,2024-02-13,Integration,Low,14.68,4.2,resolved
TKT0009384,CUS001678,2024-01-09,2024-01-10,Technical,High,24.16,3.3,resolved
TKT0009385,CUS003045,2024-05-09,2024-05-09,Account,High,23.4,4.0,resolved
TKT0009386,CUS004768,2023-03-02,2023-03-02,Performance,Low,17.88,4.0,resolved
TKT0009387,CUS003381,2023-11-28,2023-11-28,Technical,Medium,17.0,4.4,resolved
TKT0009388,CUS001332,2023-06-05,2023-06-05,Billing,High,13.07,4.2,resolved
TKT0009389,CUS000632,2024-11-05,2024-11-05,Account,Critical,9.2,5.0,resolved
TKT0009390,CUS001723,2024-07-07,2024-07-08,Integration,Medium,29.18,4.4,resolved
TKT0009391,CUS003336,2024-07-12,2024-07-12,Technical,Medium,8.67,4.3,resolved
TKT0009392,CUS004746,2023-06-09,2023-06-09,Technical,Medium,6.06,5.0,resolved
TKT0009393,CUS000319,2023-11-22,2023-11-22,Performance,Medium,8.68,5.0,resolved
TKT0009394,CUS002178,2023-02-22,2023-02-22,Performance,Critical,11.65,5.0,resolved
TKT0009395,CUS004013,2023-05-12,2023-05-12,Account,Low,14.3,3.5,resolved
TKT0009396,CUS004365,2024-01-22,2024-01-22,Performance,Critical,6.25,5.0,resolved
TKT0009397,CUS004276,2024-06-02,2024-06-02,Account,Medium,9.79,3.9,resolved
TKT0009398,CUS003883,2024-10-11,2024-10-11,Integration,Medium,21.04,3.7,resolved
TKT0009399,CUS000925,2023-11-23,2023-11-23,Integration,High,7.44,4.8,resolved
TKT0009400,CUS001762,2024-05-14,2024-05-14,Technical,Medium,11.47,4.1,resolved
TKT0009401,CUS002955,2023-06-14,2023-06-14,Performance,Medium,5.22,4.9,resolved
TKT0009402,CUS000679,2023-10-08,2023-10-08,Technical,Low,5.29,5.0,resolved
TKT0009403,CUS001967,2024-03-15,2024-03-15,Account,Medium,3.74,5.0,resolved
TKT0009404,CUS001056,2024-01-15,2024-01-15,Performance,Medium,17.32,3.9,resolved
TKT0009405,CUS001485,2023-10-10,2023-10-10,Performance,High,3.52,5.0,resolved
TKT0009406,CUS003967,2023-11-12,2023-11-12,Account,Low,18.76,4.3,resolved
TKT0009407,CUS003426,2024-07-22,2024-07-22,Technical,Medium,9.58,5.0,resolved
TKT0009408,CUS000025,2023-11-14,2023-11-14,Integration,Medium,13.83,3.8,resolved
TKT0009409,CUS004670,2023-07-26,2023-07-26,Account,Medium,2.79,4.8,resolved
TKT0009410,CUS002637,2023-02-28,2023-02-28,Account,Medium,3.64,5.0,resolved
TKT0009411,CUS003274,2023-12-10,2023-12-10,Technical,Medium,8.12,5.0,resolved
TKT0009412,CUS003106,2023-08-26,2023-08-26,Account,Low,10.31,4.1,resolved
TKT0009413,CUS000355,2023-09-16,2023-09-16,Performance,Low,19.23,4.3,resolved
TKT0009414,CUS004444,2023-09-13,2023-09-13,Integration,Medium,9.42,4.3,resolved
TKT0009415,CUS003421,2024-09-12,2024-09-12,Billing,Medium,6.27,4.1,resolved
TKT0009416,CUS001292,2024-10-08,2024-10-08,Performance,Medium,21.1,,resolved
TKT0009417,CUS000430,2023-11-07,2023-11-07,Account,High,7.07,4.4,resolved
TKT0009418,CUS004963,2024-01-09,2024-01-09,Performance,Medium,4.13,5.0,resolved
TKT0009419,CUS004673,2023-06-22,2023-06-22,Performance,High,12.85,,resolved
TKT0009420,CUS003613,2023-02-21,2023-02-21,Billing,Medium,17.42,,resolved
TKT0009421,CUS002684,2024-09-22,2024-09-22,Performance,High,17.74,4.3,resolved
TKT0009422,CUS002979,2023-08-17,2023-08-17,Technical,Low,5.46,4.8,resolved
TKT0009423,CUS002472,2024-11-08,2024-11-08,Technical,High,10.78,3.6,resolved
TKT0009424,CUS004298,2023-07-22,2023-07-22,Integration,High,6.87,3.9,resolved
TKT0009425,CUS003701,2023-09-27,2023-09-27,Billing,Medium,12.22,4.8,resolved
TKT0009426,CUS000346,2023-11-17,2023-11-17,Technical,Low,6.77,5.0,resolved
TKT0009427,CUS001645,2024-10-03,2024-10-03,Integration,Low,10.57,3.8,resolved
TKT0009428,CUS003623,2023-08-19,2023-08-19,Account,High,21.41,2.4,resolved
TKT0009429,CUS004929,2023-12-25,2023-12-25,Performance,Medium,10.9,4.8,resolved
TKT0009430,CUS003791,2024-07-28,2024-07-28,Technical,Medium,14.09,4.7,resolved
TKT0009431,CUS002491,2024-06-19,2024-06-20,Billing,High,25.16,4.3,resolved
TKT0009432,CUS003845,2023-08-23,2023-08-23,Billing,Low,9.63,4.9,resolved
TKT0009433,CUS003621,2023-07-19,2023-07-19,Account,High,12.11,4.9,resolved
TKT0009434,CUS003561,2023-08-13,2023-08-13,Account,Medium,17.7,5.0,resolved
TKT0009435,CUS004730,2023-04-27,2023-04-27,Technical,Low,9.37,4.2,resolved
TKT0009436,CUS003094,2023-12-07,2023-12-07,Integration,Medium,16.02,5.0,resolved
TKT0009437,CUS002596,2024-01-15,2024-01-15,Performance,Medium,9.66,5.0,resolved
TKT0009438,CUS003716,2024-10-29,2024-10-29,Integration,Medium,12.72,4.5,resolved
TKT0009439,CUS004431,2023-10-22,2023-10-23,Performance,Low,46.88,2.4,resolved
TKT0009440,CUS003132,2023-07-21,2023-07-21,Performance,High,21.56,3.6,resolved
TKT0009441,CUS000094,2023-01-01,2023-01-01,Account,Medium,19.68,3.2,resolved
TKT0009442,CUS000360,2024-12-27,2024-12-27,Technical,High,6.02,2.8,resolved
TKT0009443,CUS004153,2023-02-03,2023-02-03,Technical,High,8.06,5.0,resolved
TKT0009444,CUS002536,2023-01-08,2023-01-08,Account,High,14.99,4.0,resolved
TKT0009445,CUS004941,2024-04-03,2024-04-03,Integration,High,5.44,,resolved
TKT0009446,CUS001086,2024-03-26,2024-03-26,Account,Low,10.57,3.9,resolved
TKT0009447,CUS003535,2023-09-10,2023-09-10,Account,Low,22.06,3.8,resolved
TKT0009448,CUS002101,2024-01-11,2024-01-12,Billing,Low,33.24,4.0,resolved
TKT0009449,CUS000095,2023-01-25,2023-01-25,Billing,Medium,20.59,3.6,resolved
TKT0009450,CUS001842,2024-03-23,2024-03-24,Performance,Medium,26.83,4.9,resolved
TKT0009451,CUS000974,2023-11-11,2023-11-12,Technical,High,40.97,2.8,resolved
TKT0009452,CUS002730,2024-11-10,2024-11-10,Technical,Low,8.97,4.7,resolved
TKT0009453,CUS004334,2023-04-01,2023-04-03,Performance,High,65.52,2.2,resolved
TKT0009454,CUS004957,2024-11-01,2024-11-01,Integration,High,14.08,4.9,resolved
TKT0009455,CUS002766,2023-04-21,2023-04-21,Account,Medium,15.38,4.9,resolved
TKT0009456,CUS004646,2023-02-24,2023-02-25,Performance,Low,42.09,4.5,resolved
TKT0009457,CUS004355,2024-07-09,2024-07-09,Account,Medium,10.71,5.0,resolved
TKT0009458,CUS000989,2023-02-03,2023-02-03,Integration,Low,10.86,4.7,resolved
TKT0009459,CUS000131,2023-02-26,2023-02-26,Technical,High,15.12,4.9,resolved
TKT0009460,CUS004291,2024-03-22,2024-03-23,Performance,Low,28.0,3.1,resolved
TKT0009461,CUS002885,2023-12-03,2023-12-03,Integration,Critical,13.69,4.5,resolved
TKT0009462,CUS003882,2023-09-26,2023-09-26,Performance,Low,14.84,5.0,resolved
TKT0009463,CUS003229,2023-08-28,2023-08-28,Performance,Medium,10.09,4.3,resolved
TKT0009464,CUS001138,2024-08-09,2024-08-09,Technical,Low,3.26,5.0,resolved
TKT0009465,CUS002277,2024-12-16,2024-12-16,Performance,Low,22.8,3.5,resolved
TKT0009466,CUS001763,2024-07-27,2024-07-27,Technical,Medium,16.97,3.7,resolved
TKT0009467,CUS003469,2023-01-16,2023-01-16,Performance,Low,13.4,4.1,resolved
TKT0009468,CUS000278,2024-02-06,2024-02-06,Account,High,17.5,5.0,resolved
TKT0009469,CUS002251,2023-11-29,2023-11-29,Billing,Medium,9.12,4.9,resolved
TKT0009470,CUS001224,2023-09-08,2023-09-08,Account,Medium,13.11,4.3,resolved
TKT0009471,CUS003535,2024-05-26,2024-05-26,Billing,High,13.01,4.3,resolved
TKT0009472,CUS002335,2023-12-31,2023-12-31,Technical,Low,6.99,4.6,resolved
TKT0009473,CUS003502,2024-11-20,2024-11-20,Performance,Critical,12.39,4.6,resolved
TKT0009474,CUS003966,2024-02-21,2024-02-21,Account,High,7.28,,resolved
TKT0009475,CUS003842,2023-08-19,2023-08-19,Technical,Medium,3.91,5.0,resolved
TKT0009476,CUS004621,2024-11-16,2024-11-17,Performance,Medium,25.42,4.5,resolved
TKT0009477,CUS000495,2024-04-08,2024-04-08,Technical,Medium,9.35,4.6,resolved
TKT0009478,CUS000416,2024-06-14,2024-06-15,Technical,Medium,29.39,2.7,resolved
TKT0009479,CUS001165,2023-07-06,2023-07-06,Account,Medium,9.3,4.8,resolved
TKT0009480,CUS002291,2023-06-14,2023-06-14,Integration,Low,20.95,3.2,resolved
TKT0009481,CUS002506,2024-04-05,2024-04-05,Performance,Medium,10.81,3.6,resolved
TKT0009482,CUS004479,2023-07-25,2023-07-25,Performance,Medium,16.19,4.7,resolved
TKT0009483,CUS004939,2023-03-05,2023-03-05,Performance,Medium,14.06,2.8,resolved
TKT0009484,CUS001698,2023-11-01,2023-11-01,Performance,High,10.75,4.7,resolved
TKT0009485,CUS004748,2023-07-29,2023-07-29,Billing,Low,12.05,5.0,resolved
TKT0009486,CUS001277,2024-11-09,2024-11-09,Integration,Medium,9.91,5.0,resolved
TKT0009487,CUS000924,2023-11-21,2023-11-21,Account,Medium,18.15,3.1,resolved
TKT0009488,CUS003455,2023-09-27,2023-09-27,Performance,Medium,6.98,4.5,resolved
TKT0009489,CUS001898,2023-02-13,2023-02-14,Billing,Medium,25.18,3.2,resolved
TKT0009490,CUS003991,2024-04-11,2024-04-11,Billing,Medium,13.24,4.7,resolved
TKT0009491,CUS004533,2023-05-23,2023-05-24,Integration,Medium,34.29,2.6,resolved
TKT0009492,CUS002870,2024-06-01,2024-06-01,Technical,Medium,6.9,5.0,resolved
TKT0009493,CUS004353,2023-03-19,2023-03-21,Billing,Medium,59.89,1.2,resolved
TKT0009494,CUS001587,2024-05-27,2024-05-27,Account,Low,15.42,4.4,resolved
TKT0009495,CUS000328,2024-11-21,2024-11-22,Account,Critical,35.13,3.6,resolved
TKT0009496,CUS002756,2024-11-18,2024-11-18,Integration,Critical,14.08,4.7,resolved
TKT0009497,CUS004822,2024-01-10,2024-01-10,Performance,High,9.09,4.5,resolved
TKT0009498,CUS003099,2023-08-10,2023-08-10,Account,Medium,9.72,3.5,resolved
TKT0009499,CUS003639,2024-03-05,2024-03-05,Performance,Low,17.43,4.0,resolved
TKT0009500,CUS004559,2024-07-21,2024-07-21,Account,High,23.12,2.9,resolved
TKT0009501,CUS003888,2024-08-21,2024-08-21,Account,High,7.43,4.7,resolved
TKT0009502,CUS003026,2023-02-18,2023-02-18,Integration,Medium,20.83,4.2,resolved
TKT0009503,CUS004056,2023-09-08,2023-09-08,Account,Low,13.32,4.1,resolved
TKT0009504,CUS001679,2024-01-03,2024-01-03,Account,Low,19.18,3.8,resolved
TKT0009505,CUS002927,2023-03-15,2023-03-15,Billing,Low,5.3,4.1,resolved
TKT0009506,CUS004425,2024-03-07,2024-03-07,Account,High,6.6,,resolved
TKT0009507,CUS002107,2023-05-04,2023-05-04,Integration,Medium,4.72,5.0,resolved
TKT0009508,CUS004111,2023-04-15,2023-04-15,Technical,High,17.21,3.4,resolved
TKT0009509,CUS003647,2024-05-17,2024-05-18,Performance,Medium,32.16,2.7,resolved
TKT0009510,CUS001666,2024-05-01,2024-05-01,Technical,Medium,23.31,4.2,resolved
TKT0009511,CUS003245,2024-11-23,2024-11-23,Technical,Low,11.48,3.3,resolved
TKT0009512,CUS002217,2024-12-10,2024-12-10,Account,Medium,13.83,3.9,resolved
TKT0009513,CUS001758,2023-11-26,2023-11-26,Billing,Low,13.74,5.0,resolved
TKT0009514,CUS003483,2024-05-21,2024-05-21,Billing,Low,12.71,5.0,resolved
TKT0009515,CUS000786,2023-08-14,2023-08-14,Performance,Low,20.94,4.2,resolved
TKT0009516,CUS003295,2024-01-10,2024-01-10,Performance,High,3.36,5.0,resolved
TKT0009517,CUS000779,2024-10-06,2024-10-06,Technical,Medium,16.24,5.0,resolved
TKT0009518,CUS002456,2023-08-07,2023-08-07,Integration,High,7.01,4.0,resolved
TKT0009519,CUS003799,2023-10-18,2023-10-18,Integration,High,15.16,3.9,resolved
TKT0009520,CUS003324,2023-04-10,2023-04-10,Integration,Low,16.33,5.0,resolved
TKT0009521,CUS001909,2023-04-05,2023-04-06,Technical,High,24.66,3.7,resolved
TKT0009522,CUS002268,2024-07-30,2024-07-30,Integration,High,10.97,4.9,resolved
TKT0009523,CUS001228,2023-07-08,2023-07-08,Billing,Low,12.86,,resolved
TKT0009524,CUS002080,2024-03-07,2024-03-07,Performance,Low,10.25,5.0,resolved
TKT0009525,CUS004526,2024-07-24,2024-07-24,Performance,Medium,11.88,4.2,resolved
TKT0009526,CUS004206,2023-09-26,2023-09-26,Integration,High,7.58,5.0,resolved
TKT0009527,CUS000491,2024-09-22,2024-09-22,Integration,Medium,15.97,3.1,resolved
TKT0009528,CUS000919,2024-10-13,2024-10-15,Performance,Medium,60.97,2.0,resolved
TKT0009529,CUS000183,2024-08-01,2024-08-01,Performance,Medium,11.41,5.0,resolved
TKT0009530,CUS002088,2024-02-22,2024-02-23,Performance,Low,24.27,4.4,resolved
TKT0009531,CUS004137,2024-12-20,2024-12-20,Billing,Low,15.19,,resolved
TKT0009532,CUS002909,2024-06-22,2024-06-22,Integration,Medium,17.35,4.7,resolved
TKT0009533,CUS001175,2023-04-08,2023-04-08,Account,Medium,19.47,3.7,resolved
TKT0009534,CUS001977,2024-04-28,2024-04-28,Account,Medium,9.77,5.0,resolved
TKT0009535,CUS000470,2023-12-25,2023-12-25,Billing,High,11.67,5.0,resolved
TKT0009536,CUS001928,2023-05-24,2023-05-24,Technical,Medium,6.45,4.4,resolved
TKT0009537,CUS001879,2024-04-27,2024-04-27,Billing,Medium,12.03,5.0,resolved
TKT0009538,CUS001343,2024-12-29,2024-12-29,Performance,Medium,10.44,,resolved
TKT0009539,CUS001050,2024-12-15,2024-12-15,Performance,Low,11.21,4.8,resolved
TKT0009540,CUS001078,2024-05-07,2024-05-07,Technical,Medium,3.01,3.4,resolved
TKT0009541,CUS000728,2024-11-24,2024-11-24,Technical,Medium,5.58,,resolved
TKT0009542,CUS000693,2023-10-22,2023-10-23,Integration,Medium,25.19,3.7,resolved
TKT0009543,CUS004894,2023-09-19,2023-09-19,Performance,Medium,16.65,5.0,resolved
TKT0009544,CUS003268,2024-04-06,2024-04-06,Integration,Medium,13.54,4.1,resolved
TKT0009545,CUS003211,2024-10-11,2024-10-11,Technical,Critical,19.31,3.6,resolved
TKT0009546,CUS001975,2023-05-05,2023-05-08,Integration,Medium,87.78,1.0,resolved
TKT0009547,CUS000843,2024-01-12,2024-01-12,Integration,Low,21.27,5.0,resolved
TKT0009548,CUS002450,2024-09-30,2024-09-30,Account,Low,8.38,5.0,resolved
TKT0009549,CUS001882,2023-03-12,2023-03-12,Technical,Medium,19.17,,resolved
TKT0009550,CUS001212,2023-04-14,2023-04-14,Performance,Medium,11.92,,resolved
TKT0009551,CUS003798,2023-02-12,2023-02-12,Billing,Low,15.28,2.9,resolved
TKT0009552,CUS001168,2024-07-12,2024-07-13,Account,Medium,32.16,2.7,resolved
TKT0009553,CUS003593,2024-12-31,,Account,Low,21.35,3.3,open
TKT0009554,CUS000636,2024-01-10,2024-01-10,Technical,Medium,12.4,4.3,resolved
TKT0009555,CUS002502,2024-11-19,2024-11-19,Technical,High,15.56,5.0,resolved
TKT0009556,CUS003393,2024-11-29,2024-11-29,Account,Medium,6.74,4.6,resolved
TKT0009557,CUS003440,2024-04-06,2024-04-06,Technical,Low,20.99,3.2,resolved
TKT0009558,CUS004900,2024-08-20,2024-08-21,Billing,Medium,46.84,,resolved
TKT0009559,CUS002280,2024-05-26,2024-05-26,Integration,Low,12.71,4.3,resolved
TKT0009560,CUS001897,2023-08-09,2023-08-10,Account,Low,28.95,3.4,resolved
TKT0009561,CUS003725,2024-03-03,2024-03-03,Technical,Medium,4.72,4.8,resolved
TKT0009562,CUS000322,2023-01-25,2023-01-25,Performance,High,11.94,4.8,resolved
TKT0009563,CUS002467,2024-08-04,2024-08-04,Performance,Low,11.45,3.9,resolved
TKT0009564,CUS004350,2023-01-04,2023-01-04,Integration,Medium,6.12,5.0,resolved
TKT0009565,CUS001332,2023-07-26,2023-07-26,Technical,High,4.38,4.4,resolved
TKT0009566,CUS002520,2023-04-22,2023-04-22,Account,Medium,4.71,5.0,resolved
TKT0009567,CUS000813,2023-07-02,2023-07-02,Integration,High,3.39,4.3,resolved
TKT0009568,CUS004719,2023-03-14,2023-03-14,Billing,High,10.36,3.9,resolved
TKT0009569,CUS004238,2024-01-02,2024-01-02,Performance,Medium,5.91,5.0,resolved
TKT0009570,CUS003828,2023-03-17,2023-03-17,Integration,Medium,16.79,4.7,resolved
TKT0009571,CUS000744,2023-05-30,2023-05-31,Billing,Low,24.03,4.6,resolved
TKT0009572,CUS002528,2023-10-23,2023-10-23,Technical,Low,14.18,5.0,resolved
TKT0009573,CUS001068,2024-01-13,2024-01-13,Performance,High,21.04,2.7,resolved
TKT0009574,CUS004593,2024-09-25,2024-09-25,Billing,Low,6.75,5.0,resolved
TKT0009575,CUS004647,2024-11-29,2024-11-29,Account,High,13.92,4.5,resolved
TKT0009576,CUS003649,2024-03-26,2024-03-26,Performance,Medium,15.14,3.6,resolved
TKT0009577,CUS003292,2023-08-13,2023-08-13,Billing,Medium,7.08,4.3,resolved
TKT0009578,CUS001218,2023-02-21,2023-02-21,Performance,Medium,20.15,3.4,resolved
TKT0009579,CUS000364,2024-03-17,2024-03-17,Integration,Low,8.41,5.0,resolved
TKT0009580,CUS004184,2024-07-28,2024-07-28,Integration,Medium,14.05,5.0,resolved
TKT0009581,CUS001188,2024-10-18,2024-10-18,Billing,Critical,13.03,4.5,resolved
TKT0009582,CUS001342,2023-12-16,2023-12-16,Performance,Low,4.66,3.7,resolved
TKT0009583,CUS001290,2024-02-23,2024-02-23,Integration,Medium,7.43,4.6,resolved
TKT0009584,CUS001749,2024-06-08,2024-06-08,Billing,Medium,9.49,3.6,resolved
TKT0009585,CUS001626,2023-03-18,2023-03-18,Billing,High,7.02,5.0,resolved
TKT0009586,CUS001286,2023-12-07,2023-12-07,Account,High,14.05,5.0,resolved
TKT0009587,CUS000647,2024-03-30,2024-03-30,Billing,Medium,6.31,5.0,resolved
TKT0009588,CUS003878,2024-04-08,2024-04-08,Billing,Medium,11.84,3.5,resolved
TKT0009589,CUS004712,2024-03-15,2024-03-15,Billing,Medium,18.14,4.8,resolved
TKT0009590,CUS000765,2023-08-20,2023-08-20,Technical,Low,10.22,4.7,resolved
TKT0009591,CUS002898,2023-08-20,2023-08-20,Integration,Medium,16.09,,resolved
TKT0009592,CUS002210,2024-11-22,2024-11-22,Technical,Low,14.62,4.6,resolved
TKT0009593,CUS002259,2024-03-26,2024-03-27,Performance,High,30.73,2.0,resolved
TKT0009594,CUS003779,2023-01-07,2023-01-07,Account,Low,7.72,4.8,resolved
TKT0009595,CUS003772,2024-07-14,2024-07-14,Integration,Medium,7.76,,resolved
TKT0009596,CUS000313,2024-02-17,2024-02-17,Performance,High,3.75,4.5,resolved
TKT0009597,CUS004460,2024-08-15,2024-08-15,Billing,Medium,11.71,3.9,resolved
TKT0009598,CUS000068,2023-07-25,2023-07-26,Performance,Medium,32.87,3.0,resolved
TKT0009599,CUS002204,2024-07-26,2024-07-26,Account,Medium,15.41,4.1,resolved
TKT0009600,CUS000471,2023-06-17,2023-06-17,Integration,Medium,9.23,4.9,resolved
TKT0009601,CUS003331,2024-01-04,2024-01-05,Account,Low,39.47,2.8,resolved
TKT0009602,CUS002090,2024-10-03,2024-10-03,Integration,Medium,4.65,3.0,resolved
TKT0009603,CUS000706,2024-07-10,2024-07-10,Technical,Low,19.11,3.7,resolved
TKT0009604,CUS001696,2024-06-13,2024-06-13,Billing,Medium,7.38,4.7,resolved
TKT0009605,CUS001303,2023-02-10,2023-02-11,Account,Medium,30.9,3.4,resolved
TKT0009606,CUS003272,2023-09-21,2023-09-21,Integration,High,8.13,5.0,resolved
TKT0009607,CUS003350,2024-06-17,2024-06-17,Account,High,20.36,3.4,resolved
TKT0009608,CUS002759,2024-08-14,2024-08-14,Performance,High,9.23,3.7,resolved
TKT0009609,CUS003893,2023-07-05,2023-07-07,Account,Low,50.01,3.0,resolved
TKT0009610,CUS000107,2024-10-20,2024-10-20,Technical,Medium,12.04,,resolved
TKT0009611,CUS003281,2023-03-04,2023-03-04,Performance,Medium,10.49,5.0,resolved
TKT0009612,CUS003268,2023-12-28,2023-12-28,Billing,Low,21.28,2.5,resolved
TKT0009613,CUS002324,2023-12-14,2023-12-14,Performance,Medium,16.1,3.8,resolved
TKT0009614,CUS004184,2023-05-19,2023-05-20,Integration,Low,46.78,2.9,resolved
TKT0009615,CUS000367,2023-05-15,2023-05-16,Performance,Low,26.12,3.3,resolved
TKT0009616,CUS003804,2023-11-26,2023-11-26,Billing,High,3.06,5.0,resolved
TKT0009617,CUS001577,2024-12-16,2024-12-16,Account,Low,8.87,4.0,resolved
TKT0009618,CUS000153,2024-04-22,2024-04-22,Billing,Medium,7.1,5.0,resolved
TKT0009619,CUS000114,2023-05-17,2023-05-18,Performance,High,27.73,3.4,resolved
TKT0009620,CUS001225,2024-04-09,2024-04-09,Technical,High,12.07,4.8,resolved
TKT0009621,CUS002947,2024-11-13,2024-11-15,Performance,Medium,59.8,1.3,resolved
TKT0009622,CUS003090,2023-08-29,2023-08-29,Account,High,6.2,4.6,resolved
TKT0009623,CUS000574,2024-09-05,2024-09-05,Technical,Medium,4.19,5.0,resolved
TKT0009624,CUS001455,2024-02-24,2024-02-24,Account,Medium,11.74,4.1,resolved
TKT0009625,CUS000519,2024-09-10,2024-09-10,Technical,Medium,16.75,4.2,resolved
TKT0009626,CUS004175,2023-12-19,2023-12-19,Billing,Medium,5.66,5.0,resolved
TKT0009627,CUS004261,2023-11-18,2023-11-18,Integration,Medium,23.01,3.3,resolved
TKT0009628,CUS001022,2023-02-18,2023-02-18,Billing,Medium,7.09,5.0,resolved
TKT0009629,CUS004492,2023-07-13,2023-07-13,Integration,Medium,8.44,4.5,resolved
TKT0009630,CUS000413,2023-05-10,2023-05-10,Account,High,11.26,3.5,resolved
TKT0009631,CUS002702,2023-12-18,2023-12-18,Integration,Critical,7.35,5.0,resolved
TKT0009632,CUS003582,2024-01-26,2024-01-27,Account,High,35.33,4.8,resolved
TKT0009633,CUS002010,2024-11-28,2024-11-28,Account,Critical,4.67,5.0,resolved
TKT0009634,CUS000481,2023-06-18,2023-06-18,Account,Medium,4.16,,resolved
TKT0009635,CUS003823,2023-08-09,2023-08-09,Integration,Medium,6.66,4.4,resolved
TKT0009636,CUS003932,2024-01-01,2024-01-01,Performance,Low,5.12,5.0,resolved
TKT0009637,CUS001645,2023-04-08,2023-04-08,Billing,Low,3.9,,resolved
TKT0009638,CUS000105,2023-11-28,2023-11-28,Technical,High,12.27,3.7,resolved
TKT0009639,CUS004606,2024-07-10,2024-07-10,Integration,Low,8.32,,resolved
TKT0009640,CUS000407,2023-09-02,2023-09-02,Billing,Low,9.61,3.6,resolved
TKT0009641,CUS001314,2023-12-16,2023-12-16,Performance,Low,7.7,4.2,resolved
TKT0009642,CUS002190,2024-11-19,2024-11-20,Account,Critical,24.47,3.6,resolved
TKT0009643,CUS002244,2023-06-27,2023-06-27,Performance,Medium,4.79,4.6,resolved
TKT0009644,CUS002622,2024-10-29,2024-10-29,Performance,Low,13.71,4.3,resolved
TKT0009645,CUS001052,2023-02-03,2023-02-03,Performance,High,10.07,3.9,resolved
TKT0009646,CUS001950,2024-03-14,2024-03-14,Performance,Low,11.32,4.6,resolved
TKT0009647,CUS004659,2024-08-12,2024-08-12,Account,Critical,16.21,,resolved
TKT0009648,CUS004429,2023-03-24,2023-03-24,Performance,Medium,13.43,4.0,resolved
TKT0009649,CUS000457,2023-07-08,2023-07-08,Billing,Low,6.72,4.8,resolved
TKT0009650,CUS003905,2024-02-19,2024-02-19,Account,Medium,11.64,4.1,resolved
TKT0009651,CUS002766,2023-01-10,2023-01-10,Account,Medium,17.51,5.0,resolved
TKT0009652,CUS000163,2023-10-21,2023-10-21,Integration,Low,17.33,3.9,resolved
TKT0009653,CUS003936,2024-12-19,2024-12-19,Billing,Medium,22.59,3.8,resolved
TKT0009654,CUS000784,2023-11-28,2023-11-29,Billing,Medium,47.92,3.5,resolved
TKT0009655,CUS001217,2024-09-13,2024-09-13,Account,Low,20.85,3.5,resolved
TKT0009656,CUS000375,2023-02-09,2023-02-09,Integration,High,9.12,5.0,resolved
TKT0009657,CUS003828,2024-03-30,2024-03-31,Performance,Low,41.24,2.6,resolved
TKT0009658,CUS003528,2024-12-14,2024-12-14,Performance,Medium,11.88,5.0,resolved
TKT0009659,CUS004172,2024-03-07,2024-03-08,Account,Medium,33.53,3.0,resolved
TKT0009660,CUS002543,2023-09-15,2023-09-15,Performance,High,10.06,3.8,resolved
TKT0009661,CUS002165,2023-06-03,2023-06-03,Account,High,13.29,5.0,resolved
TKT0009662,CUS002768,2023-03-30,2023-03-30,Account,Low,3.51,5.0,resolved
TKT0009663,CUS000035,2023-11-06,2023-11-06,Account,Low,11.93,4.9,resolved
TKT0009664,CUS003884,2024-04-28,2024-04-28,Performance,Medium,15.18,,resolved
TKT0009665,CUS004138,2024-03-30,2024-03-31,Technical,High,25.17,2.9,resolved
TKT0009666,CUS000292,2024-11-16,2024-11-16,Integration,Medium,5.98,5.0,resolved
TKT0009667,CUS004551,2023-08-08,2023-08-08,Integration,Medium,8.31,5.0,resolved
TKT0009668,CUS002068,2024-01-08,2024-01-08,Integration,High,6.4,5.0,resolved
TKT0009669,CUS001179,2024-05-13,2024-05-13,Account,Low,10.2,4.4,resolved
TKT0009670,CUS000193,2024-04-27,2024-04-27,Technical,Medium,4.56,4.6,resolved
TKT0009671,CUS004903,2024-04-13,2024-04-13,Integration,Low,10.98,4.7,resolved
TKT0009672,CUS003323,2024-03-26,2024-03-26,Technical,High,10.99,3.9,resolved
TKT0009673,CUS003091,2024-10-20,2024-10-20,Billing,Low,7.85,4.9,resolved
TKT0009674,CUS000743,2023-08-31,2023-09-01,Technical,Low,29.82,4.2,resolved
TKT0009675,CUS004011,2023-03-08,2023-03-08,Account,High,13.74,4.7,resolved
TKT0009676,CUS002964,2024-12-07,2024-12-07,Integration,Medium,10.01,4.7,resolved
TKT0009677,CUS001789,2023-01-31,2023-01-31,Integration,Critical,3.63,4.3,resolved
TKT0009678,CUS003135,2024-12-29,2024-12-29,Integration,High,9.27,4.9,resolved
TKT0009679,CUS000700,2023-01-01,2023-01-01,Account,Medium,17.62,3.6,resolved
TKT0009680,CUS002133,2024-07-24,2024-07-24,Performance,Medium,11.91,5.0,resolved
TKT0009681,CUS000792,2024-12-17,2024-12-17,Performance,Medium,9.74,5.0,resolved
TKT0009682,CUS000578,2023-09-13,2023-09-13,Performance,Low,7.46,3.8,resolved
TKT0009683,CUS004968,2024-03-19,2024-03-19,Account,High,15.99,3.7,resolved
TKT0009684,CUS001432,2024-12-19,2024-12-19,Performance,High,8.2,4.6,resolved
TKT0009685,CUS000055,2024-07-05,2024-07-05,Integration,Medium,7.25,4.3,resolved
TKT0009686,CUS001093,2024-08-01,2024-08-01,Integration,High,13.62,4.0,resolved
TKT0009687,CUS001842,2024-04-18,2024-04-18,Technical,High,14.06,4.9,resolved
TKT0009688,CUS000066,2023-09-03,2023-09-03,Performance,High,5.18,5.0,resolved
TKT0009689,CUS003145,2023-06-18,2023-06-18,Account,Medium,9.91,5.0,resolved
TKT0009690,CUS002621,2023-03-02,2023-03-02,Technical,Medium,3.64,5.0,resolved
TKT0009691,CUS001711,2024-05-02,2024-05-02,Billing,Medium,21.56,5.0,resolved
TKT0009692,CUS004442,2023-07-08,2023-07-08,Account,Low,17.55,4.0,resolved
TKT0009693,CUS001213,2024-04-26,2024-04-26,Technical,Medium,7.15,5.0,resolved
TKT0009694,CUS000459,2024-06-15,2024-06-17,Performance,Low,68.87,1.0,resolved
TKT0009695,CUS000524,2024-10-27,2024-10-27,Integration,Low,15.67,3.4,resolved
TKT0009696,CUS003956,2024-09-06,2024-09-06,Technical,Medium,17.28,4.6,resolved
TKT0009697,CUS001712,2023-09-17,2023-09-17,Performance,High,3.64,5.0,resolved
TKT0009698,CUS004515,2023-02-08,2023-02-08,Account,Medium,8.69,4.7,resolved
TKT0009699,CUS000404,2024-04-07,2024-04-08,Performance,Critical,25.25,3.7,resolved
TKT0009700,CUS002715,2024-06-15,2024-06-15,Account,High,12.1,3.1,resolved
TKT0009701,CUS001462,2023-10-14,2023-10-14,Billing,Medium,3.41,4.3,resolved
TKT0009702,CUS004701,2024-05-06,2024-05-06,Billing,Medium,19.15,4.1,resolved
TKT0009703,CUS002395,2023-05-08,2023-05-09,Technical,Medium,29.76,4.4,resolved
TKT0009704,CUS001365,2023-05-06,2023-05-06,Performance,Medium,23.69,4.0,resolved
TKT0009705,CUS000156,2024-07-15,2024-07-15,Account,Low,3.16,4.9,resolved
TKT0009706,CUS002456,2023-04-23,2023-04-23,Technical,Critical,8.99,4.6,resolved
TKT0009707,CUS000784,2023-12-07,2023-12-07,Performance,Medium,12.86,4.0,resolved
TKT0009708,CUS000371,2023-07-13,2023-07-13,Performance,Medium,5.5,,resolved
TKT0009709,CUS000761,2023-10-24,2023-10-24,Account,Low,18.67,4.0,resolved
TKT0009710,CUS002624,2023-02-17,2023-02-17,Billing,Medium,12.38,5.0,resolved
TKT0009711,CUS001231,2023-12-03,2023-12-03,Integration,Medium,14.13,4.2,resolved
TKT0009712,CUS002124,2024-10-29,2024-10-30,Account,Medium,28.27,3.5,resolved
TKT0009713,CUS002627,2024-10-27,2024-10-27,Integration,Medium,2.96,4.9,resolved
TKT0009714,CUS000240,2023-11-29,2023-11-29,Account,Medium,13.36,4.6,resolved
TKT0009715,CUS002798,2024-03-18,2024-03-18,Account,Medium,7.48,3.8,resolved
TKT0009716,CUS002263,2023-03-11,2023-03-11,Performance,Medium,10.96,4.6,resolved
TKT0009717,CUS002795,2023-06-13,2023-06-13,Integration,Medium,13.44,4.0,resolved
TKT0009718,CUS003494,2024-03-01,2024-03-01,Performance,Medium,23.25,3.8,resolved
TKT0009719,CUS003553,2023-11-08,2023-11-08,Performance,High,8.57,4.4,resolved
TKT0009720,CUS003477,2023-08-10,2023-08-10,Billing,Low,11.35,3.4,resolved
TKT0009721,CUS000375,2023-03-15,2023-03-15,Technical,Low,2.54,4.8,resolved
TKT0009722,CUS004526,2023-08-21,2023-08-22,Integration,Medium,34.56,3.8,resolved
TKT0009723,CUS004046,2023-08-19,2023-08-19,Billing,Medium,14.84,4.2,resolved
TKT0009724,CUS004392,2023-05-26,2023-05-26,Account,Medium,11.37,4.2,resolved
TKT0009725,CUS000862,2023-09-09,2023-09-09,Account,Low,18.8,2.7,resolved
TKT0009726,CUS002948,2023-12-06,2023-12-06,Technical,High,6.85,4.5,resolved
TKT0009727,CUS004659,2023-04-14,2023-04-14,Account,Medium,12.8,4.6,resolved
TKT0009728,CUS004660,2023-01-31,2023-01-31,Account,High,6.56,5.0,resolved
TKT0009729,CUS001865,2024-09-30,2024-09-30,Account,Medium,9.83,2.6,resolved
TKT0009730,CUS004261,2024-02-15,2024-02-15,Billing,High,11.58,5.0,resolved
TKT0009731,CUS002325,2024-04-01,2024-04-02,Billing,Medium,24.94,4.2,resolved
TKT0009732,CUS000413,2023-06-13,2023-06-13,Performance,Medium,7.77,4.6,resolved
TKT0009733,CUS004867,2023-01-12,2023-01-12,Integration,Low,11.27,,resolved
TKT0009734,CUS001550,2024-09-03,2024-09-03,Billing,Low,9.3,5.0,resolved
TKT0009735,CUS001445,2023-03-15,2023-03-15,Integration,Low,9.23,4.7,resolved
TKT0009736,CUS004499,2024-08-22,2024-08-22,Technical,Medium,8.7,3.7,resolved
TKT0009737,CUS003720,2024-12-14,2024-12-15,Billing,Medium,27.65,4.2,resolved
TKT0009738,CUS001832,2023-03-01,2023-03-01,Integration,High,9.81,4.8,resolved
TKT0009739,CUS003990,2023-03-14,2023-03-14,Performance,Medium,18.25,5.0,resolved
TKT0009740,CUS000096,2023-01-03,2023-01-03,Performance,Medium,16.71,4.5,resolved
TKT0009741,CUS002920,2024-05-17,2024-05-19,Performance,High,65.41,2.7,resolved
TKT0009742,CUS001358,2023-07-05,2023-07-05,Performance,Low,23.3,4.9,resolved
TKT0009743,CUS002785,2024-07-07,2024-07-07,Account,High,17.21,3.9,resolved
TKT0009744,CUS001657,2024-01-11,2024-01-11,Performance,Medium,16.35,5.0,resolved
TKT0009745,CUS003598,2024-10-09,2024-10-09,Integration,Medium,15.49,,resolved
TKT0009746,CUS003183,2024-12-15,2024-12-15,Technical,Low,7.76,3.7,resolved
TKT0009747,CUS003592,2024-09-27,2024-09-27,Integration,Medium,12.22,4.2,resolved
TKT0009748,CUS003547,2023-08-30,2023-08-31,Billing,Low,44.79,3.7,resolved
TKT0009749,CUS003743,2024-05-03,2024-05-03,Technical,Medium,13.72,4.7,resolved
TKT0009750,CUS004918,2023-10-15,2023-10-15,Technical,Medium,7.23,4.9,resolved
TKT0009751,CUS002229,2024-04-30,2024-04-30,Integration,Low,4.23,5.0,resolved
TKT0009752,CUS003782,2024-09-17,2024-09-17,Billing,High,7.78,4.1,resolved
TKT0009753,CUS001110,2023-12-18,2023-12-18,Billing,Low,5.12,4.6,resolved
TKT0009754,CUS004811,2024-06-12,2024-06-12,Integration,Low,13.16,4.6,resolved
TKT0009755,CUS004250,2023-02-13,2023-02-13,Technical,Low,4.49,5.0,resolved
TKT0009756,CUS000487,2024-06-13,2024-06-13,Performance,High,4.13,4.9,resolved
TKT0009757,CUS004000,2024-03-16,2024-03-16,Technical,Medium,19.5,3.0,resolved
TKT0009758,CUS002938,2024-07-14,2024-07-14,Performance,Critical,4.08,4.4,resolved
TKT0009759,CUS002016,2023-10-05,2023-10-05,Billing,High,11.85,4.3,resolved
TKT0009760,CUS000559,2024-09-17,2024-09-18,Integration,High,28.15,2.8,resolved
TKT0009761,CUS003125,2023-12-28,2023-12-28,Billing,Low,13.43,3.7,resolved
TKT0009762,CUS002627,2023-10-06,2023-10-06,Billing,Medium,16.2,4.5,resolved
TKT0009763,CUS004171,2024-04-20,2024-04-20,Billing,Medium,15.16,3.3,resolved
TKT0009764,CUS001991,2023-06-14,2023-06-14,Technical,High,3.18,,resolved
TKT0009765,CUS002613,2024-03-31,2024-03-31,Account,Low,2.66,4.6,resolved
TKT0009766,CUS002165,2024-04-13,2024-04-13,Integration,Medium,13.76,5.0,resolved
TKT0009767,CUS000399,2024-07-15,2024-07-15,Account,High,15.96,5.0,resolved
TKT0009768,CUS002323,2023-05-10,2023-05-10,Integration,Low,13.96,3.3,resolved
TKT0009769,CUS004787,2024-05-15,2024-05-15,Billing,High,12.6,4.1,resolved
TKT0009770,CUS000083,2023-07-30,2023-07-30,Account,Low,11.29,5.0,resolved
TKT0009771,CUS003673,2024-09-11,2024-09-11,Integration,Medium,13.38,5.0,resolved
TKT0009772,CUS002126,2023-08-13,2023-08-13,Billing,High,18.12,3.6,resolved
TKT0009773,CUS000893,2024-12-19,2024-12-19,Performance,Medium,12.79,,resolved
TKT0009774,CUS003410,2023-04-08,2023-04-08,Billing,High,6.34,4.2,resolved
TKT0009775,CUS001855,2023-10-05,2023-10-05,Technical,Low,4.49,5.0,resolved
TKT0009776,CUS004954,2024-04-09,2024-04-09,Account,Low,4.63,4.6,resolved
TKT0009777,CUS002596,2024-01-07,2024-01-07,Account,Medium,8.01,4.6,resolved
TKT0009778,CUS002078,2023-05-17,2023-05-17,Account,High,11.67,3.6,resolved
TKT0009779,CUS004816,2023-01-16,2023-01-17,Technical,Medium,24.93,4.3,resolved
TKT0009780,CUS001430,2024-10-07,2024-10-07,Performance,Low,7.23,5.0,resolved
TKT0009781,CUS004852,2023-07-06,2023-07-06,Account,High,8.16,4.9,resolved
TKT0009782,CUS003870,2023-08-31,2023-08-31,Billing,High,12.32,4.2,resolved
TKT0009783,CUS002748,2024-01-14,2024-01-14,Technical,High,7.49,4.4,resolved
TKT0009784,CUS001864,2023-06-02,2023-06-02,Technical,Critical,22.47,4.3,resolved
TKT0009785,CUS000342,2023-09-29,2023-09-29,Billing,High,16.38,3.8,resolved
TKT0009786,CUS004708,2024-07-07,2024-07-07,Account,Medium,14.92,4.9,resolved
TKT0009787,CUS003194,2023-11-16,2023-11-16,Billing,Medium,7.27,5.0,resolved
TKT0009788,CUS002635,2024-12-10,2024-12-10,Integration,Medium,11.84,4.2,resolved
TKT0009789,CUS003270,2024-01-13,2024-01-13,Account,High,19.59,4.1,resolved
TKT0009790,CUS004440,2024-07-16,2024-07-16,Performance,Critical,14.95,,resolved
TKT0009791,CUS001493,2024-08-27,2024-08-27,Performance,High,2.64,4.9,resolved
TKT0009792,CUS002602,2024-06-04,2024-06-06,Performance,Medium,63.26,1.6,resolved
TKT0009793,CUS004087,2023-02-02,2023-02-02,Integration,Medium,8.62,4.9,resolved
TKT0009794,CUS004422,2023-09-25,2023-09-25,Performance,High,20.95,4.5,resolved
TKT0009795,CUS003556,2024-04-01,2024-04-03,Performance,Low,48.03,2.7,resolved
TKT0009796,CUS002954,2024-08-25,2024-08-25,Technical,Medium,9.67,5.0,resolved
TKT0009797,CUS001952,2024-02-27,2024-02-27,Performance,High,21.84,4.0,resolved
TKT0009798,CUS001218,2024-09-05,2024-09-05,Integration,Medium,9.45,4.0,resolved
TKT0009799,CUS003223,2023-09-19,2023-09-19,Billing,High,8.58,5.0,resolved
TKT0009800,CUS003569,2024-06-25,2024-06-29,Performance,Low,103.07,1.0,resolved
TKT0009801,CUS002425,2024-07-06,2024-07-06,Technical,Low,3.82,4.4,resolved
TKT0009802,CUS004726,2023-04-07,2023-04-07,Technical,High,11.58,,resolved
TKT0009803,CUS000791,2024-12-25,2024-12-25,Billing,High,13.27,3.7,resolved
TKT0009804,CUS002599,2024-07-15,2024-07-15,Billing,High,15.31,4.1,resolved
TKT0009805,CUS003368,2024-04-29,2024-05-02,Performance,Low,75.53,1.0,resolved
TKT0009806,CUS004708,2023-12-12,2023-12-12,Billing,High,11.42,4.2,resolved
TKT0009807,CUS001319,2024-05-05,2024-05-05,Integration,High,11.36,3.6,resolved
TKT0009808,CUS001223,2024-10-12,2024-10-12,Technical,Medium,12.22,4.8,resolved
TKT0009809,CUS002430,2023-06-21,2023-06-21,Integration,High,10.15,,resolved
TKT0009810,CUS003514,2024-12-17,2024-12-17,Billing,High,21.71,3.2,resolved
TKT0009811,CUS001578,2024-09-30,2024-09-30,Performance,Low,16.22,3.4,resolved
TKT0009812,CUS002554,2023-07-15,2023-07-15,Performance,Critical,9.23,4.3,resolved
TKT0009813,CUS000645,2023-03-24,2023-03-24,Account,High,7.86,4.5,resolved
TKT0009814,CUS004653,2023-10-22,2023-10-22,Integration,Medium,13.48,4.9,resolved
TKT0009815,CUS000989,2024-07-25,2024-07-25,Performance,Medium,12.45,3.5,resolved
TKT0009816,CUS001268,2024-06-03,2024-06-03,Technical,Medium,6.45,5.0,resolved
TKT0009817,CUS002130,2024-10-15,2024-10-15,Account,Critical,4.38,,resolved
TKT0009818,CUS000698,2024-03-20,2024-03-20,Performance,Low,14.05,4.0,resolved
TKT0009819,CUS004775,2024-06-11,2024-06-11,Performance,Medium,5.71,4.0,resolved
TKT0009820,CUS003276,2024-11-05,2024-11-05,Account,Medium,4.44,4.7,resolved
TKT0009821,CUS003304,2023-08-19,2023-08-19,Performance,Low,12.77,3.6,resolved
TKT0009822,CUS001006,2024-03-25,2024-03-25,Technical,Medium,4.95,4.9,resolved
TKT0009823,CUS001707,2024-01-20,2024-01-20,Technical,High,8.83,5.0,resolved
TKT0009824,CUS000970,2024-06-04,2024-06-04,Performance,Medium,16.59,5.0,resolved
TKT0009825,CUS000397,2024-09-25,2024-09-25,Account,High,5.1,4.8,resolved
TKT0009826,CUS002156,2023-04-30,2023-04-30,Account,Low,23.87,4.0,resolved
TKT0009827,CUS002309,2023-02-24,2023-02-25,Billing,Medium,28.35,3.7,resolved
TKT0009828,CUS003378,2023-05-30,2023-05-30,Performance,High,9.15,5.0,resolved
TKT0009829,CUS002225,2023-07-01,2023-07-02,Integration,Low,26.65,3.7,resolved
TKT0009830,CUS004943,2023-03-19,2023-03-19,Account,Medium,10.61,4.0,resolved
TKT0009831,CUS002448,2023-06-04,2023-06-04,Account,Low,12.65,4.3,resolved
TKT0009832,CUS002261,2024-12-27,2024-12-27,Technical,Low,5.42,4.0,resolved
TKT0009833,CUS001339,2024-04-09,2024-04-09,Integration,Medium,6.28,5.0,resolved
TKT0009834,CUS003082,2023-12-04,2023-12-05,Technical,High,42.12,3.1,resolved
TKT0009835,CUS004055,2023-03-20,2023-03-22,Billing,Critical,49.76,3.1,resolved
TKT0009836,CUS004835,2024-04-12,2024-04-12,Billing,High,18.64,3.7,resolved
TKT0009837,CUS000724,2023-07-16,2023-07-16,Billing,Low,7.7,5.0,resolved
TKT0009838,CUS000131,2024-06-27,2024-06-27,Technical,High,9.01,4.6,resolved
TKT0009839,CUS004891,2024-09-12,2024-09-12,Billing,Medium,3.36,,resolved
TKT0009840,CUS002093,2023-08-26,2023-08-26,Billing,Medium,19.34,3.3,resolved
TKT0009841,CUS003370,2024-03-28,2024-03-28,Account,Medium,3.47,5.0,resolved
TKT0009842,CUS004747,2024-10-23,2024-10-23,Account,Low,8.29,5.0,resolved
TKT0009843,CUS000116,2024-01-22,2024-01-22,Integration,Medium,14.05,5.0,resolved
TKT0009844,CUS000863,2023-05-26,2023-05-26,Integration,Medium,9.51,5.0,resolved
TKT0009845,CUS003961,2023-03-15,2023-03-15,Integration,Medium,9.77,5.0,resolved
TKT0009846,CUS003411,2023-07-16,2023-07-16,Account,Medium,7.71,4.3,resolved
TKT0009847,CUS002250,2023-04-27,2023-04-27,Account,Medium,13.92,4.8,resolved
TKT0009848,CUS004795,2023-12-16,2023-12-16,Performance,Low,10.27,3.8,resolved
TKT0009849,CUS003298,2023-03-23,2023-03-23,Performance,Medium,6.75,4.8,resolved
TKT0009850,CUS000142,2023-02-04,2023-02-04,Performance,High,4.41,4.5,resolved
TKT0009851,CUS000512,2023-05-22,2023-05-24,Billing,Low,56.87,2.6,resolved
TKT0009852,CUS004422,2023-03-31,2023-03-31,Billing,Medium,11.4,3.2,resolved
TKT0009853,CUS004792,2023-06-21,2023-06-21,Billing,Medium,5.91,4.2,resolved
TKT0009854,CUS001227,2024-05-26,2024-05-26,Billing,Low,21.57,4.9,resolved
TKT0009855,CUS001124,2023-11-12,2023-11-12,Account,Medium,9.45,5.0,resolved
TKT0009856,CUS000213,2023-06-03,2023-06-03,Performance,Low,18.66,4.2,resolved
TKT0009857,CUS000583,2023-08-31,2023-08-31,Account,Low,10.35,4.9,resolved
TKT0009858,CUS001209,2023-10-12,2023-10-12,Account,Medium,12.09,4.7,resolved
TKT0009859,CUS004553,2023-01-23,2023-01-23,Integration,Medium,13.99,5.0,resolved
TKT0009860,CUS000681,2024-07-28,2024-07-28,Account,Low,10.09,4.8,resolved
TKT0009861,CUS000382,2024-08-25,2024-08-25,Billing,Medium,5.55,5.0,resolved
TKT0009862,CUS004898,2024-08-16,2024-08-16,Integration,High,7.84,4.4,resolved
TKT0009863,CUS000550,2024-08-26,2024-08-26,Billing,Critical,4.48,5.0,resolved
TKT0009864,CUS000860,2024-09-30,2024-09-30,Technical,High,15.67,3.4,resolved
TKT0009865,CUS002647,2023-09-29,2023-09-29,Integration,Medium,6.53,,resolved
TKT0009866,CUS001363,2024-07-25,2024-07-25,Billing,Medium,7.95,5.0,resolved
TKT0009867,CUS002088,2024-10-19,2024-10-19,Performance,Low,15.4,4.5,resolved
TKT0009868,CUS002093,2024-01-02,2024-01-02,Performance,Medium,16.96,5.0,resolved
TKT0009869,CUS002890,2024-12-08,2024-12-08,Integration,Low,21.0,4.9,resolved
TKT0009870,CUS000095,2024-11-14,2024-11-14,Account,High,4.6,5.0,resolved
TKT0009871,CUS004050,2023-10-05,2023-10-05,Integration,High,8.34,4.0,resolved
TKT0009872,CUS001789,2023-01-08,2023-01-08,Integration,High,7.2,5.0,resolved
TKT0009873,CUS004980,2024-05-07,2024-05-07,Account,Medium,16.9,4.6,resolved
TKT0009874,CUS004271,2024-06-18,2024-06-18,Billing,Medium,11.69,5.0,resolved
TKT0009875,CUS000087,2024-09-20,2024-09-21,Billing,Low,46.91,2.4,resolved
TKT0009876,CUS004188,2023-10-28,2023-10-30,Technical,Low,49.5,2.5,resolved
TKT0009877,CUS001008,2024-07-28,2024-07-28,Integration,Low,16.03,3.8,resolved
TKT0009878,CUS000001,2023-03-26,2023-03-26,Performance,Low,12.47,5.0,resolved
TKT0009879,CUS000222,2023-06-21,2023-06-21,Integration,Medium,4.4,5.0,resolved
TKT0009880,CUS004290,2024-09-04,2024-09-04,Performance,Low,15.02,5.0,resolved
TKT0009881,CUS001766,2024-02-11,2024-02-12,Billing,Medium,39.02,2.3,resolved
TKT0009882,CUS001658,2023-04-12,2023-04-12,Performance,Medium,23.51,4.0,resolved
TKT0009883,CUS004012,2023-11-09,2023-11-09,Technical,High,12.3,4.5,resolved
TKT0009884,CUS004961,2023-06-06,2023-06-06,Integration,Medium,8.78,3.6,resolved
TKT0009885,CUS004493,2023-07-28,2023-07-29,Performance,Low,31.73,3.9,resolved
TKT0009886,CUS004816,2023-06-29,2023-06-29,Account,Low,5.21,5.0,resolved
TKT0009887,CUS000442,2024-04-05,2024-04-05,Performance,High,12.34,4.0,resolved
TKT0009888,CUS002050,2024-06-09,2024-06-09,Billing,Low,6.96,4.8,resolved
TKT0009889,CUS001218,2023-01-06,2023-01-06,Performance,High,7.84,4.2,resolved
TKT0009890,CUS003096,2023-05-30,2023-05-30,Billing,Medium,13.46,5.0,resolved
TKT0009891,CUS004845,2023-04-30,2023-04-30,Billing,Medium,15.1,3.2,resolved
TKT0009892,CUS004833,2023-04-08,2023-04-08,Account,Medium,7.77,3.4,resolved
TKT0009893,CUS003324,2023-03-16,2023-03-16,Account,High,17.99,4.7,resolved
TKT0009894,CUS003873,2024-04-07,2024-04-07,Billing,Medium,16.51,4.6,resolved
TKT0009895,CUS004362,2024-12-27,2024-12-27,Billing,Medium,16.94,4.6,resolved
TKT0009896,CUS002216,2024-01-06,2024-01-06,Performance,Medium,11.99,4.7,resolved
TKT0009897,CUS002778,2023-04-24,2023-04-25,Integration,Medium,26.55,4.3,resolved
TKT0009898,CUS004372,2024-09-17,2024-09-17,Performance,Low,5.65,,resolved
TKT0009899,CUS001968,2024-08-30,2024-08-30,Performance,High,11.7,4.3,resolved
TKT0009900,CUS001883,2024-11-21,2024-11-21,Performance,Medium,8.41,5.0,resolved
TKT0009901,CUS004160,2024-09-22,2024-09-22,Technical,Low,21.5,4.2,resolved
TKT0009902,CUS004360,2023-08-06,2023-08-06,Billing,Medium,20.92,3.8,resolved
TKT0009903,CUS003802,2024-01-03,2024-01-03,Integration,Low,4.68,4.8,resolved
TKT0009904,CUS002350,2024-09-26,2024-09-26,Billing,Medium,10.52,3.9,resolved
TKT0009905,CUS002072,2023-02-09,2023-02-09,Account,Low,7.47,5.0,resolved
TKT0009906,CUS000594,2023-11-14,2023-11-14,Technical,Medium,22.02,3.3,resolved
TKT0009907,CUS001615,2024-07-10,2024-07-11,Technical,Low,46.01,2.6,resolved
TKT0009908,CUS001162,2024-05-23,2024-05-23,Performance,High,18.24,4.4,resolved
TKT0009909,CUS000933,2024-03-09,2024-03-09,Billing,Low,15.22,3.1,resolved
TKT0009910,CUS003757,2024-07-11,2024-07-16,Integration,High,136.88,1.0,resolved
TKT0009911,CUS003303,2024-04-14,2024-04-14,Performance,Low,11.98,4.5,resolved
TKT0009912,CUS000341,2024-04-06,2024-04-06,Account,Low,10.31,4.1,resolved
TKT0009913,CUS000819,2024-02-13,2024-02-13,Billing,Medium,22.4,3.7,resolved
TKT0009914,CUS001807,2024-05-21,2024-05-21,Billing,Medium,18.55,4.5,resolved
TKT0009915,CUS002207,2023-09-02,2023-09-03,Performance,Medium,25.01,4.5,resolved
TKT0009916,CUS004245,2023-07-14,2023-07-15,Account,Medium,27.79,3.8,resolved
TKT0009917,CUS000193,2024-12-26,2024-12-26,Integration,Low,9.38,3.6,resolved
TKT0009918,CUS001121,2023-09-25,2023-09-25,Performance,Medium,21.84,3.6,resolved
TKT0009919,CUS004427,2024-05-20,2024-05-20,Billing,High,10.16,,resolved
TKT0009920,CUS001861,2023-10-19,2023-10-19,Integration,Medium,15.54,3.5,resolved
TKT0009921,CUS001119,2024-06-02,2024-06-02,Technical,High,14.72,3.4,resolved
TKT0009922,CUS002930,2023-07-21,2023-07-22,Technical,High,27.51,3.8,resolved
TKT0009923,CUS004806,2024-02-07,2024-02-07,Billing,Medium,7.63,4.3,resolved
TKT0009924,CUS004668,2023-11-21,2023-11-22,Performance,Medium,24.41,4.3,resolved
TKT0009925,CUS002637,2023-02-13,2023-02-13,Integration,Low,9.56,5.0,resolved
TKT0009926,CUS000525,2023-11-11,2023-11-11,Performance,Medium,17.38,2.8,resolved
TKT0009927,CUS000742,2024-03-05,2024-03-05,Billing,Low,14.89,5.0,resolved
TKT0009928,CUS001576,2023-10-19,2023-10-19,Technical,Medium,9.29,5.0,resolved
TKT0009929,CUS004298,2023-12-15,2023-12-15,Billing,High,6.01,5.0,resolved
TKT0009930,CUS003994,2024-01-07,2024-01-07,Integration,Medium,15.87,4.7,resolved
TKT0009931,CUS004885,2023-11-01,2023-11-01,Technical,Medium,4.5,4.8,resolved
TKT0009932,CUS002541,2023-10-10,2023-10-10,Technical,Low,18.92,3.3,resolved
TKT0009933,CUS002915,2023-12-07,2023-12-07,Integration,Low,7.84,4.6,resolved
TKT0009934,CUS001589,2023-04-14,2023-04-14,Technical,Low,13.4,2.6,resolved
TKT0009935,CUS002568,2024-09-15,2024-09-15,Account,High,13.27,5.0,resolved
TKT0009936,CUS003615,2024-02-18,2024-02-18,Technical,Medium,23.78,3.4,resolved
TKT0009937,CUS000196,2024-09-22,2024-09-22,Integration,High,14.66,4.5,resolved
TKT0009938,CUS004437,2023-05-12,2023-05-12,Technical,Medium,4.5,4.0,resolved
TKT0009939,CUS003076,2024-09-25,2024-09-25,Billing,Medium,10.81,5.0,resolved
TKT0009940,CUS001572,2024-12-22,2024-12-22,Account,Low,17.7,4.2,resolved
TKT0009941,CUS001618,2024-02-20,2024-02-20,Performance,Medium,8.56,5.0,resolved
TKT0009942,CUS004952,2024-04-26,2024-04-27,Integration,High,34.91,4.0,resolved
TKT0009943,CUS001495,2024-06-30,2024-06-30,Account,Low,7.46,3.6,resolved
TKT0009944,CUS002809,2023-09-09,2023-09-09,Account,High,20.9,,resolved
TKT0009945,CUS001809,2023-07-16,2023-07-16,Account,Medium,5.61,4.6,resolved
TKT0009946,CUS002782,2023-10-21,2023-10-21,Technical,Medium,13.38,3.8,resolved
TKT0009947,CUS002127,2023-04-24,2023-04-24,Account,Critical,5.46,5.0,resolved
TKT0009948,CUS002452,2023-06-18,2023-06-18,Integration,Medium,17.11,4.2,resolved
TKT0009949,CUS000399,2024-04-05,2024-04-05,Technical,Medium,5.53,5.0,resolved
TKT0009950,CUS000318,2024-01-19,2024-01-19,Integration,High,6.61,4.7,resolved
TKT0009951,CUS004263,2024-10-22,2024-10-22,Technical,Medium,14.21,4.5,resolved
TKT0009952,CUS004241,2023-08-29,2023-08-29,Billing,High,11.3,4.2,resolved
TKT0009953,CUS004893,2024-05-08,2024-05-08,Billing,Low,8.24,5.0,resolved
TKT0009954,CUS003079,2023-10-03,2023-10-03,Billing,Medium,10.51,4.8,resolved
TKT0009955,CUS001513,2024-11-07,2024-11-07,Technical,Medium,3.19,4.0,resolved
TKT0009956,CUS004374,2024-07-24,2024-07-24,Integration,Low,15.97,4.4,resolved
TKT0009957,CUS004735,2023-11-18,2023-11-18,Performance,Medium,21.08,3.9,resolved
TKT0009958,CUS001469,2024-06-16,2024-06-16,Technical,Medium,23.5,4.2,resolved
TKT0009959,CUS002090,2023-11-01,2023-11-01,Integration,Low,2.23,5.0,resolved
TKT0009960,CUS002540,2024-11-30,2024-11-30,Technical,High,10.69,4.7,resolved
TKT0009961,CUS002175,2024-10-04,2024-10-04,Integration,Medium,6.85,5.0,resolved
TKT0009962,CUS002937,2023-08-20,2023-08-20,Integration,High,7.03,5.0,resolved
TKT0009963,CUS004518,2024-02-21,2024-02-21,Technical,Medium,10.34,4.6,resolved
TKT0009964,CUS004582,2023-03-24,2023-03-24,Performance,Medium,22.02,4.1,resolved
TKT0009965,CUS000521,2023-06-23,2023-06-24,Integration,High,32.81,4.5,resolved
TKT0009966,CUS003578,2024-04-07,2024-04-07,Account,Low,22.11,4.3,resolved
TKT0009967,CUS000648,2023-01-26,2023-01-26,Billing,Low,15.94,,resolved
TKT0009968,CUS001636,2023-07-07,2023-07-08,Performance,High,28.62,2.9,resolved
TKT0009969,CUS001997,2023-07-09,2023-07-10,Integration,Medium,26.25,3.7,resolved
TKT0009970,CUS004546,2024-08-30,2024-08-30,Billing,Medium,10.97,5.0,resolved
TKT0009971,CUS001828,2023-01-04,2023-01-04,Account,High,3.32,5.0,resolved
TKT0009972,CUS003021,2024-09-04,2024-09-04,Performance,Low,6.18,3.7,resolved
TKT0009973,CUS003175,2024-12-22,2024-12-22,Billing,High,2.72,4.5,resolved
TKT0009974,CUS001814,2024-05-20,2024-05-20,Performance,Medium,7.84,,resolved
TKT0009975,CUS003488,2023-04-26,2023-04-26,Performance,Low,10.97,4.3,resolved
TKT0009976,CUS002645,2023-06-26,2023-06-26,Technical,Medium,3.63,5.0,resolved
TKT0009977,CUS001623,2023-04-28,2023-04-28,Performance,Medium,18.23,4.0,resolved
TKT0009978,CUS002297,2024-08-28,2024-08-28,Technical,Low,19.39,4.3,resolved
TKT0009979,CUS001021,2024-06-11,2024-06-11,Account,Medium,3.37,5.0,resolved
TKT0009980,CUS000164,2023-03-22,2023-03-22,Technical,Medium,19.8,3.9,resolved
TKT0009981,CUS001839,2024-11-22,2024-11-22,Performance,Medium,5.73,4.6,resolved
TKT0009982,CUS004588,2023-01-31,2023-02-01,Technical,Medium,38.15,3.3,resolved
TKT0009983,CUS001907,2023-05-02,2023-05-02,Billing,Medium,4.74,5.0,resolved
TKT0009984,CUS004428,2024-12-09,2024-12-09,Billing,High,5.84,5.0,resolved
TKT0009985,CUS000406,2023-06-10,2023-06-10,Technical,Medium,13.1,4.2,resolved
TKT0009986,CUS002370,2024-06-14,2024-06-14,Billing,Medium,11.24,4.9,resolved
TKT0009987,CUS001476,2023-09-11,2023-09-11,Technical,Medium,13.37,4.0,resolved
TKT0009988,CUS002095,2023-10-31,2023-10-31,Account,Low,3.94,4.7,resolved
TKT0009989,CUS003492,2023-12-27,2023-12-27,Account,Medium,11.0,3.9,resolved
TKT0009990,CUS001555,2023-12-11,2023-12-11,Account,Medium,7.27,4.9,resolved
TKT0009991,CUS000696,2023-02-26,2023-02-26,Billing,Medium,7.19,3.9,resolved
TKT0009992,CUS000201,2023-04-17,2023-04-18,Billing,Medium,46.29,2.6,resolved
TKT0009993,CUS001506,2023-02-01,2023-02-01,Billing,Medium,13.4,5.0,resolved
TKT0009994,CUS003581,2024-09-14,2024-09-14,Account,Low,13.97,4.8,resolved
TKT0009995,CUS002361,2023-01-03,2023-01-03,Account,Medium,11.45,4.4,resolved
TKT0009996,CUS004934,2024-08-23,2024-08-23,Technical,Low,14.18,5.0,resolved
TKT0009997,CUS001145,2024-12-29,2024-12-29,Technical,High,12.34,4.0,resolved
TKT0009998,CUS004564,2023-08-10,2023-08-10,Account,Medium,2.41,,resolved
TKT0009999,CUS004112,2024-04-21,2024-04-22,Account,Medium,30.59,3.0,resolved
TKT0010000,CUS003875,2024-04-16,2024-04-16,Integration,Medium,8.18,5.0,resolved
TKT0010001,CUS001348,2024-10-24,2024-10-24,Billing,Medium,7.41,5.0,resolved
TKT0010002,CUS001910,2023-03-16,2023-03-16,Account,Medium,10.69,5.0,resolved
TKT0010003,CUS004013,2023-04-04,2023-04-05,Billing,High,41.84,2.7,resolved
