date,metric,normal_range_lower,normal_range_upper,observed_value,local_baseline,relative_to_baseline,iqr_anomaly,strong_iqr_anomaly,isolation_forest_anomaly,candidate_anomaly,strong_anomaly,anomaly_score,status,interpretation
2023-01-01,gpu_cost,31208.60195892124,40885.402053280646,35945.58,35945.58,1.0,False,False,False,False,False,-0.34528494969086826,normal,Within the expected robust local range for gpu_cost.
2023-01-02,gpu_cost,31335.6309441987,41051.81870796852,35584.36,36091.89,0.9859378381126619,False,False,False,False,False,-0.3073026312805245,normal,Within the expected robust local range for gpu_cost.
2023-01-03,gpu_cost,31462.659929476158,41218.2353626564,36238.2,36238.2,1.0,False,False,False,False,False,-0.34528494969086826,normal,Within the expected robust local range for gpu_cost.
2023-01-04,gpu_cost,31530.424349549332,41307.011385473634,36534.5,36316.25,1.0060097063986508,False,False,False,False,False,-0.31836125275152405,normal,Within the expected robust local range for gpu_cost.
2023-01-05,gpu_cost,31462.659929476158,41218.2353626564,34070.16,36238.2,0.9401725251254203,False,False,False,False,False,-0.2587579849911802,normal,Within the expected robust local range for gpu_cost.
2023-01-06,gpu_cost,31530.424349549332,41307.011385473634,37135.04,36316.25,1.0225461053935911,False,False,False,False,False,-0.3077927561018754,normal,Within the expected robust local range for gpu_cost.
2023-01-07,gpu_cost,31598.188769622506,41395.78740829087,39407.79,36394.3,1.0828011529277937,False,False,False,False,False,-0.2453361992178415,normal,Within the expected robust local range for gpu_cost.
2023-01-08,gpu_cost,31659.05085606875,41475.520902198456,37047.32,36464.4,1.0159860027862793,False,False,False,False,False,-0.31318578079958903,normal,Within the expected robust local range for gpu_cost.
2023-01-09,gpu_cost,31719.91294251499,41555.25439610605,34833.94,36534.5,0.9534533112537465,False,False,False,False,False,-0.2830644450404012,normal,Within the expected robust local range for gpu_cost.
2023-01-10,gpu_cost,31659.05085606875,41475.520902198456,36924.03,36464.4,1.0126048968308816,False,False,False,False,False,-0.31421768518564663,normal,Within the expected robust local range for gpu_cost.
2023-01-11,gpu_cost,31719.91294251499,41555.25439610605,37639.03,36534.5,1.0302325199468996,False,False,False,False,False,-0.3045651472534903,normal,Within the expected robust local range for gpu_cost.
2023-01-12,gpu_cost,31889.011434194057,41776.7849801419,35186.5,36729.265,0.9579963007699719,False,False,False,False,False,-0.27798901742443044,normal,Within the expected robust local range for gpu_cost.
2023-01-13,gpu_cost,31719.91294251499,41555.25439610605,35065.399999999994,36534.5,0.9597886928793331,False,False,False,False,False,-0.27643424862405064,normal,Within the expected robust local range for gpu_cost.
2023-01-14,gpu_cost,31889.011434194057,41776.7849801419,35648.42,36729.265,0.9705726482683494,False,False,False,False,False,-0.28987483251877155,normal,Within the expected robust local range for gpu_cost.
2023-01-15,gpu_cost,32058.109925873126,41998.31556417774,34551.1,36924.03,0.9357348046786875,False,False,False,False,False,-0.24897471061167137,normal,Within the expected robust local range for gpu_cost.
2023-01-16,gpu_cost,32165.152531264815,42138.54869490338,37671.76,37047.32,1.0168552003221827,False,False,False,False,False,-0.3132136126082555,normal,Within the expected robust local range for gpu_cost.
2023-01-17,gpu_cost,32241.31262003892,42238.323617664784,38665.75,37135.04,1.0412200983222315,False,False,False,False,False,-0.2985444906902782,normal,Within the expected robust local range for gpu_cost.
2023-01-18,gpu_cost,32241.31262003892,42238.323617664784,36394.3,37135.04,0.9800528018819962,False,False,False,False,False,-0.3095184797700538,normal,Within the expected robust local range for gpu_cost.
2023-01-19,gpu_cost,32395.58628823625,42440.43266948276,33863.95,37312.729999999996,0.9075709550065085,False,False,False,False,False,-0.1692058764311376,normal,Within the expected robust local range for gpu_cost.
2023-01-20,gpu_cost,32395.58628823625,42440.43266948276,39354.9,37312.729999999996,1.054731186916637,False,False,False,False,False,-0.28656965588406536,normal,Within the expected robust local range for gpu_cost.
2023-01-21,gpu_cost,32395.58628823625,42440.43266948276,37754.6,37312.729999999996,1.0118423390622986,False,False,False,False,False,-0.3155339501066038,normal,Within the expected robust local range for gpu_cost.
2023-01-22,gpu_cost,32165.152531264815,42138.54869490338,37435.700000000004,37047.32,1.010483349402872,False,False,False,False,False,-0.3167822053703678,normal,Within the expected robust local range for gpu_cost.
2023-01-23,gpu_cost,32156.192520820805,42126.81046869616,37312.729999999996,37037.0,1.0074447174447174,False,False,False,False,False,-0.3200789526490635,normal,Within the expected robust local range for gpu_cost.
2023-01-24,gpu_cost,32395.58628823625,42440.43266948276,36125.41,37312.729999999996,0.9681792246238752,False,False,False,False,False,-0.2903195457990857,normal,Within the expected robust local range for gpu_cost.
2023-01-25,gpu_cost,32395.58628823625,42440.43266948276,37825.15,37312.729999999996,1.0137331146769482,False,False,False,False,False,-0.31052362873888706,normal,Within the expected robust local range for gpu_cost.
2023-01-26,gpu_cost,32156.192520820805,42126.81046869616,40280.43,37037.0,1.0875726975726976,False,False,False,False,False,-0.22898145820380755,normal,Within the expected robust local range for gpu_cost.
2023-01-27,gpu_cost,32156.192520820805,42126.81046869616,34294.380000000005,37037.0,0.9259491859491861,False,False,False,False,False,-0.21467263499325906,normal,Within the expected robust local range for gpu_cost.
2023-01-28,gpu_cost,32156.192520820805,42126.81046869616,38234.41,37037.0,1.0323301023301024,False,False,False,False,False,-0.30955965436673616,normal,Within the expected robust local range for gpu_cost.
2023-01-29,gpu_cost,32156.192520820805,42126.81046869616,40633.96,37037.0,1.097118017118017,False,False,False,False,False,-0.20347234711176887,normal,Within the expected robust local range for gpu_cost.
2023-01-30,gpu_cost,32156.192520820805,42126.81046869616,38513.74,37037.0,1.0398720198720197,False,False,False,False,False,-0.3055097603409645,normal,Within the expected robust local range for gpu_cost.
2023-01-31,gpu_cost,31898.557491832813,41789.29096823768,38752.9,36740.26,1.0547802329107088,False,False,False,False,False,-0.28663444816738515,normal,Within the expected robust local range for gpu_cost.
2023-02-01,gpu_cost,31826.68640030613,41695.134925075465,37037.0,36657.479999999996,1.0103531393865592,False,False,False,False,False,-0.31647444308264294,normal,Within the expected robust local range for gpu_cost.
2023-02-02,gpu_cost,31898.557491832813,41789.29096823768,37686.18,36740.26,1.025746143331593,False,False,False,False,False,-0.3073603885832949,normal,Within the expected robust local range for gpu_cost.
2023-02-03,gpu_cost,32156.192520820805,42126.81046869616,36740.26,37037.0,0.991988011988012,False,False,False,False,False,-0.3156223363741411,normal,Within the expected robust local range for gpu_cost.
2023-02-04,gpu_cost,32156.192520820805,42126.81046869616,36150.53,37037.0,0.9760652860652861,False,False,False,False,False,-0.2868850627670277,normal,Within the expected robust local range for gpu_cost.
2023-02-05,gpu_cost,32156.192520820805,42126.81046869616,34576.4,37037.0,0.9335637335637336,False,False,False,False,False,-0.23959874449011181,normal,Within the expected robust local range for gpu_cost.
2023-02-06,gpu_cost,31898.557491832813,41789.29096823768,36657.479999999996,36740.26,0.9977468858413086,False,False,False,False,False,-0.3324584526009728,normal,Within the expected robust local range for gpu_cost.
2023-02-07,gpu_cost,31898.557491832813,41789.29096823768,40997.97,36740.26,1.11588676835711,False,False,False,False,False,-0.17148731516652183,normal,Within the expected robust local range for gpu_cost.
2023-02-08,gpu_cost,32156.192520820805,42126.81046869616,36022.73,37037.0,0.9726146826146826,False,False,False,False,False,-0.2908450483747598,normal,Within the expected robust local range for gpu_cost.
2023-02-09,gpu_cost,32118.312166588996,42077.18461507007,34279.42,36993.369999999995,0.926636854117373,False,False,False,False,False,-0.2188185138082024,normal,Within the expected robust local range for gpu_cost.
2023-02-10,gpu_cost,32118.312166588996,42077.18461507007,36389.18,36993.369999999995,0.9836676139535275,False,False,False,False,False,-0.312786257225882,normal,Within the expected robust local range for gpu_cost.
2023-02-11,gpu_cost,32156.192520820805,42126.81046869616,35939.16,37037.0,0.9703582903582905,False,False,False,False,False,-0.29019530702891333,normal,Within the expected robust local range for gpu_cost.
2023-02-12,gpu_cost,32118.312166588996,42077.18461507007,36580.82,36993.369999999995,0.9888480016824638,False,False,False,False,False,-0.3064780117123895,normal,Within the expected robust local range for gpu_cost.
2023-02-13,gpu_cost,32118.312166588996,42077.18461507007,36255.88,36993.369999999995,0.9800642655697495,False,False,False,False,False,-0.3096450580971725,normal,Within the expected robust local range for gpu_cost.
2023-02-14,gpu_cost,32118.312166588996,42077.18461507007,35829.479999999996,36993.369999999995,0.9685378758409953,False,False,False,False,False,-0.2906224843454261,normal,Within the expected robust local range for gpu_cost.
2023-02-15,gpu_cost,32118.312166588996,42077.18461507007,36051.78,36993.369999999995,0.9745470607300715,False,False,False,False,False,-0.28601988027216935,normal,Within the expected robust local range for gpu_cost.
2023-02-16,gpu_cost,32118.312166588996,42077.18461507007,37752.55,36993.369999999995,1.0205220557089016,False,False,False,False,False,-0.30895314186532474,normal,Within the expected robust local range for gpu_cost.
2023-02-17,gpu_cost,32108.56207770467,42064.41133209458,38110.27,36982.14,1.030504724713064,False,False,False,False,False,-0.3060600487554317,normal,Within the expected robust local range for gpu_cost.
2023-02-18,gpu_cost,32118.312166588996,42077.18461507007,37589.9,36993.369999999995,1.0161253219157922,False,False,False,False,False,-0.3136237648671248,normal,Within the expected robust local range for gpu_cost.
2023-02-19,gpu_cost,32261.628922789878,42264.939363134654,41880.79,37158.44,1.1270868744758928,False,False,False,False,False,-0.12186310516951737,normal,Within the expected robust local range for gpu_cost.
2023-02-20,gpu_cost,32261.628922789878,42264.939363134654,32892.9,37158.44,0.8852066986665748,False,False,False,False,False,-0.09683395060718025,normal,Within the expected robust local range for gpu_cost.
2023-02-21,gpu_cost,32261.628922789878,42264.939363134654,37201.29,37158.44,1.0011531700469665,False,False,False,False,False,-0.33642842684866503,normal,Within the expected robust local range for gpu_cost.
2023-02-22,gpu_cost,32261.628922789878,42264.939363134654,37335.9,37158.44,1.004775765613411,False,False,False,False,False,-0.3145037714578561,normal,Within the expected robust local range for gpu_cost.
2023-02-23,gpu_cost,32291.313298475994,42303.827924571175,36993.369999999995,37192.63,0.9946424869658316,False,False,False,False,False,-0.3179833627393333,normal,Within the expected robust local range for gpu_cost.
2023-02-24,gpu_cost,32291.313298475994,42303.827924571175,39289.62,37192.63,1.0563818692036568,False,False,False,False,False,-0.27836827664751096,normal,Within the expected robust local range for gpu_cost.
2023-02-25,gpu_cost,32298.832066929983,42313.67802524507,37158.44,37201.29,0.9988481582224703,False,False,False,False,False,-0.33521882383044055,normal,Within the expected robust local range for gpu_cost.
2023-02-26,gpu_cost,32415.702900831966,42466.78680719802,34965.1,37335.9,0.9365007941418313,False,False,False,False,False,-0.24956521832383743,normal,Within the expected robust local range for gpu_cost.
2023-02-27,gpu_cost,32636.230289667143,42755.69276229829,39604.01,37589.9,1.0535811481275557,False,False,False,False,False,-0.28965215464143784,normal,Within the expected robust local range for gpu_cost.
2023-02-28,gpu_cost,32777.445958147626,42940.694941814276,39257.3,37752.55,1.039858234741759,False,False,False,False,False,-0.3055097603409645,normal,Within the expected robust local range for gpu_cost.
2023-03-01,gpu_cost,32777.445958147626,42940.694941814276,37795.28,37752.55,1.0011318440741088,False,False,False,False,False,-0.3363205549599679,normal,Within the expected robust local range for gpu_cost.
2023-03-02,gpu_cost,32814.544916119776,42989.29711292228,38190.38,37795.28,1.0104536862804032,False,False,False,False,False,-0.31681483420500334,normal,Within the expected robust local range for gpu_cost.
2023-03-03,gpu_cost,32814.544916119776,42989.29711292228,36982.14,37795.28,0.9784856733433381,False,False,False,False,False,-0.3000621399591179,normal,Within the expected robust local range for gpu_cost.
2023-03-04,gpu_cost,32814.544916119776,42989.29711292228,37883.82,37795.28,1.0023426205600277,False,False,False,False,False,-0.328961769756796,normal,Within the expected robust local range for gpu_cost.
2023-03-05,gpu_cost,32814.544916119776,42989.29711292228,40853.73,37795.28,1.080921480142494,False,False,False,False,False,-0.24127622118899605,normal,Within the expected robust local range for gpu_cost.
2023-03-06,gpu_cost,32814.544916119776,42989.29711292228,37131.17,37795.28,0.9824287582999782,False,False,False,False,False,-0.31319854406050507,normal,Within the expected robust local range for gpu_cost.
2023-03-07,gpu_cost,32814.544916119776,42989.29711292228,32992.39,37795.28,0.8729235502422524,False,False,False,False,False,-0.04114124284592391,normal,Within the expected robust local range for gpu_cost.
2023-03-08,gpu_cost,32891.41694370823,43090.00472420015,37192.63,37883.82,0.9817550078107223,False,False,False,False,False,-0.3141415294946716,normal,Within the expected robust local range for gpu_cost.
2023-03-09,gpu_cost,32891.41694370823,43090.00472420015,39302.83,37883.82,1.0374568879273527,False,False,False,False,False,-0.30769381857206984,normal,Within the expected robust local range for gpu_cost.
2023-03-10,gpu_cost,32891.41694370823,43090.00472420015,34930.9,37883.82,0.9220532670675766,False,False,False,False,False,-0.20780645098193873,normal,Within the expected robust local range for gpu_cost.
2023-03-11,gpu_cost,32814.544916119776,42989.29711292228,38414.31,37795.28,1.0163785001725083,False,False,False,False,False,-0.31183807278602094,normal,Within the expected robust local range for gpu_cost.
2023-03-12,gpu_cost,32814.544916119776,42989.29711292228,38276.34,37795.28,1.0127280443483948,False,False,False,False,False,-0.31393483844906755,normal,Within the expected robust local range for gpu_cost.
2023-03-13,gpu_cost,32891.41694370823,43090.00472420015,40303.37,37883.82,1.0638676353123842,False,False,False,False,False,-0.26669540743414016,normal,Within the expected robust local range for gpu_cost.
2023-03-14,gpu_cost,32891.41694370823,43090.00472420015,38960.71,37883.82,1.0284261196468572,False,False,False,False,False,-0.3068379799673277,normal,Within the expected robust local range for gpu_cost.
2023-03-15,gpu_cost,32814.544916119776,42989.29711292228,36018.63,37795.28,0.9529928075675057,False,False,False,False,False,-0.28139890889917957,normal,Within the expected robust local range for gpu_cost.
2023-03-16,gpu_cost,32891.41694370823,43090.00472420015,38686.96,37883.82,1.0212000796118237,False,False,False,False,False,-0.3086422365206547,normal,Within the expected robust local range for gpu_cost.
2023-03-17,gpu_cost,32452.63689737153,42515.17286755222,34088.27,37378.44,0.9119767973195242,False,False,False,False,False,-0.184522184880907,normal,Within the expected robust local range for gpu_cost.
2023-03-18,gpu_cost,32891.41694370823,43090.00472420015,38408.03,37883.82,1.0138373057416068,False,False,False,False,False,-0.30992573386967825,normal,Within the expected robust local range for gpu_cost.
2023-03-19,gpu_cost,32452.63689737153,42515.17286755222,37212.81,37378.44,0.9955688359385784,False,False,False,False,False,-0.3269123510397322,normal,Within the expected robust local range for gpu_cost.
2023-03-20,gpu_cost,32452.63689737153,42515.17286755222,38105.98,37378.44,1.0194641616932114,False,False,False,False,False,-0.3059317427756323,normal,Within the expected robust local range for gpu_cost.
2023-03-21,gpu_cost,33084.30026931305,43342.69506666109,36694.63,38105.98,0.9629625061473289,False,False,False,False,False,-0.2821629226141428,normal,Within the expected robust local range for gpu_cost.
2023-03-22,gpu_cost,33084.30026931305,43342.69506666109,38214.98,38105.98,1.0028604434264647,False,False,False,False,False,-0.3253013030860856,normal,Within the expected robust local range for gpu_cost.
2023-03-23,gpu_cost,33178.93603853759,43466.67439384978,36240.44,38214.98,0.9483307331313532,False,False,False,False,False,-0.27092060232922266,normal,Within the expected robust local range for gpu_cost.
2023-03-24,gpu_cost,33084.30026931305,43342.69506666109,35923.45,38105.98,0.9427247376920891,False,False,False,False,False,-0.2702800523047199,normal,Within the expected robust local range for gpu_cost.
2023-03-25,gpu_cost,33178.93603853759,43466.67439384978,36882.47,38214.98,0.9651312129431966,False,False,False,False,False,-0.28676773384472987,normal,Within the expected robust local range for gpu_cost.
2023-03-26,gpu_cost,33084.30026931305,43342.69506666109,35794.19,38105.98,0.9393326191847053,False,False,False,False,False,-0.25506581362057346,normal,Within the expected robust local range for gpu_cost.
2023-03-27,gpu_cost,32584.05906606436,42687.34489284169,39217.0,37529.81,1.0449559963133308,False,False,False,False,False,-0.2914945028968926,normal,Within the expected robust local range for gpu_cost.
2023-03-28,gpu_cost,32584.05906606436,42687.34489284169,39449.33,37529.81,1.0511465419089518,False,False,False,False,False,-0.29357768727032646,normal,Within the expected robust local range for gpu_cost.
2023-03-29,gpu_cost,32584.05906606436,42687.34489284169,37378.44,37529.81,0.9959666728928285,False,False,False,False,False,-0.3274227800100774,normal,Within the expected robust local range for gpu_cost.
2023-03-30,gpu_cost,33066.65807820622,43319.582590253056,42135.36,38085.659999999996,1.1063313593620276,False,False,False,False,False,-0.17366675185838798,normal,Within the expected robust local range for gpu_cost.
2023-03-31,gpu_cost,33066.65807820622,43319.582590253056,36746.31,38085.659999999996,0.9648332206925126,False,False,False,False,False,-0.2848940712255272,normal,Within the expected robust local range for gpu_cost.
2023-04-01,gpu_cost,33084.30026931305,43342.69506666109,41164.149999999994,38105.98,1.0802543327845129,False,False,False,False,False,-0.24209622173061224,normal,Within the expected robust local range for gpu_cost.
2023-04-02,gpu_cost,33066.65807820622,43319.582590253056,36725.52,38085.659999999996,0.9642873459459544,False,False,False,False,False,-0.28448715163985777,normal,Within the expected robust local range for gpu_cost.
2023-04-03,gpu_cost,33084.30026931305,43342.69506666109,41810.2,38105.98,1.0972083646713717,False,False,False,False,False,-0.20267806205571604,normal,Within the expected robust local range for gpu_cost.
2023-04-04,gpu_cost,33066.65807820622,43319.582590253056,39587.09,38085.659999999996,1.0394224492893125,False,False,False,False,False,-0.307226617831314,normal,Within the expected robust local range for gpu_cost.
2023-04-05,gpu_cost,33066.65807820622,43319.582590253056,37045.19,38085.659999999996,0.9726807937685734,False,False,False,False,False,-0.2909076662278217,normal,Within the expected robust local range for gpu_cost.
2023-04-06,gpu_cost,33066.65807820622,43319.582590253056,39443.46,38085.659999999996,1.0356512136063811,False,False,False,False,False,-0.30384713175102906,normal,Within the expected robust local range for gpu_cost.
2023-04-07,gpu_cost,33066.65807820622,43319.582590253056,36510.03,38085.659999999996,0.9586293108744867,False,False,False,False,False,-0.2779465072643048,normal,Within the expected robust local range for gpu_cost.
2023-04-08,gpu_cost,33066.65807820622,43319.582590253056,38557.58,38085.659999999996,1.0123910154110498,False,False,False,False,False,-0.31330080550853634,normal,Within the expected robust local range for gpu_cost.
2023-04-09,gpu_cost,33172.58068229241,43458.348442702794,37529.81,38207.659999999996,0.9822587931320579,False,False,False,False,False,-0.3148874358954997,normal,Within the expected robust local range for gpu_cost.
2023-04-10,gpu_cost,33172.58068229241,43458.348442702794,35386.86,38207.659999999996,0.926171872341829,False,False,False,False,False,-0.2144792920477988,normal,Within the expected robust local range for gpu_cost.
2023-04-11,gpu_cost,33112.9254189583,43380.19596957311,41324.91,38138.95,1.08353559812213,False,False,False,False,False,-0.2409956486550493,normal,Within the expected robust local range for gpu_cost.
2023-04-12,gpu_cost,33101.95982478118,43365.8302915695,40679.26,38126.32,1.0669600423014862,False,False,False,False,False,-0.2603067274146052,normal,Within the expected robust local range for gpu_cost.
2023-04-13,gpu_cost,33112.9254189583,43380.19596957311,38085.659999999996,38138.95,0.9986027407676404,False,False,False,False,False,-0.3341851161839588,normal,Within the expected robust local range for gpu_cost.
2023-04-14,gpu_cost,33112.9254189583,43380.19596957311,38960.79,38138.95,1.0215485743577106,False,False,False,False,False,-0.30798680088755376,normal,Within the expected robust local range for gpu_cost.
2023-04-15,gpu_cost,33112.9254189583,43380.19596957311,40034.0,38138.95,1.0496880485697693,False,False,False,False,False,-0.2934098879298333,normal,Within the expected robust local range for gpu_cost.
2023-04-16,gpu_cost,33101.95982478118,43365.8302915695,37404.79,38126.32,0.9810752781805325,False,False,False,False,False,-0.3100099462299008,normal,Within the expected robust local range for gpu_cost.
2023-04-17,gpu_cost,33112.9254189583,43380.19596957311,39965.55,38138.95,1.0478932954368174,False,False,False,False,False,-0.29311450206911066,normal,Within the expected robust local range for gpu_cost.
2023-04-18,gpu_cost,33112.9254189583,43380.19596957311,37290.55,38138.95,0.9777550247188244,False,False,False,False,False,-0.29632252798663766,normal,Within the expected robust local range for gpu_cost.
2023-04-19,gpu_cost,33104.243238295494,43368.82171937231,37602.94,38128.95,0.9862044457033305,False,False,False,False,False,-0.30609628039587955,normal,Within the expected robust local range for gpu_cost.
2023-04-20,gpu_cost,33104.243238295494,43368.82171937231,39437.33,38128.95,1.0343146087159496,False,False,False,False,False,-0.30225123825530165,normal,Within the expected robust local range for gpu_cost.
2023-04-21,gpu_cost,33104.243238295494,43368.82171937231,36094.95,38128.95,0.9466547072500029,False,False,False,False,False,-0.2751847836769072,normal,Within the expected robust local range for gpu_cost.
2023-04-22,gpu_cost,33112.9254189583,43380.19596957311,37409.61,38138.95,0.9808767677138465,False,False,False,False,False,-0.3096984068291356,normal,Within the expected robust local range for gpu_cost.
2023-04-23,gpu_cost,33112.9254189583,43380.19596957311,38207.659999999996,38138.95,1.0018015703106666,False,False,False,False,False,-0.3306875363143008,normal,Within the expected robust local range for gpu_cost.
2023-04-24,gpu_cost,33172.58068229241,43458.348442702794,37215.96,38207.659999999996,0.9740444717106466,False,False,False,False,False,-0.28543319604362793,normal,Within the expected robust local range for gpu_cost.
2023-04-25,gpu_cost,33201.64862315148,43496.429432375066,38138.95,38241.14,0.9973277470284619,False,False,False,False,False,-0.3335027935929756,normal,Within the expected robust local range for gpu_cost.
2023-04-26,gpu_cost,33201.64862315148,43496.429432375066,38126.32,38241.14,0.996997474447676,False,False,False,False,False,-0.33321976681401944,normal,Within the expected robust local range for gpu_cost.
2023-04-27,gpu_cost,33201.64862315148,43496.429432375066,38241.14,38241.14,1.0,False,False,False,False,False,-0.34528494969086826,normal,Within the expected robust local range for gpu_cost.
2023-04-28,gpu_cost,33201.64862315148,43496.429432375066,39131.49,38241.14,1.0232825172052924,False,False,False,False,False,-0.310756179871988,normal,Within the expected robust local range for gpu_cost.
2023-04-29,gpu_cost,33172.58068229241,43458.348442702794,37871.03,38207.659999999996,0.9911894630553141,False,False,False,False,False,-0.31880944748961115,normal,Within the expected robust local range for gpu_cost.
2023-04-30,gpu_cost,33112.9254189583,43380.19596957311,36964.41,38138.95,0.9692036618732295,False,False,False,False,False,-0.28873841170783093,normal,Within the expected robust local range for gpu_cost.
2023-05-01,gpu_cost,33172.58068229241,43458.348442702794,42633.979999999996,38207.659999999996,1.1158490208507927,False,False,False,False,False,-0.1716490082599359,normal,Within the expected robust local range for gpu_cost.
2023-05-02,gpu_cost,33112.9254189583,43380.19596957311,38889.83,38138.95,1.0196880092398979,False,False,False,False,False,-0.3063550941260676,normal,Within the expected robust local range for gpu_cost.
2023-05-03,gpu_cost,33172.58068229241,43458.348442702794,38128.95,38207.659999999996,0.9979399418859988,False,False,False,False,False,-0.3332436016656853,normal,Within the expected robust local range for gpu_cost.
2023-05-04,gpu_cost,33201.64862315148,43496.429432375066,37407.74,38241.14,0.9782067166407695,False,False,False,False,False,-0.29725301624899597,normal,Within the expected robust local range for gpu_cost.
2023-05-05,gpu_cost,33201.64862315148,43496.429432375066,39016.54,38241.14,1.0202765921727228,False,False,False,False,False,-0.3095090869375884,normal,Within the expected robust local range for gpu_cost.
2023-05-06,gpu_cost,33505.238434387684,43894.15283914638,38993.78,38590.81,1.0104421233967362,False,False,False,False,False,-0.31681483420500334,normal,Within the expected robust local range for gpu_cost.
2023-05-07,gpu_cost,33531.9361399258,43929.12865851383,41891.11,38621.56,1.0846560832861232,False,False,False,False,False,-0.23769395951399125,normal,Within the expected robust local range for gpu_cost.
2023-05-08,gpu_cost,33764.8530005668,44234.265668650645,38960.57,38889.83,1.0018189845520025,False,False,False,False,False,-0.3305196941502789,normal,Within the expected robust local range for gpu_cost.
2023-05-09,gpu_cost,33764.8530005668,44234.265668650645,40591.1,38889.83,1.043745884206745,False,False,False,False,False,-0.29023798945832263,normal,Within the expected robust local range for gpu_cost.
2023-05-10,gpu_cost,33764.8530005668,44234.265668650645,40308.53,38889.83,1.0364799743274784,False,False,False,False,False,-0.30598496351175947,normal,Within the expected robust local range for gpu_cost.
2023-05-11,gpu_cost,33764.8530005668,44234.265668650645,40119.88,38889.83,1.0316290917188375,False,False,False,False,False,-0.3097164786829559,normal,Within the expected robust local range for gpu_cost.
2023-05-12,gpu_cost,33764.8530005668,44234.265668650645,36459.67,38889.83,0.9375116836458272,False,False,False,False,False,-0.2534837526980403,normal,Within the expected robust local range for gpu_cost.
2023-05-13,gpu_cost,33764.8530005668,44234.265668650645,38051.83,38889.83,0.9784519500342378,False,False,False,False,False,-0.3002077477053779,normal,Within the expected robust local range for gpu_cost.
2023-05-14,gpu_cost,33764.8530005668,44234.265668650645,36827.82,38889.83,0.9469781688425997,False,False,False,False,False,-0.2740510802385264,normal,Within the expected robust local range for gpu_cost.
2023-05-15,gpu_cost,33826.270746575465,44314.72711457109,40980.18,38960.57,1.0518372806147342,False,False,False,False,False,-0.292151026095236,normal,Within the expected robust local range for gpu_cost.
2023-05-16,gpu_cost,33826.270746575465,44314.72711457109,36143.44,38960.57,0.927692792995585,False,False,False,False,False,-0.226335710207355,normal,Within the expected robust local range for gpu_cost.
2023-05-17,gpu_cost,33826.270746575465,44314.72711457109,43103.37,38960.57,1.1063331465633075,False,False,False,False,False,-0.17366675185838798,normal,Within the expected robust local range for gpu_cost.
2023-05-18,gpu_cost,33826.270746575465,44314.72711457109,38621.56,38960.57,0.9912986385979465,False,False,False,False,False,-0.32010249327239754,normal,Within the expected robust local range for gpu_cost.
2023-05-19,gpu_cost,33855.10426855663,44352.500999487944,39293.090000000004,38993.78,1.0076758395826206,False,False,False,False,False,-0.3215929974891475,normal,Within the expected robust local range for gpu_cost.
2023-05-20,gpu_cost,33826.270746575465,44314.72711457109,38590.81,38960.57,0.990509379097893,False,False,False,False,False,-0.3132761057935271,normal,Within the expected robust local range for gpu_cost.
2023-05-21,gpu_cost,33826.270746575465,44314.72711457109,41514.79,38960.57,1.0655591024463964,False,False,False,False,False,-0.2661734564791439,normal,Within the expected robust local range for gpu_cost.
2023-05-22,gpu_cost,33577.51758840551,43988.84347206802,40746.8,38674.06,1.0535950970754042,False,False,False,False,False,-0.28965215464143784,normal,Within the expected robust local range for gpu_cost.
2023-05-23,gpu_cost,33531.9361399258,43929.12865851383,35144.9,38621.56,0.9099813679198874,False,False,False,False,False,-0.1739400743235041,normal,Within the expected robust local range for gpu_cost.
2023-05-24,gpu_cost,33531.9361399258,43929.12865851383,37982.31,38621.56,0.9834483640743668,False,False,False,False,False,-0.313572341329727,normal,Within the expected robust local range for gpu_cost.
2023-05-25,gpu_cost,33531.9361399258,43929.12865851383,37631.84,38621.56,0.9743738989310633,False,False,False,False,False,-0.28533335724355774,normal,Within the expected robust local range for gpu_cost.
2023-05-26,gpu_cost,33505.238434387684,43894.15283914638,38434.130000000005,38590.81,0.9959399660178163,False,False,False,False,False,-0.327514131439345,normal,Within the expected robust local range for gpu_cost.
2023-05-27,gpu_cost,33505.238434387684,43894.15283914638,39383.44,38590.81,1.020539346025647,False,False,False,False,False,-0.30895314186532474,normal,Within the expected robust local range for gpu_cost.
2023-05-28,gpu_cost,33531.9361399258,43929.12865851383,36826.65,38621.56,0.9535256991172807,False,False,False,False,False,-0.2838307126026213,normal,Within the expected robust local range for gpu_cost.
2023-05-29,gpu_cost,33577.51758840551,43988.84347206802,38996.0,38674.06,1.008324442791887,False,False,False,False,False,-0.32122613822884094,normal,Within the expected robust local range for gpu_cost.
2023-05-30,gpu_cost,33531.9361399258,43929.12865851383,39740.17,38621.56,1.0289633562186509,False,False,False,False,False,-0.3048770823689708,normal,Within the expected robust local range for gpu_cost.
2023-05-31,gpu_cost,33577.51758840551,43988.84347206802,38674.06,38674.06,1.0,False,False,False,False,False,-0.34528494969086826,normal,Within the expected robust local range for gpu_cost.
2023-06-01,gpu_cost,33531.9361399258,43929.12865851383,38079.07,38621.56,0.9859537004719644,False,False,False,False,False,-0.30718682730782204,normal,Within the expected robust local range for gpu_cost.
2023-06-02,gpu_cost,33505.238434387684,43894.15283914638,39219.08,38590.81,1.0162803009317505,False,False,False,False,False,-0.3114731599099553,normal,Within the expected robust local range for gpu_cost.
2023-06-03,gpu_cost,33505.238434387684,43894.15283914638,37256.799999999996,38590.81,0.9654319253729061,False,False,False,False,False,-0.28978145315446396,normal,Within the expected robust local range for gpu_cost.
2023-06-04,gpu_cost,33577.51758840551,43988.84347206802,39638.020000000004,38674.06,1.0249252341233377,False,False,False,False,False,-0.3085995650125357,normal,Within the expected robust local range for gpu_cost.
2023-06-05,gpu_cost,33399.949629489885,43756.2173069613,37210.26,38469.54,0.9672655300791224,False,False,False,False,False,-0.28853036195645754,normal,Within the expected robust local range for gpu_cost.
2023-06-06,gpu_cost,33399.949629489885,43756.2173069613,36002.11,38469.54,0.9358601636515539,False,False,False,False,False,-0.24967019522336137,normal,Within the expected robust local range for gpu_cost.
2023-06-07,gpu_cost,33399.949629489885,43756.2173069613,40580.44,38469.54,1.0548719844323586,False,False,False,False,False,-0.2862300113410785,normal,Within the expected robust local range for gpu_cost.
2023-06-08,gpu_cost,33577.51758840551,43988.84347206802,40106.990000000005,38674.06,1.0370514499899934,False,False,False,False,False,-0.3083190938800997,normal,Within the expected robust local range for gpu_cost.
2023-06-09,gpu_cost,33727.13760776759,44184.85592577838,37343.38,38846.39,0.9613088886766569,False,False,False,False,False,-0.2816200768761311,normal,Within the expected robust local range for gpu_cost.
2023-06-10,gpu_cost,33749.55499823894,44214.22423979684,38469.54,38872.21,0.9896411858240116,False,False,False,False,False,-0.3074581947937978,normal,Within the expected robust local range for gpu_cost.
2023-06-11,gpu_cost,33749.55499823894,44214.22423979684,39202.93,38872.21,1.008507877478538,False,False,False,False,False,-0.3220776223204213,normal,Within the expected robust local range for gpu_cost.
2023-06-12,gpu_cost,33749.55499823894,44214.22423979684,41487.2,38872.21,1.067271451764641,False,False,False,False,False,-0.25854278563180927,normal,Within the expected robust local range for gpu_cost.
2023-06-13,gpu_cost,33749.55499823894,44214.22423979684,35523.229999999996,38872.21,0.9138464213894707,False,False,False,False,False,-0.1884661403161716,normal,Within the expected robust local range for gpu_cost.
2023-06-14,gpu_cost,33749.55499823894,44214.22423979684,43977.77,38872.21,1.131342159347256,False,False,False,False,False,-0.10667346333775118,normal,Within the expected robust local range for gpu_cost.
2023-06-15,gpu_cost,33749.55499823894,44214.22423979684,38145.74,38872.21,0.9813113275525112,False,False,False,False,False,-0.31118529089008246,normal,Within the expected robust local range for gpu_cost.
2023-06-16,gpu_cost,33749.55499823894,44214.22423979684,37372.14,38872.21,0.9614102208235652,False,False,False,False,False,-0.28195105013425076,normal,Within the expected robust local range for gpu_cost.
2023-06-17,gpu_cost,33747.827244287044,44211.96076400688,38846.39,38870.22,0.9993869342648434,False,False,False,False,False,-0.3369584210866906,normal,Within the expected robust local range for gpu_cost.
2023-06-18,gpu_cost,33747.827244287044,44211.96076400688,38872.21,38870.22,1.0000511960055796,False,False,False,False,False,-0.34373142654721633,normal,Within the expected robust local range for gpu_cost.
2023-06-19,gpu_cost,33727.13760776759,44184.85592577838,37280.35,38846.39,0.9596863440849973,False,False,False,False,False,-0.27591794829071925,normal,Within the expected robust local range for gpu_cost.
2023-06-20,gpu_cost,33747.827244287044,44211.96076400688,42604.8,38870.22,1.0960781801595154,False,False,False,False,False,-0.20461530482933254,normal,Within the expected robust local range for gpu_cost.
2023-06-21,gpu_cost,33749.55499823894,44214.22423979684,35959.57,38872.21,0.9250714070540368,False,False,False,False,False,-0.21160940213680368,normal,Within the expected robust local range for gpu_cost.
2023-06-22,gpu_cost,33749.55499823894,44214.22423979684,39418.41,38872.21,1.014051169202883,False,False,False,False,False,-0.30957560684979507,normal,Within the expected robust local range for gpu_cost.
2023-06-23,gpu_cost,33749.55499823894,44214.22423979684,40113.31,38872.21,1.03192769333156,False,False,False,False,False,-0.30884111791296165,normal,Within the expected robust local range for gpu_cost.
2023-06-24,gpu_cost,33749.55499823894,44214.22423979684,42927.86,38872.21,1.1043328897430837,False,False,False,False,False,-0.18121148201618276,normal,Within the expected robust local range for gpu_cost.
2023-06-25,gpu_cost,33749.55499823894,44214.22423979684,39011.229999999996,38872.21,1.0035763338384929,False,False,False,False,False,-0.3199431802985605,normal,Within the expected robust local range for gpu_cost.
2023-06-26,gpu_cost,33749.55499823894,44214.22423979684,37615.97,38872.21,0.9676828253397479,False,False,False,False,False,-0.29004841040284696,normal,Within the expected robust local range for gpu_cost.
2023-06-27,gpu_cost,33749.55499823894,44214.22423979684,41445.2,38872.21,1.066190988369326,False,False,False,False,False,-0.2638317924482736,normal,Within the expected robust local range for gpu_cost.
2023-06-28,gpu_cost,33870.254673813215,44372.34906608833,40806.31,39011.229999999996,1.0460144425079652,False,False,False,False,False,-0.2934330640701987,normal,Within the expected robust local range for gpu_cost.
2023-06-29,gpu_cost,33870.254673813215,44372.34906608833,38244.66,39011.229999999996,0.9803500171617252,False,False,False,False,False,-0.3093429203059312,normal,Within the expected robust local range for gpu_cost.
2023-06-30,gpu_cost,33870.254673813215,44372.34906608833,37579.83,39011.229999999996,0.9633080013114174,False,False,False,False,False,-0.2803730573281357,normal,Within the expected robust local range for gpu_cost.
2023-07-01,gpu_cost,34033.76618223577,44586.56032011996,38870.22,39199.56,0.991598375083802,False,False,False,False,False,-0.3175842989921844,normal,Within the expected robust local range for gpu_cost.
2023-07-02,gpu_cost,34156.436712820505,44747.26710120704,37920.520000000004,39340.85,0.9638968146341527,False,False,False,False,False,-0.283343084614848,normal,Within the expected robust local range for gpu_cost.
2023-07-03,gpu_cost,34223.775706041204,44835.48578576444,37594.18,39418.41,0.9537213702937282,False,False,False,False,False,-0.2830216246177766,normal,Within the expected robust local range for gpu_cost.
2023-07-04,gpu_cost,34223.775706041204,44835.48578576444,42157.55,39418.41,1.0694888505142648,False,False,False,False,False,-0.25262258650708014,normal,Within the expected robust local range for gpu_cost.
2023-07-05,gpu_cost,34223.775706041204,44835.48578576444,42679.36,39418.41,1.0827265736999538,False,False,False,False,False,-0.24535898584071048,normal,Within the expected robust local range for gpu_cost.
2023-07-06,gpu_cost,34734.78281331175,45504.94002983281,39199.56,40006.979999999996,0.9798180217552037,False,False,False,False,False,-0.30751185671548387,normal,Within the expected robust local range for gpu_cost.
2023-07-07,gpu_cost,34734.78281331175,45504.94002983281,42870.98,40006.979999999996,1.0715875079798578,False,False,False,False,False,-0.2473928810083666,normal,Within the expected robust local range for gpu_cost.
2023-07-08,gpu_cost,34156.436712820505,44747.26710120704,37175.84,39340.85,0.944967889610926,False,False,False,False,False,-0.2742347047745419,normal,Within the expected robust local range for gpu_cost.
2023-07-09,gpu_cost,34156.436712820505,44747.26710120704,36754.29,39340.85,0.9342525644463707,False,False,False,False,False,-0.24217357868865985,normal,Within the expected robust local range for gpu_cost.
2023-07-10,gpu_cost,34156.436712820505,44747.26710120704,42227.14,39340.85,1.0733662338256544,False,False,False,False,False,-0.24583273314847742,normal,Within the expected robust local range for gpu_cost.
2023-07-11,gpu_cost,34734.78281331175,45504.94002983281,39340.85,40006.979999999996,0.9833496554851179,False,False,False,False,False,-0.3131516601295213,normal,Within the expected robust local range for gpu_cost.
2023-07-12,gpu_cost,34734.78281331175,45504.94002983281,42609.22,40006.979999999996,1.065044649708626,False,False,False,False,False,-0.2672310339754568,normal,Within the expected robust local range for gpu_cost.
2023-07-13,gpu_cost,34734.78281331175,45504.94002983281,43114.979999999996,40006.979999999996,1.0776864437155715,False,False,False,False,False,-0.23920893332206183,normal,Within the expected robust local range for gpu_cost.
2023-07-14,gpu_cost,34967.34370454557,45809.61069571139,37109.96,40274.84,0.9214179373524514,False,False,False,False,False,-0.20487330867417552,normal,Within the expected robust local range for gpu_cost.
2023-07-15,gpu_cost,35020.4612858406,45879.19835843988,40274.84,40336.020000000004,0.9984832415295309,False,False,False,False,False,-0.33313759924078007,normal,Within the expected robust local range for gpu_cost.
2023-07-16,gpu_cost,35118.93457891811,46008.20510421733,41120.97,40449.44,1.016601713151035,False,False,False,False,False,-0.312521324974505,normal,Within the expected robust local range for gpu_cost.
2023-07-17,gpu_cost,35228.23455128213,46151.39553999518,41289.8,40575.33,1.0176084827899121,False,False,False,False,False,-0.30798095234687867,normal,Within the expected robust local range for gpu_cost.
2023-07-18,gpu_cost,35422.76749121287,46406.24698999426,36439.840000000004,40799.39,0.8931466867519344,False,False,False,False,False,-0.1389572538072925,normal,Within the expected robust local range for gpu_cost.
2023-07-19,gpu_cost,35422.76749121287,46406.24698999426,41392.020000000004,40799.39,1.014525462267941,False,False,False,False,False,-0.3087868612251029,normal,Within the expected robust local range for gpu_cost.
2023-07-20,gpu_cost,35422.76749121287,46406.24698999426,40006.979999999996,40799.39,0.9805778958950121,False,False,False,False,False,-0.3098252548255598,normal,Within the expected robust local range for gpu_cost.
2023-07-21,gpu_cost,35422.76749121287,46406.24698999426,36685.87,40799.39,0.8991769239687163,False,False,False,False,False,-0.14941354362513437,normal,Within the expected robust local range for gpu_cost.
2023-07-22,gpu_cost,35422.76749121287,46406.24698999426,38042.92,40799.39,0.9324384506729144,False,False,False,False,False,-0.23535330783784758,normal,Within the expected robust local range for gpu_cost.
2023-07-23,gpu_cost,35463.044127307614,46459.01213667576,43237.6,40845.78,1.0585573344418935,False,False,False,False,False,-0.27561260029349544,normal,Within the expected robust local range for gpu_cost.
2023-07-24,gpu_cost,35701.96905696727,46772.02012795153,37784.82,41120.97,0.9188698612897507,False,False,False,False,False,-0.20244056665013532,normal,Within the expected robust local range for gpu_cost.
2023-07-25,gpu_cost,35701.96905696727,46772.02012795153,40575.33,41120.97,0.9867308577594351,False,False,False,False,False,-0.30466862808534445,normal,Within the expected robust local range for gpu_cost.
2023-07-26,gpu_cost,35848.55031309736,46964.05159409161,42537.33,41289.8,1.0302139995834323,False,False,False,False,False,-0.30446861958433413,normal,Within the expected robust local range for gpu_cost.
2023-07-27,gpu_cost,35701.96905696727,46772.02012795153,43178.630000000005,41120.97,1.0500391892506427,False,False,False,False,False,-0.29409176678134075,normal,Within the expected robust local range for gpu_cost.
2023-07-28,gpu_cost,35463.044127307614,46459.01213667576,40799.39,40845.78,0.9988642645580523,False,False,False,False,False,-0.33521882383044055,normal,Within the expected robust local range for gpu_cost.
2023-07-29,gpu_cost,35463.044127307614,46459.01213667576,40336.020000000004,40845.78,0.9875198857752259,False,False,False,False,False,-0.3023141034846891,normal,Within the expected robust local range for gpu_cost.
2023-07-30,gpu_cost,35463.044127307614,46459.01213667576,40449.44,40845.78,0.9902966720185048,False,False,False,False,False,-0.31304008718442505,normal,Within the expected robust local range for gpu_cost.
2023-07-31,gpu_cost,35422.76749121287,46406.24698999426,42614.35,40799.39,1.0444849788195363,False,False,False,False,False,-0.292047386022618,normal,Within the expected robust local range for gpu_cost.
2023-08-01,gpu_cost,35228.23455128213,46151.39553999518,42999.05,40575.33,1.0597338333415895,False,False,False,False,False,-0.27361696268816843,normal,Within the expected robust local range for gpu_cost.
2023-08-02,gpu_cost,35422.76749121287,46406.24698999426,40845.78,40799.39,1.001137026803587,False,False,False,False,False,-0.3363205549599679,normal,Within the expected robust local range for gpu_cost.
2023-08-03,gpu_cost,35228.23455128213,46151.39553999518,43355.39,40575.33,1.0685160169985062,False,False,False,False,False,-0.25438382736993015,normal,Within the expected robust local range for gpu_cost.
2023-08-04,gpu_cost,35228.23455128213,46151.39553999518,34995.63,40575.33,0.8624854067730316,True,False,False,True,False,-0.012731854681989119,candidate_anomaly,Candidate gpu_cost anomaly: 13.8% below the robust local median; only one method or the standard IQR fence flags it.
2023-08-05,gpu_cost,35422.76749121287,46406.24698999426,41343.8,40799.39,1.013343581852572,False,False,False,False,False,-0.31187098230458443,normal,Within the expected robust local range for gpu_cost.
2023-08-06,gpu_cost,35463.044127307614,46459.01213667576,41770.54,40845.78,1.0226402825457122,False,False,False,False,False,-0.30800641275641366,normal,Within the expected robust local range for gpu_cost.
2023-08-07,gpu_cost,35463.044127307614,46459.01213667576,43447.81,40845.78,1.0637037657256148,False,False,False,False,False,-0.2671722492669132,normal,Within the expected robust local range for gpu_cost.
2023-08-08,gpu_cost,35895.43408867649,47025.472545175915,42971.89,41343.8,1.0393793023379563,False,False,False,False,False,-0.3074250927272248,normal,Within the expected robust local range for gpu_cost.
2023-08-09,gpu_cost,35958.33648757849,47107.87898788069,41989.27,41416.25,1.0138356321492168,False,False,False,False,False,-0.30992573386967825,normal,Within the expected robust local range for gpu_cost.
2023-08-10,gpu_cost,35895.43408867649,47025.472545175915,37243.36,41343.8,0.9008209211538368,False,False,False,False,False,-0.1531747417907029,normal,Within the expected robust local range for gpu_cost.
2023-08-11,gpu_cost,35684.231361873164,46748.782534791295,38626.39,41100.54,0.9398024940791532,False,False,False,False,False,-0.2574189069587003,normal,Within the expected robust local range for gpu_cost.
2023-08-12,gpu_cost,35895.43408867649,47025.472545175915,40066.78,41343.8,0.969112176432742,False,False,False,False,False,-0.2889138310837393,normal,Within the expected robust local range for gpu_cost.
2023-08-13,gpu_cost,35958.33648757849,47107.87898788069,39187.76,41416.25,0.9461928590830894,False,False,False,False,False,-0.27462751363903287,normal,Within the expected robust local range for gpu_cost.
2023-08-14,gpu_cost,36265.93746628091,47510.85729824477,39915.32,41770.54,0.9555854437122431,False,False,False,False,False,-0.2853101731113831,normal,Within the expected robust local range for gpu_cost.
2023-08-15,gpu_cost,36265.93746628091,47510.85729824477,37206.18,41770.54,0.8907277712952717,False,False,False,False,False,-0.1271608938599389,normal,Within the expected robust local range for gpu_cost.
2023-08-16,gpu_cost,35958.33648757849,47107.87898788069,43519.64,41416.25,1.0507865873902151,False,False,False,False,False,-0.2932077033374361,normal,Within the expected robust local range for gpu_cost.
2023-08-17,gpu_cost,36265.93746628091,47510.85729824477,37155.65,41770.54,0.889518067039593,False,False,False,False,False,-0.12077311501460253,normal,Within the expected robust local range for gpu_cost.
2023-08-18,gpu_cost,35958.33648757849,47107.87898788069,38513.15,41416.25,0.9299043249932092,False,False,False,False,False,-0.22761877149836995,normal,Within the expected robust local range for gpu_cost.
2023-08-19,gpu_cost,35958.33648757849,47107.87898788069,41416.25,41416.25,1.0,False,False,False,False,False,-0.34528494969086826,normal,Within the expected robust local range for gpu_cost.
2023-08-20,gpu_cost,35958.33648757849,47107.87898788069,42589.33,41416.25,1.028324148130263,False,False,False,False,False,-0.30656979347238295,normal,Within the expected robust local range for gpu_cost.
2023-08-21,gpu_cost,35958.33648757849,47107.87898788069,43140.369999999995,41416.25,1.041629070714997,False,False,False,False,False,-0.29349726830084794,normal,Within the expected robust local range for gpu_cost.
2023-08-22,gpu_cost,35958.33648757849,47107.87898788069,41910.4,41416.25,1.0119313071560077,False,False,False,False,False,-0.31500308721028136,normal,Within the expected robust local range for gpu_cost.
2023-08-23,gpu_cost,35958.33648757849,47107.87898788069,41912.83,41416.25,1.0119899797784686,False,False,False,False,False,-0.3145562411276657,normal,Within the expected robust local range for gpu_cost.
2023-08-24,gpu_cost,35958.33648757849,47107.87898788069,41100.54,41416.25,0.9923771466513748,False,False,False,False,False,-0.3130395619143524,normal,Within the expected robust local range for gpu_cost.
2023-08-25,gpu_cost,35958.33648757849,47107.87898788069,39434.68,41416.25,0.952154770168714,False,False,False,False,False,-0.2740054203413787,normal,Within the expected robust local range for gpu_cost.
2023-08-26,gpu_cost,35958.33648757849,47107.87898788069,43091.6,41416.25,1.0404515135967163,False,False,False,False,False,-0.30172662226431535,normal,Within the expected robust local range for gpu_cost.
2023-08-27,gpu_cost,36387.36644503087,47669.93756155314,42304.46,41910.4,1.0094024394899594,False,False,False,False,False,-0.32041732911115356,normal,Within the expected robust local range for gpu_cost.
2023-08-28,gpu_cost,36387.36644503087,47669.93756155314,42990.55,41910.4,1.0257728391998169,False,False,False,False,False,-0.3075633209110658,normal,Within the expected robust local range for gpu_cost.
2023-08-29,gpu_cost,36387.36644503087,47669.93756155314,46807.43,41910.4,1.1168452221882874,False,False,False,False,False,-0.16326682558466055,normal,Within the expected robust local range for gpu_cost.
2023-08-30,gpu_cost,36387.36644503087,47669.93756155314,40954.24,41910.4,0.9771856150263418,False,False,False,False,False,-0.2935134276222546,normal,Within the expected robust local range for gpu_cost.
2023-08-31,gpu_cost,36387.36644503087,47669.93756155314,42339.509999999995,41910.4,1.0102387474230738,False,False,False,False,False,-0.3165916806846741,normal,Within the expected robust local range for gpu_cost.
2023-09-01,gpu_cost,36387.36644503087,47669.93756155314,39638.51,41910.4,0.9457917366572498,False,False,False,False,False,-0.2775711970154681,normal,Within the expected robust local range for gpu_cost.
2023-09-02,gpu_cost,36389.47621493193,47672.701504351935,37519.49,41912.83,0.8951791134122892,False,False,False,False,False,-0.14557605926325246,normal,Within the expected robust local range for gpu_cost.
2023-09-03,gpu_cost,36448.2545780191,47749.705178211334,40983.51,41980.53,0.9762504189442106,False,False,False,False,False,-0.2871679983967347,normal,Within the expected robust local range for gpu_cost.
2023-09-04,gpu_cost,36389.47621493193,47672.701504351935,42630.39,41912.83,1.0171202946687208,False,False,False,False,False,-0.31140365512074175,normal,Within the expected robust local range for gpu_cost.
2023-09-05,gpu_cost,36389.47621493193,47672.701504351935,42652.63,41912.83,1.0176509197780248,False,False,False,False,False,-0.30738049588085525,normal,Within the expected robust local range for gpu_cost.
2023-09-06,gpu_cost,36389.47621493193,47672.701504351935,42305.38,41912.83,1.0093658672058172,False,False,False,False,False,-0.32118471108282554,normal,Within the expected robust local range for gpu_cost.
2023-09-07,gpu_cost,35861.217614684385,46980.64662513456,41980.53,41304.39,1.0163696885488442,False,False,False,False,False,-0.31183807278602094,normal,Within the expected robust local range for gpu_cost.
2023-09-08,gpu_cost,35861.217614684385,46980.64662513456,38895.01,41304.39,0.94166770166561,False,False,False,False,False,-0.26526000565283564,normal,Within the expected robust local range for gpu_cost.
2023-09-09,gpu_cost,35861.217614684385,46980.64662513456,40430.81,41304.39,0.9788501900161217,False,False,False,False,False,-0.3014659296343948,normal,Within the expected robust local range for gpu_cost.
2023-09-10,gpu_cost,35582.62380157639,46615.669684691355,44429.07,40983.51,1.084071862073307,False,False,False,False,False,-0.2400628438011475,normal,Within the expected robust local range for gpu_cost.
2023-09-11,gpu_cost,35582.62380157639,46615.669684691355,40778.92,40983.51,0.9950079922388296,False,False,False,False,False,-0.32333022190080235,normal,Within the expected robust local range for gpu_cost.
2023-09-12,gpu_cost,35582.62380157639,46615.669684691355,40053.54,40983.51,0.9773086785392466,False,False,False,False,False,-0.2940032024271709,normal,Within the expected robust local range for gpu_cost.
2023-09-13,gpu_cost,35582.62380157639,46615.669684691355,37686.659999999996,40983.51,0.9195566704755155,False,False,False,False,False,-0.20344583376845826,normal,Within the expected robust local range for gpu_cost.
2023-09-14,gpu_cost,35674.90669984132,46736.56659007564,45871.91,41089.8,1.1163819244678728,False,False,False,False,False,-0.16741317868612238,normal,Within the expected robust local range for gpu_cost.
2023-09-15,gpu_cost,35582.62380157639,46615.669684691355,39317.130000000005,40983.51,0.9593402322055872,False,False,False,False,False,-0.27609221273378654,normal,Within the expected robust local range for gpu_cost.
2023-09-16,gpu_cost,35674.90669984132,46736.56659007564,43485.03,41089.8,1.0582925689587195,False,False,False,False,False,-0.2763500000759404,normal,Within the expected robust local range for gpu_cost.
2023-09-17,gpu_cost,35674.90669984132,46736.56659007564,44258.78,41089.8,1.0771232763362195,False,False,False,False,False,-0.23841908658462302,normal,Within the expected robust local range for gpu_cost.
2023-09-18,gpu_cost,35674.90669984132,46736.56659007564,40070.31,41089.8,0.975188732970226,False,False,False,False,False,-0.2854014176204802,normal,Within the expected robust local range for gpu_cost.
2023-09-19,gpu_cost,35674.90669984132,46736.56659007564,43451.14,41089.8,1.0574677900598202,False,False,False,False,False,-0.27710377265654834,normal,Within the expected robust local range for gpu_cost.
2023-09-20,gpu_cost,35674.90669984132,46736.56659007564,41304.39,41089.8,1.00522246396916,False,False,False,False,False,-0.3139844768913387,normal,Within the expected robust local range for gpu_cost.
2023-09-21,gpu_cost,35674.90669984132,46736.56659007564,39671.83,41089.8,0.9654909490919887,False,False,False,False,False,-0.2905959648477726,normal,Within the expected robust local range for gpu_cost.
2023-09-22,gpu_cost,35557.30656276365,46582.502371105824,39825.15,40954.35,0.9724278373359607,False,False,False,False,False,-0.28978741539725733,normal,Within the expected robust local range for gpu_cost.
2023-09-23,gpu_cost,35557.30656276365,46582.502371105824,38596.96,40954.35,0.9424385932141519,False,False,False,False,False,-0.2686671799424359,normal,Within the expected robust local range for gpu_cost.
2023-09-24,gpu_cost,35557.30656276365,46582.502371105824,40727.369999999995,40954.35,0.9944577315962773,False,False,False,False,False,-0.31674088741107215,normal,Within the expected robust local range for gpu_cost.
2023-09-25,gpu_cost,35557.30656276365,46582.502371105824,41089.8,40954.35,1.003307340978431,False,False,False,False,False,-0.3237909514505183,normal,Within the expected robust local range for gpu_cost.
2023-09-26,gpu_cost,35557.30656276365,46582.502371105824,41241.5,40954.35,1.007011465204551,False,False,False,False,False,-0.32130970000330483,normal,Within the expected robust local range for gpu_cost.
2023-09-27,gpu_cost,35674.90669984132,46736.56659007564,44366.94,41089.8,1.0797555597739585,False,False,False,False,False,-0.2416106633731286,normal,Within the expected robust local range for gpu_cost.
2023-09-28,gpu_cost,35739.48475961124,46821.16826306918,41164.53,41164.18,1.000008502537886,False,False,False,False,False,-0.34477261465896475,normal,Within the expected robust local range for gpu_cost.
2023-09-29,gpu_cost,35674.90669984132,46736.56659007564,38315.01,41089.8,0.9324701020691266,False,False,False,False,False,-0.23548866953819947,normal,Within the expected robust local range for gpu_cost.
2023-09-30,gpu_cost,35739.48475961124,46821.16826306918,42313.6,41164.18,1.027922820277241,False,False,False,False,False,-0.30556037484540943,normal,Within the expected robust local range for gpu_cost.
2023-10-01,gpu_cost,35739.48475961124,46821.16826306918,39559.51,41164.18,0.9610178072294894,False,False,False,False,False,-0.28139940965415416,normal,Within the expected robust local range for gpu_cost.
2023-10-02,gpu_cost,35739.48475961124,46821.16826306918,38827.8,41164.18,0.9432424015248209,False,False,False,False,False,-0.27222600006596337,normal,Within the expected robust local range for gpu_cost.
2023-10-03,gpu_cost,35739.48475961124,46821.16826306918,42867.92,41164.18,1.041388896851583,False,False,False,False,False,-0.29690875870313116,normal,Within the expected robust local range for gpu_cost.
2023-10-04,gpu_cost,35739.48475961124,46821.16826306918,42521.6,41164.18,1.0329757570781197,False,False,False,False,False,-0.3088683529185651,normal,Within the expected robust local range for gpu_cost.
2023-10-05,gpu_cost,35674.90669984132,46736.56659007564,41164.18,41089.8,1.0018101816022467,False,False,False,False,False,-0.3305196941502789,normal,Within the expected robust local range for gpu_cost.
2023-10-06,gpu_cost,35674.90669984132,46736.56659007564,40954.35,41089.8,0.9967035614678095,False,False,False,False,False,-0.33020547079146456,normal,Within the expected robust local range for gpu_cost.
2023-10-07,gpu_cost,35739.48475961124,46821.16826306918,40322.01,41164.18,0.9795411933384802,False,False,False,False,False,-0.30656179704561015,normal,Within the expected robust local range for gpu_cost.
2023-10-08,gpu_cost,35739.788635934434,46821.566361826204,38805.71,41164.53,0.9426977545960078,False,False,False,False,False,-0.27088358064889795,normal,Within the expected robust local range for gpu_cost.
2023-10-09,gpu_cost,35739.788635934434,46821.566361826204,42454.72,41164.53,1.0313422745261516,False,False,False,False,False,-0.3081736818959606,normal,Within the expected robust local range for gpu_cost.
2023-10-10,gpu_cost,35806.61538049603,46909.11396562175,39671.08,41241.5,0.9619213656147327,False,False,False,False,False,-0.28423055581092355,normal,Within the expected robust local range for gpu_cost.
2023-10-11,gpu_cost,35739.788635934434,46821.566361826204,41627.21,41164.53,1.0112397736595073,False,False,False,False,False,-0.31609205274323865,normal,Within the expected robust local range for gpu_cost.
2023-10-12,gpu_cost,35739.48475961124,46821.16826306918,43604.69,41164.18,1.0592872249611192,False,False,False,False,False,-0.2748715804270169,normal,Within the expected robust local range for gpu_cost.
2023-10-13,gpu_cost,35697.42827648062,46766.07139509651,39252.19,41115.74,0.9546755086981289,False,False,False,False,False,-0.28583269358372826,normal,Within the expected robust local range for gpu_cost.
2023-10-14,gpu_cost,35739.48475961124,46821.16826306918,44809.130000000005,41164.18,1.0885466441940543,False,False,False,False,False,-0.22409085677704677,normal,Within the expected robust local range for gpu_cost.
2023-10-15,gpu_cost,35739.48475961124,46821.16826306918,46748.94,41164.18,1.1356703813849809,False,False,False,False,False,-0.08933979683214788,normal,Within the expected robust local range for gpu_cost.
2023-10-16,gpu_cost,35739.48475961124,46821.16826306918,43134.65,41164.18,1.0478685595097486,False,False,False,False,False,-0.2929139126902023,normal,Within the expected robust local range for gpu_cost.
2023-10-17,gpu_cost,35739.48475961124,46821.16826306918,40439.4,41164.18,0.9823929445454762,False,False,False,False,False,-0.3129124994755395,normal,Within the expected robust local range for gpu_cost.
2023-10-18,gpu_cost,35739.48475961124,46821.16826306918,43219.84,41164.18,1.0499380772312237,False,False,False,False,False,-0.293858769689588,normal,Within the expected robust local range for gpu_cost.
2023-10-19,gpu_cost,35697.42827648062,46766.07139509651,39706.01,41115.74,0.9657131307864094,False,False,False,False,False,-0.29255553202690376,normal,Within the expected robust local range for gpu_cost.
2023-10-20,gpu_cost,35557.30656276365,46582.502371105824,40620.16,40954.35,0.9918399388587539,False,False,False,False,False,-0.31585113881147014,normal,Within the expected robust local range for gpu_cost.
2023-10-21,gpu_cost,35697.42827648062,46766.07139509651,41948.08,41115.74,1.0202438287624156,False,False,False,False,False,-0.3090922553706889,normal,Within the expected robust local range for gpu_cost.
2023-10-22,gpu_cost,35697.42827648062,46766.07139509651,43076.84,41115.74,1.047697062001073,False,False,False,False,False,-0.29355454194228525,normal,Within the expected robust local range for gpu_cost.
2023-10-23,gpu_cost,36141.49577084097,47347.83017011673,40373.75,41627.21,0.9698884455624098,False,False,False,False,False,-0.28839563376923066,normal,Within the expected robust local range for gpu_cost.
2023-10-24,gpu_cost,36141.49577084097,47347.83017011673,43451.770000000004,41627.21,1.0438309461527688,False,False,False,False,False,-0.29063096339210814,normal,Within the expected robust local range for gpu_cost.
2023-10-25,gpu_cost,36141.49577084097,47347.83017011673,39518.02,41627.21,0.9493314589183373,False,False,False,False,False,-0.27039888512667937,normal,Within the expected robust local range for gpu_cost.
2023-10-26,gpu_cost,36178.481860464504,47396.284475972134,36853.43,41669.81,0.8844155996871597,False,False,False,False,False,-0.09130209589530669,normal,Within the expected robust local range for gpu_cost.
2023-10-27,gpu_cost,36178.481860464504,47396.284475972134,41115.74,41669.81,0.9867033231013053,False,False,False,False,False,-0.3058284822134733,normal,Within the expected robust local range for gpu_cost.
2023-10-28,gpu_cost,36420.080901768306,47712.795736309745,41669.81,41948.08,0.9933663233215917,False,False,False,False,False,-0.3142407954670162,normal,Within the expected robust local range for gpu_cost.
2023-10-29,gpu_cost,36420.080901768306,47712.795736309745,43342.49,41948.08,1.0332413307116797,False,False,False,False,False,-0.3074929969727654,normal,Within the expected robust local range for gpu_cost.
2023-10-30,gpu_cost,36420.080901768306,47712.795736309745,38272.24,41948.08,0.9123716746988181,False,False,False,False,False,-0.1858108992681644,normal,Within the expected robust local range for gpu_cost.
2023-10-31,gpu_cost,36178.481860464504,47396.284475972134,40276.59,41669.81,0.9665652423181195,False,False,False,False,False,-0.2921601999714505,normal,Within the expected robust local range for gpu_cost.
2023-11-01,gpu_cost,36420.080901768306,47712.795736309745,42025.53,41948.08,1.0018463300346523,False,False,False,False,False,-0.33057898720322354,normal,Within the expected robust local range for gpu_cost.
2023-11-02,gpu_cost,36343.929495174874,47613.03218779855,39741.259999999995,41860.37,0.949376701639283,False,False,False,False,False,-0.2703618079826081,normal,Within the expected robust local range for gpu_cost.
2023-11-03,gpu_cost,36420.080901768306,47712.795736309745,39081.189999999995,41948.08,0.9316562283661134,False,False,False,False,False,-0.23345746499578895,normal,Within the expected robust local range for gpu_cost.
2023-11-04,gpu_cost,36477.60903084004,47788.16151814024,45096.73,42014.340000000004,1.073365189123523,False,False,False,False,False,-0.24583273314847742,normal,Within the expected robust local range for gpu_cost.
2023-11-05,gpu_cost,36477.60903084004,47788.16151814024,38389.39,42014.340000000004,0.9137211247397912,False,False,False,False,False,-0.18846201013704622,normal,Within the expected robust local range for gpu_cost.
2023-11-06,gpu_cost,36477.60903084004,47788.16151814024,42153.19,42014.340000000004,1.0033048240196085,False,False,False,False,False,-0.3237909514505183,normal,Within the expected robust local range for gpu_cost.
2023-11-07,gpu_cost,36487.32439100171,47800.88930411493,42445.39,42025.53,1.0099905938128562,False,False,False,False,False,-0.3182941399642378,normal,Within the expected robust local range for gpu_cost.
2023-11-08,gpu_cost,36477.60903084004,47788.16151814024,41128.36,42014.340000000004,0.9789124379914095,False,False,False,False,False,-0.30063824275348877,normal,Within the expected robust local range for gpu_cost.
2023-11-09,gpu_cost,36487.32439100171,47800.88930411493,42773.35,42025.53,1.0177944216289478,False,False,False,False,False,-0.3084502378016509,normal,Within the expected robust local range for gpu_cost.
2023-11-10,gpu_cost,36498.62859022468,47815.69857787637,43059.44,42038.55,1.0242846149546072,False,False,False,False,False,-0.30852793764637465,normal,Within the expected robust local range for gpu_cost.
2023-11-11,gpu_cost,36498.62859022468,47815.69857787637,43671.83,42038.55,1.0388519584999958,False,False,False,False,False,-0.30848237735963746,normal,Within the expected robust local range for gpu_cost.
2023-11-12,gpu_cost,36598.16110934305,47946.09298217832,43194.83,42153.19,1.0247108225972934,False,False,False,False,False,-0.30835509587176735,normal,Within the expected robust local range for gpu_cost.
2023-11-13,gpu_cost,36598.16110934305,47946.09298217832,44184.75,42153.19,1.0481946917896368,False,False,False,False,False,-0.2927976637835096,normal,Within the expected robust local range for gpu_cost.
2023-11-14,gpu_cost,36665.03994698861,48033.708831475065,41514.22,42230.22,0.9830453168370896,False,False,False,False,False,-0.31382578029784863,normal,Within the expected robust local range for gpu_cost.
2023-11-15,gpu_cost,36754.14516713095,48150.442761285856,42431.68,42332.85,1.0023345935839425,False,False,False,False,False,-0.32887354584753714,normal,Within the expected robust local range for gpu_cost.
2023-11-16,gpu_cost,36754.14516713095,48150.442761285856,41860.37,42332.85,0.9888389276885445,False,False,False,False,False,-0.30671721978220673,normal,Within the expected robust local range for gpu_cost.
2023-11-17,gpu_cost,36839.95115862143,48262.854476020344,42332.85,42431.68,0.9976708440485976,False,False,False,False,False,-0.33292392746181876,normal,Within the expected robust local range for gpu_cost.
2023-11-18,gpu_cost,36851.85442831013,48278.448573045636,42014.340000000004,42445.39,0.9898445979645847,False,False,False,False,False,-0.30865769736785736,normal,Within the expected robust local range for gpu_cost.
2023-11-19,gpu_cost,36851.85442831013,48278.448573045636,40513.3,42445.39,0.9544805690323497,False,False,False,False,False,-0.2853885956030249,normal,Within the expected robust local range for gpu_cost.
2023-11-20,gpu_cost,36851.85442831013,48278.448573045636,44500.9,42445.39,1.0484271672377141,False,False,False,False,False,-0.291969654506118,normal,Within the expected robust local range for gpu_cost.
2023-11-21,gpu_cost,36851.85442831013,48278.448573045636,42501.21,42445.39,1.0013151015928938,False,False,False,False,False,-0.3361873223369595,normal,Within the expected robust local range for gpu_cost.
2023-11-22,gpu_cost,36839.95115862143,48262.854476020344,38837.340000000004,42431.68,0.9152911221049933,False,False,False,False,False,-0.18875694056107195,normal,Within the expected robust local range for gpu_cost.
2023-11-23,gpu_cost,36857.037690165824,48285.23900041552,42038.55,42451.36,0.9902756943476017,False,False,False,False,False,-0.3128508336217319,normal,Within the expected robust local range for gpu_cost.
2023-11-24,gpu_cost,36857.037690165824,48285.23900041552,42230.22,42451.36,0.9947907440421225,False,False,False,False,False,-0.320215588991527,normal,Within the expected robust local range for gpu_cost.
2023-11-25,gpu_cost,36857.037690165824,48285.23900041552,38432.9,42451.36,0.9053396640296094,False,False,False,False,False,-0.16389482287281099,normal,Within the expected robust local range for gpu_cost.
2023-11-26,gpu_cost,36839.95115862143,48262.854476020344,43494.19,42431.68,1.025040488616053,False,False,False,False,False,-0.3090337156496219,normal,Within the expected robust local range for gpu_cost.
2023-11-27,gpu_cost,36839.95115862143,48262.854476020344,43396.06,42431.68,1.0227278297724718,False,False,False,False,False,-0.30870986933554734,normal,Within the expected robust local range for gpu_cost.
2023-11-28,gpu_cost,36839.95115862143,48262.854476020344,45053.33,42431.68,1.0617852038853988,False,False,False,False,False,-0.27086017019747616,normal,Within the expected robust local range for gpu_cost.
2023-11-29,gpu_cost,36839.95115862143,48262.854476020344,45129.07,42431.68,1.0635701909516664,False,False,False,False,False,-0.2671722492669132,normal,Within the expected robust local range for gpu_cost.
2023-11-30,gpu_cost,36857.037690165824,48285.23900041552,40116.19,42451.36,0.9449918683406139,False,False,False,False,False,-0.273984935220147,normal,Within the expected robust local range for gpu_cost.
2023-12-01,gpu_cost,36900.31836076989,48341.939637666495,42969.659999999996,42501.21,1.0110220391372386,False,False,False,False,False,-0.3161707505210697,normal,Within the expected robust local range for gpu_cost.
2023-12-02,gpu_cost,37307.03511391886,48874.76638832288,45987.69,42969.659999999996,1.0702363016137435,False,False,False,False,False,-0.2509727887008837,normal,Within the expected robust local range for gpu_cost.
2023-12-03,gpu_cost,37667.27615397986,49346.7067776544,42451.36,43384.58,0.9784895923851286,False,False,False,False,False,-0.3000621399591179,normal,Within the expected robust local range for gpu_cost.
2023-12-04,gpu_cost,37677.24329738075,49359.764416884915,39596.09,43396.06,0.912435138120834,False,False,False,False,False,-0.18655019466438638,normal,Within the expected robust local range for gpu_cost.
2023-12-05,gpu_cost,37667.27615397986,49346.7067776544,41998.5,43384.58,0.9680513214602976,False,False,False,False,False,-0.29059975226585594,normal,Within the expected robust local range for gpu_cost.
2023-12-06,gpu_cost,37667.27615397986,49346.7067776544,38549.95,43384.58,0.8885634020197959,False,False,False,False,False,-0.11529541104985952,normal,Within the expected robust local range for gpu_cost.
2023-12-07,gpu_cost,37667.27615397986,49346.7067776544,45372.880000000005,43384.58,1.0458296473078685,False,False,False,False,False,-0.2925228951701311,normal,Within the expected robust local range for gpu_cost.
2023-12-08,gpu_cost,37677.24329738075,49359.764416884915,45350.3,43396.06,1.0450326596469819,False,False,False,False,False,-0.291544157612532,normal,Within the expected robust local range for gpu_cost.
2023-12-09,gpu_cost,37677.24329738075,49359.764416884915,47610.42,43396.06,1.0971138854541174,False,False,False,False,False,-0.20347234711176887,normal,Within the expected robust local range for gpu_cost.
2023-12-10,gpu_cost,37677.24329738075,49359.764416884915,42166.86,43396.06,0.9716748479009385,False,False,False,False,False,-0.28733282147269384,normal,Within the expected robust local range for gpu_cost.
2023-12-11,gpu_cost,37677.24329738075,49359.764416884915,49675.1,43396.06,1.1446914765994884,True,False,False,True,False,-0.06911951728468946,candidate_anomaly,Candidate gpu_cost anomaly: 14.5% above the robust local median; only one method or the standard IQR fence flags it.
2023-12-12,gpu_cost,37667.27615397986,49346.7067776544,44263.87,43384.58,1.020267339225135,False,False,False,False,False,-0.3095090869375884,normal,Within the expected robust local range for gpu_cost.
2023-12-13,gpu_cost,37667.27615397986,49346.7067776544,38746.68,43384.58,0.893097962455785,False,False,False,False,False,-0.1392249256939887,normal,Within the expected robust local range for gpu_cost.
2023-12-14,gpu_cost,37652.08233781995,49326.801839803,45649.01,43367.08,1.0526189450615535,False,False,False,False,False,-0.28888200562355487,normal,Within the expected robust local range for gpu_cost.
2023-12-15,gpu_cost,37667.27615397986,49346.7067776544,47215.56,43384.58,1.08830280251647,False,False,False,False,False,-0.22547097917929726,normal,Within the expected robust local range for gpu_cost.
2023-12-16,gpu_cost,37790.75412736623,49508.471364010155,45997.49,43526.8,1.056762500344615,False,False,False,False,False,-0.2773540150727972,normal,Within the expected robust local range for gpu_cost.
2023-12-17,gpu_cost,37667.27615397986,49346.7067776544,43384.58,43384.58,1.0,False,False,False,False,False,-0.34528494969086826,normal,Within the expected robust local range for gpu_cost.
2023-12-18,gpu_cost,37667.27615397986,49346.7067776544,43526.8,43384.58,1.0032781232410226,False,False,False,False,False,-0.32384707463537693,normal,Within the expected robust local range for gpu_cost.
2023-12-19,gpu_cost,37667.27615397986,49346.7067776544,42739.75,43384.58,0.9851368850407218,False,False,False,False,False,-0.30564972575757876,normal,Within the expected robust local range for gpu_cost.
2023-12-20,gpu_cost,37667.27615397986,49346.7067776544,40243.8,43384.58,0.9276060757070831,False,False,False,False,False,-0.226695241629442,normal,Within the expected robust local range for gpu_cost.
2023-12-21,gpu_cost,37790.75412736623,49508.471364010155,42158.35,43526.8,0.9685607487800618,False,False,False,False,False,-0.29025678278495587,normal,Within the expected robust local range for gpu_cost.
2023-12-22,gpu_cost,37790.75412736623,49508.471364010155,45143.78,43526.8,1.0371490667818446,False,False,False,False,False,-0.3076844000523014,normal,Within the expected robust local range for gpu_cost.
2023-12-23,gpu_cost,37790.75412736623,49508.471364010155,39408.71,43526.8,0.9053895531029158,False,False,False,False,False,-0.16376656642044163,normal,Within the expected robust local range for gpu_cost.
2023-12-24,gpu_cost,37667.27615397986,49346.7067776544,38953.54,43384.58,0.897866015990013,False,False,False,False,False,-0.14873066629916187,normal,Within the expected robust local range for gpu_cost.
2023-12-25,gpu_cost,37667.27615397986,49346.7067776544,45521.96,43384.58,1.0492658912452304,False,False,False,False,False,-0.2914857398208802,normal,Within the expected robust local range for gpu_cost.
2023-12-26,gpu_cost,37667.27615397986,49346.7067776544,43367.08,43384.58,0.9995966308766847,False,False,False,False,False,-0.33787363262956366,normal,Within the expected robust local range for gpu_cost.
2023-12-27,gpu_cost,37652.08233781995,49326.801839803,45545.74,43367.08,1.050237645698073,False,False,False,False,False,-0.2951819773988529,normal,Within the expected robust local range for gpu_cost.
2023-12-28,gpu_cost,37652.08233781995,49326.801839803,39743.32,43367.08,0.9164398433097178,False,False,False,False,False,-0.19183540302417257,normal,Within the expected robust local range for gpu_cost.
2023-12-29,gpu_cost,37652.08233781995,49326.801839803,44570.4,43367.08,1.0277473143222924,False,False,False,False,False,-0.3054738337876703,normal,Within the expected robust local range for gpu_cost.
2023-12-30,gpu_cost,37652.08233781995,49326.801839803,44102.64,43367.08,1.0169612526367926,False,False,False,False,False,-0.3124923960184526,normal,Within the expected robust local range for gpu_cost.
2023-12-31,gpu_cost,37652.08233781995,49326.801839803,42555.880000000005,43367.08,0.9812945672155009,False,False,False,False,False,-0.3103537215367968,normal,Within the expected robust local range for gpu_cost.
2024-01-01,gpu_cost,37652.08233781995,49326.801839803,43132.85,43367.08,0.9945988985193376,False,False,False,False,False,-0.3179559354778764,normal,Within the expected robust local range for gpu_cost.
2024-01-02,gpu_cost,37652.08233781995,49326.801839803,41513.07,43367.08,0.9572484474398553,False,False,False,False,False,-0.2769923584802545,normal,Within the expected robust local range for gpu_cost.
2024-01-03,gpu_cost,37653.53226199064,49328.701339586536,39993.89,43368.75,0.9221822164577028,False,False,False,False,False,-0.20766813273872498,normal,Within the expected robust local range for gpu_cost.
2024-01-04,gpu_cost,37653.53226199064,49328.701339586536,45038.28,43368.75,1.0384961521833116,False,False,False,False,False,-0.30866459000104113,normal,Within the expected robust local range for gpu_cost.
2024-01-05,gpu_cost,37653.53226199064,49328.701339586536,47064.59,43368.75,1.0852189652687707,False,False,False,False,False,-0.23260932741338636,normal,Within the expected robust local range for gpu_cost.
2024-01-06,gpu_cost,37653.53226199064,49328.701339586536,44584.79,43368.75,1.0280395446029686,False,False,False,False,False,-0.305611082744717,normal,Within the expected robust local range for gpu_cost.
2024-01-07,gpu_cost,37653.53226199064,49328.701339586536,41509.0,43368.75,0.9571177403084018,False,False,False,False,False,-0.2776779168925348,normal,Within the expected robust local range for gpu_cost.
2024-01-08,gpu_cost,38046.42698352443,49843.42028392325,42337.53,43821.28,0.9661408794996403,False,False,False,False,False,-0.29387282335497095,normal,Within the expected robust local range for gpu_cost.
2024-01-09,gpu_cost,38046.42698352443,49843.42028392325,45286.92,43821.28,1.0334458509655582,False,False,False,False,False,-0.3071699767285309,normal,Within the expected robust local range for gpu_cost.
2024-01-10,gpu_cost,38146.66275927648,49974.73600249147,41905.67,43936.729999999996,0.9537730732350815,False,False,False,False,False,-0.28281025835375023,normal,Within the expected robust local range for gpu_cost.
2024-01-11,gpu_cost,38046.42698352443,49843.42028392325,43112.21,43821.28,0.9838190486448594,False,False,False,False,False,-0.3112519185561188,normal,Within the expected robust local range for gpu_cost.
2024-01-12,gpu_cost,38046.42698352443,49843.42028392325,43986.96,43821.28,1.0037808115144058,False,False,False,False,False,-0.31774611648040474,normal,Within the expected robust local range for gpu_cost.
2024-01-13,gpu_cost,38046.42698352443,49843.42028392325,45138.4,43821.28,1.0300566300208485,False,False,False,False,False,-0.30346690355554107,normal,Within the expected robust local range for gpu_cost.
2024-01-14,gpu_cost,38046.42698352443,49843.42028392325,44201.52,43821.28,1.0086770628333996,False,False,False,False,False,-0.32169086950724474,normal,Within the expected robust local range for gpu_cost.
2024-01-15,gpu_cost,38046.42698352443,49843.42028392325,43368.75,43821.28,0.9896732820218853,False,False,False,False,False,-0.30725869482731616,normal,Within the expected robust local range for gpu_cost.
2024-01-16,gpu_cost,38046.42698352443,49843.42028392325,45123.94,43821.28,1.0297266533519789,False,False,False,False,False,-0.30296966656099134,normal,Within the expected robust local range for gpu_cost.
2024-01-17,gpu_cost,38146.66275927648,49974.73600249147,44522.85,43936.729999999996,1.0133400915361703,False,False,False,False,False,-0.31187098230458443,normal,Within the expected robust local range for gpu_cost.
2024-01-18,gpu_cost,38186.1493169309,50026.4660924047,41760.68,43982.21,0.9494902598118649,False,False,False,False,False,-0.2692594880218855,normal,Within the expected robust local range for gpu_cost.
2024-01-19,gpu_cost,38146.66275927648,49974.73600249147,42537.3,43936.729999999996,0.9681489723973543,False,False,False,False,False,-0.2905429884402041,normal,Within the expected robust local range for gpu_cost.
2024-01-20,gpu_cost,38146.66275927648,49974.73600249147,44965.58,43936.729999999996,1.023416626590099,False,False,False,False,False,-0.3100657865242046,normal,Within the expected robust local range for gpu_cost.
2024-01-21,gpu_cost,38146.66275927648,49974.73600249147,43236.68,43936.729999999996,0.984066861598485,False,False,False,False,False,-0.3086893375615943,normal,Within the expected robust local range for gpu_cost.
2024-01-22,gpu_cost,38186.1493169309,50026.4660924047,43821.28,43982.21,0.9963410206081049,False,False,False,False,False,-0.32663433496441335,normal,Within the expected robust local range for gpu_cost.
2024-01-23,gpu_cost,38186.1493169309,50026.4660924047,45798.39,43982.21,1.0412935139002792,False,False,False,False,False,-0.2980541275526477,normal,Within the expected robust local range for gpu_cost.
2024-01-24,gpu_cost,38146.66275927648,49974.73600249147,43936.729999999996,43936.729999999996,1.0,False,False,False,False,False,-0.34528494969086826,normal,Within the expected robust local range for gpu_cost.
2024-01-25,gpu_cost,38146.66275927648,49974.73600249147,40744.79,43936.729999999996,0.9273514437692565,False,False,False,False,False,-0.22381253904211973,normal,Within the expected robust local range for gpu_cost.
2024-01-26,gpu_cost,38146.66275927648,49974.73600249147,43136.88,43936.729999999996,0.9817954135412444,False,False,False,False,False,-0.3143129841858515,normal,Within the expected robust local range for gpu_cost.
2024-01-27,gpu_cost,38146.66275927648,49974.73600249147,45314.7,43936.729999999996,1.0313625979903376,False,False,False,False,False,-0.3084718725253441,normal,Within the expected robust local range for gpu_cost.
2024-01-28,gpu_cost,38046.42698352443,49843.42028392325,45202.62,43821.28,1.0315221280619828,False,False,False,False,False,-0.31016549888066636,normal,Within the expected robust local range for gpu_cost.
2024-01-29,gpu_cost,38046.42698352443,49843.42028392325,43072.42,43821.28,0.9829110423063863,False,False,False,False,False,-0.3125944658804975,normal,Within the expected robust local range for gpu_cost.
2024-01-30,gpu_cost,38146.66275927648,49974.73600249147,42013.33,43936.729999999996,0.9562234148968302,False,False,False,False,False,-0.281119354830545,normal,Within the expected robust local range for gpu_cost.
2024-01-31,gpu_cost,38146.66275927648,49974.73600249147,43982.21,43936.729999999996,1.0010351248260851,False,False,False,False,False,-0.3368825077485434,normal,Within the expected robust local range for gpu_cost.
2024-02-01,gpu_cost,38046.42698352443,49843.42028392325,49425.72,43821.28,1.1278931149432423,False,False,False,False,False,-0.1211864217065669,normal,Within the expected robust local range for gpu_cost.
2024-02-02,gpu_cost,38146.66275927648,49974.73600249147,41014.94,43936.729999999996,0.9335000579242017,False,False,False,False,False,-0.23916038766861442,normal,Within the expected robust local range for gpu_cost.
2024-02-03,gpu_cost,38186.1493169309,50026.4660924047,44025.490000000005,43982.21,1.000984034226566,False,False,False,False,False,-0.3368825077485434,normal,Within the expected robust local range for gpu_cost.
2024-02-04,gpu_cost,38186.1493169309,50026.4660924047,45374.880000000005,43982.21,1.0316643933990586,False,False,False,False,False,-0.30941354373464597,normal,Within the expected robust local range for gpu_cost.
2024-02-05,gpu_cost,38198.816618517936,50043.06112344767,52643.2,43996.8,1.1965233835188012,True,False,True,True,False,0.0054565091494238604,candidate_anomaly,Candidate gpu_cost anomaly: 19.7% above the robust local median; only one method or the standard IQR fence flags it.
2024-02-06,gpu_cost,38223.72579483952,50075.69384727376,43244.96,44025.490000000005,0.9822709525776997,False,False,False,False,False,-0.31469901578133036,normal,Within the expected robust local range for gpu_cost.
2024-02-07,gpu_cost,38223.72579483952,50075.69384727376,43349.73,44025.490000000005,0.9846507103044168,False,False,False,False,False,-0.30779133632228656,normal,Within the expected robust local range for gpu_cost.
2024-02-08,gpu_cost,38223.72579483952,50075.69384727376,41376.17,44025.490000000005,0.9398230434232531,False,False,False,False,False,-0.2574189069587003,normal,Within the expected robust local range for gpu_cost.
2024-02-09,gpu_cost,38223.72579483952,50075.69384727376,43068.39,44025.490000000005,0.9782603214637701,False,False,False,False,False,-0.29821797405431916,normal,Within the expected robust local range for gpu_cost.
2024-02-10,gpu_cost,38333.8505743665,50219.96483682068,47044.44,44152.33,1.0655029983695086,False,False,False,False,False,-0.2658578240682633,normal,Within the expected robust local range for gpu_cost.
2024-02-11,gpu_cost,38333.8505743665,50219.96483682068,41479.38,44152.33,0.9394607260817265,False,False,False,False,False,-0.25519890214736174,normal,Within the expected robust local range for gpu_cost.
2024-02-12,gpu_cost,38333.8505743665,50219.96483682068,48330.55,44152.33,1.0946319254272652,False,False,False,False,False,-0.2077027235259824,normal,Within the expected robust local range for gpu_cost.
2024-02-13,gpu_cost,38390.97064094708,50294.79602889173,44292.89,44218.12,1.0016909357521304,False,False,False,False,False,-0.3320716373459393,normal,Within the expected robust local range for gpu_cost.
2024-02-14,gpu_cost,38425.49967344304,50340.0314219403,46071.85,44257.89,1.0409861382908223,False,False,False,False,False,-0.2992241137678317,normal,Within the expected robust local range for gpu_cost.
2024-02-15,gpu_cost,38455.88730576285,50379.8412976431,42589.73,44292.89,0.9615477788873114,False,False,False,False,False,-0.28308288987551344,normal,Within the expected robust local range for gpu_cost.
2024-02-16,gpu_cost,38455.88730576285,50379.8412976431,44152.33,44292.89,0.996826578712746,False,False,False,False,False,-0.33112245070092067,normal,Within the expected robust local range for gpu_cost.
2024-02-17,gpu_cost,38470.49941581835,50398.984160731045,44257.89,44309.72,0.998830279225416,False,False,False,False,False,-0.3352374064766891,normal,Within the expected robust local range for gpu_cost.
2024-02-18,gpu_cost,38554.273777033726,50508.73430091854,43996.8,44406.21,0.9907803435600562,False,False,False,False,False,-0.3180006183997647,normal,Within the expected robust local range for gpu_cost.
2024-02-19,gpu_cost,38554.273777033726,50508.73430091854,44309.72,44406.21,0.9978271057133676,False,False,False,False,False,-0.33202325356144574,normal,Within the expected robust local range for gpu_cost.
2024-02-20,gpu_cost,38554.273777033726,50508.73430091854,44218.12,44406.21,0.9957643311599887,False,False,False,False,False,-0.3270463201485705,normal,Within the expected robust local range for gpu_cost.
2024-02-21,gpu_cost,38554.273777033726,50508.73430091854,44533.18,44406.21,1.0028592847712066,False,False,False,False,False,-0.3253013030860856,normal,Within the expected robust local range for gpu_cost.
2024-02-22,gpu_cost,38664.511424909324,50653.15315571808,41974.97,44533.18,0.942554966880874,False,False,False,False,False,-0.2697344829160505,normal,Within the expected robust local range for gpu_cost.
2024-02-23,gpu_cost,38664.511424909324,50653.15315571808,42530.0,44533.18,0.9550182582963983,False,False,False,False,False,-0.2859657715231009,normal,Within the expected robust local range for gpu_cost.
2024-02-24,gpu_cost,38664.511424909324,50653.15315571808,46507.15,44533.18,1.0443258262715576,False,False,False,False,False,-0.29105339092652766,normal,Within the expected robust local range for gpu_cost.
2024-02-25,gpu_cost,38554.273777033726,50508.73430091854,44922.11,44406.21,1.011617744455111,False,False,False,False,False,-0.3143310983629883,normal,Within the expected robust local range for gpu_cost.
2024-02-26,gpu_cost,38664.511424909324,50653.15315571808,49510.29,44533.18,1.1117618369045283,False,False,False,False,False,-0.16951050210521668,normal,Within the expected robust local range for gpu_cost.
2024-02-27,gpu_cost,38664.511424909324,50653.15315571808,48636.92,44533.18,1.0921501675829124,False,False,False,False,False,-0.21515591738645834,normal,Within the expected robust local range for gpu_cost.
2024-02-28,gpu_cost,38664.511424909324,50653.15315571808,45034.85,44533.18,1.0112650836971444,False,False,False,False,False,-0.31641949420881665,normal,Within the expected robust local range for gpu_cost.
2024-02-29,gpu_cost,38664.511424909324,50653.15315571808,45251.19,44533.18,1.0161230345553585,False,False,False,False,False,-0.3136237648671248,normal,Within the expected robust local range for gpu_cost.
2024-03-01,gpu_cost,38932.29592309213,51003.969154661296,44871.92,44841.61,1.0006759346954759,False,False,False,False,False,-0.3370818547512379,normal,Within the expected robust local range for gpu_cost.
2024-03-02,gpu_cost,38958.61161268109,51038.444507019914,45381.29,44871.92,1.011351642630848,False,False,False,False,False,-0.3151415301200264,normal,Within the expected robust local range for gpu_cost.
2024-03-03,gpu_cost,38958.61161268109,51038.444507019914,44406.21,44871.92,0.9896213489416098,False,False,False,False,False,-0.30702317621091224,normal,Within the expected robust local range for gpu_cost.
2024-03-04,gpu_cost,38958.61161268109,51038.444507019914,47948.94,44871.92,1.068573397349612,False,False,False,False,False,-0.2539203203567367,normal,Within the expected robust local range for gpu_cost.
2024-03-05,gpu_cost,38958.61161268109,51038.444507019914,47329.0,44871.92,1.05475763016158,False,False,False,False,False,-0.28653387615364767,normal,Within the expected robust local range for gpu_cost.
2024-03-06,gpu_cost,39002.187477427695,51095.53186877772,44260.66,44922.11,0.9852756248537747,False,False,False,False,False,-0.30504437583235167,normal,Within the expected robust local range for gpu_cost.
2024-03-07,gpu_cost,39002.187477427695,51095.53186877772,44841.61,44922.11,0.9982080093744483,False,False,False,False,False,-0.3356934632343386,normal,Within the expected robust local range for gpu_cost.
2024-03-08,gpu_cost,39100.070382220125,51223.76516554152,41377.39,45034.85,0.9187860068369275,False,False,False,False,False,-0.20240147034843048,normal,Within the expected robust local range for gpu_cost.
2024-03-09,gpu_cost,39187.977461431,51338.9294488246,42887.07,45136.1,0.9501722567966661,False,False,False,False,False,-0.2673406990698517,normal,Within the expected robust local range for gpu_cost.
2024-03-10,gpu_cost,39187.977461431,51338.9294488246,44111.630000000005,45136.1,0.9773026468835369,False,False,False,False,False,-0.2940032024271709,normal,Within the expected robust local range for gpu_cost.
2024-03-11,gpu_cost,39187.977461431,51338.9294488246,45136.1,45136.1,1.0,False,False,False,False,False,-0.34528494969086826,normal,Within the expected robust local range for gpu_cost.
2024-03-12,gpu_cost,39100.070382220125,51223.76516554152,47512.01,45034.85,1.0550054013724928,False,False,False,False,False,-0.284954157094252,normal,Within the expected robust local range for gpu_cost.
2024-03-13,gpu_cost,39100.070382220125,51223.76516554152,44142.32,45034.85,0.9801813484445935,False,False,False,False,False,-0.3096377721682232,normal,Within the expected robust local range for gpu_cost.
2024-03-14,gpu_cost,38958.61161268109,51038.444507019914,46939.14,44871.92,1.0460693458180528,False,False,False,False,False,-0.29358861327716507,normal,Within the expected robust local range for gpu_cost.
2024-03-15,gpu_cost,38958.61161268109,51038.444507019914,47277.95,44871.92,1.0536199476198032,False,False,False,False,False,-0.2894523493958178,normal,Within the expected robust local range for gpu_cost.
2024-03-16,gpu_cost,39187.977461431,51338.9294488246,48263.78999999999,45136.1,1.0692946444198768,False,False,False,False,False,-0.25303555538172146,normal,Within the expected robust local range for gpu_cost.
2024-03-17,gpu_cost,39187.977461431,51338.9294488246,44444.83,45136.1,0.9846847645232973,False,False,False,False,False,-0.3074747036092371,normal,Within the expected robust local range for gpu_cost.
2024-03-18,gpu_cost,39575.2461298953,51846.27787903121,40870.38,45582.15,0.8966312471000161,False,False,False,False,False,-0.14859307012155998,normal,Within the expected robust local range for gpu_cost.
2024-03-19,gpu_cost,39575.2461298953,51846.27787903121,42959.25,45582.15,0.9424577383910149,False,False,False,False,False,-0.2687717809558793,normal,Within the expected robust local range for gpu_cost.
2024-03-20,gpu_cost,39575.2461298953,51846.27787903121,48331.92,45582.15,1.0603255879768725,False,False,False,False,False,-0.2733775091397934,normal,Within the expected robust local range for gpu_cost.
2024-03-21,gpu_cost,39688.062385427744,51994.07488614037,44074.56,45712.09,0.9641773106414517,False,False,False,False,False,-0.28470653342680224,normal,Within the expected robust local range for gpu_cost.
2024-03-22,gpu_cost,39916.16063580089,52292.899187415744,45582.15,45974.81,0.9914592360468701,False,False,False,False,False,-0.32109571628056827,normal,Within the expected robust local range for gpu_cost.
2024-03-23,gpu_cost,40009.919504778496,52415.729715334164,45974.81,46082.8,0.9976566094074144,False,False,False,False,False,-0.3332264832821777,normal,Within the expected robust local range for gpu_cost.
2024-03-24,gpu_cost,40753.4093636569,53389.752257029315,48191.729999999996,46939.14,1.0266854058255008,False,False,False,False,False,-0.3053307486603201,normal,Within the expected robust local range for gpu_cost.
2024-03-25,gpu_cost,41047.570326693305,53775.12322808255,44794.3,47277.95,0.9474670538802974,False,False,False,False,False,-0.27267658398901407,normal,Within the expected robust local range for gpu_cost.
2024-03-26,gpu_cost,41250.78544728686,54041.34892828244,43744.350000000006,47512.01,0.9207008922586101,False,False,False,False,False,-0.20360332751126176,normal,Within the expected robust local range for gpu_cost.
2024-03-27,gpu_cost,41455.48522077374,54309.51962526666,47747.78,47747.78,1.0,False,False,False,False,False,-0.34528494969086826,normal,Within the expected robust local range for gpu_cost.
2024-03-28,gpu_cost,41840.93063129885,54814.479462931085,43764.78,48191.729999999996,0.9081388030684934,False,False,False,False,False,-0.17100444808331716,normal,Within the expected robust local range for gpu_cost.
2024-03-29,gpu_cost,41903.494425155004,54896.44230987803,46082.8,48263.78999999999,0.9548110498574606,False,False,False,False,False,-0.2860971126571769,normal,Within the expected robust local range for gpu_cost.
2024-03-30,gpu_cost,41962.64612201068,54973.93507649608,45712.09,48331.92,0.9457950356617324,False,False,False,False,False,-0.2776372966795808,normal,Within the expected robust local range for gpu_cost.
2024-03-31,gpu_cost,41976.26846347062,54991.781275061134,48347.61,48347.61,1.0,False,False,False,False,False,-0.34528494969086826,normal,Within the expected robust local range for gpu_cost.
2024-04-01,gpu_cost,53709.91438856337,70363.65957418241,64714.17,61862.24,1.0461013050933816,False,False,False,False,False,-0.2934111230318095,normal,Within the expected robust local range for gpu_cost.
2024-04-02,gpu_cost,56186.01153832994,73607.51611169864,69381.24,64714.17,1.0721182084232868,False,False,False,False,False,-0.24579776510866225,normal,Within the expected robust local range for gpu_cost.
2024-04-03,gpu_cost,57061.52263636693,74754.49550194715,69674.26000000001,65722.57,1.0601268331411873,False,False,False,False,False,-0.2727342939599954,normal,Within the expected robust local range for gpu_cost.
2024-04-04,gpu_cost,57078.0535083489,74776.15207432945,61862.24,65741.61,0.9409906450420061,False,False,False,False,False,-0.262575449164848,normal,Within the expected robust local range for gpu_cost.
2024-04-05,gpu_cost,58325.37899327039,76410.23372942711,74980.09000000001,67178.26,1.1161362321679664,False,False,False,False,False,-0.17075090131080062,normal,Within the expected robust local range for gpu_cost.
2024-04-06,gpu_cost,58529.27132395565,76677.34662114267,68493.94,67413.1,1.0160330855575548,False,False,False,False,False,-0.3141839693718388,normal,Within the expected robust local range for gpu_cost.
2024-04-07,gpu_cost,58529.27132395565,76677.34662114267,74962.48999999999,67413.1,1.111986987692303,False,False,False,False,False,-0.1708867117354107,normal,Within the expected robust local range for gpu_cost.
2024-04-08,gpu_cost,58529.27132395565,76677.34662114267,72969.87,67413.1,1.0824286377573498,False,False,False,False,False,-0.24340488108880914,normal,Within the expected robust local range for gpu_cost.
2024-04-09,gpu_cost,58734.41388865634,76946.09740488713,65741.61,67649.38,0.9717991502656786,False,False,False,False,False,-0.28761880400223405,normal,Within the expected robust local range for gpu_cost.
2024-04-10,gpu_cost,58749.034680892495,76965.25164222528,65722.57,67666.22,0.9712759187671486,False,False,False,False,False,-0.28860044799635315,normal,Within the expected robust local range for gpu_cost.
2024-04-11,gpu_cost,58819.290886815885,77057.29207485013,69684.85,67747.14,1.028602093018244,False,False,False,False,False,-0.30636352629867286,normal,Within the expected robust local range for gpu_cost.
2024-04-12,gpu_cost,59005.38474714239,77301.08775365404,69629.05,67961.48,1.02453698771716,False,False,False,False,False,-0.3093319375335264,normal,Within the expected robust local range for gpu_cost.
2024-04-13,gpu_cost,59288.17205351053,77671.55845694424,67961.48,68287.19,0.9952302913621134,False,False,False,False,False,-0.32506441170058376,normal,Within the expected robust local range for gpu_cost.
2024-04-14,gpu_cost,59288.17205351053,77671.55845694424,67178.26,68287.19,0.9837607902741348,False,False,False,False,False,-0.31199030957158136,normal,Within the expected robust local range for gpu_cost.
2024-04-15,gpu_cost,59467.67613871396,77906.72107984574,71088.26,68493.94,1.0378766355096523,False,False,False,False,False,-0.3089427917519165,normal,Within the expected robust local range for gpu_cost.
2024-04-16,gpu_cost,59467.67613871396,77906.72107984574,67413.1,68493.94,0.9842199178496668,False,False,False,False,False,-0.3086688955180036,normal,Within the expected robust local range for gpu_cost.
2024-04-17,gpu_cost,59467.67613871396,77906.72107984574,67649.38,68493.94,0.9876695660959204,False,False,False,False,False,-0.3034161405513527,normal,Within the expected robust local range for gpu_cost.
2024-04-18,gpu_cost,59467.67613871396,77906.72107984574,69108.1,68493.94,1.0089666326685252,False,False,False,False,False,-0.322666773541447,normal,Within the expected robust local range for gpu_cost.
2024-04-19,gpu_cost,59679.34770327309,78184.0252997412,68737.74,68737.74,1.0,False,False,False,False,False,-0.34528494969086826,normal,Within the expected robust local range for gpu_cost.
2024-04-20,gpu_cost,59679.34770327309,78184.0252997412,67747.14,68737.74,0.9855887027999465,False,False,False,False,False,-0.3051554599180673,normal,Within the expected robust local range for gpu_cost.
2024-04-21,gpu_cost,59679.34770327309,78184.0252997412,65094.2,68737.74,0.9469936020590726,False,False,False,False,False,-0.2740510802385264,normal,Within the expected robust local range for gpu_cost.
2024-04-22,gpu_cost,59389.80566034929,77804.70542979478,67057.70999999999,68404.25,0.9803149658098728,False,False,False,False,False,-0.3095463492319429,normal,Within the expected robust local range for gpu_cost.
2024-04-23,gpu_cost,59389.80566034929,77804.70542979478,74549.69,68404.25,1.0898400318693648,False,False,False,False,False,-0.21914696123032562,normal,Within the expected robust local range for gpu_cost.
2024-04-24,gpu_cost,59519.51743945155,77974.6367277947,67666.22,68553.65,0.9870549562277138,False,False,False,False,False,-0.3028927302269182,normal,Within the expected robust local range for gpu_cost.
2024-04-25,gpu_cost,59679.34770327309,78184.0252997412,68287.19,68737.74,0.9934453765864283,False,False,False,False,False,-0.3145572777249838,normal,Within the expected robust local range for gpu_cost.
2024-04-26,gpu_cost,59679.34770327309,78184.0252997412,68788.27,68737.74,1.000735112908862,False,False,False,False,False,-0.3369876396657046,normal,Within the expected robust local range for gpu_cost.
2024-04-27,gpu_cost,59679.34770327309,78184.0252997412,69224.02,68737.74,1.0070744251993156,False,False,False,False,False,-0.3209652183774355,normal,Within the expected robust local range for gpu_cost.
2024-04-28,gpu_cost,59723.21876216222,78241.49938600583,66787.18,68788.27,0.9709094297617892,False,False,False,False,False,-0.28866038987674375,normal,Within the expected robust local range for gpu_cost.
2024-04-29,gpu_cost,60000.90094630063,78605.28203017797,72588.41,69108.1,1.0503603774376664,False,False,False,False,False,-0.29497357343632447,normal,Within the expected robust local range for gpu_cost.
2024-04-30,gpu_cost,60000.90094630063,78605.28203017797,68404.25,69108.1,0.989815231499636,False,False,False,False,False,-0.3078411141710525,normal,Within the expected robust local range for gpu_cost.
2024-05-01,gpu_cost,60101.54478454383,78737.13233850562,76853.12,69224.02,1.110208855249955,False,False,False,False,False,-0.16927908592219232,normal,Within the expected robust local range for gpu_cost.
2024-05-02,gpu_cost,60500.421528554296,79259.68814123068,72275.2,69683.44,1.0371933417753199,False,False,False,False,False,-0.3070770479477757,normal,Within the expected robust local range for gpu_cost.
2024-05-03,gpu_cost,60923.799386395185,79814.3420780224,69683.44,70171.08,0.9930506983788763,False,False,False,False,False,-0.31497505397871906,normal,Within the expected robust local range for gpu_cost.
2024-05-04,gpu_cost,61466.09707277448,80524.78911981446,71199.4,70795.69,1.0057024657856997,False,False,False,False,False,-0.31521641714298565,normal,Within the expected robust local range for gpu_cost.
2024-05-05,gpu_cost,61816.60538831246,80983.97897467087,66525.08,71199.4,0.9343488849625138,False,False,False,False,False,-0.2413090014632882,normal,Within the expected robust local range for gpu_cost.
2024-05-06,gpu_cost,61816.60538831246,80983.97897467087,65137.53,71199.4,0.9148606589381372,False,False,False,False,False,-0.18789106591472593,normal,Within the expected robust local range for gpu_cost.
2024-05-07,gpu_cost,62750.63438401673,82207.62081127275,68553.65,72275.2,0.9485086170636677,False,False,False,False,False,-0.2704552810123001,normal,Within the expected robust local range for gpu_cost.
2024-05-08,gpu_cost,62048.43697637061,81287.69420353259,70171.08,71466.42,0.9818748441575779,False,False,False,False,False,-0.31417977614895726,normal,Within the expected robust local range for gpu_cost.
2024-05-09,gpu_cost,62048.43697637061,81287.69420353259,75049.79000000001,71466.42,1.0501406114927823,False,False,False,False,False,-0.295043151107243,normal,Within the expected robust local range for gpu_cost.
2024-05-10,gpu_cost,62048.43697637061,81287.69420353259,70795.69,71466.42,0.9906147530546514,False,False,False,False,False,-0.3140345549595949,normal,Within the expected robust local range for gpu_cost.
2024-05-11,gpu_cost,62048.43697637061,81287.69420353259,76721.43,71466.42,1.0735311772997724,False,False,False,False,False,-0.24546537803438112,normal,Within the expected robust local range for gpu_cost.
2024-05-12,gpu_cost,62048.43697637061,81287.69420353259,76222.62,71466.42,1.066551535672278,False,False,False,False,False,-0.26285661310087893,normal,Within the expected robust local range for gpu_cost.
2024-05-13,gpu_cost,62750.63438401673,82207.62081127275,150767.04,72275.2,2.0860134596652795,True,True,True,True,True,0.09564278297418982,strong_anomaly,Strong gpu_cost anomaly: 108.6% above the robust local median; both the outer IQR fence and Isolation Forest agree.
2024-05-14,gpu_cost,62048.43697637061,81287.69420353259,152954.72,71466.42,2.1402320138604956,True,True,True,True,True,0.10013754086983251,strong_anomaly,Strong gpu_cost anomaly: 114.0% above the robust local median; both the outer IQR fence and Isolation Forest agree.
2024-05-15,gpu_cost,62048.43697637061,81287.69420353259,162978.55,71466.42,2.280491313262928,True,True,True,True,True,0.11129112641535088,strong_anomaly,Strong gpu_cost anomaly: 128.0% above the robust local median; both the outer IQR fence and Isolation Forest agree.
2024-05-16,gpu_cost,61816.60538831246,80983.97897467087,142768.87,71199.4,2.005197656160024,True,True,True,True,True,0.09024397677739182,strong_anomaly,Strong gpu_cost anomaly: 100.5% above the robust local median; both the outer IQR fence and Isolation Forest agree.
2024-05-17,gpu_cost,61816.60538831246,80983.97897467087,162650.30000000002,71199.4,2.2844335766874444,True,True,True,True,True,0.11186223261273043,strong_anomaly,Strong gpu_cost anomaly: 128.4% above the robust local median; both the outer IQR fence and Isolation Forest agree.
2024-05-18,gpu_cost,61816.60538831246,80983.97897467087,135918.56,71199.4,1.9089846262749406,True,True,True,True,True,0.0883904916193966,strong_anomaly,Strong gpu_cost anomaly: 90.9% above the robust local median; both the outer IQR fence and Isolation Forest agree.
2024-05-19,gpu_cost,62048.43697637061,81287.69420353259,143863.12,71466.42,2.0130170225400965,True,True,True,True,True,0.09154390581764482,strong_anomaly,Strong gpu_cost anomaly: 101.3% above the robust local median; both the outer IQR fence and Isolation Forest agree.
2024-05-20,gpu_cost,64938.734919017494,85074.1820953783,69518.82,74795.42,0.9294528996561555,False,False,False,False,False,-0.22801120953334886,normal,Within the expected robust local range for gpu_cost.
2024-05-21,gpu_cost,64938.734919017494,85074.1820953783,78242.1,74795.42,1.046081431189236,False,False,False,False,False,-0.29358861327716507,normal,Within the expected robust local range for gpu_cost.
2024-05-22,gpu_cost,64938.734919017494,85074.1820953783,71466.42,74795.42,0.9554919271794984,False,False,False,False,False,-0.2854346858542991,normal,Within the expected robust local range for gpu_cost.
2024-05-23,gpu_cost,64938.734919017494,85074.1820953783,65562.14,74795.42,0.876552869146266,False,False,False,False,False,-0.051356109037249076,normal,Within the expected robust local range for gpu_cost.
2024-05-24,gpu_cost,62048.43697637061,81287.69420353259,64376.450000000004,71466.42,0.9007929878116184,False,False,False,False,False,-0.1532018389754186,normal,Within the expected robust local range for gpu_cost.
2024-05-25,gpu_cost,62048.43697637061,81287.69420353259,69026.92,71466.42,0.9658650874074846,False,False,False,False,False,-0.2927380291641178,normal,Within the expected robust local range for gpu_cost.
2024-05-26,gpu_cost,62048.43697637061,81287.69420353259,68461.57,71466.42,0.9579543791335848,False,False,False,False,False,-0.27868734898081327,normal,Within the expected robust local range for gpu_cost.
2024-05-27,gpu_cost,61375.89789786863,80406.62203447837,77273.64,70691.8,1.0931061311212897,False,False,False,False,False,-0.2128702385812452,normal,Within the expected robust local range for gpu_cost.
2024-05-28,gpu_cost,61375.89789786863,80406.62203447837,66956.98,70691.8,0.947167563989034,False,False,False,False,False,-0.27327265692487995,normal,Within the expected robust local range for gpu_cost.
2024-05-29,gpu_cost,61113.52239823874,80062.89219341025,70009.55,70389.6,0.9946007648857217,False,False,False,False,False,-0.31779633938130575,normal,Within the expected robust local range for gpu_cost.
2024-05-30,gpu_cost,61113.52239823874,80062.89219341025,70691.8,70389.6,1.004293247866162,False,False,False,False,False,-0.316268330267385,normal,Within the expected robust local range for gpu_cost.
2024-05-31,gpu_cost,61113.52239823874,80062.89219341025,74939.47,70389.6,1.0646383840794662,False,False,False,False,False,-0.26659922528194463,normal,Within the expected robust local range for gpu_cost.
2024-06-01,gpu_cost,61113.52239823874,80062.89219341025,67747.03,70389.6,0.9624579483332764,False,False,False,False,False,-0.282434608545109,normal,Within the expected robust local range for gpu_cost.
2024-06-02,gpu_cost,61113.52239823874,80062.89219341025,74795.42,70389.6,1.0625919169877367,False,False,False,False,False,-0.2688521709505089,normal,Within the expected robust local range for gpu_cost.
2024-06-03,gpu_cost,61010.10026218345,79927.40212501834,82217.09,70270.48000000001,1.1700089425886941,True,False,False,True,False,-0.02001499049958655,candidate_anomaly,Candidate gpu_cost anomaly: 17.0% above the robust local median; only one method or the standard IQR fence flags it.
2024-06-04,gpu_cost,61113.52239823874,80062.89219341025,69393.13,70389.6,0.9858435052905543,False,False,False,False,False,-0.3068262955468164,normal,Within the expected robust local range for gpu_cost.
2024-06-05,gpu_cost,61113.52239823874,80062.89219341025,70270.48000000001,70389.6,0.9983077045472627,False,False,False,False,False,-0.33549470209311505,normal,Within the expected robust local range for gpu_cost.
2024-06-06,gpu_cost,61010.10026218345,79927.40212501834,69975.43,70270.48000000001,0.9958012240701926,False,False,False,False,False,-0.3273906571049452,normal,Within the expected robust local range for gpu_cost.
2024-06-07,gpu_cost,61113.52239823874,80062.89219341025,62090.36,70389.6,0.8820956504938229,False,False,False,False,False,-0.076757286876031,normal,Within the expected robust local range for gpu_cost.
2024-06-08,gpu_cost,61285.77686258873,80288.55731739408,70389.6,70588.0,0.9971893239644133,False,False,False,False,False,-0.3338694728917106,normal,Within the expected robust local range for gpu_cost.
2024-06-09,gpu_cost,61375.89789786863,80406.62203447837,75015.04,70691.8,1.0611561737004855,False,False,False,False,False,-0.27145192710510163,normal,Within the expected robust local range for gpu_cost.
2024-06-10,gpu_cost,61823.21252779685,80992.63477907368,69800.37,71207.01,0.9802457651290232,False,False,False,False,False,-0.30986432357287536,normal,Within the expected robust local range for gpu_cost.
2024-06-11,gpu_cost,61375.89789786863,80406.62203447837,79761.03,70691.8,1.1282925318070836,False,False,False,False,False,-0.12035861797175029,normal,Within the expected robust local range for gpu_cost.
2024-06-12,gpu_cost,61615.53476634263,80720.56271427059,65514.23,70967.81,0.9231541737021335,False,False,False,False,False,-0.2063706072746857,normal,Within the expected robust local range for gpu_cost.
2024-06-13,gpu_cost,61823.21252779685,80992.63477907368,70588.0,71207.01,0.9913068952059636,False,False,False,False,False,-0.3198124812393506,normal,Within the expected robust local range for gpu_cost.
2024-06-14,gpu_cost,61823.21252779685,80992.63477907368,71207.01,71207.01,1.0,False,False,False,False,False,-0.34528494969086826,normal,Within the expected robust local range for gpu_cost.
2024-06-15,gpu_cost,61823.21252779685,80992.63477907368,72526.25,71207.01,1.0185268276255386,False,False,False,False,False,-0.3078996329471634,normal,Within the expected robust local range for gpu_cost.
2024-06-16,gpu_cost,61823.21252779685,80992.63477907368,76793.43,71207.01,1.07845323093892,False,False,False,False,False,-0.24046368084497843,normal,Within the expected robust local range for gpu_cost.
2024-06-17,gpu_cost,61615.53476634263,80720.56271427059,69036.3,70967.81,0.9727832942851132,False,False,False,False,False,-0.2888410593300381,normal,Within the expected robust local range for gpu_cost.
2024-06-18,gpu_cost,61482.662673479106,80546.49118919758,82483.45,70814.77,1.1647774892158795,True,False,False,True,False,-0.026446752436603105,candidate_anomaly,Candidate gpu_cost anomaly: 16.5% above the robust local median; only one method or the standard IQR fence flags it.
2024-06-19,gpu_cost,61482.662673479106,80546.49118919758,73166.94,70814.77,1.03321581076942,False,False,False,False,False,-0.3073856598627071,normal,Within the expected robust local range for gpu_cost.
2024-06-20,gpu_cost,61482.662673479106,80546.49118919758,69608.94,70814.77,0.9829720551235286,False,False,False,False,False,-0.3126762525447478,normal,Within the expected robust local range for gpu_cost.
2024-06-21,gpu_cost,61482.662673479106,80546.49118919758,75225.63,70814.77,1.0622872883721857,False,False,False,False,False,-0.26974376263755884,normal,Within the expected robust local range for gpu_cost.
2024-06-22,gpu_cost,61482.662673479106,80546.49118919758,73397.02,70814.77,1.036464850482463,False,False,False,False,False,-0.3062087561419007,normal,Within the expected robust local range for gpu_cost.
2024-06-23,gpu_cost,61482.662673479106,80546.49118919758,72719.69,70814.77,1.0269000379440616,False,False,False,False,False,-0.3049037593101383,normal,Within the expected robust local range for gpu_cost.
2024-06-24,gpu_cost,61285.77686258873,80288.55731739408,74080.47,70588.0,1.0494768232560776,False,False,False,False,False,-0.29237285210899167,normal,Within the expected robust local range for gpu_cost.
2024-06-25,gpu_cost,61285.77686258873,80288.55731739408,69868.7,70588.0,0.989809882699609,False,False,False,False,False,-0.3077453254100107,normal,Within the expected robust local range for gpu_cost.
2024-06-26,gpu_cost,60661.267607513364,79470.40750045066,70967.81,69868.7,1.0157310784371256,False,False,False,False,False,-0.31163904034781,normal,Within the expected robust local range for gpu_cost.
2024-06-27,gpu_cost,60661.267607513364,79470.40750045066,81686.28,69868.7,1.1691398294229032,True,False,False,True,False,-0.02145974304203735,candidate_anomaly,Candidate gpu_cost anomaly: 16.9% above the robust local median; only one method or the standard IQR fence flags it.
2024-06-28,gpu_cost,60632.060751763696,79432.14452277518,69835.06,69835.06,1.0,False,False,False,False,False,-0.34528494969086826,normal,Within the expected robust local range for gpu_cost.
2024-06-29,gpu_cost,60435.739282616414,79174.94997723473,76913.70999999999,69608.94,1.1049401125774936,False,False,False,False,False,-0.17901622422023333,normal,Within the expected robust local range for gpu_cost.
2024-06-30,gpu_cost,59938.56288914171,78523.61491373624,70814.77,69036.3,1.0257613748129608,False,False,False,False,False,-0.30757199476345415,normal,Within the expected robust local range for gpu_cost.
2024-07-01,gpu_cost,44974.242810697564,58919.33261789713,47591.62,51800.63,0.9187459689196831,False,False,False,False,False,-0.20213749404023718,normal,Within the expected robust local range for gpu_cost.
2024-07-02,gpu_cost,44250.513595007695,57971.19786965901,48789.16,50967.05,0.957268666717026,False,False,False,False,False,-0.27674645023047806,normal,Within the expected robust local range for gpu_cost.
2024-07-03,gpu_cost,42634.24752500108,55853.77882652862,45939.52,49105.46,0.9355277396851592,False,False,False,False,False,-0.24593182206561448,normal,Within the expected robust local range for gpu_cost.
2024-07-04,gpu_cost,42359.63015063665,55494.01129267738,45559.56,48789.16,0.9338049681527617,False,False,False,False,False,-0.24117738521698423,normal,Within the expected robust local range for gpu_cost.
2024-07-05,gpu_cost,42253.98537633167,55355.60941623407,43306.72,48667.48,0.8898492381360201,False,False,False,False,False,-0.12219624689830555,normal,Within the expected robust local range for gpu_cost.
2024-07-06,gpu_cost,42219.79494888156,55310.817618943314,43538.15,48628.1,0.8953290381487248,False,False,False,False,False,-0.14689830166836515,normal,Within the expected robust local range for gpu_cost.
2024-07-07,gpu_cost,41695.9989894947,54624.60910432917,49105.46,48024.8,1.0225021239026502,False,False,False,False,False,-0.3079210741851733,normal,Within the expected robust local range for gpu_cost.
2024-07-08,gpu_cost,41319.904287543424,54131.89933413099,47150.74,47591.62,0.9907361842273912,False,False,False,False,False,-0.3164919194231978,normal,Within the expected robust local range for gpu_cost.
2024-07-09,gpu_cost,40994.487474120935,53705.58106235488,44620.740000000005,47216.810000000005,0.9450180984272338,False,False,False,False,False,-0.2740693410173468,normal,Within the expected robust local range for gpu_cost.
2024-07-10,gpu_cost,40937.1243064818,53630.4313912782,46628.770000000004,47150.74,0.9889297601691937,False,False,False,False,False,-0.30665589162740686,normal,Within the expected robust local range for gpu_cost.
2024-07-11,gpu_cost,40900.41604663947,53582.34106142922,48667.48,47108.46,1.0330942679934774,False,False,False,False,False,-0.30869375879317545,normal,Within the expected robust local range for gpu_cost.
2024-07-12,gpu_cost,40900.41604663947,53582.34106142922,51800.63,47108.46,1.0996035531622133,False,False,False,False,False,-0.19102781574821504,normal,Within the expected robust local range for gpu_cost.
2024-07-13,gpu_cost,40900.41604663947,53582.34106142922,50967.05,47108.46,1.0819086423118056,False,False,False,False,False,-0.24242412418844556,normal,Within the expected robust local range for gpu_cost.
2024-07-14,gpu_cost,40627.90844217609,53225.33747037677,48628.1,46794.59,1.039182093485593,False,False,False,False,False,-0.3075613400007388,normal,Within the expected robust local range for gpu_cost.
2024-07-15,gpu_cost,40615.614474357564,53209.231532092446,46794.59,46780.43,1.0003026906764216,False,False,False,False,False,-0.33919926770336906,normal,Within the expected robust local range for gpu_cost.
2024-07-16,gpu_cost,40526.4918898539,53092.47485378125,47108.46,46677.78,1.0092266598797115,False,False,False,False,False,-0.32178663922917894,normal,Within the expected robust local range for gpu_cost.
2024-07-17,gpu_cost,40526.4918898539,53092.47485378125,45882.57,46677.78,0.9829638427534472,False,False,False,False,False,-0.3122950889013659,normal,Within the expected robust local range for gpu_cost.
2024-07-18,gpu_cost,40526.4918898539,53092.47485378125,45690.08,46677.78,0.9788400390935473,False,False,False,False,False,-0.3015832912052691,normal,Within the expected robust local range for gpu_cost.
2024-07-19,gpu_cost,40615.614474357564,53209.231532092446,45473.76,46780.43,0.9720680207514125,False,False,False,False,False,-0.28885387293869313,normal,Within the expected robust local range for gpu_cost.
2024-07-20,gpu_cost,40627.90844217609,53225.33747037677,45231.240000000005,46794.59,0.9665912234726282,False,False,False,False,False,-0.2919106719956109,normal,Within the expected robust local range for gpu_cost.
2024-07-21,gpu_cost,40749.25928130008,53384.31536543333,48024.8,46934.36,1.0232332985897752,False,False,False,False,False,-0.3104889850601,normal,Within the expected robust local range for gpu_cost.
2024-07-22,gpu_cost,40627.90844217609,53225.33747037677,47216.810000000005,46794.59,1.0090228378964323,False,False,False,False,False,-0.3226851995040911,normal,Within the expected robust local range for gpu_cost.
2024-07-23,gpu_cost,40615.614474357564,53209.231532092446,46780.43,46780.43,1.0,False,False,False,False,False,-0.34528494969086826,normal,Within the expected robust local range for gpu_cost.
2024-07-24,gpu_cost,40627.90844217609,53225.33747037677,42408.71,46794.59,0.906273780793891,False,False,False,False,False,-0.16408748015084107,normal,Within the expected robust local range for gpu_cost.
2024-07-25,gpu_cost,40749.25928130008,53384.31536543333,46677.78,46934.36,0.9945332161768052,False,False,False,False,False,-0.31711580149765867,normal,Within the expected robust local range for gpu_cost.
2024-07-26,gpu_cost,40749.25928130008,53384.31536543333,48245.81,46934.36,1.027942215468582,False,False,False,False,False,-0.30544409638869263,normal,Within the expected robust local range for gpu_cost.
2024-07-27,gpu_cost,40627.90844217609,53225.33747037677,48496.13,46794.59,1.036361895680676,False,False,False,False,False,-0.305322738080515,normal,Within the expected robust local range for gpu_cost.
2024-07-28,gpu_cost,40615.614474357564,53209.231532092446,45190.35,46780.43,0.9660097181663357,False,False,False,False,False,-0.293422807921103,normal,Within the expected robust local range for gpu_cost.
2024-07-29,gpu_cost,40613.52206881784,53206.49033779406,45688.82,46778.020000000004,0.976715560000188,False,False,False,False,False,-0.29183575566753794,normal,Within the expected robust local range for gpu_cost.
2024-07-30,gpu_cost,40526.4918898539,53092.47485378125,45068.66,46677.78,0.9655270666257051,False,False,False,False,False,-0.29066054282355314,normal,Within the expected robust local range for gpu_cost.
2024-07-31,gpu_cost,40526.4918898539,53092.47485378125,49864.740000000005,46677.78,1.0682757406200554,False,False,False,False,False,-0.25505748430500647,normal,Within the expected robust local range for gpu_cost.
2024-08-01,gpu_cost,40545.80105964797,53117.77118622782,44179.04,46700.02,0.9460175820053183,False,False,False,False,False,-0.2758938504915237,normal,Within the expected robust local range for gpu_cost.
2024-08-02,gpu_cost,40545.80105964797,53117.77118622782,51031.36,46700.02,1.0927481401506896,False,False,False,False,False,-0.21347602716239777,normal,Within the expected robust local range for gpu_cost.
2024-08-03,gpu_cost,40613.52206881784,53206.49033779406,47258.28,46778.020000000004,1.010266787692168,False,False,False,False,False,-0.3163337435019236,normal,Within the expected robust local range for gpu_cost.
2024-08-04,gpu_cost,40615.614474357564,53209.231532092446,46934.36,46780.43,1.0032904785184744,False,False,False,False,False,-0.3239583426117616,normal,Within the expected robust local range for gpu_cost.
2024-08-05,gpu_cost,40613.52206881784,53206.49033779406,44261.89,46778.020000000004,0.9462112761506365,False,False,False,False,False,-0.27491973901378614,normal,Within the expected robust local range for gpu_cost.
2024-08-06,gpu_cost,40613.52206881784,53206.49033779406,46241.76,46778.020000000004,0.9885360688631113,False,False,False,False,False,-0.3040889279104856,normal,Within the expected robust local range for gpu_cost.
2024-08-07,gpu_cost,40545.80105964797,53117.77118622782,48485.98,46700.02,1.0382432384397267,False,False,False,False,False,-0.30869484514715917,normal,Within the expected robust local range for gpu_cost.
2024-08-08,gpu_cost,40545.80105964797,53117.77118622782,47526.56,46700.02,1.0176989217563503,False,False,False,False,False,-0.3075760918283913,normal,Within the expected robust local range for gpu_cost.
2024-08-09,gpu_cost,40545.80105964797,53117.77118622782,48393.7,46700.02,1.0362672221553653,False,False,False,False,False,-0.3052179235304645,normal,Within the expected robust local range for gpu_cost.
2024-08-10,gpu_cost,40294.02650260737,52787.92930465488,46778.020000000004,46410.03,1.007929104980109,False,False,False,False,False,-0.32197605414505,normal,Within the expected robust local range for gpu_cost.
2024-08-11,gpu_cost,40294.02650260737,52787.92930465488,43502.270000000004,46410.03,0.9373463020816838,False,False,False,False,False,-0.2521303812557389,normal,Within the expected robust local range for gpu_cost.
2024-08-12,gpu_cost,40545.80105964797,53117.77118622782,46056.3,46700.02,0.9862158517276868,False,False,False,False,False,-0.30655086308332186,normal,Within the expected robust local range for gpu_cost.
2024-08-13,gpu_cost,40613.52206881784,53206.49033779406,46410.03,46778.020000000004,0.992133271138881,False,False,False,False,False,-0.3153513199470027,normal,Within the expected robust local range for gpu_cost.
2024-08-14,gpu_cost,40613.52206881784,53206.49033779406,52236.240000000005,46778.020000000004,1.1166834338007465,False,False,False,False,False,-0.16613725544304758,normal,Within the expected robust local range for gpu_cost.
2024-08-15,gpu_cost,40545.80105964797,53117.77118622782,46700.02,46700.02,1.0,False,False,False,False,False,-0.34528494969086826,normal,Within the expected robust local range for gpu_cost.
2024-08-16,gpu_cost,40613.52206881784,53206.49033779406,45902.19,46778.020000000004,0.9812768903001879,False,False,False,False,False,-0.3103537215367968,normal,Within the expected robust local range for gpu_cost.
2024-08-17,gpu_cost,40613.52206881784,53206.49033779406,49246.0,46778.020000000004,1.0527593942625189,False,False,False,False,False,-0.28842479275016386,normal,Within the expected robust local range for gpu_cost.
2024-08-18,gpu_cost,40613.52206881784,53206.49033779406,48036.89,46778.020000000004,1.0269115708616994,False,False,False,False,False,-0.3049037593101383,normal,Within the expected robust local range for gpu_cost.
2024-08-19,gpu_cost,40613.52206881784,53206.49033779406,45946.83,46778.020000000004,0.9822311846461222,False,False,False,False,False,-0.3152147979126601,normal,Within the expected robust local range for gpu_cost.
2024-08-20,gpu_cost,40869.19492497604,53541.439257707156,47877.700000000004,47072.5,1.01710552870572,False,False,False,False,False,-0.31159356129702015,normal,Within the expected robust local range for gpu_cost.
2024-08-21,gpu_cost,40872.389967459945,53545.62498178105,44990.76,47076.18,0.9557011635183654,False,False,False,False,False,-0.2847943325564165,normal,Within the expected robust local range for gpu_cost.
2024-08-22,gpu_cost,40869.19492497604,53541.439257707156,45690.67,47072.5,0.9706446439003664,False,False,False,False,False,-0.2892833093745338,normal,Within the expected robust local range for gpu_cost.
2024-08-23,gpu_cost,40628.36859775122,53225.940305637414,45527.34,46795.119999999995,0.9729078587681793,False,False,False,False,False,-0.2882826726613868,normal,Within the expected robust local range for gpu_cost.
2024-08-24,gpu_cost,40628.36859775122,53225.940305637414,43905.11,46795.119999999995,0.9382412097671724,False,False,False,False,False,-0.25476277139747194,normal,Within the expected robust local range for gpu_cost.
2024-08-25,gpu_cost,40869.19492497604,53541.439257707156,47176.32,47072.5,1.0022055340166764,False,False,False,False,False,-0.3289214004981936,normal,Within the expected robust local range for gpu_cost.
2024-08-26,gpu_cost,40869.19492497604,53541.439257707156,47072.5,47072.5,1.0,False,False,False,False,False,-0.34528494969086826,normal,Within the expected robust local range for gpu_cost.
2024-08-27,gpu_cost,40872.389967459945,53545.62498178105,47076.18,47076.18,1.0,False,False,False,False,False,-0.34528494969086826,normal,Within the expected robust local range for gpu_cost.
2024-08-28,gpu_cost,40894.44270634346,53574.51557729108,45649.45,47101.58,0.9691702486413406,False,False,False,False,False,-0.28853819421860216,normal,Within the expected robust local range for gpu_cost.
2024-08-29,gpu_cost,40894.44270634346,53574.51557729108,46243.03999999999,47101.58,0.9817725859726997,False,False,False,False,False,-0.31398140851752804,normal,Within the expected robust local range for gpu_cost.
2024-08-30,gpu_cost,40937.58446205693,53631.034226538846,51264.61,47151.270000000004,1.0872370988098516,False,False,False,False,False,-0.22777088153922698,normal,Within the expected robust local range for gpu_cost.
2024-08-31,gpu_cost,40959.33332461725,53659.52672329184,47491.43,47176.32,1.0066794103482426,False,False,False,False,False,-0.3200534368422661,normal,Within the expected robust local range for gpu_cost.
2024-09-01,gpu_cost,40937.58446205693,53631.034226538846,47188.85,47151.270000000004,1.0007970092852216,False,False,False,False,False,-0.3372419386501396,normal,Within the expected robust local range for gpu_cost.
2024-09-02,gpu_cost,40937.58446205693,53631.034226538846,47583.31,47151.270000000004,1.009162849696307,False,False,False,False,False,-0.3216285178409879,normal,Within the expected robust local range for gpu_cost.
2024-09-03,gpu_cost,40937.58446205693,53631.034226538846,47151.270000000004,47151.270000000004,1.0,False,False,False,False,False,-0.34528494969086826,normal,Within the expected robust local range for gpu_cost.
2024-09-04,gpu_cost,40894.44270634346,53574.51557729108,50989.49,47101.58,1.0825430909111753,False,False,False,False,False,-0.24440049518416002,normal,Within the expected robust local range for gpu_cost.
2024-09-05,gpu_cost,40937.58446205693,53631.034226538846,46207.83,47151.270000000004,0.979991207023692,False,False,False,False,False,-0.30975353456930127,normal,Within the expected robust local range for gpu_cost.
2024-09-06,gpu_cost,40959.33332461725,53659.52672329184,46795.119999999995,47176.32,0.9919196749555709,False,False,False,False,False,-0.3156999209753105,normal,Within the expected robust local range for gpu_cost.
2024-09-07,gpu_cost,40959.33332461725,53659.52672329184,47101.58,47176.32,0.9984157306038284,False,False,False,False,False,-0.3341928625619872,normal,Within the expected robust local range for gpu_cost.
2024-09-08,gpu_cost,40970.212096987736,53673.77865879344,47953.77,47188.85,1.0162097614160972,False,False,False,False,False,-0.31287586362233283,normal,Within the expected robust local range for gpu_cost.
2024-09-09,gpu_cost,41232.91751948281,54017.940721369196,46419.35,47491.43,0.9774258218798634,False,False,False,False,False,-0.2938204774649214,normal,Within the expected robust local range for gpu_cost.
2024-09-10,gpu_cost,41232.91751948281,54017.940721369196,48464.71,47491.43,1.0204938027766273,False,False,False,False,False,-0.30900376466605567,normal,Within the expected robust local range for gpu_cost.
2024-09-11,gpu_cost,41312.689395412635,54122.44733221413,48786.380000000005,47583.31,1.0252834449726176,False,False,False,False,False,-0.30935871839587253,normal,Within the expected robust local range for gpu_cost.
2024-09-12,gpu_cost,41312.689395412635,54122.44733221413,49389.65,47583.31,1.0379616298235663,False,False,False,False,False,-0.30844015726311336,normal,Within the expected robust local range for gpu_cost.
2024-09-13,gpu_cost,41634.32946024681,54543.817805152896,51853.26,47953.77,1.0813176941041343,False,False,False,False,False,-0.24208493487597715,normal,Within the expected robust local range for gpu_cost.
2024-09-14,gpu_cost,41312.689395412635,54122.44733221413,49157.65,47583.31,1.0330859706901434,False,False,False,False,False,-0.3084071269031984,normal,Within the expected robust local range for gpu_cost.
2024-09-15,gpu_cost,41312.689395412635,54122.44733221413,45957.06,47583.31,0.9658231005787533,False,False,False,False,False,-0.2927585987157151,normal,Within the expected robust local range for gpu_cost.
2024-09-16,gpu_cost,41634.32946024681,54543.817805152896,50119.490000000005,47953.77,1.0451626639573908,False,False,False,False,False,-0.29104874493016486,normal,Within the expected robust local range for gpu_cost.
2024-09-17,gpu_cost,42077.93679903203,55124.97374491248,46424.46,48464.71,0.9579023582313811,False,False,False,False,False,-0.2785019092797553,normal,Within the expected robust local range for gpu_cost.
2024-09-18,gpu_cost,42357.2165044124,55490.84925112156,46736.59,48786.380000000005,0.9579843800667316,False,False,False,False,False,-0.2781939921264596,normal,Within the expected robust local range for gpu_cost.
2024-09-19,gpu_cost,42077.93679903203,55124.97374491248,49713.22,48464.71,1.02576121883325,False,False,False,False,False,-0.30757199476345415,normal,Within the expected robust local range for gpu_cost.
2024-09-20,gpu_cost,42357.2165044124,55490.84925112156,49183.100000000006,48786.380000000005,1.008131777762564,False,False,False,False,False,-0.3219429870962933,normal,Within the expected robust local range for gpu_cost.
2024-09-21,gpu_cost,42679.55982588025,55913.14103832659,46742.0,49157.65,0.9508591236562366,False,False,False,False,False,-0.2648098398970183,normal,Within the expected robust local range for gpu_cost.
2024-09-22,gpu_cost,42679.55982588025,55913.14103832659,51719.19,49157.65,1.0521086748451156,False,False,False,False,False,-0.2918553749997185,normal,Within the expected robust local range for gpu_cost.
2024-09-23,gpu_cost,42679.55982588025,55913.14103832659,52762.93,49157.65,1.073341178839916,False,False,False,False,False,-0.24667894109235744,normal,Within the expected robust local range for gpu_cost.
2024-09-24,gpu_cost,42679.55982588025,55913.14103832659,46641.130000000005,49157.65,0.9488071541255533,False,False,False,False,False,-0.2704232536567426,normal,Within the expected robust local range for gpu_cost.
2024-09-25,gpu_cost,42689.80479906235,55926.562653563524,49169.45,49169.45,1.0,False,False,False,False,False,-0.34528494969086826,normal,Within the expected robust local range for gpu_cost.
2024-09-26,gpu_cost,42689.80479906235,55926.562653563524,47528.7,49169.45,0.9666307026009036,False,False,False,False,False,-0.2916717958173068,normal,Within the expected robust local range for gpu_cost.
2024-09-27,gpu_cost,42679.55982588025,55913.14103832659,54088.840000000004,49157.65,1.1003137863587866,False,False,False,False,False,-0.19002039708051677,normal,Within the expected robust local range for gpu_cost.
2024-09-28,gpu_cost,41791.225147004305,54749.36188053151,45707.729999999996,48134.479999999996,0.949583957279688,False,False,False,False,False,-0.2675941103916621,normal,Within the expected robust local range for gpu_cost.
2024-09-29,gpu_cost,41791.225147004305,54749.36188053151,47168.93,48134.479999999996,0.9799405748228713,False,False,False,False,False,-0.30875622625984167,normal,Within the expected robust local range for gpu_cost.
2024-09-30,gpu_cost,41791.225147004305,54749.36188053151,53990.25,48134.479999999996,1.1216543733307185,False,False,False,False,False,-0.13817425212638657,normal,Within the expected robust local range for gpu_cost.
2024-10-01,gpu_cost,41791.225147004305,54749.36188053151,49274.75,48134.479999999996,1.0236892556022212,False,False,False,False,False,-0.30853659236613257,normal,Within the expected robust local range for gpu_cost.
2024-10-02,gpu_cost,41791.225147004305,54749.36188053151,50868.78,48134.479999999996,1.0568054334439678,False,False,False,False,False,-0.27663149635577344,normal,Within the expected robust local range for gpu_cost.
2024-10-03,gpu_cost,41791.225147004305,54749.36188053151,47843.659999999996,48134.479999999996,0.9939581771736186,False,False,False,False,False,-0.31550427509278733,normal,Within the expected robust local range for gpu_cost.
2024-10-04,gpu_cost,41791.225147004305,54749.36188053151,52816.09,48134.479999999996,1.0972610486287584,False,False,False,False,False,-0.20255855332603634,normal,Within the expected robust local range for gpu_cost.
2024-10-05,gpu_cost,41791.225147004305,54749.36188053151,51888.32,48134.479999999996,1.0779865078006452,False,False,False,False,False,-0.2397276752262642,normal,Within the expected robust local range for gpu_cost.
2024-10-06,gpu_cost,42508.156215235205,55688.590590862426,47045.03,48960.229999999996,0.9608825367037697,False,False,False,False,False,-0.2800236182536054,normal,Within the expected robust local range for gpu_cost.
2024-10-07,gpu_cost,42508.156215235205,55688.590590862426,45395.11,48960.229999999996,0.9271833486076353,False,False,False,False,False,-0.22305809067412097,normal,Within the expected robust local range for gpu_cost.
2024-10-08,gpu_cost,42151.88293173711,55221.848233872675,48134.479999999996,48549.88,0.9914438511485507,False,False,False,False,False,-0.32080640267714366,normal,Within the expected robust local range for gpu_cost.
2024-10-09,gpu_cost,42254.63653988138,55356.462484999116,49291.66,48668.229999999996,1.0128097939867549,False,False,False,False,False,-0.31426960619675814,normal,Within the expected robust local range for gpu_cost.
2024-10-10,gpu_cost,42254.63653988138,55356.462484999116,46529.92,48668.229999999996,0.9560635346713863,False,False,False,False,False,-0.281972035722015,normal,Within the expected robust local range for gpu_cost.
2024-10-11,gpu_cost,42508.156215235205,55688.590590862426,47867.03,48960.229999999996,0.9776716735195077,False,False,False,False,False,-0.29480984630774465,normal,Within the expected robust local range for gpu_cost.
2024-10-12,gpu_cost,42508.156215235205,55688.590590862426,47296.27,48960.229999999996,0.9660140485451151,False,False,False,False,False,-0.293422807921103,normal,Within the expected robust local range for gpu_cost.
2024-10-13,gpu_cost,42508.156215235205,55688.590590862426,50774.26,48960.229999999996,1.037051092284493,False,False,False,False,False,-0.3083190938800997,normal,Within the expected robust local range for gpu_cost.
2024-10-14,gpu_cost,42781.228161441664,56046.33350817793,46773.02,49274.75,0.9492289661540646,False,False,False,False,False,-0.27098676877797656,normal,Within the expected robust local range for gpu_cost.
2024-10-15,gpu_cost,42781.228161441664,56046.33350817793,50879.759999999995,49274.75,1.0325726665279884,False,False,False,False,False,-0.31004640363637087,normal,Within the expected robust local range for gpu_cost.
2024-10-16,gpu_cost,42508.156215235205,55688.590590862426,46078.1,48960.229999999996,0.9411332422253735,False,False,False,False,False,-0.2624827626742551,normal,Within the expected robust local range for gpu_cost.
2024-10-17,gpu_cost,42508.156215235205,55688.590590862426,47383.83,48960.229999999996,0.9678024388365823,False,False,False,False,False,-0.29119146917163174,normal,Within the expected robust local range for gpu_cost.
2024-10-18,gpu_cost,42508.156215235205,55688.590590862426,48960.229999999996,48960.229999999996,1.0,False,False,False,False,False,-0.34528494969086826,normal,Within the expected robust local range for gpu_cost.
2024-10-19,gpu_cost,42508.156215235205,55688.590590862426,50754.61,48960.229999999996,1.0366497461306863,False,False,False,False,False,-0.305793317997742,normal,Within the expected robust local range for gpu_cost.
2024-10-20,gpu_cost,42465.17942095434,55632.28805236847,51536.02,48910.729999999996,1.0536751342701285,False,False,False,False,False,-0.2889316942319116,normal,Within the expected robust local range for gpu_cost.
2024-10-21,gpu_cost,42465.17942095434,55632.28805236847,49819.92,48910.729999999996,1.0185887636516568,False,False,False,False,False,-0.30805100724461004,normal,Within the expected robust local range for gpu_cost.
2024-10-22,gpu_cost,42508.156215235205,55688.590590862426,48549.88,48960.229999999996,0.9916187076735546,False,False,False,False,False,-0.31676752640235956,normal,Within the expected robust local range for gpu_cost.
2024-10-23,gpu_cost,42508.156215235205,55688.590590862426,48668.229999999996,48960.229999999996,0.9940359757296892,False,False,False,False,False,-0.31620725693694296,normal,Within the expected robust local range for gpu_cost.
2024-10-24,gpu_cost,42465.17942095434,55632.28805236847,51832.64,48910.729999999996,1.059739652219462,False,False,False,False,False,-0.27361696268816843,normal,Within the expected robust local range for gpu_cost.
2024-10-25,gpu_cost,42508.156215235205,55688.590590862426,49587.520000000004,48960.229999999996,1.0128122355634361,False,False,False,False,False,-0.31426960619675814,normal,Within the expected robust local range for gpu_cost.
2024-10-26,gpu_cost,42829.13643433901,56109.09662078594,49705.57,49329.93,1.0076148496460464,False,False,False,False,False,-0.3215195348097107,normal,Within the expected robust local range for gpu_cost.
2024-10-27,gpu_cost,42829.13643433901,56109.09662078594,48339.619999999995,49329.93,0.9799247637286328,False,False,False,False,False,-0.30875622625984167,normal,Within the expected robust local range for gpu_cost.
2024-10-28,gpu_cost,42829.13643433901,56109.09662078594,49329.93,49329.93,1.0,False,False,False,False,False,-0.34528494969086826,normal,Within the expected robust local range for gpu_cost.
2024-10-29,gpu_cost,42829.13643433901,56109.09662078594,51531.1,49329.93,1.0446213890836658,False,False,False,False,False,-0.2923821520235196,normal,Within the expected robust local range for gpu_cost.
2024-10-30,gpu_cost,42508.156215235205,55688.590590862426,48910.729999999996,48960.229999999996,0.9989889753377384,False,False,False,False,False,-0.3347060746742349,normal,Within the expected robust local range for gpu_cost.
2024-10-31,gpu_cost,42508.156215235205,55688.590590862426,49942.41,48960.229999999996,1.0200607717733354,False,False,False,False,False,-0.30884789903746307,normal,Within the expected robust local range for gpu_cost.
2024-11-01,gpu_cost,42508.156215235205,55688.590590862426,47820.25,48960.229999999996,0.9767162041518188,False,False,False,False,False,-0.29183575566753794,normal,Within the expected robust local range for gpu_cost.
2024-11-02,gpu_cost,42829.13643433901,56109.09662078594,53674.19,49329.93,1.088065399646827,False,False,False,False,False,-0.22652279620344007,normal,Within the expected robust local range for gpu_cost.
2024-11-03,gpu_cost,42465.17942095434,55632.28805236847,46263.229999999996,48910.729999999996,0.9458707731411901,False,False,False,False,False,-0.27725323459296064,normal,Within the expected robust local range for gpu_cost.
2024-11-04,gpu_cost,42465.17942095434,55632.28805236847,48170.91,48910.729999999996,0.9848740756885045,False,False,False,False,False,-0.3075815199572906,normal,Within the expected robust local range for gpu_cost.
2024-11-05,gpu_cost,42465.17942095434,55632.28805236847,52189.74,48910.729999999996,1.0670407086543179,False,False,False,False,False,-0.26067025628942664,normal,Within the expected robust local range for gpu_cost.
2024-11-06,gpu_cost,42829.13643433901,56109.09662078594,47691.58,49329.93,0.9667879115174094,False,False,False,False,False,-0.29121839653646336,normal,Within the expected robust local range for gpu_cost.
2024-11-07,gpu_cost,42958.240460794885,56278.23172127181,46098.119999999995,49478.630000000005,0.9316773726354184,False,False,False,False,False,-0.23366583204777697,normal,Within the expected robust local range for gpu_cost.
2024-11-08,gpu_cost,42958.240460794885,56278.23172127181,50630.520000000004,49478.630000000005,1.0232805556661533,False,False,False,False,False,-0.310756179871988,normal,Within the expected robust local range for gpu_cost.
2024-11-09,gpu_cost,42829.13643433901,56109.09662078594,49478.630000000005,49329.93,1.003014397141857,False,False,False,False,False,-0.3255133934815888,normal,Within the expected robust local range for gpu_cost.
2024-11-10,gpu_cost,42829.13643433901,56109.09662078594,46767.0,49329.93,0.9480451320324192,False,False,False,False,False,-0.2697847227865509,normal,Within the expected robust local range for gpu_cost.
2024-11-11,gpu_cost,42829.13643433901,56109.09662078594,54960.43,49329.93,1.1141396308488578,False,False,False,False,False,-0.17182317077281217,normal,Within the expected robust local range for gpu_cost.
2024-11-12,gpu_cost,42465.17942095434,55632.28805236847,48524.69,48910.729999999996,0.99210725335729,False,False,False,False,False,-0.3150695777436159,normal,Within the expected robust local range for gpu_cost.
2024-11-13,gpu_cost,42465.17942095434,55632.28805236847,48068.81,48910.729999999996,0.9827865991777265,False,False,False,False,False,-0.3116500432270955,normal,Within the expected robust local range for gpu_cost.
2024-11-14,gpu_cost,42958.240460794885,56278.23172127181,48330.78,49478.630000000005,0.9768010957457794,False,False,False,False,False,-0.29185615286131983,normal,Within the expected robust local range for gpu_cost.
2024-11-15,gpu_cost,42958.240460794885,56278.23172127181,47217.42,49478.630000000005,0.9542992601048168,False,False,False,False,False,-0.2851493354674198,normal,Within the expected robust local range for gpu_cost.
2024-11-16,gpu_cost,42958.240460794885,56278.23172127181,51436.97,49478.630000000005,1.0395795113971424,False,False,False,False,False,-0.3068079337576401,normal,Within the expected robust local range for gpu_cost.
2024-11-17,gpu_cost,42958.240460794885,56278.23172127181,46667.11,49478.630000000005,0.9431770847333485,False,False,False,False,False,-0.27224814975014144,normal,Within the expected robust local range for gpu_cost.
2024-11-18,gpu_cost,43440.84815511741,56910.48079293338,54405.2,50034.490000000005,1.087353943249946,False,False,False,False,False,-0.2286007753886924,normal,Within the expected robust local range for gpu_cost.
2024-11-19,gpu_cost,43440.84815511741,56910.48079293338,51418.4,50034.490000000005,1.0276591207385144,False,False,False,False,False,-0.30537180979926154,normal,Within the expected robust local range for gpu_cost.
2024-11-20,gpu_cost,43440.84815511741,56910.48079293338,51019.08,50034.490000000005,1.019678225959733,False,False,False,False,False,-0.3063550941260676,normal,Within the expected robust local range for gpu_cost.
2024-11-21,gpu_cost,43440.84815511741,56910.48079293338,52151.3,50034.490000000005,1.0423070166199355,False,False,False,False,False,-0.28910724217166783,normal,Within the expected robust local range for gpu_cost.
2024-11-22,gpu_cost,43640.21706967734,57171.6677002943,50034.490000000005,50264.12,0.9954315324728654,False,False,False,False,False,-0.32506249100660467,normal,Within the expected robust local range for gpu_cost.
2024-11-23,gpu_cost,43440.84815511741,56910.48079293338,45702.869999999995,50034.490000000005,0.9134273178361564,False,False,False,False,False,-0.1888258153247261,normal,Within the expected robust local range for gpu_cost.
2024-11-24,gpu_cost,43640.21706967734,57171.6677002943,54843.909999999996,50264.12,1.0911144967821975,False,False,False,False,False,-0.21479008355941587,normal,Within the expected robust local range for gpu_cost.
2024-11-25,gpu_cost,43785.32235509475,57361.76554390024,48876.51,50431.25,0.9691710992688066,False,False,False,False,False,-0.28853819421860216,normal,Within the expected robust local range for gpu_cost.
2024-11-26,gpu_cost,43640.21706967734,57171.6677002943,44478.94,50264.12,0.8849043810972916,False,False,False,False,False,-0.09592209979735655,normal,Within the expected robust local range for gpu_cost.
2024-11-27,gpu_cost,43785.32235509475,57361.76554390024,50499.77,50431.25,1.0013586813731565,False,False,False,False,False,-0.33628951587098244,normal,Within the expected robust local range for gpu_cost.
2024-11-28,gpu_cost,43831.73729291809,57422.5722854737,50484.71,50484.71,1.0,False,False,False,False,False,-0.34528494969086826,normal,Within the expected robust local range for gpu_cost.
2024-11-29,gpu_cost,43831.73729291809,57422.5722854737,50642.950000000004,50484.71,1.0031344143603085,False,False,False,False,False,-0.325515331045994,normal,Within the expected robust local range for gpu_cost.
2024-11-30,gpu_cost,43844.81265699627,57439.7019062761,48189.23,50499.77,0.9542465242911009,False,False,False,False,False,-0.2848254960696164,normal,Within the expected robust local range for gpu_cost.
2024-12-01,gpu_cost,43831.73729291809,57422.5722854737,52437.880000000005,50484.71,1.0386883474224178,False,False,False,False,False,-0.3086736299990165,normal,Within the expected robust local range for gpu_cost.
2024-12-02,gpu_cost,43844.81265699627,57439.7019062761,52245.29,50499.77,1.0345649098995897,False,False,False,False,False,-0.3021714626486809,normal,Within the expected robust local range for gpu_cost.
2024-12-03,gpu_cost,43831.73729291809,57422.5722854737,48183.53,50484.71,0.9544182783262497,False,False,False,False,False,-0.2849847693946572,normal,Within the expected robust local range for gpu_cost.
2024-12-04,gpu_cost,43831.73729291809,57422.5722854737,50264.12,50484.71,0.9956305582422876,False,False,False,False,False,-0.3265734422413529,normal,Within the expected robust local range for gpu_cost.
2024-12-05,gpu_cost,43831.73729291809,57422.5722854737,48589.33,50484.71,0.9624563555975661,False,False,False,False,False,-0.282434608545109,normal,Within the expected robust local range for gpu_cost.
2024-12-06,gpu_cost,43831.73729291809,57422.5722854737,53154.2,50484.71,1.052877197868424,False,False,False,False,False,-0.28791521222389455,normal,Within the expected robust local range for gpu_cost.
2024-12-07,gpu_cost,43844.81265699627,57439.7019062761,47307.39,50499.77,0.9367842665422041,False,False,False,False,False,-0.2501498973524742,normal,Within the expected robust local range for gpu_cost.
2024-12-08,gpu_cost,43969.12411972628,57602.55842065114,50431.25,50642.950000000004,0.9958197537860649,False,False,False,False,False,-0.3274495185290229,normal,Within the expected robust local range for gpu_cost.
2024-12-09,gpu_cost,43844.81265699627,57439.7019062761,52579.46,50499.77,1.041182167760368,False,False,False,False,False,-0.298748576667345,normal,Within the expected robust local range for gpu_cost.
2024-12-10,gpu_cost,43844.81265699627,57439.7019062761,49010.479999999996,50499.77,0.9705089745953298,False,False,False,False,False,-0.28977064239146716,normal,Within the expected robust local range for gpu_cost.
2024-12-11,gpu_cost,43844.81265699627,57439.7019062761,52397.48,50499.77,1.0375785869915843,False,False,False,False,False,-0.30823221774483217,normal,Within the expected robust local range for gpu_cost.
2024-12-12,gpu_cost,43969.12411972628,57602.55842065114,52248.22,50642.950000000004,1.031697798015321,False,False,False,False,False,-0.30929534206976755,normal,Within the expected robust local range for gpu_cost.
2024-12-13,gpu_cost,44015.70401898221,57663.581272978416,46761.32,50696.6,0.9223758595250964,False,False,False,False,False,-0.20738286375866177,normal,Within the expected robust local range for gpu_cost.
2024-12-14,gpu_cost,44015.70401898221,57663.581272978416,50781.02,50696.6,1.001665200427642,False,False,False,False,False,-0.3320903671919215,normal,Within the expected robust local range for gpu_cost.
2024-12-15,gpu_cost,44088.99898813758,57759.602693173554,50290.07,50781.02,0.990332017749939,False,False,False,False,False,-0.3132070976939798,normal,Within the expected robust local range for gpu_cost.
2024-12-16,gpu_cost,44015.70401898221,57663.581272978416,54464.14,50696.6,1.074315437327158,False,False,False,False,False,-0.24218681831448113,normal,Within the expected robust local range for gpu_cost.
2024-12-17,gpu_cost,44015.70401898221,57663.581272978416,49229.76,50696.6,0.9710663042492003,False,False,False,False,False,-0.288075574300605,normal,Within the expected robust local range for gpu_cost.
2024-12-18,gpu_cost,44052.3515035599,57711.59198307599,54458.92999999999,50738.81,1.0733190234457606,False,False,False,False,False,-0.24623398027504445,normal,Within the expected robust local range for gpu_cost.
2024-12-19,gpu_cost,44088.99898813758,57759.602693173554,53484.71,50781.02,1.0532421365305384,False,False,False,False,False,-0.2890380467079752,normal,Within the expected robust local range for gpu_cost.
2024-12-20,gpu_cost,44444.03940198156,58224.72990663479,50696.6,51189.95,0.9903623660503673,False,False,False,False,False,-0.3133557145750563,normal,Within the expected robust local range for gpu_cost.
2024-12-21,gpu_cost,44088.99898813758,57759.602693173554,53539.35,50781.02,1.0543181290962647,False,False,False,False,False,-0.2872094534171117,normal,Within the expected robust local range for gpu_cost.
2024-12-22,gpu_cost,44444.03940198156,58224.72990663479,53213.14,51189.95,1.0395231876569522,False,False,False,False,False,-0.30742903922490805,normal,Within the expected robust local range for gpu_cost.
2024-12-23,gpu_cost,44799.07981582553,58689.857120096036,48727.39,51598.88,0.9443497610800855,False,False,False,False,False,-0.2699027244559553,normal,Within the expected robust local range for gpu_cost.
2024-12-24,gpu_cost,44444.03940198156,58224.72990663479,49735.14,51189.95,0.9715801636844733,False,False,False,False,False,-0.28746238499092625,normal,Within the expected robust local range for gpu_cost.
2024-12-25,gpu_cost,44799.07981582553,58689.857120096036,49172.61,51598.88,0.9529782429386064,False,False,False,False,False,-0.28127605033799385,normal,Within the expected robust local range for gpu_cost.
2024-12-26,gpu_cost,44444.03940198156,58224.72990663479,51598.88,51189.95,1.007988482114165,False,False,False,False,False,-0.32227136381658933,normal,Within the expected robust local range for gpu_cost.
2024-12-27,gpu_cost,44088.99898813758,57759.602693173554,52358.65,50781.02,1.0310673160956594,False,False,False,False,False,-0.3087802878144354,normal,Within the expected robust local range for gpu_cost.
2024-12-28,gpu_cost,44444.03940198156,58224.72990663479,48926.16,51189.95,0.9557766710067114,False,False,False,False,False,-0.2843480466907758,normal,Within the expected robust local range for gpu_cost.
2024-12-29,gpu_cost,44799.07981582553,58689.857120096036,52873.14,51598.88,1.0246954972666074,False,False,False,False,False,-0.3086527417767457,normal,Within the expected robust local range for gpu_cost.
2024-12-30,gpu_cost,45128.902835934394,59121.947823849056,49078.810000000005,51978.765,0.9442088514415455,False,False,False,False,False,-0.26998459278952625,normal,Within the expected robust local range for gpu_cost.
2024-12-31,gpu_cost,44799.07981582553,58689.857120096036,54006.47,51598.88,1.0466597336996464,False,False,False,False,False,-0.29332492189488774,normal,Within the expected robust local range for gpu_cost.
